200
5907.502500 5900.458600 6380.603400 6703.702500 6138.936300 6022.596300 6132.160600 6185.557900 5557.002500 6111.361400 6499.206400 6341.754300 5951.177000 6577.310300 6219.007900 6101.556100 6102.535900 6425.833500 6189.051400 5856.639300 6385.726000 5898.141100 5960.674300 6135.483800 6269.749300 6072.368000 6001.872800 6405.897900 6486.105200 5941.608400 6546.497600 6117.268800 6169.008800 6695.906900 5854.231300 6163.269500 5694.735000 6082.489600 6232.000500 6305.207100 5927.464900 6060.582900 6255.810700 6491.316100 6168.042100 6275.687000 6301.267400 6054.977200 6040.498800 6186.419200 6216.054600 5969.167200 6073.427700 6186.949600 6152.237800 6697.007800 5997.684100 6148.404200 6766.216400 5997.525800 6260.852400 6151.966300 6332.599800 6372.280400 6095.067000 6475.609600 6559.992200 6073.093100 6184.316000 6097.203400 6167.251400 5980.923600 6300.463400 6297.015200 6040.238900 5959.956500 5815.522600 6044.805100 6402.652900 6023.930500 6361.693700 6189.404700 6394.636500 6545.304400 6397.770200 5984.210500 6025.196200 5947.450500 6319.475700 6308.024000 5940.546400 6191.419600 5939.800300 6129.317600 6338.551400 6060.740000 6020.373800 6394.366900 6206.638800 6108.243300 5920.432100 6046.898800 6067.300000 6446.348100 5850.545700 5850.071300 6317.501900 6423.877700 6263.949300 5696.096900 6641.182000 6580.733200 6340.043500 6216.019900 6571.213600 6405.543800 6500.158800 6104.537700 6392.212800 6115.917200 6348.594900 5910.159200 6258.906800 6210.338100 6520.731700 6617.199000 6002.783300 6151.790800 6185.686700 5978.883700 6174.761300 6480.503100 6290.396900 6553.120600 6145.332400 6167.969900 6461.118100 6109.976900 6624.280700 6346.436000 6089.183400 6126.291800 5725.522200 6403.685500 6341.909400 5807.545000 6187.551100 6499.391700 6313.284900 6006.613200 6043.182300 6018.231700 6269.521600 6758.575500 6262.590900 6342.715300 6377.372900 6115.102300 6685.202800 6071.775600 6045.938800 6251.119200 6153.231100 6105.271900 5998.993800 5273.029400 6613.124400 5766.776600 6296.188500 5767.613900 6364.443700 6171.002500 6414.985900 5824.248500 6091.905100 5961.910700 5986.639600 6446.343200 6278.700800 6256.478500 6076.959700 5967.301400 6248.454800 6437.293700 6298.358500 6185.219000 6309.656400 6244.093800 6205.376000 6016.801100 6041.750900 5888.678800 6157.431600 6339.557500 6263.111900 6182.925800 5972.243400 6633.590100 6065.593700 6535.566900 
5549.646100 5223.515500 5823.361900 6223.193900 5667.102600 5592.634000 5622.630600 5731.738100 5010.160500 5630.612200 6182.116800 5668.640300 5499.571800 6027.746600 5843.866900 5660.078700 5592.724400 5699.869400 5781.716300 5428.146100 5790.744000 5278.298500 5515.199200 5694.061200 5843.104900 5709.971000 5575.567900 5826.135300 5930.180300 5395.447600 6238.488400 5755.867100 5669.063400 6001.207100 5498.162000 5794.270400 5264.900300 5679.311600 5644.754200 5904.515900 5593.587300 5596.489200 5806.539700 5881.456700 5674.017900 5759.853000 5679.075300 5683.246200 5651.663500 5710.286700 5723.714200 5663.603000 5677.305300 5636.622900 5859.396000 6019.179700 5521.821300 5881.348600 6186.207300 5573.902400 5966.913500 5716.133800 5806.738300 5991.616900 5671.143400 5908.918800 6153.898500 5618.327800 5938.378400 5950.819100 5605.368000 5460.813500 5749.146200 5900.172500 5608.552900 5731.458900 5498.259100 5587.042700 5678.692900 5581.924600 5946.707200 5656.447700 5959.569400 6147.605600 5895.107300 5504.271400 5620.906600 5400.548800 5912.064100 5618.737800 5430.412500 5794.545600 5691.664400 5644.716300 5794.041700 5510.720200 5673.894300 5807.040300 5706.083600 5812.752800 5506.366900 5629.156700 5853.077400 5595.579200 5510.962800 5523.449600 5839.374700 5781.160400 5633.521100 5337.124400 6022.250800 5787.600200 5929.471100 5760.182100 6059.287100 6044.246500 5775.283900 5562.417300 5665.107100 5471.620400 5763.104200 5646.621300 5986.858800 5645.179100 5758.580100 6171.265900 5647.817600 5567.604300 5377.600700 5671.774600 5806.463100 6151.851100 5848.892300 5855.412300 5696.290300 5747.178600 5671.686700 5635.552900 6369.362300 5834.306300 5680.404100 5769.754300 5164.384000 6101.697400 5775.020900 5451.560300 5670.269100 5879.515200 6005.780400 5598.717200 5554.096900 5732.396000 5766.595600 6158.222200 5887.590900 5526.705900 5767.766900 5676.493600 6169.525900 5730.311300 5435.450300 5489.159300 5748.547800 5651.466200 5560.046700 4940.257700 6079.431600 5570.938700 5735.925000 5641.999700 6037.237100 5879.765200 5764.921200 5641.096900 5596.439700 5667.921200 5458.002000 5957.919100 5588.529100 5750.485200 5663.809200 5582.621600 5661.095300 5956.134600 5982.197600 5741.252600 5878.100900 5454.599500 5761.399800 5482.956300 5606.055600 5426.017000 5660.002100 5849.246400 5977.906800 5979.798600 5398.251500 6230.579500 5550.411600 5992.137900 
6116.983100 6110.905200 6574.392000 6889.835000 6194.400700 6273.441500 6378.172600 6665.086800 5622.004900 6325.338800 6706.979900 6319.144700 6313.248700 6833.344500 6530.635700 6351.756300 6370.485400 6478.559900 6612.063500 6146.406700 6428.545000 6052.882200 5946.946900 6466.537300 6331.710300 6400.055400 6118.895600 6622.349600 6820.847300 5901.934000 6861.466600 6326.213800 6316.043300 6805.030700 6054.095800 6485.313100 5932.931800 6345.143600 6498.822100 6603.969800 6073.461400 6336.638000 6482.633900 6673.110400 6339.947000 6498.463000 6306.359400 6195.202300 6291.348200 6420.214900 6393.557100 6286.468600 6340.443600 6757.803100 6375.149500 6918.240800 6309.738700 6440.927000 7027.150000 6304.003100 6621.192600 6297.198500 6572.977900 6555.317300 6259.681200 6713.388900 6777.383100 6504.955500 6716.190400 6432.922500 6237.965400 6267.890900 6476.943800 6440.979100 6393.677500 6384.017500 6156.429400 6381.425200 6618.536300 6111.470200 6622.869100 6284.966500 6661.477200 6629.109500 6619.165400 6105.704900 6398.853300 6105.111400 6584.981400 6440.311800 6208.402700 6338.567700 6261.668000 6459.737100 6864.344000 6446.185000 6271.203000 6742.939200 6297.104200 6459.504000 6373.078300 6505.945500 6679.549700 6529.865600 6367.668100 6031.974000 6730.518500 6649.493800 6394.251500 5892.538200 6757.143100 6845.768400 6745.213500 6095.277100 6693.046100 6882.334500 6595.826800 6243.987000 6559.038600 6120.180300 6591.385000 6162.107800 6491.886900 6319.887500 6611.133700 6979.637200 6266.837500 6327.748700 6182.959300 6270.061500 6478.469000 6893.425800 6470.778300 6627.212500 6453.922000 6150.439900 6535.258800 6296.202900 6913.104100 6704.309900 6343.109400 6412.842700 5833.845900 6704.747000 6769.612200 6267.087100 6287.195800 6759.022300 6477.758100 6348.501800 6325.627500 6343.830600 6368.811800 6909.120200 6554.979400 6642.229800 6591.377000 6258.227800 6697.863700 6328.350600 6132.889400 6341.335000 6380.573800 6160.562800 6330.130200 5417.878300 6847.874700 6067.355800 6548.401300 6051.523400 6712.105600 6366.602400 6717.340000 6066.025600 6098.015000 6305.904600 6291.890500 6761.886000 6645.257700 6597.587000 6149.433800 6274.457500 6472.361900 6766.768200 6607.421100 6456.345100 6410.236000 6294.265700 6621.245900 6106.188300 6595.233900 6060.244800 6272.017600 6468.271400 6504.754300 6340.353200 6340.943600 6789.962700 6322.470000 6605.406900 
6237.733800 5918.454200 6383.505100 7011.548700 6457.472200 6311.654400 6411.754500 6535.069500 5824.489400 6486.688700 6868.804900 6292.001000 6410.698800 6742.039500 6375.258000 6193.718200 6490.607200 6736.053200 6506.109800 6170.291000 6596.375800 6013.754800 6187.481300 6504.074200 6522.341100 6401.967900 6279.955200 6592.460100 6738.409100 6221.055300 6951.075100 6677.550300 6360.918700 6880.045700 6255.893100 6636.418400 6037.245000 6473.836400 6403.505700 6581.649500 6280.882100 6383.169100 6784.177100 6967.134500 6298.807700 6691.058600 6449.036600 6292.105400 6387.660600 6457.080100 6284.253700 6406.520500 6428.808400 6605.611100 6488.563200 6892.328300 6507.818300 6531.944400 6817.972700 6454.373500 6667.566200 6427.793500 6420.386400 6481.055500 6317.310000 6543.987400 7016.102100 6404.787300 6808.476400 6498.279100 6542.267000 6381.861300 6630.910500 6362.425000 6499.218500 6502.879000 6082.193300 6335.085400 6524.957300 6233.907800 6690.152600 6414.965400 6614.770500 6764.271800 6807.571300 6208.291000 6389.114300 6147.170800 6551.688800 6483.754600 5955.903100 6367.611900 6357.230400 6403.328200 6843.188200 6434.621500 6292.675300 6755.608100 6329.736200 6566.739700 6297.376900 6265.142100 6574.082100 6554.617400 6298.723700 6099.123300 6484.955100 6686.420500 6501.416100 5956.790000 6594.142600 6908.859000 6663.172300 6314.543000 6794.692300 6804.811600 6669.852200 6272.308900 6609.386100 6014.961900 6502.715900 6205.733800 6489.571700 6240.299100 6508.502900 7004.692400 6407.695100 6464.233200 6225.174300 6353.606300 6556.416300 7062.904500 6708.841900 6668.078400 6303.139400 6287.707200 6493.045800 6342.246800 7055.030000 6699.852700 6461.615500 6474.417700 5805.970500 6854.178800 6776.725000 6238.805300 6474.935800 6650.034600 6573.910700 6246.298500 6467.100300 6368.232000 6396.074500 7034.074200 6445.245900 6415.948500 6524.769500 6286.013500 6948.068100 6417.114800 5975.084100 6264.928900 6478.709200 6357.764100 6422.093200 5674.446800 6864.209400 6124.990700 6634.282300 6183.060000 6699.794400 6559.139400 6602.270100 6195.023400 6201.521500 6409.992200 6429.760300 6799.746300 6443.717100 6631.741100 6317.038400 6341.370100 6548.819600 6751.827500 6656.839000 6593.475400 6327.058500 6154.865300 6448.433600 6175.915300 6504.349000 6272.793600 6392.236300 6617.348000 6700.031200 6440.100400 6323.660900 6862.214900 6259.916100 6995.699800 
5586.483300 5565.246700 6187.241900 6395.722300 5828.591000 5716.436300 5814.670400 6270.593000 5093.470900 5750.763900 6370.088600 6080.555400 5784.170100 6189.748300 6082.518400 5771.697600 5814.423700 6212.440600 5939.953600 5546.116200 5977.908900 5634.036000 5689.126800 5915.431000 6001.377500 5881.654300 5601.756300 6009.519100 6143.702200 5650.689300 6336.189500 5833.063300 6032.014900 6408.662900 5707.718800 6000.219600 5548.739900 5905.983100 5885.618500 6164.676800 5793.725500 5657.598000 6074.575100 6117.243400 5806.342600 5967.001300 6027.031500 5793.895000 5610.189500 6037.194000 5872.358600 5859.234100 5859.830000 5892.544400 6040.836700 6247.578400 5797.467100 5919.804500 6472.883500 5747.972600 6061.397400 5955.652700 6037.546000 6079.127400 5613.507100 6131.196600 6246.633800 5901.862400 5952.847800 6071.642400 5702.996400 5771.825900 5975.173300 5818.194600 5703.239500 5782.006400 5646.843100 5774.207400 5962.667400 5725.256600 6037.009100 6124.358600 6073.436000 6062.232900 6043.626900 5744.088100 5700.395800 5634.493800 6008.085300 5819.803700 5520.229100 5982.294100 5735.319900 5767.954000 6124.271000 6016.330600 5620.529800 5967.349700 5749.458100 5894.691900 5811.584400 5926.864100 6124.875200 5951.369000 5706.467800 5668.384500 5951.832800 6239.484600 6026.739400 5325.941100 6205.797400 6183.232100 6102.708000 5815.275800 6024.720400 6099.343200 6097.458200 5651.293000 6175.116200 5666.079500 5998.033200 5724.656400 5954.566400 5665.063000 6111.169700 6229.405400 5740.120600 6010.745100 5563.150500 5755.685700 6054.069100 6370.651500 5928.986800 6121.823200 5829.898900 5863.522900 6150.287000 5873.369300 6470.384900 6161.582100 5816.939600 5931.588200 5286.174300 6231.456600 6081.984000 5771.585400 6107.743300 6127.887200 5975.291400 5738.448200 5822.724800 5861.764700 5816.101500 6519.160200 5952.900500 5875.008300 5964.208800 5727.314600 6267.258500 5892.006700 5651.118000 5918.633900 5833.176700 5967.095200 5857.302200 5229.960200 6140.282000 5673.635400 5878.258300 5709.221700 6127.993900 5818.844100 5947.449300 5791.643600 5613.283000 5709.906300 5658.154100 6322.079800 6056.606700 6128.991600 5665.898400 5888.291500 5688.689700 6174.486400 6131.725100 5957.617900 5840.518400 5815.735100 5800.835200 5708.700700 5982.054000 5582.080900 5893.298600 5998.386300 6233.462100 5839.004400 5638.323100 6477.924300 5959.752200 6162.237200 
5991.477700 5750.627600 6530.562500 6835.651600 6222.831200 6135.906800 6200.157600 6487.005800 5561.970500 6335.905700 6531.240200 6398.655200 6129.682800 6601.011800 6452.204700 6057.570000 6029.746200 6615.159400 6268.401200 6221.055200 6453.850700 6202.665900 5957.245100 6252.289000 6203.039500 6318.999900 6109.199700 6618.503100 6690.827200 5943.803900 6694.943700 6346.030900 6353.009400 6722.896400 6256.352400 6499.193600 5787.287800 6185.098100 6228.006200 6569.332500 5763.535100 6650.970500 6378.309800 6475.105700 6104.865400 6072.959500 6445.205900 6153.545700 6026.177100 6467.662100 6241.213200 6110.217000 6301.612600 6498.801500 6218.068500 6702.638100 6206.988000 6272.910200 6930.784900 6160.938000 6537.569000 6336.090500 6336.857600 6577.879400 6227.620800 6593.864300 6492.531000 6227.503700 6612.461200 6435.588600 6102.855700 6171.841700 6442.937100 6243.382600 6388.909300 6142.249500 5841.458200 6182.058400 6273.396000 6165.683300 6486.569700 6259.065800 6410.018700 6520.421400 6488.751500 5899.105100 6021.141100 5951.274400 6404.855400 6355.866700 6111.935000 6194.461400 6112.401000 6309.770700 6322.607700 6308.303600 6338.097800 6517.687000 6459.448000 6382.484300 6215.586600 6058.982500 6457.570700 6273.412200 5928.382000 5906.891000 6380.788700 6485.338900 6314.152900 5863.309500 6716.154000 6719.018400 6519.353200 6013.223700 6599.991500 6472.732600 6388.696300 5911.386300 6394.895200 6084.401300 6543.653800 6122.960500 6458.700500 6281.248700 6421.837400 6653.916800 6066.159800 6380.952800 6097.884700 6017.322600 6278.548900 6830.304600 6341.770400 6543.144500 6121.162400 6146.869700 6361.483700 6258.570900 6764.878800 6493.079600 6272.937800 6272.894700 5862.037000 6611.696800 6499.369200 6174.987400 6254.635600 6661.923000 6462.459900 6184.712700 6146.423700 6218.029000 6185.927600 6711.955600 6407.503700 6307.132700 6399.863000 6141.319400 6841.654300 6284.462400 6094.433600 6223.999400 6260.378600 6145.036100 6417.835600 5446.976600 6553.565200 5983.767000 6328.781800 6117.168000 6451.248800 6222.038900 6385.252000 6107.980700 6146.466600 6066.241700 5942.008900 6728.288100 6557.814600 6702.411200 6111.823100 6244.823200 6370.109400 6546.561800 6628.899900 6448.436300 6181.181500 6049.455100 6309.583200 5874.314900 6337.489100 5925.338900 6172.852300 6428.394400 6541.019000 6324.632300 6050.676200 6567.260400 6061.764600 6375.516100 
5454.594600 5319.799600 5886.919300 6101.625200 5481.002600 5610.186700 5844.120800 5921.369400 5129.489200 5622.810200 5930.038700 5704.696500 5405.895000 6033.357500 5832.571400 5388.810600 5787.161100 6030.442700 5777.097500 5530.315500 5778.356000 5300.353100 5411.895400 5665.131100 5842.054100 5781.639500 5517.648100 5901.271100 6084.608300 5569.856500 6359.080900 5906.807500 5647.812500 5948.596100 5482.847800 6011.355000 5461.083000 5836.077900 5972.254000 5929.007200 5547.338200 5782.681300 5871.751600 6148.789200 5589.681600 5692.075800 5665.238200 5666.842000 5577.586200 5769.993500 5680.948800 5571.853000 5611.914300 5801.161900 5837.207900 6191.628300 5640.683500 5869.220800 6238.012300 5570.765300 5886.881500 5629.601700 5574.824000 5660.286100 5422.660000 5821.109900 6030.254800 5778.156500 5980.312500 5845.138100 5714.521100 5755.441000 5980.985600 5781.341800 5634.681700 5723.416200 5518.928000 5520.819400 5748.791000 5559.151300 5848.761000 5691.954700 5879.972800 5931.031800 5967.029800 5500.253700 5356.235700 5461.124800 5789.298300 5709.595300 5379.903800 5690.110300 5764.827600 5632.795200 6139.217100 5812.989800 5583.071600 6032.768400 5721.237400 6013.132800 5859.202900 5606.345200 5807.565200 5765.239200 5573.228100 5348.207000 5846.603600 5686.203100 5514.722500 5520.236800 5924.891800 6049.395300 5639.445900 5591.371200 5894.749300 5914.273800 5800.014000 5548.768800 5993.689600 5570.257800 5951.123300 5423.358200 5826.764400 5649.289000 5847.071600 6196.428000 5523.036100 5762.288500 5590.893800 5746.406700 5931.796900 6273.947100 5840.776200 5833.262600 5660.788400 5606.592300 5894.398900 5621.746600 6084.101400 5908.418100 5740.410400 5740.354800 5323.137800 6071.476200 6077.732700 5464.077200 5679.143100 6083.404900 6013.283600 5456.111400 5816.439900 5643.335000 5790.407000 6073.887300 5810.915900 5697.953100 5904.329700 5431.232900 6025.655600 5462.367700 5524.452200 5401.340600 5734.023300 5603.485600 5568.714400 5014.562200 6223.411300 5633.476400 5563.559400 5406.088800 6072.174300 5567.490200 5943.293700 5561.539400 5453.514900 5590.857600 5730.349000 6063.708700 5927.563300 5829.572600 5349.539200 5418.194900 5782.385500 6054.667800 6184.432400 6012.548400 5812.054500 5495.694800 5944.142900 5485.501300 5777.832600 5449.649600 5888.558600 5894.032300 5908.558100 5603.693900 5672.571500 6210.599600 5487.798500 6064.708100 
6016.037700 5627.581600 6409.565400 6629.879700 6129.978700 5936.316200 6092.254100 6227.118100 5743.236300 6357.247300 6573.292000 6314.009200 5975.993000 6455.018200 6104.184600 5946.604100 6131.582200 6337.836600 6039.090400 5742.328900 6291.801600 5877.717100 5832.826300 6089.012300 6241.758700 6430.710900 6003.813600 6483.750200 6384.384300 5921.550700 6635.589700 6251.079900 6239.816700 6517.350600 5873.790100 6285.260000 5534.439100 6201.564300 6166.884800 6257.545500 5998.215300 6273.459400 6328.683800 6543.683000 6223.042700 6240.394000 6154.507000 6087.272100 6092.231400 6125.518900 6209.358100 5977.776000 6051.118300 6157.321000 6179.250500 6622.417700 6008.790700 6302.267200 6629.891900 6145.747900 6362.403900 6240.142000 6114.794300 6339.298000 5925.876400 6277.896000 6458.701000 5918.415600 6425.451600 6031.819000 6115.966700 5921.808000 6450.190000 6158.258300 6337.169800 6180.924800 5835.657400 6028.547700 6257.169900 5873.814400 6282.765500 6200.687900 6203.439200 6366.887900 6321.049100 5857.013400 6093.097600 5902.426700 6260.790600 6201.466600 5807.785100 5996.254800 5879.948700 6185.440100 6338.231800 6292.044000 6009.613800 6550.250500 6118.158100 6216.790000 6042.690700 5856.427200 6430.099400 6252.783400 5852.327200 5877.094700 6188.076000 6314.031800 6132.523600 5911.403000 6419.244800 6383.816200 6284.813300 6047.000100 6490.161400 6368.971400 6234.573900 5908.033400 6248.374000 5902.115100 6145.576400 5989.345600 6192.033100 6015.983200 6233.670200 6444.423100 6064.597600 6058.048900 5861.491100 6021.601400 6348.379100 6699.877100 6436.977100 6382.665900 6003.520200 5912.943100 6398.911300 6196.155100 6837.358300 6244.468600 6232.189800 6057.032200 5564.972700 6562.806000 6406.960000 6153.550300 6120.262900 6354.137000 6192.886800 5886.211000 6180.323700 6062.920000 6204.733100 6769.226100 6374.161100 5806.408500 6529.604400 5988.325200 6535.883400 6227.744300 5743.365400 6162.305600 6191.556700 6306.293400 5974.713300 5398.346500 6546.419400 5926.094300 6370.661100 6018.307800 6209.290600 5943.375900 6278.127500 5880.968100 5970.513200 6166.090100 6006.548900 6516.824800 6094.230300 6370.544500 5854.116900 6159.763600 6232.739000 6445.836800 5960.816400 6226.107100 6378.621100 5986.142700 6195.114700 5892.611400 6354.730400 5981.876200 6104.013700 6176.470200 6343.618100 6027.206100 6090.509600 6563.058400 6166.584000 6542.060200 
5820.726200 5611.063200 6221.772800 6478.329600 5901.442900 5930.381000 6163.540300 6359.057700 5646.492400 6082.993300 6609.328100 6052.309400 5948.168100 6422.182300 6163.548000 5927.433200 6035.272900 6191.680300 6064.141200 5927.742300 6111.343200 5723.809600 5756.327500 6014.567300 6106.852700 6041.586400 5887.797400 6199.969700 6363.490300 5668.877500 6646.869900 6080.615200 6218.683500 6482.855000 6010.167400 6237.317200 5526.873900 6062.603000 6067.251400 6232.491900 5783.502400 5958.285000 6102.388200 6200.832500 5943.196300 6132.083300 6179.399700 6150.533300 5904.015400 6210.551900 6174.669800 5914.237100 6080.773700 6287.419100 6223.412900 6481.973200 5888.448500 5995.312200 6642.518800 5952.829500 6364.327200 5950.476400 6018.528500 6154.135300 5947.063100 6409.222400 6484.289300 5904.963800 6398.032200 6322.068600 6168.544400 5895.522800 6193.285100 6304.753000 6101.229600 6058.179700 5755.900300 6019.010500 6241.485500 6006.013700 6402.626500 6061.600200 6256.617900 6175.532200 6360.628000 6085.218500 5800.647600 5843.745400 6106.478800 6288.250800 5933.697100 6098.410700 6198.174400 5829.041100 6535.872000 6136.624800 5960.652800 6233.397800 6053.021100 6163.287900 5686.177400 5915.138400 6357.141800 6051.869500 6009.583900 5828.516500 6258.855200 6389.508900 5908.362000 5780.363900 6469.674300 6582.963100 6239.500700 5911.242800 6456.542300 6324.238600 6337.156100 5801.303100 6350.135700 5887.604600 6460.513500 5866.469000 6248.233000 6083.693700 6310.202100 6554.515600 6086.970900 6066.481000 5897.110800 6023.626400 6233.235600 6736.246200 6057.163100 6356.920000 6174.878300 5804.632700 6218.395400 6123.311500 6584.603500 6301.708300 6052.876700 6268.208400 5507.397300 6384.933200 6361.733900 6007.805100 5954.487700 6312.240400 6298.637700 5970.868700 6031.886100 6307.835000 6175.944300 6520.204400 5964.452800 6179.505200 6338.455900 5869.688800 6386.526000 5912.005700 5807.521300 6097.394900 6132.741700 6101.623100 6198.762500 5397.996600 6578.992500 5945.853700 6044.319600 5883.542200 6370.552700 6042.982000 6015.982300 6019.428800 6039.509000 5999.580300 6017.871100 6402.017700 6306.310000 6396.172600 5870.954500 5922.073800 6143.401200 6363.442400 6476.495700 6411.162200 6219.801000 5949.302600 6390.826100 5700.741200 6067.753700 5789.236800 6194.165100 6261.330500 6343.439000 6110.742100 5886.161200 6463.193700 5941.215500 6357.948500 
5508.797400 5264.799300 5778.278200 6198.722200 5470.064800 5567.343300 5403.902100 5874.810800 5075.809500 5642.928900 6102.487700 5853.806900 5627.370600 6153.769100 5852.253700 5617.732500 5592.412400 5851.300900 5808.390500 5493.562400 5790.544200 5287.675400 5469.406800 5695.072000 5792.928600 5540.566500 5504.394200 5787.045700 5794.629600 5276.580300 5985.053800 5621.869300 5670.519600 6048.546100 5482.564400 5824.730600 5210.776100 5761.262800 5795.339500 6011.062600 5331.954200 5598.581800 5931.165500 5898.945500 5675.234500 5661.088000 5767.929400 5346.390200 5524.063100 5679.525100 5684.204100 5502.886600 5636.542900 5808.673200 6002.356300 6056.714600 5651.930800 5710.288100 6123.828700 5560.191900 5656.446500 5583.002100 5634.196300 5858.704200 5604.632000 5816.887100 6112.541400 5535.455000 5804.333300 5683.683600 5694.178900 5575.086500 5837.779500 5555.054100 5731.275600 5526.731700 5298.230200 5608.386200 5731.272400 5759.804500 5711.692900 5639.278900 5841.562000 5943.889600 5763.597200 5471.884300 5678.452900 5564.439400 5833.625400 5643.259700 5236.911100 5734.397700 5574.424400 5726.093200 5920.061700 5551.959800 5546.190200 5817.512400 5715.638400 5786.252200 5535.272000 5806.685400 5835.546700 5866.666900 5464.988300 5336.297500 5632.883200 5706.584200 5664.243100 5361.419700 6060.533000 5928.066200 5747.586000 5558.966600 6025.007600 6018.173400 6030.103600 5534.970000 5715.019300 5615.196300 5849.894000 5548.022500 5799.033200 5564.673600 6065.181600 6021.337000 5407.336000 5536.732800 5390.243000 5597.090300 5591.177700 6182.114000 5845.607500 6032.328900 5594.886800 5599.182400 5664.996500 5554.942800 6134.897400 5800.232800 5598.252900 5546.233300 5266.350800 5835.771500 5906.106600 5444.025500 5779.334100 6095.157600 5838.131200 5326.106700 5537.478600 5663.136800 5594.777800 5955.842200 5586.585700 5794.847600 5759.383100 5494.727200 6040.357300 5650.291500 5281.987500 5716.226200 5499.790200 5498.858700 5611.808400 4980.962700 6060.332700 5184.372100 5912.042200 5591.964700 5793.139900 5834.258700 5723.285100 5353.810300 5373.121800 5464.883500 5562.802500 6325.407700 5998.559400 5821.587400 5588.934700 5414.066800 5696.165300 5947.372500 5946.832800 5676.372600 5713.719900 5476.041800 5854.121300 5423.430200 5647.506500 5352.207100 5898.236300 5668.774000 6086.271900 5920.841700 5270.169700 5881.562400 5474.587300 5922.068800 
5788.075200 5538.810400 6358.410500 6496.110800 5976.465400 6044.958600 6022.704800 6192.804400 5659.786400 6154.699000 6471.962300 6089.710900 5933.978700 6503.775000 6215.948100 6034.904800 6060.583800 6229.316900 6191.457900 5892.417500 6265.319900 5758.076600 5777.512500 6151.012300 6109.860200 6144.501600 5831.615200 6334.652600 6498.669700 5672.481900 6557.678200 6097.740300 6049.321200 6472.312600 6086.627500 6324.566600 5747.856500 6180.475400 6245.936300 6343.675100 5935.112200 6106.239400 6211.088600 6477.049000 6103.141200 6227.082000 6044.952100 6082.350800 6019.486900 6098.448700 6034.113400 5996.835000 6140.367300 6315.226600 6204.577900 6579.394100 6000.187300 6038.690500 6732.507100 5902.111300 6374.352600 5897.069400 6118.846300 6307.194200 5893.136100 6577.164500 6571.723200 5983.847700 6277.057400 6323.183300 6094.727300 5979.040200 6396.094400 6251.439400 6154.883400 6248.283400 5852.900500 5926.181100 6247.465700 6057.445800 6283.111400 6085.744900 6415.373800 6403.322700 6191.927000 5982.044400 5891.184800 5989.288400 6340.631800 6067.201800 5777.962800 6209.162600 6024.038800 6146.891300 6295.023700 6142.441300 5833.344500 6426.304300 6188.579000 6175.288100 6037.489100 6080.279200 6367.196200 6091.288300 6016.890900 5721.193600 6216.078800 6314.562400 6118.721500 5751.121500 6386.955400 6347.389300 6156.067300 6073.644400 6375.053600 6244.223400 6273.723700 5970.495800 6243.890200 5977.069800 6272.063400 5854.898600 6144.090400 5913.904400 6294.771900 6581.783000 6008.249000 6089.609900 5851.313800 6007.346100 6189.116600 6552.767500 6047.404000 6493.191700 6202.098800 5979.933800 6123.411500 6146.467600 6645.255800 6168.158900 6101.439400 6013.988300 5602.102800 6532.953400 6134.758300 5976.078100 6049.990800 6418.829300 6240.984300 6029.330900 6214.564100 6129.055100 6235.853300 6452.169700 6182.991700 6228.573500 6193.075300 5953.809800 6345.095900 5963.209600 5883.999300 6081.328500 6088.435400 5976.564700 6129.944100 5316.878200 6444.813100 5711.512800 6236.956900 5801.813100 6352.433400 5949.856100 6386.211000 5981.780200 5924.269000 5914.380200 5971.947900 6442.485300 6203.941000 6170.520500 5858.927400 5811.161700 6182.838900 6349.344000 6383.339100 6168.272400 6204.026300 6012.272500 6381.428100 5959.668800 6109.240400 6043.289600 6378.157000 6236.451500 6500.851900 6217.068000 5854.976200 6801.142600 5972.693100 6315.447600 
6098.110100 5578.077900 6487.882200 6594.262800 6084.192600 6153.290600 6141.365300 6404.815400 5718.631000 6123.648000 6576.928000 6070.882000 6133.938100 6485.580800 6217.717900 6166.831200 6348.932700 6354.231700 6172.689900 6102.953700 6222.310800 5971.456700 5975.625200 6028.631300 6230.085600 6254.920200 6112.181400 6323.457800 6259.178500 6009.465800 6761.096400 6294.201400 6173.660000 6548.349900 5929.587800 6320.110600 5625.548300 6311.182000 6176.037400 6403.497900 5975.138500 6085.782100 6392.031700 6566.109900 6035.008600 6348.837100 6213.205600 6052.419800 6103.225400 6133.190800 6351.897500 6016.404600 6171.677600 6296.023300 6228.406200 6742.514900 5980.994800 6199.677300 6707.467400 6172.595600 6456.500700 6052.740600 6080.214600 6188.781900 6013.459100 6521.620000 6693.604700 6122.174600 6579.227500 6380.400300 6183.114800 5991.702500 6534.448200 6117.937300 6401.683300 6265.279000 6179.853100 6099.440900 6231.973600 6079.800800 6394.786000 6040.477800 6438.807000 6348.209500 6517.453800 5868.234000 6178.695300 5945.461800 6318.117300 6093.437200 5734.722300 6148.853400 6253.733700 6249.716200 6467.914100 6233.140100 6109.684300 6482.852800 6214.982700 6384.824300 6058.159900 6018.151600 6382.688400 6270.725700 5999.502600 5913.862000 6301.908600 6292.005600 6217.152100 5925.435400 6410.974000 6423.857000 6133.054100 6191.832500 6324.431100 6431.038400 6483.200000 6024.763200 6147.620000 5895.807100 6181.744500 6035.679400 6387.626700 6119.390900 6117.712900 6558.284800 6068.017400 5995.249000 6074.785300 6133.684200 6228.753800 6699.567000 6237.725500 6477.513600 6003.633500 6050.645800 6336.604300 6039.392100 6603.074400 6359.625600 6319.940300 6284.145300 5517.786800 6640.486100 6295.633000 5940.373800 6059.329400 6490.322500 6209.024100 6106.813200 6097.317400 6402.247100 6278.754900 6677.777900 6362.528200 6190.691800 6377.033500 6046.552100 6559.436200 6080.392700 5757.156600 6062.001200 6076.473700 6041.563300 6169.150000 5532.554800 6501.071800 6174.496500 6236.942000 6007.662600 6492.321600 6248.189200 6501.391100 5999.066600 6151.532500 6174.800200 6184.573000 6643.688100 6183.016900 6404.713100 5679.244000 6036.245400 6185.680700 6472.534800 6504.808100 6308.491900 6212.170000 5783.422700 6286.576300 5948.219300 6373.100800 5963.302000 6383.756900 6503.965900 6552.815600 6474.306400 5935.364000 6507.307600 6062.469800 6414.267900 
5583.238000 5545.386800 6214.297100 6417.474000 5906.176700 5525.015700 5905.168300 6153.284600 5444.786900 5873.104700 6301.405800 6120.625500 5772.391800 6309.465300 5887.412000 5836.642000 6102.950700 6126.562100 6086.756100 5967.301800 6109.766300 5687.796000 5716.861700 5947.670300 5870.141300 5946.547900 5977.107100 6214.507800 5985.532700 5637.025800 6564.584000 5942.312900 5982.581500 6195.621300 5683.819200 6238.900400 5595.694900 5886.970500 5978.821100 5981.703200 5839.736000 5826.794700 6011.057700 6407.945100 5895.321600 6108.622500 6016.893300 5802.749000 5851.282300 6229.650000 5942.826400 5689.138700 6006.452800 6067.542400 6092.019400 6549.139700 5859.113200 6071.553200 6486.544600 5773.619700 6279.750600 5700.391600 6016.566600 6052.293100 5819.605200 6216.279800 6251.772900 6010.743900 6271.637800 5810.483100 5884.247500 5864.188700 6093.018200 5949.764700 5996.589800 5984.931500 5557.679900 5844.098600 6147.900600 5720.032100 6236.427700 5796.593100 6001.000900 6229.629200 6160.819300 5642.304000 5826.460900 5765.298200 6029.177800 5825.097200 5589.657500 5966.897500 5873.745900 5868.929600 6340.756600 6009.386000 5640.654600 6192.614900 6094.439500 5996.454700 5753.918600 5810.907800 6100.637900 5961.978600 5706.122500 5674.155900 6238.517100 6089.694800 5857.382100 5561.004100 6417.484200 6386.124000 6142.036100 5812.696400 6176.899700 6314.726000 6052.573700 5654.152300 6096.735700 5853.095800 6048.662200 5783.556100 6180.621300 5831.785700 6198.883400 6451.809700 5927.088600 6134.962900 5844.819200 5833.044000 5944.130500 6613.094900 5928.021100 6334.477900 5750.306500 5730.391100 6000.950900 5819.274900 6477.817600 6137.993900 6017.424000 6065.335100 5524.059300 6341.911600 6242.473300 5897.397300 6040.089800 6251.794000 5939.256300 5731.752800 6000.879900 5997.259200 5818.339000 6411.739600 6067.644700 6129.636000 6242.345800 5734.136100 6323.377300 5807.555700 5749.150300 5923.270300 5813.696100 5762.661300 6002.271200 5304.356900 6440.159900 5697.587600 6030.479800 5745.512000 6079.174000 5818.111300 6202.336200 5722.101100 5801.890600 5821.509800 5853.228100 6208.827300 6189.104600 6118.639500 5558.322200 5903.553600 6276.948700 6212.405300 6158.300000 5999.426600 5928.897900 5707.820600 6070.578000 5578.947000 5884.138200 5554.718900 6003.937800 6118.975100 6164.313100 6115.172500 5705.668100 6299.932000 5776.793300 6173.744000 
5846.208700 5741.410800 6336.518200 6730.147800 6045.603700 5915.212300 6074.276300 6186.459900 5412.558500 6048.963200 6697.094900 6090.964200 5991.528800 6467.095000 6295.598200 6048.251000 6175.774100 6343.266900 6137.093700 5832.507900 6192.515400 5779.810800 5890.033300 6001.649600 6390.344200 6328.572200 5965.569800 6226.947400 6399.367800 5840.685600 6768.672100 6050.385300 6188.142200 6455.164300 6091.522300 6136.821800 5665.334300 6182.672300 6309.552400 6483.360400 6060.761600 6147.236200 6479.018900 6427.062200 6127.635800 6450.244700 6073.697600 6002.996000 6013.960900 6282.179900 6254.040300 6081.835000 6216.109300 6325.089500 6344.843600 6537.731000 5982.338200 6376.503900 6578.266700 6035.319200 6430.446200 6331.452800 6172.195200 6221.048600 5933.221600 6395.056600 6486.564400 6031.135900 6470.542700 6139.882400 6140.622500 6014.561500 6475.072500 6246.707800 6253.463300 6178.639100 5812.682100 6226.922900 6029.736000 6116.309800 6356.989500 6127.002600 6283.363000 6316.161600 6519.041800 6070.353500 5941.543100 5985.695300 6319.710200 6175.625000 5866.732700 6143.847800 5844.375500 6035.625300 6317.822300 6153.798700 6011.497400 6474.138200 6112.782100 6326.903000 6040.846900 6202.973300 6333.670800 6336.319500 5974.429700 5893.912000 6319.084400 6199.674300 6180.997400 5915.433500 6416.931100 6464.377400 6256.257500 5964.142000 6572.617500 6627.623600 6328.739500 6118.027900 6333.120600 5909.726900 6278.413200 6058.099600 6454.556600 5932.682800 6235.894900 6651.231300 6073.648800 6146.816700 5831.996400 6157.870000 6184.975200 6774.514800 6087.837100 6577.725300 6171.004800 6185.940900 6287.755000 6019.514800 6689.600300 6531.350400 6073.174500 6283.734600 5593.624700 6520.112200 6595.595000 6022.706500 6069.714000 6567.597400 6247.947600 5740.576800 6043.498600 6138.499700 6123.525600 6677.796300 6236.464400 6060.743100 6356.301500 6025.534200 6446.161500 6049.832300 5840.384600 6164.436000 6236.985400 6162.710300 6025.073700 5282.520500 6444.448500 5953.966400 6305.515200 5971.542600 6402.687500 6144.913000 6324.693200 5919.435900 5948.819200 6129.328200 5995.624000 6527.644500 6361.490900 6471.165700 5915.715000 6125.126200 6109.327000 6398.616500 6369.658400 6408.317700 6406.883200 5954.618600 6400.463400 5916.605600 6099.853800 5718.041900 6174.063300 6248.191700 6497.023100 6313.677900 5851.123300 6488.866000 5983.677900 6623.759100 
5921.474700 5814.316400 6214.178800 6652.327800 6031.290500 5939.995300 6320.912600 6300.920900 5663.485900 6234.583300 6491.564600 6024.512200 6088.998200 6566.677400 6416.872600 5990.598700 6296.452000 6360.916300 6284.344500 5940.785000 6221.569400 5807.495300 5841.446300 6070.520200 6326.099900 6313.587400 6064.487400 6519.319700 6362.713300 5857.868100 6803.131300 6202.286800 6145.353000 6676.756300 5978.307800 6465.183900 5568.199700 6297.854400 6284.199000 6407.391800 6069.195900 6199.947300 6461.294700 6565.771200 6300.813400 6288.343300 6338.015300 6139.005300 6100.306400 6146.456000 6241.383500 6126.913900 6233.417000 6397.439700 6217.588500 6642.368100 6160.223800 6311.426000 6651.990600 6051.035300 6336.145900 6213.569100 6261.807800 6307.342200 5943.634100 6505.723000 6569.132400 6361.716900 6393.847800 6524.898500 6287.875700 6201.567700 6490.303100 6395.442000 6289.810700 6280.515100 6039.205200 6164.318700 6241.424400 6309.586800 6527.803500 6524.823200 6348.925600 6444.033300 6439.876700 6115.683500 6158.574000 6029.268900 6373.477200 6187.511300 5967.755500 6100.621000 5882.411300 6147.302600 6482.945900 6247.591400 6072.198200 6576.881000 6154.017100 6310.863900 6158.081800 6275.067200 6467.888400 6280.012500 6017.525000 5923.789700 6320.290200 6410.079200 6155.591900 5903.078400 6563.205500 6574.136500 6248.570100 6241.327500 6568.301900 6561.853500 6533.934800 6038.395500 6501.368600 6240.647900 6275.747900 5942.401200 6249.507300 6042.965600 6376.919600 6832.241700 6032.118100 6187.939300 5938.864000 5990.096000 6169.404400 6731.162200 6311.224100 6506.881100 6203.864300 5991.419800 6432.298900 6194.591700 6639.632200 6354.197600 6269.366100 6072.351900 5602.372500 6775.577400 6476.070800 5972.636900 6195.839200 6346.866400 6308.104100 6062.941800 6257.055600 6225.170800 6176.224400 6682.305100 6351.995200 6140.008600 6277.447600 5983.212800 6669.347600 6138.117300 5693.373600 6211.668100 6220.260900 6138.274500 6034.398600 5398.893700 6530.624700 5893.341100 6217.742100 6033.737100 6430.803400 6119.959300 6489.715900 6015.688800 6014.680800 6154.765700 6272.728000 6633.968400 6355.756400 6533.974900 6010.853100 5991.708700 6393.939800 6467.177900 6411.766500 6372.081000 6216.079800 6017.525100 6546.929100 6146.168700 6329.669300 5941.486900 6349.705800 6404.146500 6457.679500 6323.408300 5771.861000 6641.769200 6166.716100 6864.481300 
5546.269900 5151.466000 5637.550500 6048.494700 5444.801800 5435.707300 5565.316700 5697.099000 5114.610200 5506.070200 6168.844100 5557.552400 5456.525100 5852.342800 5655.007600 5459.552900 5613.526900 5854.513200 5650.947500 5265.929600 5522.238800 5302.577600 5292.533600 5518.983200 5754.321500 5632.145400 5308.840600 5765.107000 5703.495100 5143.363900 5985.712100 5620.942700 5568.149200 6079.883700 5355.997500 5752.654400 5154.867300 5801.850900 5641.896000 5754.201000 5572.405600 5597.108800 5738.645200 5869.007600 5439.963000 5695.523000 5681.582700 5474.037300 5484.893700 5637.300500 5854.104400 5428.018500 5370.191000 5548.995500 5708.539400 6052.550000 5567.316900 5652.228900 6179.570700 5516.025300 5827.001100 5550.646300 5685.082900 5696.277700 5451.385200 5767.239200 5848.910700 5545.559300 5965.090500 5732.471500 5870.052400 5562.797400 5723.365700 5694.164200 5755.005700 5632.754900 5339.225900 5637.737100 5620.724400 5431.354200 5727.732400 5644.550500 5699.295100 5873.139100 5740.927700 5448.287300 5283.296000 5434.395400 5821.452500 5706.054400 5195.573700 5513.233700 5594.244000 5608.199700 5866.410100 5628.111400 5541.168800 5744.869000 5602.131600 5743.260500 5566.475600 5647.048200 5733.478400 5596.734400 5389.183500 5397.806400 5754.241700 5857.926200 5723.709400 5382.893600 5939.632500 6103.806600 5910.256700 5458.773600 5879.280300 5911.701500 5595.272200 5432.988500 5753.758500 5488.225700 5685.933800 5452.714800 5795.662600 5454.158200 5643.194900 5875.608000 5581.870500 5742.052700 5482.749900 5507.749200 5762.772000 6043.366900 5635.977400 5900.884100 5706.377000 5558.420500 5621.485100 5510.424400 6080.563400 5774.328400 5597.119500 5617.549400 5056.552100 6005.853200 5885.592700 5475.217200 5503.095800 5972.190100 5634.369400 5181.625600 5515.944800 5695.120100 5678.101100 5876.081500 5678.520400 5660.972200 5701.293100 5405.464000 6033.236600 5494.722100 5197.118100 5571.562900 5687.783500 5469.183800 5509.134500 4784.833100 5931.366300 5246.318100 5563.290200 5457.592900 5953.628200 5574.385700 5774.164500 5316.005100 5349.189800 5649.171300 5613.008300 6072.367900 5819.571000 5956.077100 5315.573900 5460.041200 5594.256500 5983.904800 5868.828900 5687.424400 5697.975100 5442.360000 5810.180200 5397.097500 5851.418300 5288.124100 5670.149200 5687.013700 5932.720500 5704.329400 5347.239900 6036.408700 5539.249500 5807.640400 
5644.273500 5412.245900 5961.273400 6237.079600 5761.921700 5881.879800 5712.065300 5981.817300 5315.508700 5994.798800 6212.762800 6018.914700 5673.160600 6396.271200 5976.918400 5694.551300 5921.968400 6021.940000 5918.717800 5582.541400 5968.229200 5383.297900 5587.231800 5934.361600 6166.473100 5879.179700 5607.735700 6044.517300 6172.714300 5482.728300 6391.539700 5893.976700 5843.808200 6082.220700 5671.689000 6042.095000 5324.154700 5935.304700 5985.228400 6068.850100 5583.355700 5649.938400 6104.016000 6178.456700 5928.146500 5899.782500 6057.012400 5597.531800 6035.234400 6000.886700 5921.188100 5918.732900 5817.912600 6117.954300 6069.422400 6299.855900 5913.679000 6149.799900 6374.875300 5866.192600 5838.092300 5999.014900 5853.515400 6019.723300 5721.060000 6278.574900 6114.805200 5904.767000 6300.374500 6058.437800 6013.206800 5719.262500 6152.722700 6104.343900 6023.132600 5865.471100 5553.571100 5835.890400 5955.798700 5637.681000 6100.392400 5797.484600 6185.817100 6216.876500 5910.076500 5765.075100 5689.918500 5685.641500 6068.881200 5944.351600 5714.579100 5901.460800 5801.705800 6019.925400 6236.366700 5815.025700 5689.399900 6079.593600 5944.880400 5944.796200 5885.564300 5803.196400 6144.581700 5962.693700 5754.333900 5503.303700 6008.487500 6105.113000 5967.503700 5704.908600 6204.242400 6107.229300 5988.520400 5708.584700 6222.881400 6220.771200 6003.681000 5691.355800 5966.247100 5650.824400 6030.803500 5765.536200 6008.693400 5753.193500 5966.790500 6375.689100 5719.099500 5966.834900 5630.479400 5936.255100 5957.275400 6333.489500 5873.041900 6101.237500 5860.178800 5666.881300 6033.197800 5887.443900 6467.867600 6087.253200 5955.940700 5757.229400 5344.465700 6327.742500 6073.115100 5520.576900 5912.418900 6182.901800 6080.294300 5809.239300 5797.039500 5951.663200 5985.278100 6446.173700 5907.438200 5886.779500 6107.913300 5668.081900 6355.453600 5656.069400 5419.207700 5796.553800 5842.266200 6084.921300 5715.473500 5161.267100 6238.502100 5753.175300 5924.659000 5737.319800 6105.310700 5856.314100 6096.648200 5782.312500 5716.763900 5975.623600 5753.219500 6212.631800 6162.581800 6118.109300 5766.701900 5732.094400 5980.784400 6295.697800 6211.048700 6080.306900 6070.025800 5746.054000 6137.648300 5639.711700 5898.066900 5617.725000 5836.905500 6038.314200 5998.538600 5974.121700 5726.921100 6397.868500 5874.869600 6239.839200 
5777.062300 5580.842400 6112.011500 6361.835900 6088.305800 5817.862300 6020.405000 6143.968700 5289.706900 6017.548800 6388.135500 5949.872900 5810.506100 6321.915100 6035.610600 5840.508800 5921.265800 6165.658600 5917.686700 5627.707300 5885.853500 5520.583600 5788.539200 5994.602400 6284.984900 6057.645700 5780.517500 6191.011300 6125.253900 5543.796500 6423.985700 6090.227600 5990.035800 6499.786600 5921.721200 6145.768000 5513.475000 6362.462300 6001.509400 6387.572400 5676.565700 5849.737200 6440.610100 6290.768900 5834.475500 6098.139300 6052.226600 5802.032200 5953.347800 5933.802700 5986.812000 5928.977000 5990.496400 6047.017900 6208.960400 6545.862300 5962.854600 6260.707800 6595.528800 5803.720200 6125.155500 5983.978200 5970.792000 6301.767700 5861.228800 6424.344100 6509.526600 5966.326800 6383.045200 6179.097600 5785.385400 5745.086000 6121.172300 5938.807700 5829.841100 5961.119200 5825.375100 5974.735100 6077.021400 5546.630300 6081.222900 5775.686700 6329.460700 6364.904800 6044.603400 5949.842900 5712.438300 5912.868900 6038.654700 5840.342700 5655.119000 5857.479400 5999.310900 6096.285700 6158.458200 6015.848200 5774.222500 6246.230900 6023.881400 6159.964300 6050.616000 5974.621100 6223.568100 5974.430800 5731.438300 5654.099700 5978.308000 6070.518700 6026.759000 5689.770900 6381.211200 6405.273500 6056.168700 6016.723700 6284.502600 6259.323000 6234.096200 5750.453300 6245.910200 5707.729000 6173.479100 5823.508500 6108.950100 5663.993900 5954.988800 6432.907400 5912.386500 6028.585100 5624.637700 5791.179100 6240.571600 6438.227600 6048.902100 6340.310000 5854.565300 5840.390700 6088.692900 5908.401500 6601.524500 6126.429800 6068.365300 6210.937400 5423.414300 6401.145400 6138.019900 5883.173400 5948.413100 6456.361400 6185.449800 5851.783900 5868.004800 6047.033100 6153.893300 6436.244600 6019.443300 6138.931100 6085.447100 5788.970200 6501.234600 6014.141100 5507.801100 5857.912100 5872.815800 5899.355500 5945.028100 5338.208500 6115.825200 5780.615600 6094.471500 5834.133000 6337.485300 5806.113500 6185.181500 5865.729100 5777.816100 5912.079000 5765.128400 6461.062100 6147.126800 6052.185300 5813.893900 5878.064200 6064.606300 6322.686000 6151.921900 6195.883200 6174.437400 5837.353000 6311.199400 5666.286100 6058.159300 5845.705400 6296.608800 5974.807900 6420.193100 6085.014500 5744.060700 6516.423400 5924.709700 6326.689400 
5702.177100 5332.481200 6020.330800 6299.650000 5743.026200 5680.976400 5749.751500 6085.722200 5295.806700 5700.563500 6189.758500 5904.012700 5697.588700 6167.936200 5778.768000 5737.757400 5766.131600 6050.888300 5968.365800 5682.535300 6100.828200 5519.363200 5528.357200 5896.373700 5997.244300 5881.568200 5699.475200 6032.739800 6059.508900 5465.254300 6266.684700 5896.485000 5758.592000 6266.150500 5513.401000 6052.835300 5401.713500 5860.849500 5959.995400 6110.538500 5720.147300 5864.887200 6021.574700 6328.406900 5700.396400 5913.333400 5882.382800 5609.682800 5773.086800 5893.277600 5937.912300 5672.800300 5823.000100 6081.162800 6039.256300 6307.894400 5756.953400 5974.152700 6267.585200 5735.152200 6120.372200 5809.276400 5811.520800 5940.016900 5577.269200 5963.065500 6106.985900 5803.222200 6127.793100 6034.877400 5837.702900 5853.141400 5963.679700 5988.402600 5916.202500 5761.434300 5431.904400 5734.557400 6040.370400 5705.047100 5947.222900 5805.506500 6012.450600 6100.525900 5995.829400 5698.085100 5601.749800 5619.580300 5796.917000 5779.202900 5648.011600 5800.703800 5701.494300 5784.846500 6124.812800 5966.854200 5654.177200 5981.373900 5754.327800 5946.972700 5826.493900 5886.410100 6138.112800 6055.138100 5630.682100 5619.021100 6080.403800 6037.694100 5693.375400 5431.298300 6128.249200 6206.779600 6084.732600 5649.943700 6229.863400 6178.596600 5959.332200 5639.795400 5853.869400 5598.506700 5974.390900 5687.448200 6050.167800 5619.324600 6022.867700 6393.706200 5711.042100 5879.476700 5553.037600 5737.416500 5767.399300 6439.226700 5818.989000 6193.530500 5778.070100 5512.280300 5911.046500 5751.726100 6288.729200 6067.951900 5851.962900 5937.119000 5527.918500 6415.660600 6163.942200 5878.393700 5873.850300 6058.135000 5983.551900 5637.771200 5950.816000 5779.810700 5883.867200 6389.114200 5928.936300 5897.261200 6026.892800 5618.521400 6149.964600 5683.276600 5600.712700 5718.063300 5904.858100 5666.665500 5796.311600 5250.476400 6330.602500 5382.895900 5935.618800 5687.000200 6109.537200 5698.572500 6001.342900 5709.901800 5724.293500 5712.782600 5682.540800 6168.883400 6205.688200 6163.125100 5687.623100 5583.205800 6003.780500 6046.147600 6161.421000 6009.238000 5955.762800 5739.102600 5957.203200 5594.900400 5915.112100 5571.722700 6036.258200 5991.059100 6008.938300 6064.697300 5456.968800 6169.976000 5715.910400 6124.400100 
6018.353400 5826.784800 6382.380100 6811.794200 6105.062700 6161.354200 6093.673000 6285.017000 5652.874600 6233.434100 6632.416500 6354.348700 6190.364800 6651.368600 6306.056900 5994.946700 6212.116700 6278.108600 6467.298200 6038.295400 6296.016100 5969.320400 6067.585300 6209.069400 6326.616500 6176.864800 6064.394700 6549.587100 6425.616400 5969.445700 6865.444400 6323.929100 6264.065500 6749.102300 6029.962800 6595.995200 5751.723400 6309.121300 6310.718900 6634.144600 6041.280500 6283.274500 6454.353200 6685.493200 6176.372200 6481.996800 6285.384300 6001.758300 6139.748300 6379.308600 6216.037300 6088.262500 6258.331100 6373.524500 6388.231500 6761.653100 6021.427300 6421.062500 6723.795200 6225.339600 6337.909000 6228.187600 6227.639500 6388.618300 6134.225000 6615.003000 6743.168100 6163.085000 6473.385800 6300.450000 6275.969800 5973.853300 6439.906400 6277.695700 6407.373200 6205.548800 6046.834400 6239.379300 6459.314000 6318.534800 6705.922800 6353.231300 6347.382800 6449.320700 6491.227400 6021.707800 6308.248600 6168.409400 6525.169400 6144.932200 6114.890500 6244.888100 6081.494000 6294.279100 6525.399800 6103.705300 6202.206500 6565.862000 6387.826000 6392.867100 6105.949100 6259.799600 6362.447400 6405.937600 6371.691200 5948.362700 6348.708000 6310.970400 6151.651400 6085.031200 6549.194400 6535.581100 6242.371400 6129.154300 6689.137300 6663.612300 6310.749100 6152.542100 6357.555200 5951.537600 6570.411100 6103.749600 6377.604800 6009.706700 6397.910500 6753.751400 6227.416000 6229.730300 6065.296600 6128.788100 6269.596200 6614.855200 6458.483900 6598.705500 6139.977800 6165.499600 6439.466200 6206.249100 6846.372000 6509.088800 6281.083900 6202.168000 5670.958900 6616.890300 6376.048300 5980.076100 6489.833800 6394.861500 6370.878300 5987.872300 6225.843400 6169.314100 6359.601200 6671.355300 6459.392200 6336.850400 6343.109800 6003.995400 6654.149900 6135.827800 5750.923800 6027.674400 6181.238800 6176.186700 6125.740300 5448.932200 6575.655300 5929.200500 6328.025000 6122.556200 6478.371900 6291.757600 6506.429000 5743.234300 6288.425400 6124.957700 6213.658600 6693.609300 6326.639300 6406.783800 6015.922600 6163.985000 6308.342400 6662.591800 6664.842200 6428.328000 6373.288300 6148.206900 6427.873200 5994.274300 6326.896500 6133.689200 6294.411100 6263.709200 6438.270800 6276.839100 6050.591500 6665.172600 6161.507000 6727.771800 
5215.335700 4960.408000 5452.900600 5755.248400 5394.654500 5394.005200 5337.949300 5497.148500 4802.191000 5406.886800 5746.885600 5455.188800 5258.636900 5792.305300 5526.913000 5170.707500 5360.792000 5662.048400 5364.651000 5315.121200 5333.625900 5069.047700 5310.531900 5350.297200 5527.819800 5383.464200 5206.480800 5638.743700 5726.913400 5149.937600 5968.839400 5471.707600 5403.360600 5610.454400 5194.774100 5536.183400 5119.986400 5404.419600 5473.297200 5710.318600 5166.315500 5318.534300 5517.314400 5575.604300 5320.214100 5485.087200 5548.682300 5415.633100 5204.849000 5388.303500 5354.711500 5277.241100 5557.506800 5572.276700 5342.706600 6033.761800 5367.078300 5404.281300 5904.207100 5292.731700 5522.313800 5235.321100 5298.654300 5428.223700 5346.954200 5718.280400 5804.387000 5425.325200 5573.862100 5554.049800 5425.056100 5291.368600 5669.373800 5241.629800 5537.219100 5321.444000 5165.907800 5256.934300 5358.984700 5343.141500 5655.558200 5314.301900 5539.067700 5685.199300 5552.105900 5226.471400 5345.180300 5356.875100 5529.083200 5389.902100 5049.955500 5435.875700 5401.155900 5637.525800 5612.069300 5509.465400 5292.548700 5736.170700 5393.635200 5538.305500 5441.181300 5184.836800 5545.585400 5382.715900 5234.380900 5053.785400 5420.018200 5382.019800 5405.816300 5080.297800 5630.049200 5796.655100 5461.050800 5460.451500 5733.594700 5659.955300 5485.057700 5470.925500 5597.813400 5209.761500 5564.593200 5223.650200 5511.728900 5447.667900 5430.997200 5849.171700 5256.681200 5332.497900 5307.315500 5380.395000 5566.196300 5900.004700 5519.755700 5589.006900 5358.671300 5323.789500 5432.367900 5270.151400 5734.409700 5565.270300 5354.555500 5337.804100 4879.150100 5675.663000 5646.248500 5180.418300 5359.937100 5739.869300 5557.272200 5363.472400 5367.663500 5465.810300 5419.870900 5831.389000 5435.336400 5382.411000 5496.891700 5342.515900 5804.812200 5415.715200 5262.985700 5198.327000 5441.026400 5279.219700 5338.428500 4900.867100 5713.016600 5255.150100 5418.183000 5088.845200 5589.102000 5460.332700 5711.321200 5181.264100 5193.602000 5435.203000 5252.114200 5645.300500 5497.492300 5600.415700 5151.503300 5230.830300 5332.960000 5691.344800 5581.658600 5470.141100 5522.279100 5152.429400 5577.920000 5272.248700 5513.063400 5196.050900 5480.569300 5712.536600 5735.066800 5355.186700 5365.763000 5736.371400 5380.829600 5723.977400 
5532.505200 5208.719100 5805.704900 6272.156400 5620.472800 5604.671900 5724.748000 5805.200300 5259.065000 5627.463400 5954.144000 5733.269200 5693.913400 5994.069200 5967.421400 5810.871200 5624.444100 5856.874200 5841.166500 5595.912300 5871.203800 5559.362000 5384.720200 5872.864200 5864.450200 5829.750800 5542.478100 5919.893800 5956.706900 5486.564800 6306.570800 5883.595200 5713.511800 6198.280300 5424.870300 6104.018300 5355.259200 5699.557400 5746.244400 5831.723200 5289.499100 5906.345100 5941.203800 6075.295500 5804.606700 5837.049000 5775.648900 5694.930900 5650.649600 5741.791500 5691.418900 5668.703100 5840.633300 5805.971200 5794.336500 5952.016400 5474.875700 5773.129600 6185.020100 5564.572000 5982.075100 5798.504300 5764.508800 5874.194100 5634.680700 6003.992400 6155.050000 5726.258700 6107.552100 5939.169600 5837.806700 5553.432700 5801.147900 5835.293600 5716.391200 5920.978000 5529.597600 5549.723200 5940.236000 5593.907700 6049.895600 5862.107500 5922.347100 6107.949500 5858.487900 5754.657600 5703.627000 5576.053400 5788.512400 5813.783200 5476.976300 5857.361900 5678.568900 5679.599900 5951.682900 5924.737100 5751.438300 5898.509700 5626.344200 5984.207300 5727.668500 5742.393600 6050.299100 5865.730400 5614.997100 5560.625000 6060.480300 5965.458400 5757.365400 5538.857700 6014.921600 6251.930500 6131.225000 5792.757300 6072.006200 6025.043000 5825.482300 5318.985900 5922.892400 5579.062700 5893.514400 5562.149700 6064.123700 5591.661000 5928.375000 6333.072200 5770.479300 5966.772400 5530.145000 5643.335100 5904.668200 6180.748900 5857.788300 5971.837100 5927.766100 5482.133400 5886.064900 5864.803500 6192.828800 6009.117200 5714.585400 5630.647000 5291.957400 6133.990400 6018.094800 5672.612400 5832.551700 6013.174900 5981.919800 5557.959700 5677.224100 5731.601100 5773.621800 6167.653800 5892.031600 5770.493000 5961.639400 5560.983200 6172.033300 5772.352300 5459.762700 5776.022600 5822.463700 5791.650000 5684.299700 4924.096200 6222.371300 5383.690300 5808.195100 5596.261300 6094.267400 5739.108100 6065.575300 5502.325400 5641.811100 5796.075400 5767.679800 6153.244300 5918.075000 5943.427400 5639.058700 5554.758200 5773.995600 6064.462700 6082.865900 5772.313800 5721.954900 5688.452100 5925.771800 5533.355800 5679.716500 5600.872500 5763.039600 5966.557400 5964.395700 5927.479700 5616.533900 6248.757900 5592.402100 6142.744100 
5353.148400 5056.410200 5734.226400 6111.378100 5620.601100 5443.178600 5662.659600 5736.953000 5124.077600 5491.764800 6180.267800 5451.172500 5573.566700 5933.530900 5572.800600 5326.027200 5524.951700 5779.119400 5669.778000 5169.371200 5544.163600 5219.636700 5243.651800 5499.101700 5585.557100 5649.765000 5438.688000 5874.455400 5872.147900 5114.028600 5942.481300 5718.266800 5443.779900 6060.991500 5239.022600 5784.981000 5085.549600 5488.498500 5604.038000 5835.401100 5423.157200 5469.658700 5491.427900 5766.912300 5471.688500 5499.145100 5758.013000 5764.425800 5487.559500 5416.430500 5688.087200 5408.237400 5448.487500 5829.629400 5673.222900 5903.956100 5547.272700 5732.101500 6173.183900 5571.166000 5763.392400 5524.129900 5737.230500 5808.654200 5579.097800 6023.948600 5912.067700 5483.145400 5885.323800 5925.610900 5620.448300 5392.742600 5735.295700 5710.624700 5662.217500 5783.617400 5341.356100 5570.193600 5634.263700 5301.397000 5781.334900 5661.926500 5732.702000 5896.399700 5845.378500 5459.559100 5391.963500 5419.855700 5890.899900 5624.754200 5461.098900 5442.678600 5524.346300 5429.033200 5925.290000 5594.865000 5510.306100 5738.973700 5420.834400 5586.294700 5489.960600 5452.252100 5800.376500 5606.252000 5460.795600 5274.625200 5844.740300 5945.245300 5596.432800 5245.651600 5925.709700 5952.389700 5931.825500 5579.271900 5952.317100 5906.111300 5593.024100 5439.222300 5880.861800 5395.533200 5684.019500 5527.287900 5610.332200 5336.837500 5563.712600 5988.623100 5523.867600 5635.658100 5395.388400 5390.407000 5727.325300 6088.322600 5700.107400 5805.067200 5684.045000 5425.841400 5696.251100 5521.554400 5979.504700 5642.954600 5591.810800 5606.991300 5091.089500 6013.006100 5774.580200 5461.013700 5572.732900 5769.115900 5702.350100 5514.205200 5697.455500 5481.774700 5759.185900 6008.524400 5558.860600 5677.770000 5722.645400 5481.555100 5989.753800 5423.658800 5364.741900 5568.095600 5685.869500 5378.178800 5638.975600 5064.361500 5787.359200 5080.717500 5634.841100 5402.561900 5772.215500 5469.537100 5777.172800 5450.736700 5373.875400 5541.983000 5548.570300 5943.872200 5637.452800 5794.922300 5510.749300 5313.410000 5566.075000 5789.030000 5899.211500 5681.268600 5660.372200 5407.749200 5733.207900 5523.238500 5791.187300 5425.375800 5606.512500 5838.774900 5693.442600 5671.785900 5284.560500 6014.695900 5545.324900 6052.340600 
5374.527900 5287.026700 5510.622900 5893.995600 5446.250600 5482.861700 5484.213900 5610.560800 5152.046700 5378.910300 5943.958100 5501.968900 5357.735300 6013.678600 5752.993700 5394.284200 5432.358400 5767.727500 5571.924400 5470.716700 5587.933400 5172.945100 5416.597000 5554.194200 5524.339200 5425.610100 5468.941300 5901.639400 5829.691200 5301.857300 6071.620800 5599.789800 5668.259700 5985.234600 5502.363200 5803.621000 5027.855400 5646.791500 5655.674200 5775.641200 4963.572600 5543.719100 5723.538000 5749.878700 5652.440600 5523.935900 5720.076500 5505.517100 5339.986200 5532.488900 5692.104900 5249.328000 5395.623900 5587.181500 5598.480500 5954.673700 5440.373200 5504.267300 5845.147200 5246.837800 5746.244000 5562.927700 5625.382900 5683.188900 5511.199900 5716.135700 5792.890500 5457.463600 5663.791700 5690.210400 5411.282700 5463.716700 5550.527100 5524.623700 5405.542900 5450.979000 5239.862700 5453.028200 5894.354200 5378.304000 5774.986800 5463.480900 5803.171600 5774.681700 5748.030600 5381.241900 5399.674000 5427.519900 5586.864600 5646.323900 5275.573000 5629.776100 5520.302200 5475.662300 5741.800200 5575.297200 5494.475500 5748.280200 5484.344800 5528.580000 5614.848400 5471.392000 5675.046200 5549.530300 5318.464900 5229.286400 5780.340900 5743.738100 5417.312900 5235.315700 5859.247700 5803.680100 5785.021900 5432.331100 5942.678400 5873.476100 5740.191700 5402.085100 5767.714000 5429.838200 5685.045700 5461.607400 5787.313200 5499.643900 5765.446500 5857.974700 5379.026100 5460.601800 5477.341700 5427.963400 5438.615500 5963.790800 5600.448800 5931.526300 5522.573800 5487.898000 5496.261300 5252.542300 5951.290400 5618.819800 5651.883900 5413.322400 5010.603000 5788.781900 5732.328900 5433.840300 5567.974800 5834.990300 5611.525600 5270.090400 5360.775800 5577.978300 5644.808200 5885.370300 5814.029900 5672.759900 5626.225000 5281.934000 5908.093800 5517.256600 5456.865900 5626.807700 5554.374200 5441.186700 5420.381600 4515.975000 5948.285400 5342.840800 5702.093400 5341.489700 5889.158900 5453.959300 5630.611600 5251.736400 5315.452700 5393.484500 5344.770600 5966.940700 5722.713000 5647.201100 5353.757500 5269.385400 5445.767100 5799.962200 5894.954500 5521.596600 5649.118600 5377.463200 5735.777800 5301.816000 5605.163200 5280.006900 5498.406500 5808.981900 5727.088700 5740.646900 5218.036000 6020.786000 5385.710600 5788.320100 
5566.068600 5485.891400 6035.094000 6433.137600 5901.093400 5830.706400 5782.179800 6121.835400 5249.659800 6104.390900 6396.462200 6122.798800 5734.683400 6349.794900 6063.203100 5789.753400 5837.483000 6152.938600 5874.678500 5792.072400 6259.838100 5795.437900 5783.869600 6014.353500 6089.278300 5860.409900 5875.548700 6235.581700 6234.882800 5760.292200 6289.036400 6102.139200 5854.080400 6315.759800 5665.564600 6213.139300 5498.737100 5941.632100 6125.995400 6233.748500 5734.468000 5815.523000 6155.603800 6333.735600 5824.460300 6014.626000 5953.067200 6005.936000 5883.637400 5849.379500 5890.942500 5763.721800 6075.182700 6024.631900 6131.839900 6482.820700 5864.852600 6037.928800 6467.622700 5998.158100 6141.738800 5985.671200 5981.587500 5995.664800 6001.525800 6293.479200 6400.044200 5908.169900 6329.312400 6056.493300 5918.976700 5945.150600 6318.905700 6077.577300 5987.729400 6037.394300 5616.004300 5906.440700 5970.629200 5842.853000 6252.935700 5835.989400 6121.146300 6218.642700 6272.914900 5727.874300 5918.987400 5994.584000 6191.266900 6106.308000 5628.678200 5999.466600 5880.559100 6085.241400 6221.464300 5967.311400 5752.625200 6148.841400 6018.376100 6167.941700 5947.438200 5916.321200 6204.721000 6055.010500 5778.546700 5596.681900 6045.972300 6279.714600 6066.379700 5682.235500 6177.227400 6150.973200 6183.194700 5751.501500 6262.117000 6148.598100 6240.947400 5811.677300 6061.756500 5542.797200 6051.997200 5836.149300 6102.526400 5855.460100 6033.611900 6428.926300 5975.907200 5864.716400 5773.976200 5982.660100 6142.448800 6539.374100 5982.699300 6313.646100 5849.297600 5895.114500 6141.698400 6001.982600 6462.917000 6185.345100 5992.067800 5854.329300 5363.444800 6358.473800 6320.151600 5900.033800 5681.698600 6344.499000 6215.264700 5889.522900 6006.857100 6083.004400 6017.384000 6403.303900 6081.046100 5932.259000 5984.356100 5937.826500 6418.985300 5918.683000 5787.946200 5925.124800 6052.366200 6086.765900 5789.123000 5294.948300 6381.129100 5802.890600 6179.035100 5883.153000 6253.630300 5945.347600 6144.813500 5738.959100 5809.908000 5805.579200 5704.688000 6540.608100 6201.299900 6161.575300 5836.538100 5845.337000 6115.824600 6215.930400 6153.626700 6042.715100 6145.048600 5848.613000 5991.921200 5730.670900 5974.432300 5799.769900 6138.005000 6120.153700 6077.816000 5979.484800 5739.825100 6308.645300 5805.490900 6400.507200 
5550.076900 5276.275300 5831.964200 6124.202200 5700.015500 5712.121700 5609.343000 5778.505000 5125.246900 5546.465000 6258.302100 5713.209600 5662.814800 6156.002900 5761.766200 5643.609400 5693.105600 5907.632000 5701.682900 5368.495400 5578.393800 5572.538000 5765.281800 5769.023600 5830.048000 5716.333100 5643.438700 5938.557800 6089.320800 5342.523800 5994.242700 5888.563300 5855.874900 6377.150400 5613.126900 5858.010500 5520.666900 5830.418600 5794.582900 6071.712900 5563.192700 5693.475000 5972.684600 6095.424300 5714.892700 5758.437900 5778.275900 5735.185000 5580.547500 5716.206500 5672.594600 5629.342900 5826.081000 5900.235200 5897.556900 6285.998500 5792.599400 5718.688400 6100.243200 5656.104800 5986.510300 5785.923300 5703.733700 5938.141800 5630.112100 6133.122800 6180.451700 5909.717500 5962.221100 6090.025300 5792.892200 5666.057400 5993.625000 5931.890500 5755.469500 5809.052800 5344.161600 5618.412900 5879.626900 5655.845900 5781.428700 5828.612700 6173.620300 6009.605900 5882.046500 5506.393800 5680.320700 5635.295900 5794.414700 5613.276600 5387.150400 5706.537300 5814.203500 5858.271000 6108.249500 5772.089400 5554.577100 5952.198400 5706.887300 5893.786200 5720.732600 5789.279500 5975.699100 5826.558500 5668.533800 5466.235800 5880.047300 5883.327400 5769.455100 5524.353900 5965.915800 6141.287000 5930.965000 5690.115400 6058.824800 5998.993000 5916.019500 5714.069300 5842.256300 5516.334400 6003.899500 5482.841100 5854.901900 5796.750500 6059.056900 6096.681700 5729.027700 5674.219400 5585.293000 5653.143000 6021.286700 6199.599600 5611.349800 6121.555100 5761.547900 5464.584000 5713.432700 5650.934400 6282.067600 5985.118100 5777.978000 5845.312800 5042.289700 6124.996900 5814.349300 5522.517400 5698.254000 6110.844400 5853.962500 5473.070400 5699.233400 5770.907800 5669.673900 6128.884900 5898.437300 5598.632800 5785.766900 5565.809700 6216.093700 6022.165000 5559.594400 5454.775100 5636.940200 5584.718000 5626.719300 5139.928500 5976.995200 5518.123800 5984.898700 5508.961800 6029.021800 5622.635800 6008.941200 5735.469100 5499.346900 5553.968600 5618.508300 6211.730200 5858.871300 5819.828900 5571.717800 5477.684500 5604.314300 6012.946800 5962.552500 5948.576300 5686.247000 5597.616800 5811.650200 5575.654200 5819.645600 5531.447200 5924.450200 5982.926200 6187.615300 5837.406000 5471.518300 6257.676000 5663.213800 6115.728900 
5831.754800 5853.252700 6240.994800 6554.727600 6067.725100 6095.624400 6109.548100 6257.650100 5425.908900 6164.146200 6436.616800 6064.389300 6021.379300 6519.102400 6369.490000 5786.937600 6064.542500 6307.888700 6001.086900 5999.073500 6341.726400 5937.378200 5867.082500 6132.006400 6366.238500 6264.162200 6002.730500 6351.185300 6505.806900 5807.919300 6583.289300 6098.626100 6167.827800 6745.547900 5975.678300 6277.937100 5753.772000 6182.670900 6053.210000 6576.139000 5925.638200 6259.665800 6322.044700 6513.843900 6132.136100 6214.200900 6300.624200 5963.943200 6094.271500 6327.902900 6296.725400 5918.004400 6026.019300 6276.255600 6306.759000 6681.862900 5947.402000 6311.058000 6556.144500 6004.652300 6248.496600 6202.256800 6045.316400 6270.963300 5981.496100 6265.794000 6582.919000 6021.280300 6364.751200 6371.312700 6188.719900 6030.237400 6446.342600 6101.201400 6417.486400 6090.692800 5807.104500 6074.036000 6230.686800 6098.774600 6378.485900 6082.342800 6467.502300 6358.640800 6491.370000 5950.982800 5838.322900 6011.407600 6259.318100 6067.003400 5916.193600 6027.829900 5998.343200 6151.747800 6490.658000 6098.844700 6280.369600 6461.833300 6164.666000 6403.142300 5997.715200 5921.045200 6285.824400 6146.961000 5947.620500 5880.246200 6336.367600 6352.530900 6221.946600 5802.545700 6424.047500 6383.634800 6400.083800 5913.471000 6511.146700 6227.429700 6255.810700 6136.457700 6555.617800 5888.989900 6248.813300 6084.332300 6295.578000 6099.550500 6167.934600 6660.799300 6003.149800 5935.730300 6038.571100 6099.660000 6058.013900 6649.652700 6165.258500 6299.826800 6113.080400 6133.285700 6319.644500 6143.199900 6656.888900 6301.559900 6045.753800 6110.126600 5487.601600 6483.932400 6278.591400 6099.595800 6125.357600 6313.073600 6221.920000 6002.238300 6072.038600 6125.485500 6173.570100 6571.382800 6197.262600 6318.585400 6483.897400 5987.581500 6603.207200 6212.266300 5727.784500 5996.866200 6177.140500 6042.605200 6136.709600 5521.705700 6662.958400 5958.070800 6261.403600 5963.623200 6479.924100 6087.925500 6262.778800 5958.766100 5907.794000 6130.139900 5899.291900 6677.909400 6384.344900 6394.259100 6031.739600 6099.061900 6202.320600 6297.528000 6487.552000 6329.488100 6369.008000 6010.517400 6335.605000 5969.511300 6352.856400 5983.411400 6095.016900 6489.213100 6534.799100 6103.569400 5752.498800 6598.944300 6291.709300 6435.135400 
5856.736100 5732.169000 6305.816000 6605.897600 5879.688100 5896.008100 5926.442200 6423.634100 5310.183600 5984.805100 6554.318500 6102.821700 6120.036700 6586.397800 6278.719600 5897.628400 6091.767100 6346.542300 6048.299900 5905.091900 6449.596100 5729.114900 6023.291000 6102.708000 6154.467900 6164.237000 5929.274200 6553.279500 6420.014500 5890.379300 6593.122100 6167.539500 6209.889100 6544.585900 6055.639800 6240.268300 5456.784500 6117.487600 6098.461600 6467.881000 5842.745800 5978.022300 6345.039100 6515.200100 5885.816400 6240.270900 6152.423700 6133.401100 5967.178500 6241.689400 6170.541300 6001.945800 6065.702500 6290.180400 6280.804800 6605.741500 6119.490500 6210.923900 6476.815700 6122.522500 6198.947800 6171.947000 6181.681500 6041.657900 5942.370400 6471.164300 6714.357400 6088.537000 6378.816000 6287.193900 6086.900500 5949.043000 6446.867700 6344.870400 6079.777200 6180.593600 5622.983700 6043.369900 6415.781900 6088.194200 6294.270900 6183.960100 6099.804600 6389.510300 6389.324600 6037.902500 6064.221200 6100.437000 6311.880200 6082.386800 5824.537900 6088.785200 6015.658300 6113.449100 6518.971700 6111.818400 5928.008700 6361.008400 6087.822500 6303.724800 6194.159900 6297.480400 6554.525300 6235.094900 5843.698500 5804.601400 6184.263900 6193.224600 6111.895500 5623.482200 6410.541500 6434.154500 6200.259000 6057.919000 6316.265100 6537.942300 6312.791400 6021.106400 6361.432800 6005.526100 6338.975100 5876.909700 6153.817400 5893.530200 6220.446600 6623.801400 6101.448900 6103.101600 5998.302100 6079.658800 6259.226100 6774.255700 6019.600700 6504.927400 6012.372700 6049.296500 6332.209200 6136.128800 6704.723300 6205.126500 6176.985600 6179.463200 5461.902700 6407.396600 6321.299100 6042.890000 5881.047700 6447.904700 6198.479000 5885.946400 6214.665100 6170.697500 6055.475100 6653.532500 6270.134900 6061.351900 6290.052400 6058.557600 6551.497400 5824.285700 5840.858100 6195.350500 6102.276200 5953.954700 6088.918900 5395.153400 6642.563800 5958.257200 6479.376800 5946.186600 6373.858600 6116.754300 6146.547200 5886.912000 6093.383200 6169.392300 5951.957500 6664.422000 6389.900500 6204.256200 5774.626700 5886.888000 6321.299600 6424.837200 6271.035900 6239.719600 6294.097300 6008.587300 6486.907400 5883.682400 6165.365800 5916.469000 6188.277500 6359.582700 6530.403500 6426.879400 5761.922900 6528.978900 6186.456600 6489.593200 
5676.255000 5744.177700 6248.020400 6413.614400 5831.193200 5822.046800 5898.799600 6201.820200 5215.559300 5922.806400 6532.880900 6193.741500 5997.085700 6531.198600 6363.999700 6183.385000 5949.223800 6190.201900 6152.376000 5844.464500 6119.620400 5704.473900 5876.830300 6096.150400 6255.467700 5938.450000 5594.230400 6276.871400 6447.075000 5787.901100 6526.426700 6205.569800 6056.729400 6519.972900 5926.737900 6220.072200 5692.812800 6065.544500 6142.142000 6549.267500 5920.241000 6044.764100 6318.643600 6344.684800 5941.491100 6129.664000 6071.729500 5977.207000 5900.147700 6336.312300 6324.318000 5937.708500 6007.188800 6201.939300 6340.804500 6432.778200 5960.420400 6007.473300 6511.096200 6047.504900 6294.633700 6199.535900 6189.535700 6372.864100 5933.140700 6232.872900 6266.506900 6104.718900 6221.650900 6268.458400 6119.393800 5971.112700 6320.251200 6220.357000 5876.366400 6063.636900 5852.560600 6198.893200 6168.087600 5982.046000 6398.725600 5989.057900 6145.993000 6438.570500 6251.949400 5976.299300 5859.184500 5814.304200 6051.351800 6226.055700 5733.637900 6158.303800 6040.831800 6034.346000 6196.810300 6111.288700 5896.150300 6289.828000 6228.073500 6216.254000 5884.130700 6076.736800 6300.691700 6111.637000 5935.843400 5824.379000 6108.042000 6184.162300 6254.857500 5776.149100 6492.024800 6223.029500 6271.796800 6061.614400 6451.103400 6389.314300 6239.420100 5892.338200 6273.777500 5731.948500 6433.259600 5916.985700 6419.918200 5989.030300 6068.688800 6551.935600 6080.334200 6021.329600 5906.471600 6016.651100 6024.255200 6455.337700 6045.178900 6379.972000 6021.412100 5993.584800 6338.381300 6031.404300 6554.524900 6269.798000 6087.308500 6160.242200 5479.560300 6343.500400 6292.188500 5821.357200 6076.132900 6397.776000 6403.459200 5855.192400 5871.592100 6215.848300 6044.244500 6539.963000 6062.150800 6067.290400 6224.221900 5955.695200 6595.936000 5985.861300 6000.680100 6030.962200 6022.473600 6164.713600 6144.811600 5373.999600 6312.998000 5812.867200 6247.473400 5788.314200 6320.820400 6057.794000 6236.590600 5823.325400 5823.694700 5946.350500 5723.224900 6365.896000 6121.590700 6206.227300 5859.660400 5689.631100 6032.483900 6523.505300 6414.723500 6306.546900 6217.222300 5780.361000 6276.915300 5960.006300 6011.750000 5659.419700 6153.033000 6373.721100 6508.409600 6260.914400 5681.637400 6466.988200 5927.958200 6314.303300 
5569.748600 5338.569100 5843.296800 6094.644500 5888.395000 5794.380500 5774.637500 6006.225400 5220.576100 5898.934600 6118.296800 5742.680700 5769.846300 6094.329900 5864.247500 5650.828400 5630.865300 5905.853600 5946.693200 5713.429800 5852.351900 5259.397600 5663.461500 5825.102900 6025.651900 5949.017800 5606.335800 6060.149400 6005.901400 5475.586000 6284.400500 5931.490800 5723.754400 6363.693800 5578.639800 5912.489900 5470.997300 5893.218600 5926.986000 6022.206600 5653.546400 5762.185200 5946.420900 6212.780400 5562.090300 5778.090400 5722.739800 5784.285400 5930.823000 5708.372200 5822.788900 5623.767700 5694.921100 5989.618400 5917.853300 6338.455700 5627.270900 5974.777300 6230.854600 5750.053500 5913.089400 5758.401200 5787.557400 5888.403200 5815.795500 6055.562900 6171.029000 5742.385800 5988.930000 5983.885100 5908.138200 5686.355400 5984.987100 5686.697400 5683.719800 5595.752600 5616.597100 5680.506500 6160.538200 5673.167800 6040.655000 5769.632200 6011.591600 6152.577800 6014.890000 5704.703800 5761.634900 5500.053900 5917.870200 5791.200100 5608.190100 5631.669900 5880.446900 5870.037400 6176.079300 5797.562200 5628.586200 6015.734200 5741.584700 5810.839600 5537.226100 5666.049200 5880.539500 6071.943000 5803.408600 5375.002900 5997.442700 5876.965300 5936.196000 5488.833500 6115.778700 6446.732700 6056.932800 5723.137400 6133.613000 6186.012800 6218.856800 5529.194800 5935.125400 5501.859400 5979.675200 5534.738000 5776.379600 5801.027700 5933.584200 6416.171900 5719.060200 5763.717300 5624.743500 5632.714700 5855.113100 6168.536100 6063.772000 5986.918100 5761.975200 5583.078300 5841.775100 5761.088800 6124.787200 6027.483800 5777.112500 5895.613400 5344.695900 6242.107900 6005.455200 5675.568900 5815.761700 6109.390800 5906.265800 5743.097000 5862.419600 5780.900500 5926.024600 6246.260800 5862.273500 5822.837100 5920.850900 5703.807800 6171.708300 5791.401700 5623.210900 5621.851700 5625.158200 5735.406800 5705.087700 5015.987300 6295.383000 5631.751300 5901.270800 5432.463400 6208.287300 5669.636500 6235.760500 5510.353500 5645.130600 5935.976900 5874.488300 6121.753200 6004.255800 5776.646500 5681.645600 5451.307500 5925.990300 6113.242700 5945.848200 5876.571000 5835.584600 5805.873700 6067.568500 5649.067800 5792.825500 5713.718600 5833.313500 6188.833000 6066.051000 5789.970500 5702.999700 6339.032500 5824.332500 6066.782700 
5982.670500 5493.054300 6069.825600 6452.963300 6068.778000 6022.478500 5956.737400 6159.245800 5752.727700 6152.537300 6458.798600 6224.073500 6090.492900 6477.275100 6249.519200 5871.461500 6107.522000 6473.507100 6029.214900 5870.342300 6076.064100 5912.010800 5937.081200 6218.045500 6430.977900 6131.032500 5931.125800 6620.397500 6265.526300 5788.705700 6717.504400 6246.097900 6268.553500 6576.403300 6025.739600 6336.922600 5624.049300 6112.320100 6160.120600 6458.135100 5949.637200 6175.486600 6189.574200 6574.353900 6251.779500 6224.824000 6196.752700 6197.345900 5982.706700 6252.094200 6057.287900 5886.314600 6245.923300 6113.201900 6312.378000 6632.709000 5950.476300 6207.205900 6594.060300 6099.534900 6306.488400 6086.092000 6144.121700 6312.995200 5953.413000 6471.996900 6376.273900 6211.654600 6419.583900 6330.666000 6192.922400 5999.033000 6409.163500 6085.096200 6210.218600 5913.569200 5884.422100 6111.212100 6356.978600 6235.838600 6382.672800 6073.532600 6155.712700 6539.482400 6190.997700 6054.998300 5929.964200 6093.563800 6342.210700 6146.990100 5813.197100 6077.688600 6112.444500 6162.071000 6417.112600 6045.891600 6020.529300 6276.605500 6140.917900 6125.444500 5956.387400 5870.948000 6469.041700 6044.876500 5906.040600 5756.184300 6135.024500 6383.460100 6148.940900 5804.699400 6574.931700 6404.084900 6219.958300 6094.779500 6420.553800 6233.306800 6368.315500 5831.464000 6400.978500 5850.011100 6387.839200 6014.011600 6216.503700 5970.291800 6247.919600 6385.489700 6013.666700 6050.076600 5916.362400 6112.629000 6281.914400 6527.191700 6180.831300 6368.551200 6022.812500 5959.697900 6233.536200 6315.863900 6719.487800 6260.805000 6239.778400 6023.854400 5449.088300 6622.204500 6261.641600 5974.536500 6144.137300 6137.054100 6334.548000 5824.480000 6185.536200 6142.261300 6008.824600 6661.204800 6261.201200 6136.406100 6257.417900 5866.467100 6636.426800 6053.690000 5666.953000 6080.365900 6034.119300 6055.486900 6138.611700 5482.482400 6469.202200 5982.643600 6064.780100 5888.760100 6395.116300 6107.899800 6356.400800 5843.471400 6115.605500 6096.890400 6020.733900 6434.555000 6262.294000 6353.703100 5905.490900 5997.781900 6197.320000 6477.187900 6243.377200 6191.288100 6157.574700 5921.280300 6215.430000 6046.196100 6105.325700 6098.507200 6170.788900 6555.976400 6311.157700 6318.579000 5988.819300 6719.603800 5928.536800 6232.623000 
5592.336800 5128.609000 5995.578000 6254.451300 5640.668000 5678.123600 5869.093800 5810.715100 5346.503700 5742.424700 6276.023600 5646.147900 5762.856000 6244.237700 6011.556600 5796.646700 5893.884400 6092.070100 6040.595700 5451.953000 5680.697600 5568.056700 5713.020800 5908.167400 5944.051400 6078.599400 5590.697600 6132.306300 6200.344100 5558.125800 6167.831100 6071.318900 5960.687700 6228.190600 5488.975900 5925.191500 5512.064100 5814.772700 5823.507800 5878.969300 5735.356300 5833.753900 6072.799800 6002.671900 5795.503000 5908.456300 5801.655800 5593.889500 5571.829700 5769.393300 5893.544000 5658.489000 5801.329900 5900.562800 5825.900500 6274.549500 5617.264100 5882.603500 6239.931400 5687.120800 5983.539400 5827.872200 5880.088300 5786.702600 5686.966100 6144.649400 6374.934900 5768.279200 5888.077900 5972.240300 5853.187900 5644.403200 5978.204100 5945.094400 5589.076400 5968.157300 5379.403000 5833.270900 5819.456600 5712.561300 5942.260500 5707.373700 5941.091500 5948.927600 6016.145000 5622.071000 5658.709500 5657.586200 5753.676900 5700.083800 5478.946000 5827.848700 5667.097600 5763.869700 6145.393900 6191.113600 5680.206400 6112.474400 5781.070700 5888.900800 5869.536700 5788.582200 6061.327900 5838.220400 5567.547800 5622.835000 5855.735600 6040.511300 5697.227400 5499.561500 6086.208400 6074.740900 5876.412100 5812.716100 6152.530800 6068.902300 5870.678800 5500.329700 5985.901100 5495.746200 5977.445000 5626.419200 5970.556700 5549.695900 5947.096900 6105.566100 5811.423800 5864.364100 5463.547400 5596.445900 5771.621200 6328.233800 5735.140200 6165.103400 5800.044000 5674.591400 5741.483800 5679.191100 6386.227500 6017.604500 5989.776400 5939.153800 5351.394300 6091.364500 6004.447400 5699.702900 5678.815300 6213.435400 5873.609100 5586.018500 5677.272300 5721.020400 5892.805500 6346.833100 5836.891600 5938.092400 5980.989100 5765.180600 6129.527700 5834.082000 5528.748900 5731.360100 5812.761100 5736.067500 5716.809500 5214.854200 6066.278400 5509.343100 5947.687400 5585.812300 6026.762600 5752.733300 5981.789900 5623.664200 5659.061500 5666.898600 5723.525500 6236.960600 5807.923500 5965.156100 5570.515300 5465.781900 5871.492400 6124.260000 6162.318300 5917.926400 5688.106500 5790.003600 5910.945700 5717.393400 6035.265900 5652.162100 5897.741000 5901.945700 6102.442000 5817.321500 5601.230000 6347.896600 5837.622100 6259.092300 
5915.343000 5719.330200 6244.478500 6473.061300 6178.443500 5925.366600 6065.675800 6144.893700 5615.096100 6118.345700 6498.724700 6083.894900 6118.453000 6378.937600 6266.798500 6108.125500 6106.568600 6245.160600 6192.068900 6096.230500 6179.864400 5860.809400 5823.812200 6225.688600 6225.905300 6113.337700 5949.888300 6286.650600 6466.461400 5798.451600 6565.952300 6225.090700 6165.435000 6603.282100 6039.677700 6257.534400 5849.860600 6167.922900 6265.772400 6250.022000 5814.308500 5990.339300 6307.370100 6344.520300 6232.157400 6126.783700 6190.334900 5996.320400 6050.838900 6223.012200 6108.277300 5971.025500 6234.169400 6317.904600 6208.174600 6407.005000 6045.455300 6385.601400 6575.598900 6066.738200 6401.950600 6140.189400 6198.855600 6399.569000 5858.922500 6397.897200 6455.535800 6138.080100 6418.827600 6065.544700 6225.804300 5971.305100 6355.419500 6043.326100 6164.582300 6170.880600 5840.247300 5992.111100 6323.754300 6171.422900 6400.758500 6085.522700 6324.000200 6412.291500 6327.257900 5890.373700 5871.236000 6001.129700 6284.692100 6151.429600 5702.845000 6249.954100 6093.289900 5991.439800 6310.193700 6046.574400 5871.519500 6446.289200 6278.020200 6093.376200 5993.809500 6233.229200 6442.031600 6085.122200 5928.845600 5856.524300 6109.544500 6274.427300 6137.006900 5712.948200 6533.159200 6490.304400 6169.108800 6142.352900 6587.664900 6388.657700 6286.423800 5711.746300 6153.642600 5799.491600 6200.829300 5742.964400 6228.003700 5907.276300 6138.565100 6637.822100 6040.279200 6343.870300 5836.772800 6026.721500 6139.528200 6580.263100 6248.487000 6356.420100 6186.571500 5973.139600 6112.748200 6064.463500 6780.224000 6452.410000 6111.141900 6225.290000 5695.430600 6495.657200 6374.032500 6088.014500 6064.871200 6386.871900 6335.303700 5951.570400 6004.044800 6297.500300 6200.030200 6478.681900 6121.052000 6059.274500 6280.400500 6057.053600 6702.761000 6184.679400 5861.055000 6047.390300 6093.043100 6051.655700 6302.092100 5454.515500 6388.136700 5897.812100 6175.440300 5934.361900 6336.976800 6121.652600 6197.941300 6022.403000 6028.866400 5981.353000 5836.855300 6395.224500 6186.950100 6239.579000 5885.434500 5976.920100 6139.652200 6508.736900 6415.748800 6227.505200 6220.217500 5957.633000 6398.179300 5793.845500 6190.168100 5661.719200 6165.604400 6172.822300 6543.331700 6267.496500 5870.402200 6421.428800 6030.872900 6411.930600 
5657.632800 5171.437100 6029.613800 6358.677700 5902.558900 5646.462200 5847.968300 6029.054200 5211.374100 5799.294800 6272.871300 5891.018600 5584.397600 6220.207800 5891.842400 5664.098300 5619.139000 6067.270900 5968.049600 5654.434000 5725.592100 5468.184900 5612.106700 6051.894400 6077.147200 6051.512200 5601.190000 5897.774300 6169.612200 5336.591800 6316.074600 5960.400200 5837.237600 6218.193600 5573.478800 5937.839300 5443.004900 5810.744700 5846.552200 6015.676900 5661.272000 5836.007100 6142.116500 6062.465600 5737.358000 5878.098800 5886.788400 5792.671400 5632.397600 5669.660200 5771.484900 5681.284700 5776.822900 5760.968700 5918.177200 6254.274800 5877.645400 5789.749900 6313.137300 5739.433200 6107.727800 5827.518500 5741.654300 5971.921800 5701.057500 6115.630300 6261.843700 5843.412700 6156.917800 6008.647700 5903.313400 5902.834500 6078.602900 5781.005700 6036.235300 5636.300400 5415.093200 5801.477900 5730.936500 5809.569500 5988.442800 5933.349400 6098.275500 6056.468900 5871.886700 5472.536100 5691.973200 5653.140900 5891.976600 5729.738000 5413.306200 5717.416800 5825.401000 5757.803700 6065.656900 5781.847400 5750.457900 5937.705400 5803.282300 5843.084100 5647.658300 5745.217100 5995.792500 5832.089000 5580.980300 5614.223600 5757.794200 5985.648300 5819.516100 5643.714400 6019.139500 6311.580700 5985.423800 5867.670000 5996.021200 5986.778700 6046.501400 5559.229400 5711.614600 5673.574400 5961.801900 5644.491900 5894.865700 5709.573800 6023.127700 6277.318200 5574.915900 5688.256100 5536.545500 5740.808900 5877.226500 6306.520800 5820.062900 5846.375300 5740.885900 5685.879300 5988.159100 5780.412500 6251.466500 6003.348100 5887.835200 5769.443200 5287.695200 6059.303000 5995.289900 5687.314200 5719.800100 6362.811200 5966.534100 5769.660300 5859.378200 5686.045500 5827.020300 6352.128800 5886.898200 5689.262800 6116.183700 5670.035300 6054.721100 5797.165500 5439.175400 5662.410500 5702.241400 5738.298400 5665.785600 5042.846100 6137.589900 5715.222500 5852.026400 5585.615300 6059.292200 5815.678400 6046.900900 5694.528000 5590.855000 5798.574900 5660.978100 5982.288800 5950.770000 6100.667200 5591.316900 5693.790400 5887.805500 6173.328300 6071.604900 5907.743000 5886.647900 5724.036200 5839.727300 5829.449700 5883.360600 5501.888400 5772.223200 6017.398400 5956.903900 5875.517600 5629.321500 6287.653500 5806.192000 6144.534400 
5598.776700 5444.390400 6099.516000 6465.488700 5853.874400 5719.425800 6039.585600 5962.628200 5456.332700 5778.678800 6270.786300 5955.745300 5906.687600 6281.723900 5971.757900 5628.396900 6022.887000 6164.907200 5973.025200 5875.093300 5905.278000 5573.415000 5802.129500 5726.559200 5907.049200 5938.368300 5819.470800 6211.676300 6201.504300 5595.578200 6376.991800 5775.165800 6034.854000 6481.310000 5983.631700 6108.490400 5438.981300 5840.785900 6084.711100 6241.229700 5833.241800 5953.137800 6104.334700 6353.793400 5836.832400 6077.954600 5876.327000 5929.967600 6027.608600 6092.682800 5934.747200 5689.999500 5870.006000 5994.825600 6075.955300 6383.360700 5784.134900 6151.492100 6459.099100 5988.900200 5930.963900 5889.335000 6101.585600 6118.084600 5743.936500 6309.943300 6408.288300 5799.310800 6445.706500 6226.830900 5987.984500 5859.518600 6291.941500 6063.294600 6096.789000 5920.028800 5669.009300 5810.321000 6053.130000 5949.720200 6022.430300 5887.757500 6059.753600 6256.610600 6273.520200 5727.333000 5757.025100 5799.911200 6207.625800 5959.329100 5717.775200 5841.193200 5797.280900 6027.854600 6244.674900 5943.716200 5984.495300 6325.869600 5962.142200 6096.599200 5779.709800 5838.305400 6195.597200 5910.707100 5658.874300 5671.659700 6083.411300 5975.743400 5936.184800 5709.391600 6211.110200 6319.495200 5947.071300 5870.675200 6386.378900 6258.990600 6151.539400 5748.320400 6186.519100 5852.596100 5856.447400 5770.504900 6156.875000 5738.423400 6053.626200 6434.862200 5781.140300 5855.275100 5748.035400 5933.775700 5837.860100 6592.998600 5952.153800 6426.350900 5891.363800 5939.252600 6149.593400 5886.469100 6410.147100 6131.383700 5800.151200 5846.066200 5313.628100 6143.379700 6343.956000 5664.724300 5881.552600 6153.557000 5964.694600 5685.792300 5810.575000 5874.869500 6108.933300 6234.305700 5943.120700 6043.991200 6067.874500 5805.804100 6292.570400 5799.602200 5548.123000 5883.010200 5877.353300 5884.591400 5895.776000 5204.555900 6343.622200 5694.412500 6070.692900 5791.790500 6239.026800 5904.879200 6156.718400 5697.613200 5886.956500 5834.266800 5841.955300 6285.056400 6084.462200 6239.493300 5588.255000 5885.170400 5832.663300 6219.641200 6222.044500 6093.828500 5999.491200 5827.109100 6064.836000 5709.405800 6008.516400 5731.058700 6056.396500 6100.381500 6228.846100 6134.485200 5645.262300 6292.834700 5801.076400 6475.040300 
6193.290500 6047.070000 6601.011900 6909.161600 6331.445400 6263.791900 6197.429200 6715.961100 5771.823400 6237.325600 6687.394700 6641.804900 6299.931900 6843.782200 6511.930200 6211.776100 6260.508400 6726.871000 6349.535400 6407.218800 6590.365500 6011.959200 6322.184400 6404.348700 6476.579300 6499.792800 6254.894900 6541.530800 6727.776200 6136.228200 6929.009100 6649.715100 6539.099100 6958.850200 6056.803400 6632.405600 5946.125000 6363.097700 6549.386200 6657.638500 5952.102500 6222.628600 6745.851900 6778.364000 6270.113300 6675.418400 6470.358900 6288.811700 6053.102700 6498.394600 6570.746600 6293.945800 6483.543000 6617.946600 6589.350900 7179.537900 6474.031800 6555.633000 6892.026400 6280.559400 6435.232500 6450.307700 6460.769800 6500.685500 6291.250600 6771.566100 6723.175400 6295.712500 6771.895000 6593.415400 6450.766400 6317.296100 6427.557100 6442.728100 6367.142400 6399.017000 6055.370200 6401.322800 6640.903100 6408.903900 6529.523400 6213.866000 6452.329600 6773.600600 6665.844800 6318.202600 6290.969300 6067.684500 6631.370700 6425.577300 6237.860200 6601.396500 6219.031700 6573.887300 6872.289800 6554.607000 6121.307200 6530.392200 6539.161700 6826.557400 6345.554400 6372.538600 6451.517700 6629.942800 6355.979000 6130.949600 6509.594100 6430.617600 6455.519000 6070.508600 6836.351000 6889.401600 6718.711800 6320.883800 6662.587800 6795.028700 6649.664700 6228.830100 6601.772800 6175.997900 6620.585700 6164.319200 6507.578800 6232.044200 6664.812700 6909.084500 6415.492400 6527.403900 6231.082700 6334.139500 6461.716600 6963.174300 6501.962300 6849.986400 6449.447400 6406.815000 6343.316900 6292.678700 6954.308400 6643.953700 6267.085300 6444.542400 5598.336300 6826.255400 6800.256700 6322.843200 6356.494000 6670.031800 6563.323100 6300.259600 6467.743500 6408.759600 6444.191100 7037.428300 6568.896100 6487.899100 6577.541100 6313.867600 6859.777200 6386.672400 6064.562000 6547.295700 6328.911800 6361.415600 6310.441700 5630.302300 6903.036200 6236.782700 6479.302100 6161.954200 6605.671700 6282.762600 6756.938100 6191.128000 6029.708700 6282.263300 6364.140000 6819.659000 6503.532100 6539.969700 6245.823300 6211.106100 6491.851600 6670.470700 6628.381800 6604.838500 6385.957600 6319.457700 6462.390200 6143.428100 6462.367800 6215.161800 6516.797800 6589.095500 6745.969300 6544.069500 6136.838000 6792.186400 6354.271400 6667.852800 
5644.559500 5331.550400 6228.406000 6287.324500 5783.775600 5677.578700 5824.646700 5926.559900 5235.342600 5774.448600 6192.798700 5992.419400 5674.053100 6092.627000 5925.257300 5584.092400 5951.676000 6041.739000 5737.442600 5529.074500 5939.384400 5602.395700 5654.263200 5725.502400 5783.506100 5992.125100 5668.130500 5977.209600 6051.929400 5520.588900 6229.766600 5849.008400 5785.657700 6179.042700 5624.829800 5910.947800 5272.863500 5930.923000 5946.475100 5939.567100 5685.573500 5830.224100 6043.717500 6073.546100 5694.730700 5630.393100 5972.447200 5887.439300 5817.806600 5965.341100 5867.347800 5790.291900 5899.337600 6074.896300 5973.561200 6094.105900 5802.477500 5937.786500 6212.054600 5646.320700 6029.018600 5871.508700 5898.552200 6002.310600 5735.995600 6077.986900 6302.018100 5897.839600 6095.278700 5950.666700 5852.895900 5818.047400 6128.835300 5824.344200 5797.598200 5817.140800 5645.966100 5562.970800 5814.574700 5682.449100 5814.477600 5884.218900 5995.958000 6282.984100 6026.208200 5606.649200 5676.052200 5580.243800 6132.416600 5810.732500 5522.327400 5694.329200 5812.320400 5889.398700 6199.885600 5824.808800 5780.834300 5990.435500 5791.657800 5947.538400 5725.516300 5925.250600 6068.970100 5931.743600 5595.329900 5632.622900 5924.915700 5937.265400 5931.206800 5574.326000 6064.617200 6351.017900 5936.031300 5633.117500 6172.880700 6151.472500 6008.262200 5525.167600 5959.218000 5633.331900 5920.653500 5584.800000 5846.514400 5716.669000 5977.326300 6428.827500 5748.460700 5739.409200 5577.307400 5782.265200 5917.223000 6350.467900 5911.280400 6075.649900 5819.437000 5657.165000 5976.723900 5931.986400 6248.136900 5987.088900 5717.430300 5852.334200 5303.835700 6187.643000 6100.414500 5706.750200 5805.339400 6126.634600 5882.654300 5650.461800 5803.060700 5702.248700 5989.484800 6217.720000 5951.030400 5748.437900 6057.469100 5628.168700 6292.093900 5776.713800 5586.693600 5770.834500 5771.789300 5783.763300 5657.399700 5114.544100 6426.837000 5771.203600 5877.960300 5506.756500 6038.193300 5775.767200 6007.016400 5608.858800 5670.474500 5765.645000 5800.941900 6162.480700 6040.157500 6015.901200 5544.986400 5485.529100 6062.989100 6046.838900 6112.779500 6029.187900 5825.694600 5612.755700 6178.146700 5397.459100 5812.726900 5533.560500 5867.765000 6164.561100 6150.448000 6030.025800 5620.019900 6316.348800 5712.616000 6123.224400 
5819.675400 5618.036000 6253.267200 6668.715900 5936.900000 5970.460600 5956.059900 6224.148900 5251.151100 6027.690000 6481.276500 6039.754700 5824.260700 6386.790600 6355.449500 6084.893400 6124.011500 6229.608500 6177.763300 5936.972700 6152.469600 5769.262700 5852.314800 5958.413900 6369.783600 6066.540400 5726.964800 6283.660600 6284.517200 5738.601100 6624.416800 6118.319900 5965.691600 6494.057800 5924.118200 6199.698700 5656.096100 6156.730700 6241.302700 6283.900000 5843.873600 6053.371100 6088.923100 6236.601000 5874.832200 6227.892400 6182.453900 6025.353600 6104.578700 6197.496700 6197.633200 5968.867200 5860.562300 6036.184900 6054.513100 6577.797600 5914.285700 6163.839700 6665.174500 5792.343900 6198.294500 6039.790000 6097.420000 6041.380200 6172.230200 6500.817300 6319.980400 6001.560000 6154.372200 6271.923200 6195.953700 5976.395800 6243.024600 6073.903400 6038.807900 5936.958700 5706.749700 5826.797500 6238.393100 6001.298500 6161.452200 5975.435900 6259.679100 6434.585800 6303.721100 5835.494200 5935.285900 5912.769600 6118.790700 6137.228900 5645.903300 6032.018000 5950.892700 5950.160700 6334.591500 6114.469800 5837.365800 6324.177900 5990.835700 6217.386600 5795.234900 5868.278200 6234.370700 6158.672000 5989.817800 5888.978200 6170.499900 6129.279300 6054.925800 5975.594600 6429.209100 6695.621300 6137.681200 6151.282400 6559.642800 6516.964500 6184.358200 5973.203600 6390.261800 5893.561100 6458.449200 5888.554400 6293.065100 6043.407500 6358.373200 6630.353800 5926.777400 6021.193000 5752.954400 6252.547100 6171.324600 6549.232500 6157.766400 6260.175400 5959.875300 6057.709000 6107.896900 6028.183000 6638.808000 6267.108500 6004.567200 6015.677700 5587.344600 6541.779400 6361.260200 5843.650900 6122.708800 6471.725300 6182.696900 5847.815300 6042.012000 6146.949500 6103.333500 6515.884300 6173.013700 6176.411900 6070.791700 5989.663400 6314.044400 5996.551000 5918.921200 6007.920400 6003.433600 6102.313800 5947.908300 5310.710000 6543.418900 5932.680900 6045.750000 5691.636600 6287.943200 6193.105400 6054.870300 5735.640600 5914.620100 6035.319000 6004.996500 6530.301700 6293.231000 6401.049500 5984.237000 5726.246800 6041.401400 6418.274700 6373.801400 6228.903300 6172.985600 5817.360800 6289.246400 5597.751500 6045.458200 5719.683600 6135.309600 6311.093100 6324.971800 6107.026100 5988.759900 6533.547800 6126.403400 6661.146300 
5711.915600 5598.478700 6068.464800 6394.396200 5887.508000 5809.672900 5891.115200 6158.574600 5548.962200 5877.270700 6442.690200 5769.027800 5764.213300 6230.198500 6196.777600 5771.684600 6057.279100 6127.548000 5970.411700 5689.124000 6228.505500 5775.938400 5589.609300 5926.188700 6215.004700 6024.851900 5794.206300 6066.614800 6040.689400 5763.724400 6418.230800 6044.865100 6038.262100 6381.065200 5679.080300 6176.652700 5605.651000 6031.163700 6105.255500 6132.887800 5922.246000 5964.639800 6101.153000 6439.582100 5888.934200 6146.455100 6068.722500 5897.065100 5949.297400 5980.937200 6226.333500 5816.393700 5869.230100 5963.132100 5982.069200 6576.988400 5954.645500 6174.796100 6528.744800 5933.506700 6165.878700 5842.646000 6042.127400 6296.393700 5891.777100 6256.685900 6396.249900 5888.470800 6152.515400 6161.111700 5930.901000 5775.373900 6227.356400 5948.480000 6098.612200 5976.318900 5996.736100 5995.610900 5936.545600 5910.163800 6263.848800 6051.343200 6118.096400 6283.066700 6497.809900 5643.229200 5780.494100 5734.025900 6072.028100 5939.636600 5578.257000 5979.995000 5876.226300 5825.326500 6212.810900 5923.516700 5846.760800 6240.262400 5923.295700 6041.041800 5955.874600 5842.358100 6193.208600 6030.096600 5894.692000 5616.856000 5959.483100 6219.557300 6008.921700 5594.179400 6287.362300 6229.851900 6097.011400 5994.182600 6344.779400 6170.565800 6185.792600 5829.156800 6165.892800 5796.385700 6077.919400 5835.678100 6148.060100 5911.675500 6004.920800 6322.364500 5887.661800 5880.540100 5707.845600 5916.196000 5967.562000 6475.853800 6089.500100 6173.129300 5955.635300 5892.926800 6196.850300 5894.980600 6521.591200 6110.056100 5953.061600 6083.631000 5549.939500 6443.465600 6196.707200 5953.469200 6031.386400 6223.906700 6133.779000 5772.352000 5951.921900 6055.486700 6153.196300 6419.316100 6180.494100 6109.258800 5967.907000 5730.216600 6316.195500 6014.745800 5587.396000 5959.263700 5901.340900 5980.773600 5846.867500 5289.202800 6328.301800 5867.593200 6009.563200 5850.722600 6321.454400 6087.346600 6207.948300 5679.614200 5971.956200 6058.915400 5984.865100 6540.147200 6216.211800 6089.483000 5884.200600 5755.865700 5969.018700 6246.697100 6164.966800 5966.316500 6109.325900 5751.063300 6085.492600 5821.718200 6077.108500 5766.532400 6153.446400 6240.580600 6243.485200 6135.032700 5701.256900 6383.091200 5922.164600 6408.431800 
5678.651700 5458.717900 5900.589300 6186.991400 5673.670100 5855.359900 6000.440800 5836.058300 5340.791200 5738.915300 6278.068800 6021.522200 5611.272100 6255.924100 6043.063600 5698.979300 5998.147000 5981.418300 5846.726200 5671.925800 5883.734500 5586.467300 5657.004200 5876.678900 5994.111000 5880.165500 5736.399800 6172.026400 6068.155900 5516.678700 6355.426700 6024.278300 5924.091000 6017.447500 5719.369400 5884.588500 5510.629400 5854.969600 5935.612200 6273.531500 5787.844600 5741.528500 5942.671600 6155.097100 5794.521800 5822.511400 5915.809200 5819.320600 5760.207100 5910.471800 5811.872900 5767.410700 6097.579300 6024.901100 5975.776400 6217.435700 5829.443600 5896.619800 6330.677200 5599.038400 5945.750000 5800.733200 5914.605500 5924.676700 5692.738400 6062.924200 6357.169100 5749.244300 6079.205600 5998.715300 5954.716400 5682.913100 6244.486900 5994.249200 5993.780700 5836.308700 5633.854700 6008.213300 5833.178000 5662.999100 6143.846000 5868.567400 6113.386900 6124.162800 5888.423100 5957.748300 5580.797400 5692.650300 6043.441500 5826.617800 5720.708600 6077.240900 5879.059600 5930.258400 6138.451100 5838.376300 5846.580000 6162.848200 5969.046300 6025.162500 5882.138600 5735.508500 6125.856500 5928.206000 5655.632400 5469.134800 6060.763100 5992.525100 5847.984700 5602.813500 6118.278200 5959.435200 5954.976900 5842.247600 6273.225600 6068.954900 5955.616600 5553.500700 6195.771900 5563.179400 5974.558400 5760.635800 5920.165000 5766.588000 5916.223000 6358.681900 5748.129400 5937.569200 5686.513800 5747.440600 6230.690700 6419.836800 5971.790800 6011.122500 5838.710300 5641.184100 5936.047900 5759.552300 6440.871600 6143.053700 5901.131700 5908.304900 5453.135000 6156.995000 6134.364400 5597.927600 5779.485900 6112.310900 6283.281600 5626.361200 5781.891700 5922.290200 5871.994100 6182.031100 6032.243600 5728.484400 6153.014500 5630.434300 6384.419600 5896.781200 5434.190300 5655.391000 5853.844200 6034.492000 5778.359900 5302.495000 6239.787100 5560.566000 5906.038300 5681.685600 6272.765700 5857.866500 6229.075900 5637.774000 5602.271900 5684.774000 5785.381800 6097.393700 5998.752900 6046.312700 5518.633600 5681.968100 5902.654500 6122.644100 6250.525700 6096.645100 6037.391800 5680.510200 6078.238400 5555.765400 5909.837300 5576.440500 5966.004900 6035.490800 6149.421200 5836.847600 5796.961000 6141.311100 5636.794200 6053.760400 
5916.633200 5895.177200 6454.989800 7004.191600 6407.975000 6132.463300 6138.930400 6432.641600 5550.838700 6259.664400 6725.949200 6262.089100 6201.205800 6737.511000 6385.845800 6092.621000 6206.417000 6418.259600 6367.553500 6191.644700 6310.919200 6008.532300 6023.950100 6259.246100 6445.040200 6355.583100 6096.053800 6736.014300 6388.753000 5838.540500 6854.780800 6517.390300 6328.662100 6918.999700 6034.909600 6500.664600 5990.343900 6483.017700 6367.545000 6569.343300 5888.059300 6229.477300 6501.797300 6609.066700 6204.677900 6348.139300 6371.872500 6313.183000 6060.984100 6186.043700 6415.640200 6324.652400 6192.381800 6353.018800 6336.304500 6797.429500 6260.713100 6189.172500 6934.340000 6223.670300 6397.039700 6179.163000 6233.878100 6498.710000 6223.426000 6560.617500 6752.073400 6327.284800 6714.597500 6447.025600 6410.333400 6202.316000 6533.113300 6299.043100 6228.167600 6129.646900 6020.203600 6172.840800 6543.213700 6181.367700 6560.417300 6241.270800 6464.230400 6346.332800 6567.410700 5926.527100 6270.725900 6097.301600 6374.611700 6292.610200 5952.861100 6202.290300 6272.661100 6289.776400 6571.827200 6457.860700 6237.725200 6651.574800 6205.468400 6420.953800 6085.866300 6082.086000 6352.000300 6342.007100 5954.873800 6021.563300 6322.691500 6482.170300 6308.714000 6055.643800 6512.775500 6789.267500 6419.036500 6118.174600 6461.244500 6522.396400 6510.625600 6131.650800 6485.090600 6071.945500 6387.635200 6002.260200 6400.357800 6166.001000 6427.499600 6866.503300 6254.192500 6445.791400 6187.175700 6223.964800 6422.187900 6776.325300 6525.814700 6349.823300 6249.060400 6128.168900 6277.676400 6337.837000 6801.226500 6495.981500 6347.909000 6300.480300 5860.635400 6505.842900 6361.432700 6033.173300 6263.706000 6757.928500 6468.646000 6140.157700 6149.234900 6282.614900 6457.580200 6749.131100 6297.547700 6463.241300 6534.227200 6017.514100 6587.458100 6294.693500 6077.218700 6098.297300 6132.299800 6243.255700 6022.428400 5460.889000 6682.896400 6110.940800 6492.661800 6179.591800 6409.261700 6358.338800 6578.824900 5877.239600 6291.718400 6169.116300 6145.235900 6730.649100 6407.293000 6629.512000 6010.958100 6003.835600 6190.514400 6613.613200 6563.926400 6479.806800 6322.337200 5990.879600 6501.068600 5989.704100 6371.249900 5938.396200 6455.379700 6456.462100 6644.817600 6251.060800 6173.699900 6678.920300 6337.413200 6628.283200 
5953.753900 5683.275500 6155.401700 6575.526800 5887.811300 6035.324800 6003.592600 6293.079000 5618.707800 6035.778900 6490.003800 6204.602500 5901.928200 6397.753500 6424.331500 6014.019300 5859.127400 6128.264600 6168.946600 5946.109300 6181.376900 5790.659700 5783.021300 6125.803200 6323.040700 6091.168200 5930.613600 6532.201400 6320.955500 5741.694400 6659.335800 6249.458200 6237.793800 6454.792800 5679.206600 6361.846000 5719.986700 5982.274200 6115.076000 6376.234700 5915.784700 6170.598600 6314.425400 6249.213100 5901.891400 6177.992900 6104.936500 6012.070500 5967.629400 6197.690900 6241.605800 5872.581400 5983.304700 6207.880500 6058.559300 6645.827500 5814.657400 6135.411700 6670.497700 5996.809500 6307.682900 5957.414500 6109.102800 6214.458600 5815.236500 6316.104900 6474.327400 5901.504200 6228.241900 6240.905400 6084.976500 5885.869600 6417.966000 6051.007800 6060.584200 6163.624700 5726.828100 6106.611600 6174.726700 5943.174900 6368.165900 6161.256100 6176.133800 6343.530900 6409.475500 5803.102500 5921.022500 5832.259200 6143.599500 6274.382200 5911.613100 5953.182300 6018.370500 6143.921300 6403.455500 6238.240800 5921.474000 6345.229600 6121.811500 6289.058600 6008.810000 6042.926300 6284.404700 6213.484300 5834.572800 5700.493900 6188.631500 6155.159900 6055.849400 5946.333600 6288.580700 6491.735000 6219.909100 6106.372900 6416.390900 6509.926400 6202.180300 5896.837900 6205.601600 6093.731700 6288.560200 5889.493700 6234.081000 6031.034600 6374.243000 6699.126800 6079.332800 6047.215000 5963.107300 5901.339500 6090.787300 6597.038500 6070.074000 6280.691500 6142.151200 5811.807100 6233.061200 5850.570100 6666.760100 6391.249000 6029.526400 6203.849800 5569.776200 6523.481900 6316.248800 6024.764900 6122.309200 6447.678300 6270.695700 5909.253000 6071.689800 6122.391800 6074.876600 6664.934100 6217.333900 6135.021800 6267.424400 6006.174100 6434.308700 5857.430000 5736.685400 6120.966700 6167.764900 5959.916000 6070.995700 5405.974500 6520.750400 5892.977900 6084.388200 6034.551400 6481.635700 5988.961300 6319.492800 5927.299000 5895.333000 6012.161500 5992.429500 6380.011800 6150.355100 6342.393800 5921.184600 5902.287100 6168.740500 6530.704600 6369.522300 6126.623500 6258.889500 5930.079000 6229.668400 5845.164700 6265.675500 5938.018400 6278.344700 6259.211600 6386.333800 6132.947000 5808.771700 6592.825900 6077.123000 6447.382600 
5775.396000 5611.975500 6287.594800 6600.934500 5960.502600 5986.864000 6154.752600 6211.685500 5525.113800 6097.864700 6446.603300 6222.889500 6059.252900 6572.223400 6307.678300 5918.677100 6123.238800 6380.689600 6139.727700 6006.700600 6093.370700 5968.793000 6005.188800 6072.306500 6276.199100 6028.107300 6053.180700 6447.638500 6368.619200 5655.738700 6585.162800 6289.007600 6271.202200 6561.847600 5929.194100 6430.746500 5806.405900 6276.376800 6309.477900 6336.658400 5970.749500 6099.236900 6287.278700 6340.365100 5935.247000 6053.329100 6127.323900 6147.274800 6110.538600 6243.486300 6118.632400 5933.684700 5945.177200 6227.469500 6133.069400 6918.439300 6011.148800 6235.661800 6697.760800 6022.937300 6380.099400 6023.602700 6314.880700 6271.760700 6021.315400 6550.566300 6560.035800 6147.448100 6220.750400 6231.220200 6093.153800 5898.282500 6325.174200 6033.125100 6046.503500 6100.935100 5802.399100 6050.272000 6163.964800 5980.483800 6277.735700 6105.069300 6518.229600 6238.034300 6452.310000 5943.990600 6186.529500 6073.820300 6295.653200 6032.539900 5873.238700 6125.843500 6083.746300 6122.606000 6456.700000 6145.073000 6095.047400 6292.429400 6155.897900 6196.420600 5861.701100 6121.181300 6226.401600 6282.262400 5908.483300 5970.412900 6426.945900 6315.637900 6060.961100 5949.570600 6549.304400 6542.658000 6178.623900 5869.872200 6338.445000 6321.458500 6349.967800 5948.138900 6492.803800 6005.898200 6307.405400 6020.975300 6347.669000 5970.929300 6286.069300 6438.590900 5953.632500 6043.150100 6022.880000 6112.779800 6214.786200 6599.708600 6209.731300 6456.638800 6060.874500 6031.632200 6239.034900 6003.461400 6717.405000 6161.504800 6255.796900 6163.134800 5584.273900 6380.099400 6430.142600 5970.872400 5984.362100 6385.218100 6266.631600 5869.034500 6172.082200 6166.510300 6042.076600 6473.940300 6318.702100 6126.061600 6360.625000 5835.687100 6531.298500 6030.249100 5892.400200 5900.381700 6111.039900 5821.929900 5939.286600 5504.085700 6547.922500 6165.607200 6461.991400 5897.636300 6247.953100 6080.469500 6089.644700 6012.959500 5844.708000 6112.252100 6115.489100 6600.280700 6253.433800 6392.242300 6168.381300 6011.258300 6251.337100 6509.116100 6470.390500 6238.005400 6314.490900 5945.108500 6243.589800 5828.963800 6178.351600 5868.237000 6383.322000 6330.186300 6378.136900 6172.887300 6031.813800 6627.702200 6125.285000 6491.456800 
6079.448400 5912.718600 6457.991400 6909.630500 6089.015600 6253.314800 6305.724700 6388.778100 5782.815800 6270.622000 6735.273700 6204.936100 6160.954400 6762.554900 6461.650400 6053.041300 6436.167000 6557.126000 6562.797200 6222.152500 6469.925500 5930.163000 6060.209100 6431.984900 6494.788300 6455.138900 6224.495500 6584.372300 6586.817300 5805.065100 6754.403000 6399.394300 6293.202400 6805.704500 6172.969000 6458.166600 5860.925400 6348.686300 6338.556600 6738.093700 6096.956300 6465.623000 6428.948100 6712.411900 6100.752100 6368.551100 6308.016500 6318.974100 6341.419500 6458.504900 6396.182100 6262.742600 6336.612600 6582.605500 6539.319400 6937.170500 6245.286500 6287.913400 6980.779900 6246.113800 6625.768100 6420.873800 6532.691900 6381.777600 6382.603700 6590.078400 6795.536800 6233.003100 6527.361100 6542.194500 6420.216000 6423.668500 6635.518800 6646.312700 6411.514800 6289.390400 6058.652300 6272.046000 6340.881200 6156.155600 6752.584800 6290.788800 6509.653800 6603.841500 6443.787200 6023.611700 6163.299500 6188.222100 6415.643600 6158.465700 5987.185400 6135.273800 6196.415200 6404.417200 6568.807500 6311.167600 6289.465100 6781.021500 6415.625600 6585.698200 6172.604200 6407.007200 6699.710800 6540.836200 6225.741700 6036.249400 6535.340900 6455.954600 6217.076000 6123.158600 6532.844600 6704.283600 6457.941900 6331.430900 6645.874200 6711.836500 6609.401900 6223.694700 6482.978400 6163.363800 6667.302400 6234.215100 6428.333800 6286.951600 6578.739900 6818.669900 6157.960900 6167.492000 6062.085200 6248.362700 6396.614100 6995.351300 6413.285600 6639.958700 6294.684000 6089.976800 6376.679500 6290.406300 6775.532000 6789.875900 6326.508300 6408.060800 5845.986200 6689.731100 6843.171700 6171.122700 6130.450600 6707.778200 6433.029700 6147.829400 6371.347700 6422.902400 6385.642900 6741.759900 6241.107600 6318.440400 6473.171200 6138.301300 6714.286000 6307.200000 6030.172700 6110.046300 6392.211400 6160.754500 6408.731000 5452.528200 6706.818900 6149.188500 6581.292200 6045.015200 6570.228200 6320.854500 6430.973500 6178.003700 6202.255400 6357.957400 6144.013800 6721.715100 6618.650800 6568.610700 6075.656500 6199.225900 6304.693800 6556.292800 6562.509600 6538.080800 6667.796500 6057.886300 6462.139100 6056.558600 6604.594000 6102.313100 6563.962100 6469.211300 6623.671800 6265.459500 6090.085600 6781.108100 6210.902300 6672.516800 
6146.329500 6015.902900 6660.946100 6894.253300 6150.088100 6138.101200 6097.301500 6426.294500 5674.323800 6198.340100 6730.527100 6460.578700 6218.845200 6859.195500 6307.122000 6101.421800 6472.921800 6612.968100 6311.243800 6076.140900 6522.863500 6052.437600 6027.792700 6346.818900 6342.661100 6319.175000 6159.127000 6561.378200 6628.859700 5987.126200 6741.951200 6409.979900 6345.738800 6693.508800 6290.897600 6396.352700 5883.462400 6352.122100 6474.145900 6571.391200 6272.875500 6306.512300 6664.601800 6855.663300 6211.760500 6439.429100 6345.461900 6058.065000 6296.220400 6524.029200 6319.747300 6244.330200 6273.977300 6531.948300 6624.631900 6791.058500 6324.215900 6508.902200 6776.112000 6275.384100 6388.378200 6228.650100 6422.010000 6538.550800 6071.164800 6547.806100 6865.856400 6198.137900 6669.423900 6312.292100 6283.996900 6323.355200 6670.815200 6512.192100 6343.865700 6284.692600 5950.626600 6346.497700 6473.642300 6312.221300 6359.627300 6277.152800 6627.610400 6627.352800 6555.275700 6155.977500 6136.322800 6167.398500 6463.361400 6276.640500 5935.096700 6322.241300 6300.804200 6267.097300 6709.354000 6177.987600 6218.108600 6682.296400 6460.222600 6354.769500 6328.083800 6356.726600 6608.268800 6277.384300 6298.051700 5917.066100 6447.956900 6412.019400 6444.668800 5978.094800 6678.831200 6593.412000 6202.508100 6102.177700 6708.505800 6644.518900 6635.690200 6187.324100 6387.653100 6059.412900 6505.952700 6200.490700 6388.439000 6222.125900 6443.171400 6796.012500 6173.409300 6313.917100 5943.657800 6363.882100 6344.793000 6871.923000 6343.548800 6704.272700 6212.864900 6214.095300 6556.309300 6283.041900 6876.697200 6591.453400 6229.041100 6447.814500 5847.482700 6539.307700 6439.053700 6068.702500 6255.908300 6617.350600 6464.029200 6263.683800 6261.687400 6543.676400 6482.960500 6749.101300 6322.183100 6336.350300 6474.962100 6306.964400 6680.846400 6094.288900 5900.267400 6145.094900 6216.559600 6265.983500 6205.162500 5557.112600 6829.935500 6129.213900 6569.275100 6109.669600 6530.224700 6293.782900 6441.170100 6198.783900 6260.142400 6198.607100 6260.138400 6679.382300 6542.552300 6324.975600 6054.082700 6060.236400 6340.780500 6526.812500 6648.307700 6609.019500 6642.587100 6104.659600 6364.143600 5975.578300 6392.761200 6088.475400 6540.263000 6396.365100 6602.110000 6430.900000 6158.979400 6611.576600 6239.034300 6743.758800 
5666.258600 5596.471500 6187.410300 6386.259200 5888.714300 6019.449300 5926.777700 6213.550100 5615.956900 5974.213800 6540.874300 5923.622300 5912.429100 6500.202500 6244.005000 5848.308900 6167.947600 6324.354900 6101.465000 5814.663400 6298.447100 5690.846400 5668.471600 6016.734400 6046.789100 6183.217900 5847.022900 6368.313100 6303.348300 5699.456300 6541.059400 5944.192500 6122.982100 6520.008800 5842.134500 6336.267900 5585.820700 6111.820600 5984.983600 6222.551200 5774.158600 6016.070100 6107.003600 6301.060600 5936.605200 6104.100700 6134.904700 6057.704700 5904.406400 6292.580500 6107.864400 5837.951700 6138.023400 6206.365500 6166.672700 6429.077000 5919.103900 6051.455600 6546.328100 5870.863100 6477.880900 5982.203000 6212.465000 6141.173300 5927.980900 6231.781200 6395.859900 6059.790200 6266.223800 6249.003200 6023.819500 5982.579700 6147.083700 6180.743900 6234.935400 6198.236900 5805.955300 6063.407100 5950.566600 5974.181000 6236.607100 6020.550700 6121.446500 6352.159000 6208.839100 5833.542600 5950.031300 5968.664200 6070.574600 6018.888700 5648.228400 5963.890600 5926.518400 6109.781600 6317.251000 5960.310600 5966.104200 6299.906500 6107.570600 6165.795900 5893.820200 6045.472800 6277.002100 5955.383900 5852.101800 5736.703900 6257.724900 6289.034300 5953.681100 5593.466100 6491.443700 6279.128100 6184.338500 6014.236500 6273.527500 6247.804700 6084.995200 5854.213300 6113.421000 5674.176800 6231.046400 5988.415800 6242.764600 5867.131800 6138.799800 6403.362800 5858.541100 5920.815000 5822.118100 5896.710000 5993.880600 6712.409500 6152.147700 6303.325700 5976.339700 5898.918500 6308.768400 6043.614400 6600.490600 6189.016300 5940.218600 6018.082700 5439.647100 6471.902800 6203.005700 6035.436700 5834.684800 6350.120500 6131.588400 6009.104900 5906.026700 6064.980000 6066.743800 6596.171200 6045.867000 6235.115100 6081.117500 6013.582200 6413.997100 5874.201600 5606.819300 5994.342200 6119.029700 5924.253100 5964.148700 5372.107700 6458.359600 5634.309500 6158.238000 5887.968000 6380.827300 5995.765200 6308.622100 5829.090600 5864.565400 6010.703500 5872.622100 6389.228600 6438.789200 6336.604400 5791.297000 6022.815400 6093.346300 6303.555000 6296.971100 6184.025500 6143.149000 5809.023300 6278.729000 5717.275600 5953.187700 6130.787200 5954.128200 6205.289700 6266.253000 6149.578300 5708.249100 6439.425200 6080.322400 6348.279900 
5831.264800 5761.605200 6299.081300 6732.216700 6121.095400 6021.975300 6127.255900 6148.447700 5558.124900 6203.013300 6671.019500 5961.536600 6022.757600 6634.797600 6167.659000 6046.652600 6080.446900 6437.873000 6161.152500 5904.195500 6240.569100 5972.136600 5906.198000 6158.097900 6233.260900 6068.460300 5948.653300 6250.507100 6197.192500 5869.371800 6661.069900 6127.641700 6103.347600 6665.291000 5943.693000 6377.854500 5819.067100 6249.901200 6258.401200 6489.328400 5991.428800 6009.299600 6190.462600 6229.462200 6264.580000 6182.108600 5944.018100 6116.131700 5859.465700 6293.971000 6317.686700 5952.178000 6226.607600 6322.848400 6131.868900 6586.365800 6006.739200 6123.383500 6764.315000 6186.013500 6524.733300 6061.776200 6177.007300 6230.601300 6035.994900 6383.477200 6509.275700 5942.164100 6389.384900 6284.832800 6060.582300 6227.007200 6290.157500 6239.097000 6081.385700 5849.106100 5929.155800 5876.629900 6284.677300 6099.762500 6284.463200 6172.271300 6361.766100 6374.053000 6358.501200 5777.481000 6067.557300 5872.271300 6240.715300 6313.515000 5660.844600 6043.517400 5990.206600 6093.627600 6190.752300 6067.483400 5922.726200 6563.413300 6094.675700 6261.809700 5809.273600 5934.383400 6391.707600 6143.786000 5728.036100 5883.817800 6255.437700 6471.311300 6301.033200 5781.337500 6635.796900 6537.341500 6384.242900 5981.753100 6410.707300 6534.859900 6258.941000 5957.409600 6249.844000 5835.559500 6508.815200 5861.977800 6335.832500 6209.764100 6277.392700 6487.411300 5951.127000 6109.878100 5994.087600 6201.290400 6223.174300 6597.806400 6305.227600 6393.293100 6080.602300 6092.195900 6463.242100 6134.000200 6706.148700 6263.190300 6326.811800 6267.815200 5783.057000 6489.008500 6434.852800 6153.354300 6146.502800 6441.173300 6281.910300 5881.761200 6155.885400 6331.059100 5833.138500 6316.079700 6388.338400 6089.429400 6266.234100 5913.464600 6554.145300 6163.841800 6133.293900 6070.815100 6172.813200 6064.507100 6130.104300 5198.455800 6466.968500 5965.336600 6193.147500 5906.834800 6341.670900 6092.881400 6207.751100 6134.820300 5958.467500 6015.136300 6018.188700 6460.690600 6237.729800 6440.885400 6127.117700 5929.096400 6170.210400 6421.648500 6391.076100 6286.620400 6180.827300 5849.854300 6261.719900 5901.751500 6085.360500 5813.305600 6013.267700 6274.248500 6440.885900 6179.157600 5900.408800 6673.721700 5848.410900 6308.647900 
6120.016800 5610.541700 6264.465900 6747.005800 6178.626400 5913.683200 6022.018700 6256.874500 5521.611200 6194.206600 6577.104200 5977.105500 6050.861600 6629.997300 6169.305800 6027.787800 6054.785200 6380.603100 6246.648600 6143.142800 6370.529900 5679.902500 6161.991400 6142.636200 6243.482000 6173.933000 5891.503800 6362.010500 6510.755000 5658.650500 6568.991100 6404.849400 6116.410700 6632.644200 5888.897600 6342.041000 5615.639200 6271.136200 6259.083100 6483.051600 5705.628000 6079.844300 6362.465600 6497.126700 6001.963400 6243.368100 6255.601100 6144.657600 6085.804100 6038.560500 6332.977000 5975.026900 5997.167600 6298.956600 6192.080300 6734.567000 6201.212400 6173.583200 6729.257500 6057.941000 6215.550600 6284.487600 6119.989000 6160.578000 6282.251000 6509.516900 6667.046500 6004.944300 6258.006900 6361.651100 6114.744300 5986.548600 6260.123100 6190.186700 6088.902200 6099.484200 5790.653100 6035.890100 6345.347400 6084.448100 6310.842700 6038.467300 6485.441000 6327.339600 6388.989800 6070.832600 6068.688000 5822.874800 6206.567300 6176.608800 5755.320500 6078.121500 6265.370700 6299.482300 6417.924500 6105.673200 5968.674700 6320.155900 6158.090400 6237.394700 6125.828900 6255.210800 6167.728200 6295.920100 5801.785000 5932.304500 6295.805300 6078.648000 6098.846500 5755.580100 6396.922900 6712.771200 6425.879700 6074.031100 6514.110400 6504.151400 6324.568500 5858.499800 6366.090800 5843.287200 6326.312000 6014.120100 6451.460500 5867.238300 6280.222900 6428.494800 6152.150300 6074.428300 5872.559500 6078.433800 6230.316600 6759.190500 6214.512500 6608.097600 6060.676300 6084.888100 6073.292800 5929.619000 6658.434800 6282.890600 6116.493700 6313.939000 5621.711000 6528.274200 6305.469300 6085.129100 5984.809100 6523.985000 6390.251200 5873.784900 6154.267800 6188.449200 6284.214000 6700.479600 6109.308300 6238.091200 6384.329300 5987.733200 6506.169700 6164.466000 5850.002600 6094.976700 6023.921300 6011.684600 6246.807400 5413.389700 6556.913800 6086.877900 6423.057500 5993.752300 6464.678600 6052.215500 6315.845700 5978.134300 6072.336800 6001.088800 5996.279200 6541.189100 6291.581600 6270.421600 5894.985200 5821.640600 6204.289100 6502.297000 6552.497100 6237.999400 6240.732900 6033.033800 6382.856600 5808.604100 6201.015700 5859.654200 6260.460000 6338.816000 6502.781400 6206.023900 5758.641900 6503.648900 6216.618900 6448.738800 
5672.746600 5477.873900 6195.135200 6285.605100 5903.173400 5679.504600 5787.012400 6134.114000 5278.698200 6064.972600 6315.190400 5845.163600 5836.738600 6531.852100 6075.910300 5929.123200 6039.154700 6160.071100 5875.385500 5834.958300 6153.320800 5639.579500 5698.694800 6110.765200 6006.468300 5845.584100 5756.180400 6187.846700 6314.315900 5492.153700 6384.636400 6007.374900 5930.615100 6514.414700 5707.490100 5912.707100 5364.375600 5987.691100 6042.155400 6294.078200 5934.747300 6025.739000 6042.943700 6385.498000 5777.033200 6041.989500 5865.113700 5837.604700 6003.394800 6027.339400 6054.618800 5902.225300 5928.451700 6284.568000 6152.057600 6409.678700 5820.418700 6011.817600 6644.409000 5860.281100 6117.279900 5979.818000 6163.057200 6156.799000 5880.694200 6261.166900 6490.447000 6000.172100 6165.979900 5908.884700 6023.372400 5810.676300 6359.094500 6072.752800 6048.895300 5955.352700 5620.748600 6006.333400 6156.564700 5906.181400 6147.718500 5960.789200 6228.195300 6191.748400 6365.012900 5799.509400 5770.758300 5781.176900 6065.890000 5946.299700 5585.157800 5919.314600 5924.287800 5847.779200 6244.038000 5872.245800 5779.665500 6027.737000 6069.035300 6021.951300 5837.926000 5813.169300 6237.320400 6076.237200 5764.741700 5735.965200 5934.719900 6123.047400 6020.332900 5704.752500 6119.442500 6276.275700 5997.001900 5747.729900 6224.259500 6289.094200 6243.753400 5824.236200 6040.298300 5818.606100 6156.128800 5662.617100 6024.817000 5942.027100 6012.756000 6674.690500 5722.479300 5840.253600 5695.968300 6001.710100 6152.457800 6529.181600 6057.079200 6126.042700 5865.291800 5790.223600 6111.804200 5913.598000 6555.667300 6027.122700 5972.713600 6076.109200 5467.544400 6335.695800 6080.398000 5754.981700 5740.906100 6290.055200 6120.812900 5871.005200 5970.770100 5956.691900 6080.276500 6590.620500 5934.318000 5939.587600 6175.240400 5884.288100 6311.150200 5820.517900 5658.088100 5837.731800 5914.107300 5821.819700 5972.812500 5318.641000 6463.894000 5679.009800 6240.975600 5627.851500 6265.719300 5884.276600 6023.911700 5698.630100 6058.066800 5933.035800 5875.845100 6471.714100 6171.721400 6160.711900 5802.897600 5679.483700 6050.541900 6197.102100 6240.955500 6156.285700 6254.759500 5772.811500 6245.046600 5670.313900 6073.306500 5736.935800 6129.171200 6252.804900 6186.466200 6092.009300 5882.956200 6336.972300 6006.705400 6342.530700 
6061.037800 5969.628600 6253.886200 6690.001200 6151.788200 6016.266600 6198.713800 6317.658000 5683.895200 6045.233800 6689.107100 6122.322100 6018.294700 6611.797600 6312.392600 5979.107400 6164.618900 6248.579400 6440.477600 6100.408800 6419.850400 5813.969600 6112.317200 6286.819400 6306.875900 6314.385800 5979.044900 6436.357400 6319.909600 5826.240600 6631.265000 6145.813900 6262.682900 6692.057200 5841.380200 6493.631000 5945.478900 6344.326100 6224.460300 6567.753300 5902.505900 6150.308600 6466.954200 6512.457900 6171.839200 6264.544900 6186.035700 6164.296600 6041.388400 6249.568600 6244.681400 6100.044700 6181.883300 6327.503100 6343.568800 6859.390400 6132.391000 6161.819900 6763.713000 6100.724300 6415.078800 6330.111800 6270.572000 6384.196100 6050.043300 6312.955400 6631.112300 6106.516000 6418.726400 6343.904500 6205.532500 6082.013700 6480.333300 6195.188600 6442.239600 6149.226900 6000.105600 6223.787200 6297.326200 5999.466200 6374.282600 6282.244600 6392.946400 6310.085700 6235.163100 5923.310900 6157.115000 6044.699800 6438.776800 6098.605300 5742.045700 6198.829200 6174.885600 6413.427700 6505.062400 6225.357800 6052.890100 6508.631700 6244.432100 6424.240800 6094.203400 6131.678400 6320.098000 6414.499700 6218.797600 5773.216600 6392.484300 6441.575500 6311.848300 5853.730500 6514.144600 6635.036300 6436.675000 6067.170600 6349.491400 6593.047100 6394.259900 6024.528400 6389.704500 6027.510100 6329.625800 5971.941100 6374.850500 5984.302200 6268.151500 6611.226000 6217.389500 6158.260200 5915.225200 6144.476000 6308.931200 6600.402700 6284.669400 6309.550900 6245.297600 6106.525600 6381.745700 6189.245500 6839.369100 6454.722300 6189.588600 6257.896100 5513.549600 6722.615100 6425.038800 6191.962300 6060.937900 6593.797400 6240.843700 5991.252300 6277.984200 6130.251200 6077.709700 6537.947100 6318.987100 6333.900300 6346.115300 6013.455900 6567.475400 6166.847900 5955.009200 6145.363800 5952.303000 6126.501800 6224.522400 5425.770000 6511.263100 5891.251800 6377.642600 6016.638100 6375.531300 6101.171400 6423.734000 6046.642100 6087.669000 6096.118500 6150.834200 6541.837600 6515.611600 6330.139800 6020.878800 6053.992100 6334.218900 6514.452800 6377.928200 6379.677100 6216.273500 6156.589200 6399.671700 5760.118900 6244.193900 6069.353200 6193.366300 6261.698400 6509.829700 6244.722400 6021.181000 6648.530100 6212.827200 6397.401400 
5792.406700 5540.913800 5944.791500 6541.497500 5926.989700 5948.641500 5947.515900 6136.970900 5282.548400 6130.193300 6307.028700 5925.756600 5956.167400 6285.709300 6198.711700 5941.619700 6051.582700 6188.229000 6099.491600 5836.517300 6230.345900 5680.823400 5677.687400 6118.160700 5957.396600 6007.202800 5593.684100 6121.348200 6215.819300 5641.413100 6414.172500 6104.483600 6110.453800 6550.394900 5799.894500 6041.347200 5543.106300 5974.270400 6063.030900 6087.928800 5898.960000 5956.493400 6310.210200 6278.571100 5936.768400 5994.651100 6063.799500 6007.148600 5930.639400 6169.724800 5964.816900 5879.681100 5952.919700 6194.809800 6004.929800 6536.088200 6168.800000 6182.895300 6574.235400 5978.029800 6291.295000 6109.012800 6048.062900 6238.558600 5945.374300 6425.531200 6342.469900 6057.742400 6305.288700 6065.757400 6178.463800 5890.796100 6099.206900 6029.083800 6040.823300 5900.671700 5900.852100 5991.598500 5998.475200 5897.411800 6350.563000 5913.842900 6210.614700 6115.513800 6232.968800 5808.576600 5880.589200 5791.707500 6251.954200 6090.254400 5709.397300 6053.222300 5980.821300 6024.248500 6201.649400 5974.566100 5891.235100 6430.704300 6128.853900 5929.464100 5913.342300 6026.711900 6189.268100 6176.640100 5727.961900 5791.910900 6150.611600 6200.722000 6046.500200 5685.639400 6121.167500 6568.540800 6177.820400 5990.235400 6253.623800 6246.628900 6244.287400 5852.115900 6099.375000 5870.741700 6094.727700 5813.237400 6079.176500 5867.364600 6077.248400 6361.857000 5846.754900 5960.988300 5746.937300 5869.272600 5963.430100 6628.636400 5939.735500 6281.467700 6004.377500 5921.471300 6226.558300 6121.998300 6607.838100 6335.840800 5984.528900 6032.685700 5451.108200 6431.810900 6169.965500 5931.981700 5912.526700 6142.558900 6185.116800 5873.109500 5990.260700 6004.078900 5917.116200 6381.551800 6173.024200 5981.672600 6233.694900 5774.842200 6437.140900 6119.908500 5707.350500 5949.976600 5991.769600 6112.636400 5874.586700 5356.131100 6426.017200 5938.924300 6126.989800 5863.392000 6323.295100 6119.356300 6128.480800 5876.943200 5993.713700 6130.676900 5933.336100 6521.876100 6050.816700 6273.081200 5920.810500 5844.621800 6022.379700 6368.124100 6350.824700 6171.614800 6162.959000 6037.125500 6266.860100 5794.206700 6085.293100 5711.225400 6240.761600 6183.625800 6353.378300 6129.119600 5676.623200 6450.926800 5784.260100 6299.294900 
5991.265700 5734.571000 6450.338100 6756.056800 6093.497400 6092.591300 6162.828700 6267.930100 5588.841300 6080.869200 6657.921400 6357.463200 6207.922400 6565.133900 6278.782400 5984.788600 6261.737000 6435.278200 6093.357200 6052.720800 6248.688800 5934.508700 5873.009000 6338.442000 6353.418300 6223.037300 6201.650300 6177.459900 6477.445600 5899.819900 6764.468100 6584.088100 6266.270300 6591.979800 6045.300300 6439.961800 5942.245900 6223.616600 6223.131800 6558.525700 5801.785000 6415.698500 6514.216400 6479.109600 6215.238100 6220.806900 6282.952600 6134.308900 6021.610300 6239.685600 6285.453200 6120.223700 6267.525400 6379.653400 6368.904700 6763.160500 6054.326200 6272.811900 6760.288500 6127.783000 6286.978100 6347.050400 6261.604100 6396.531500 6074.749100 6674.451300 6737.256700 6221.361100 6618.804500 6461.623900 6288.420600 6197.297000 6347.477900 6396.095800 6290.406900 6268.936800 6019.620100 6126.956500 6302.194800 6064.712200 6562.861300 6265.929300 6484.566700 6528.398500 6603.010500 5889.330300 6226.353300 5949.757800 6462.686400 6204.030500 5986.848500 6153.068900 6108.037100 6151.604600 6351.183600 6246.778800 6231.963700 6500.570600 6229.663900 6291.912900 6103.368100 6209.784900 6439.895600 6260.793900 6310.412400 5963.342500 6377.969000 6364.355700 6108.536000 6020.343800 6404.995400 6446.897700 6410.659900 6106.083000 6540.581900 6471.865800 6608.461100 6015.725100 6353.771100 6041.731200 6411.791300 6195.104500 6444.591300 6038.759400 6353.171100 6683.615000 6182.469000 6205.656900 6044.799100 6240.893800 6315.867200 6745.977700 6283.794800 6399.166000 6273.606700 6139.202400 6249.815600 6240.790300 6764.874000 6499.325400 6243.694700 6465.072100 5870.234400 6508.452500 6307.890200 5958.438600 6369.685300 6536.322400 6332.315900 6198.189200 6014.310900 6201.009500 6417.280300 6708.885700 6396.800400 6243.441100 6445.136700 6087.520200 6511.586000 6028.206900 5992.822700 6225.865600 5904.679200 6106.033600 6149.485500 5472.524700 6611.557000 6079.654000 6379.325900 6080.163700 6513.153800 6130.686000 6396.865700 6186.235600 6169.387500 6074.557000 6195.002900 6607.827100 6446.098000 6218.217900 5874.060800 6033.736700 6243.896800 6557.828700 6602.650400 6468.951000 6479.634200 5907.943400 6329.746900 5925.274600 6210.315000 6169.208000 6391.550000 6322.933100 6586.527800 6194.198900 5891.236400 6633.982400 6160.512400 6489.522000 
5986.305400 5815.790500 6570.165400 6855.682400 6165.893600 6071.293100 6106.162500 6529.667600 5601.385600 6324.103700 6468.828600 6293.825700 6020.671600 6767.389800 6268.563800 6096.598000 6308.019600 6379.140900 6326.805600 5857.603600 6475.074900 6125.650600 6011.022200 6276.784900 6218.032100 6172.491400 5897.427700 6428.561600 6432.404400 5850.752500 6723.317700 6399.620500 6130.512600 6635.572900 6048.003500 6659.176800 5790.863000 6258.603800 6483.774100 6425.687200 5892.345800 6039.882700 6369.063600 6654.110800 6199.631200 6358.185500 6339.915600 6222.831000 6148.933700 6051.545200 6326.013400 6163.758100 6275.599800 6403.431100 6386.410500 6709.756200 6089.639700 6322.233400 6773.151800 6175.458200 6344.942600 6275.471300 6291.775500 6388.807300 6101.767900 6593.058400 6758.595500 6337.732400 6575.698000 6479.786300 6253.363700 5951.614200 6427.488200 6325.381200 6330.114400 6335.119000 6048.587100 6322.127400 6340.166200 6114.047900 6479.546900 6097.778300 6394.219100 6568.870100 6507.425100 6135.784100 6209.148300 5948.465800 6346.020900 6035.722600 6055.697800 6247.796200 6249.902700 6310.761500 6550.395900 6168.396000 6156.153200 6524.826900 6259.790800 6431.845700 6049.202600 6236.219000 6461.781200 6320.775200 6186.769100 5973.571100 6529.462800 6408.629200 6215.265100 5856.408400 6603.956700 6631.867400 6464.565300 6084.505400 6434.219800 6522.675100 6258.133300 6260.394500 6353.393800 5974.584200 6227.009100 6006.179400 6445.133500 6000.682300 6357.128100 6730.441600 6127.376400 6340.573000 6218.523200 6150.897500 6370.838600 6760.954700 6266.612600 6723.017900 6117.745200 6142.656900 6278.063200 6152.353900 6794.899000 6338.286500 6235.274700 6228.299900 5592.174200 6555.284800 6670.423000 6093.823300 6162.538300 6527.167900 6463.468700 6019.705500 6087.088100 6119.563400 6336.168600 6732.034800 6298.078100 6207.973200 6475.136500 5979.018900 6580.768600 6037.418500 5822.212900 6345.078300 6176.938800 6139.379500 6303.289700 5599.980400 6619.769500 5976.602700 6445.106300 5990.543800 6484.984400 6173.156300 6430.120100 6012.662400 6161.814700 6078.398900 6288.086600 6669.996500 6421.106800 6439.993000 6183.267300 6359.045100 6280.245900 6567.696900 6443.225700 6353.952300 6323.468700 6182.484800 6385.409100 6088.807700 6139.877600 5943.624100 6286.400000 6422.509200 6464.319200 6474.250900 5979.497300 6544.302700 6199.568200 6638.414800 
5983.057100 5852.577800 6221.675600 6879.888000 6228.163800 6165.699600 6189.806200 6231.581800 5518.197500 6171.731600 6551.964000 6220.287800 6154.682200 6509.729400 6309.458600 6072.927900 6096.432900 6368.937700 6394.527100 5924.969600 6356.109500 5852.050400 5935.381700 6095.666600 6185.963500 6246.377600 6123.612900 6349.493200 6420.598400 5856.070300 6831.223800 6352.015600 6209.767800 6564.209800 6125.921500 6493.014600 5729.905100 6246.748900 6230.918100 6301.542200 5921.005800 6211.432500 6446.352600 6456.945700 6052.652500 6205.330700 6176.611200 6072.575400 6045.842100 6294.642600 6175.995800 6265.484300 6199.341700 6344.731000 6135.899800 6462.174400 5982.162900 6343.291700 6792.513500 6003.235400 6488.023200 6194.121100 6301.685900 6171.882900 5976.381200 6630.449400 6605.116500 6113.090400 6510.590000 6265.694700 6102.426600 6083.718800 6266.844600 6169.327800 6382.917100 6259.639500 5859.118700 6035.919300 6382.956600 6051.020200 6548.469000 6272.710600 6386.419500 6573.403900 6473.460100 6020.572500 6063.698100 5995.507200 6403.571600 6204.215500 5782.845800 6196.367500 5934.873000 6120.392000 6476.470800 6270.129200 6081.800300 6397.896900 6204.898100 6388.704100 6154.953200 6069.958400 6303.133400 6153.272000 6104.878500 6014.032400 6409.546300 6298.923100 6166.818900 5885.450400 6393.848400 6562.971800 6378.093700 6150.030800 6534.611000 6573.674800 6391.115800 5955.536700 6457.975700 6135.082100 6237.627500 5951.971000 6337.443700 5912.215900 6426.178600 6808.153500 6003.087000 6306.297600 5870.094400 6109.378300 6285.504000 6761.271000 6373.725000 6499.210300 6184.079200 6145.062900 6234.381800 6184.097000 6739.743900 6559.512400 6299.846200 6274.512200 5806.372000 6721.416100 6535.799400 6015.647300 6277.374900 6612.510500 6352.735800 5979.082800 6245.600200 6105.590800 6368.079200 6561.183600 6193.203300 6262.977900 6363.117600 6116.461900 6601.974100 6099.626100 6000.158600 6188.756300 6188.970100 6259.925100 6187.615200 5370.980100 6488.539300 5877.575300 6203.760500 6047.935500 6463.884300 6295.139700 6231.020500 5848.003900 6148.524800 6093.492700 6134.063100 6535.824500 6286.226000 6530.615700 5932.240800 6124.620900 6212.983300 6499.912000 6389.095400 6307.393500 6078.356400 6016.846400 6537.367900 5882.666000 6200.724500 5863.051900 6151.512400 6276.082300 6404.417000 6236.091000 6102.016000 6610.500000 6059.494600 6572.047100 
5628.539000 5546.525700 6131.656600 6529.777400 5889.972000 5981.990500 5875.557400 6035.356600 5433.460200 6005.070300 6492.473600 6028.889500 5968.769300 6509.590500 6156.386000 5840.454200 6052.423500 6129.113400 6119.291900 5833.775200 5968.089300 5704.548500 5870.900100 5932.112900 6085.364800 6085.190500 5992.507800 6373.890300 5932.471300 5496.642100 6444.558300 5976.775600 5902.304700 6273.207100 5763.443000 6153.468300 5624.171800 5990.431700 6122.020000 6216.582600 5973.674800 5905.270100 6078.284000 6320.910600 5876.524300 6125.708300 6011.522200 5842.101500 5935.738900 6097.909700 6148.870700 6035.265500 6026.836600 6211.573400 5999.223800 6497.159400 5949.205700 5972.589300 6626.180600 5803.399000 6237.856600 6067.233200 6071.645800 6099.948100 5979.925800 6267.615600 6345.711900 6044.111600 6103.709000 5982.860800 6015.372800 5906.633900 6189.254600 6023.127500 6076.898000 6053.744900 5612.817300 5982.555200 6045.662800 5868.499500 6279.195800 6050.288200 6232.966900 6282.945000 6157.874000 5853.471900 5791.248500 5690.760300 6003.644600 6028.347900 5752.963100 5969.947900 5845.623100 6080.785900 6458.962900 5913.218200 5837.295300 6352.097700 5914.653400 6097.045400 5937.822500 6044.765000 6153.234600 6128.024400 5885.369500 5712.933300 6255.079500 6160.295200 6146.250600 5641.637200 6189.871200 6077.572100 5982.890000 5779.346100 6344.010700 6486.491700 6278.298400 5871.865400 6339.875000 5859.161300 6136.438900 5834.261600 6057.903200 5953.065600 6294.138400 6428.310100 5868.952600 5915.201500 5615.968400 5856.348200 6138.162100 6601.023400 6181.373900 6339.473400 5938.356300 5825.664700 6177.217800 6016.294100 6572.868300 6397.366700 6046.395000 5980.086700 5395.117200 6548.378300 6370.455900 5709.277400 5961.284900 6237.515700 6296.520300 5989.239000 6063.393800 6035.567800 6027.296100 6588.468600 6321.074300 6070.882000 6287.243400 5832.517100 6378.194000 5863.415300 5684.822000 5934.741200 5885.547100 6228.050400 5910.686300 5141.175400 6266.234700 5955.849000 6170.969600 5783.610900 6220.542900 5902.496800 6280.276900 5688.086600 6047.730700 6100.991700 5926.980500 6465.799800 6240.426400 6209.846100 5806.766400 5781.374900 6150.408000 6438.227700 6216.834600 6013.418700 5996.843800 5825.095600 6199.424200 5919.357100 5909.091500 5703.705300 6094.617000 6214.222200 6108.886100 6003.923200 5924.523400 6656.121400 5896.762700 6456.324700 
5726.914200 5642.243300 6182.347900 6468.177900 5831.714700 5852.180500 6092.700600 6240.784800 5444.180200 5970.752900 6325.989700 5977.231600 6003.467200 6532.396700 6478.881500 6052.329500 6122.894200 6219.819600 6285.946700 5972.881600 6314.939600 5913.865700 5889.920000 6201.518900 6148.461200 6072.679300 5953.480900 6502.529100 6496.082200 5730.081200 6421.677300 6115.008000 6254.106300 6554.427600 5772.382800 6314.050300 5686.779000 6021.950500 6271.147100 6106.905400 5920.632700 6014.737100 6204.337500 6494.671900 6104.350500 6053.550800 6098.590800 5963.981800 5918.370700 6200.841500 6165.384300 5916.821500 6118.284100 6107.710300 5983.399300 6755.789000 6105.814800 6239.192100 6681.588400 5952.041900 6339.052000 6131.927100 6296.304100 6210.047200 6116.109400 6345.427300 6444.440300 6262.311200 6390.727700 6250.748700 6105.721900 6005.268400 6186.087900 6031.725900 6099.880500 6146.485900 5927.886400 6179.736500 6196.371200 5838.123100 6421.624800 6295.750400 6225.619200 6367.402600 6399.037800 6041.152700 5852.491800 5781.248600 6239.746000 6186.432900 5779.114800 6161.313700 5895.861700 6109.966600 6539.152500 6174.477900 6051.281000 6269.428300 6144.933100 6258.335400 5966.295500 6210.044400 6292.332600 6155.521900 5815.079000 5812.423900 6451.083800 6248.364600 6130.862800 5615.184200 6436.911900 6605.143000 6501.751900 6109.026800 6302.186500 6394.224100 6311.023100 5962.956000 6412.175600 6089.510600 6250.412800 6027.741000 6270.754200 5985.287400 6329.527400 6623.675800 5965.252300 6194.653800 6090.355400 5894.517400 6236.878700 6647.726800 6061.957800 6395.992800 6237.710200 5909.345000 6348.233000 6024.801200 6629.570900 6266.150900 6080.765200 6243.247800 5603.506600 6471.409200 6502.275300 5980.988900 5958.188200 6405.279600 6294.010800 6144.441400 6024.446100 5967.897700 6038.609800 6366.401400 6158.869700 6082.278700 6372.920300 6127.393000 6554.289900 6026.446000 5783.593400 6192.177700 6221.621400 5916.157200 6013.845400 5257.695600 6630.807200 5868.396000 6383.689200 5824.962700 6600.637600 5989.131400 6249.017200 5915.794200 6009.325500 6176.975900 6139.060900 6498.768900 6291.767100 6465.768400 5922.102700 6056.651900 6146.803300 6469.566600 6380.432600 6011.688900 6144.649500 5934.903300 6319.981800 6074.742200 6055.631200 5901.761400 6084.754800 6310.605300 6317.184400 6073.174600 5823.351800 6587.294800 5914.029300 6465.700300 
5452.126600 5397.066500 6078.751000 6173.805100 5726.931500 5612.156300 5737.008800 5942.368000 4967.915200 5683.594500 6086.740900 5713.244100 5935.476900 6149.444700 6080.979300 5624.668500 5750.691100 5812.288200 5865.132500 5698.686500 6122.814900 5543.912600 5660.794700 5768.815400 6075.828200 5874.713700 5554.062500 5924.432100 6237.332600 5596.654500 6381.404100 6010.435700 5821.902000 6165.046100 5633.509900 5851.619600 5475.135300 5922.271100 5972.822600 5991.280200 5473.109000 6032.601600 5908.134800 6240.162400 5552.843200 6050.069000 5651.764400 5789.135600 5829.785500 5847.903200 5836.264800 5549.841100 5878.113300 6056.131600 5961.991900 6358.312300 5772.474900 5953.336300 6356.623100 5689.944400 5973.594300 5788.322200 5764.101500 5907.781700 5682.955400 6272.154100 6307.610100 5819.515100 6051.251800 5916.654200 5670.213800 5664.011500 5840.146100 5722.663900 6034.932400 5895.546300 5610.536700 5842.057600 5987.451900 5781.575000 6083.084200 5782.834400 6138.659200 5962.886100 5993.579200 5574.166300 5807.558600 5774.247300 5910.440600 5717.606800 5602.822600 5731.722500 5647.608200 5919.177700 6166.405300 5814.809900 5661.413800 6010.416700 5893.243500 6023.206800 5628.428900 5932.253400 6006.889400 5867.611500 5734.676000 5551.032900 5863.158700 5935.105200 5644.917800 5501.132000 6068.860000 6175.270900 5967.370500 5786.349700 6188.547600 6204.028300 6071.845100 5600.533000 6058.259100 5571.626100 6066.500300 5700.862000 5886.702900 5528.143200 5817.183600 6365.125900 5583.237100 5864.782600 5595.482400 5749.716300 5946.185600 6348.995400 6013.305500 6108.842900 5842.199100 5739.648400 5747.843600 5674.820700 6234.701300 6070.333900 5886.550400 5953.682500 5493.117700 6238.884000 6049.491400 5647.032400 5735.446500 6108.358000 5958.786900 5617.450500 5933.947200 5692.361200 5931.560900 6149.256600 5761.197700 6072.939100 5870.204400 5732.989700 6158.205200 5753.410100 5463.713100 5536.964000 5865.449400 5766.100100 5995.612600 5140.787300 6195.928000 5550.055100 5858.198500 5638.207300 6227.148500 5854.003000 6201.219000 5598.550400 5661.776900 5703.735900 5710.658900 6168.607600 5954.501600 5930.871700 5726.613200 5522.481900 5821.690800 6176.245700 6087.210700 6016.848200 5883.434900 5759.897800 6173.694000 5711.175800 6001.340600 5500.993400 6024.550300 6015.427100 6294.730500 5867.507100 5707.107800 6393.574600 5725.834600 6109.645600 
5890.180200 5494.834900 6061.356600 6421.864900 5722.563800 5764.873700 5747.460200 5910.417100 5459.352000 5680.568300 6202.086800 5800.289000 5866.527500 6283.455000 5981.223300 5894.023700 5749.005100 6258.493600 5899.304200 5735.236800 5982.172800 5580.842000 5803.211700 5953.096900 5906.739500 5861.902300 5634.007700 6168.591600 6256.915100 5653.662500 6391.334200 6079.763300 5914.513700 6307.664200 5452.656300 5924.418400 5582.271000 6060.738000 6059.629100 6105.815200 5632.006000 5780.567400 6077.902200 6122.568300 5655.852200 5962.198000 5928.162400 5656.452200 5804.219600 5834.520600 5968.082300 5682.526100 5810.935800 5984.392200 6052.871300 6477.822100 5849.594100 5932.871700 6430.330200 5889.757200 6124.085500 5911.576200 5888.530500 6016.657600 5879.548300 6167.230100 6156.516500 5912.812400 6188.957200 6076.245800 6031.424900 5682.525300 5912.120500 5854.975000 6032.288900 5801.645000 5666.257100 5943.366100 6032.740800 5791.223900 6271.558000 5848.893400 6092.811500 6121.230300 6172.825500 5766.615900 5585.974800 5783.959200 6119.657000 5918.507100 5509.428000 5902.241400 5872.203800 5911.924800 6307.320800 5930.046300 5777.713400 6028.651500 5924.777200 6079.191800 6023.379200 5805.809400 5805.924900 5987.947200 5761.725100 5740.699600 5975.109900 5891.524600 5897.689600 5611.483400 6188.962400 6325.622300 6016.574200 5805.376100 6209.209200 6291.199600 6100.667700 5704.275700 6086.747600 5645.338800 6227.239100 5616.181500 6005.854400 5754.809700 5991.446600 6457.027200 5671.852700 5976.588600 5774.724800 5753.875800 5864.042500 6257.191800 5901.760600 6062.017000 5918.514000 5723.272100 5964.940600 5837.371100 6445.599100 6112.584200 5859.063900 5860.434000 5302.620000 6230.993100 6099.208300 5815.002900 5774.615300 6256.714500 6204.926800 5555.243300 5920.026200 5843.834400 5704.382800 6421.270000 5957.086900 6041.818300 6118.939300 5716.760100 6287.200600 5738.841500 5487.261000 5706.706500 5804.240600 5751.040900 5682.752700 5149.878800 6297.698600 5526.344300 5965.351100 5639.545800 6272.873900 5961.798700 6149.883200 5502.195800 5697.331700 5923.247400 5819.731200 6450.504800 5983.312600 6055.947900 5714.685700 5691.896000 5915.753300 6246.905700 5990.546400 6000.849900 6003.883800 5579.364600 6038.128100 5494.325100 5929.781400 5485.714600 6046.142400 6120.628300 6235.868700 5935.150100 5846.117500 5948.882300 5817.002500 6269.503300 
5681.686600 5388.271100 6204.455400 6327.143300 5933.726000 5833.804800 5809.293900 5932.401600 5221.875500 5841.500100 6195.905400 5974.962800 5815.863000 6176.985600 5931.962600 5809.987000 5959.981900 5992.633600 5943.736200 5648.181200 5962.699900 5702.077800 5702.947500 5891.288200 6165.994900 5981.491200 5755.842500 6209.003300 6120.692600 5708.977900 6274.951600 6071.756500 5965.879000 6285.003600 5768.101800 5964.379300 5389.526800 6027.462700 5974.154100 6175.470600 5726.475700 5844.213400 6126.614700 6341.285700 5825.658800 6047.226500 5934.050900 5757.540500 5749.202900 6047.591900 5961.243300 5704.577000 5925.298300 5893.843000 5900.043600 6653.882900 5839.020100 6148.194200 6309.825600 5929.894300 5885.993200 6013.170700 5884.208500 5862.520100 5796.290500 6330.218700 6309.034100 5843.446900 6112.797500 6054.424600 5941.517900 5887.448100 6239.781900 5949.506700 6011.842100 5909.148400 5696.719800 5949.820400 5911.950700 5855.034500 6150.601200 6033.044200 6072.298300 6207.108700 6027.063200 5768.320100 5767.273300 5818.362000 6071.763700 6033.004300 5620.359400 5812.916300 5731.419400 5996.552800 6338.061000 5946.283200 5855.139400 6195.376000 6067.145900 6289.251200 5874.876900 5755.986500 6000.729300 5945.881800 5826.512400 5476.069400 5961.294400 6031.659200 6069.825300 5683.143400 6107.452400 6217.227800 5903.745100 5988.269800 6199.684100 6247.447700 6170.060200 5802.562400 6246.255100 5765.247400 6149.769300 5713.123500 5916.447000 5895.595300 6010.105700 6461.997000 5754.119500 5856.742100 5622.935700 5834.599400 6070.934500 6267.565000 6065.837800 6251.099100 5956.765400 5819.083700 6082.029200 6064.582100 6390.973500 6266.650800 6001.947500 5860.579100 5298.794200 6308.743400 6143.821800 5700.999800 5855.645800 6159.054400 6026.435700 5832.057500 5934.428200 5944.196200 5895.537600 6231.818400 6032.800300 5862.113300 6136.738100 5899.608600 6361.551400 5808.471700 5555.004300 5938.167900 5924.493300 5867.511500 5878.436900 5288.702600 6185.471900 5782.977000 6098.200900 5728.597200 6034.795300 5855.290400 6199.773600 5802.975600 5777.261700 6012.444800 5743.244300 6272.471200 5988.356200 6061.029200 5656.489000 5639.160700 6038.926800 6207.180500 6109.235200 6118.396700 6033.812900 5752.114400 6092.845300 5814.028200 6127.558200 5716.033100 5999.260000 6088.516500 6076.855100 5747.300300 5745.830000 6452.960700 5636.195200 6283.360800 
5487.115000 5567.218800 6111.759300 6351.667400 5710.273700 5902.151300 5893.219700 5994.002400 5361.005500 5843.594100 6419.931800 5817.349300 5861.729200 6498.889700 6032.993600 5611.116700 6036.775200 6079.324700 6011.674200 5817.712100 6057.050900 5718.092200 5723.463200 5815.259700 5993.973800 5921.158900 5690.625700 6134.857300 6235.496400 5546.454800 6527.650800 5959.700100 6036.287500 6310.157600 5773.126700 6048.448500 5454.602500 6004.469000 6137.635900 6206.958300 5871.234900 5859.004600 5977.183700 6310.462400 5784.900500 6064.053800 5923.719900 5659.950700 5816.148500 6116.356300 6044.155500 5771.162800 5769.482300 6031.900300 6133.040600 6483.586000 6010.238400 6009.740500 6453.444700 5707.750400 6056.778800 5869.019100 6031.991700 5940.413300 5703.372100 6032.815600 6265.923400 6078.564200 6234.958800 5969.489400 5835.533600 5892.235400 6147.551700 6028.431300 6135.113100 5962.424300 5692.969700 6053.597100 6097.007200 5774.753200 5992.212600 5992.155200 6141.961700 6123.825600 6180.600000 5757.329100 5822.721500 5854.867500 5990.964600 6030.468300 5793.452100 5989.203400 5681.481000 5878.472500 6392.331100 5858.765600 5713.194800 6220.152400 6052.714500 6030.208700 5943.485400 5967.768800 6101.464000 5824.321600 5873.981900 5653.912300 6135.390900 6057.146900 5929.978300 5694.553100 6313.086100 6097.682100 6096.191300 5595.838400 6118.810500 6239.568700 6146.751500 5793.197200 6126.686000 5452.542800 6151.804000 5791.645700 6215.037300 5786.807300 6057.260400 6331.705800 5910.569300 5845.968200 5666.477100 5868.142200 6080.100200 6478.237600 5854.195000 6184.099500 5728.502100 5803.605300 6072.542300 5785.608000 6446.096900 6221.782000 5884.804000 6059.984800 5445.226600 6200.673800 6174.049600 5858.620600 5912.859800 6145.669800 6047.681300 5767.073700 5875.509400 5866.678500 6020.538000 6190.661500 5972.283500 6153.837400 6090.212200 5896.689100 6201.007600 5679.554500 5596.106200 5781.109600 5736.928800 5859.725700 5858.957400 5097.193400 6339.415500 5576.833100 5853.389000 5617.592400 6240.768800 5812.210000 6215.140400 5734.358400 5701.986900 5745.639900 5755.944800 6368.000700 6182.837900 6100.071500 5525.474400 5603.763600 5872.146300 6035.979000 6078.596300 6266.933400 5995.854900 5575.014700 6128.314500 5524.391000 5976.856300 5822.690600 5893.429600 5905.979000 6284.303700 5959.850900 5737.727100 6202.882300 5840.531500 6276.172800 
5995.105500 5801.330200 6437.587000 6775.484100 6105.956100 5958.140000 6120.133600 6236.956600 5491.596800 6159.087000 6630.654800 6283.364500 6207.877500 6715.374000 6308.246400 6140.876400 6276.005000 6427.106500 6417.631700 5991.739700 6199.984900 5767.074000 6152.625500 6196.124400 6215.779600 6137.360100 6061.918600 6432.055500 6431.343900 5873.183400 6598.453700 6277.393400 6303.054800 6713.628600 6180.617300 6451.020200 5777.815400 6413.640400 6358.497500 6464.691200 5806.287400 6143.804800 6296.804200 6408.219700 6112.434500 6239.534900 6163.287000 6192.124600 6064.949200 6343.202300 6343.409500 6128.835100 6221.206100 6491.072700 6396.383200 6624.320600 6203.112300 6185.497000 6808.162800 6014.125800 6460.261500 6212.360500 6266.802000 6207.416100 5989.932200 6496.192400 6593.014300 6141.173000 6466.999200 6404.458900 6312.837400 6277.940800 6353.192700 6299.527100 6168.400800 6130.760600 5804.045800 6201.602400 6304.039100 6309.079000 6332.741800 6323.346700 6407.205200 6496.112200 6285.331800 5900.507500 6097.340400 6156.796700 6276.784900 6275.928700 5708.697800 6181.322700 6041.243000 6075.696800 6438.123100 6220.688400 6228.615900 6365.452600 6063.167900 6233.756200 6156.855600 6349.252900 6459.590200 6197.007600 5912.648700 5864.154000 6589.564800 6285.573900 6118.190800 5910.552100 6601.835900 6678.701400 6347.241500 6167.522700 6702.264700 6470.736400 6364.513100 5907.153800 6358.126400 5965.499400 6438.667100 6135.139800 6602.354100 6011.178300 6424.760300 6591.864400 5977.568700 6294.035500 5976.973900 6231.416900 6260.678900 6879.534100 6154.410000 6503.757400 6203.689500 6091.123100 6290.445800 6236.018200 6734.398900 6502.531200 6232.817400 6283.651000 5793.420900 6648.020400 6523.172100 6158.333500 6125.544100 6614.092900 6444.615300 5806.059600 6169.246900 6093.324100 6147.004300 6529.690900 6369.840600 6315.191000 6403.810400 5990.202900 6647.006800 6088.058800 6067.924100 6153.119800 6075.670700 6066.992400 6081.916100 5448.112900 6519.714700 6052.870800 6492.700700 5952.282400 6464.538500 6155.037200 6165.087500 6115.604300 6051.415100 6093.804700 6087.444700 6648.456200 6534.366500 6405.023900 6041.520700 5947.142000 6383.477800 6665.136000 6379.082100 6351.165400 6219.471900 6023.936000 6520.424100 5840.300900 6099.105400 5715.080900 6389.642300 6190.459600 6602.485100 6251.023600 5930.227500 6701.315000 6037.761000 6491.913800 
5902.996600 5731.458000 6092.459500 6402.764000 5880.180600 5893.331800 5991.012300 6104.955100 5313.439500 6029.878600 6365.436300 6162.658700 5843.343900 6397.006800 6072.804100 6024.776200 6021.850300 6362.545500 5980.899800 5850.117000 6122.111600 5877.586800 5820.713800 5963.654500 6067.314600 6012.912900 5972.543200 6201.132400 6159.808500 5804.914600 6545.794200 6180.342800 6045.766900 6364.922200 5625.669900 6280.171800 5531.592100 6224.908300 6083.380800 6201.873000 5681.627300 5893.344500 6136.233100 6485.798700 5962.059300 6042.284700 5942.881600 5828.002400 5795.364700 6092.999000 6123.943500 5863.638500 5984.178100 6156.500600 6201.861400 6548.523900 5951.097300 6020.864500 6606.257900 5979.071400 6268.643500 6019.348800 6116.885200 6031.250400 5753.431800 6256.554800 6365.570100 5962.132800 6224.916500 6123.970800 5970.400000 6018.011800 6255.985500 6081.475600 6135.096500 5974.189500 5668.834200 6017.452500 6010.088000 5793.297800 6114.682700 6152.536900 6090.030000 6315.961600 6282.105000 5644.554000 6056.052400 5819.204300 6229.891600 6026.502900 5639.936200 5930.226600 5802.621700 6063.587900 6202.101100 6080.768100 5867.859300 6228.039400 6103.170100 6175.247600 6073.664400 6029.054700 6122.535100 6047.325600 5749.507600 5868.323600 6145.904800 6182.907300 6034.512100 5673.832900 6313.457600 6364.508600 6181.903800 5789.157700 6064.424700 6290.286200 6190.106500 5857.991900 6262.297000 5711.627900 5996.204500 5850.970000 6247.450300 5862.225600 6028.194300 6377.150500 5953.572300 5987.588700 5841.424200 6010.608500 6088.597000 6598.608900 6196.269000 6276.085800 5891.236100 5998.342100 6126.559300 6011.893900 6642.765200 6164.555900 6082.821800 6015.057900 5589.737300 6379.403300 6285.559700 5957.630200 5993.853100 6326.847000 6056.268300 5737.160500 5993.286400 6004.169100 6067.844200 6465.413400 6288.250600 5961.506500 6213.088700 5901.424000 6460.110200 6034.147600 5833.188400 6024.987800 5984.582300 5828.598900 5930.452500 5272.028200 6237.796700 5823.092900 6177.380800 5914.456300 6137.049100 6040.388200 6167.946700 5783.178800 5801.124600 5764.359300 6049.979000 6515.085000 6144.935700 6187.563300 5688.094500 5987.609200 6020.339400 6208.660400 6214.931500 6198.204800 6154.759200 5792.401300 6053.616000 5599.294300 6280.155800 5760.252000 6041.746500 6029.764200 6177.675900 6088.514400 5875.087900 6377.342100 5919.454300 6268.499100 
5965.168800 5677.723100 6242.140800 6541.126000 6050.848100 6045.103700 5985.051400 6196.789200 5533.492100 6095.787900 6418.335000 6150.806400 5989.721600 6502.616500 6186.186900 5909.348900 5999.039500 6300.315000 6051.316500 5831.371900 6327.157200 6031.698600 5838.686800 6167.510900 6152.547200 6155.284300 6129.696900 6222.161200 6261.921900 5535.014500 6433.484400 6316.066200 6008.275700 6558.534200 5827.613300 6375.411100 5607.049500 5996.431300 6221.934400 6468.274700 6072.012700 6089.925700 6226.283300 6549.154100 5970.948300 6005.737400 6127.163400 5956.885200 6100.769600 6074.841200 6255.967700 5967.505200 6023.496200 6327.412000 6146.763600 6696.992300 5881.531800 6116.244400 6608.794900 5908.448800 6441.421500 6146.279300 6026.462600 6319.982400 5706.439500 6428.601000 6541.526500 6057.296200 6380.954100 6273.840700 6189.106300 6022.400200 6562.298600 5993.796700 6237.071000 5973.897300 5889.234700 6030.928100 6115.902300 5961.058600 6162.519700 6343.926100 6307.283700 6324.591500 6526.543400 5958.215300 5871.824600 5926.032600 6199.737700 5895.889200 5956.188100 6035.105100 6021.132300 6106.150400 6414.352100 6256.612200 6047.546400 6569.436800 6104.780100 6318.191900 5998.883500 6011.416700 6456.949700 6129.836400 6035.632700 5775.381900 6239.254100 6243.313500 6219.889300 5820.259400 6205.816700 6553.538800 6056.133500 6021.710400 6241.217800 6429.133500 6265.482600 5983.415600 6168.413200 5970.032200 6226.650000 5796.475500 6248.059100 6130.266100 6328.630600 6479.978800 5932.523100 6127.511800 5720.860000 6044.713400 6253.819200 6668.786500 5898.319000 6408.880600 6056.197000 5803.818500 6288.305700 5974.031800 6581.131900 6416.001100 6016.220100 6189.547500 5500.429000 6529.517400 6286.754100 6002.665000 6096.067100 6277.974400 5993.058800 5841.303800 6202.244200 6265.339400 5931.972900 6447.573300 6256.446200 6050.323300 6241.168900 5757.931400 6521.567600 5926.001400 5789.361300 5934.333500 6198.787500 5955.297500 6076.144600 5488.774900 6468.129200 5854.386700 6259.818600 5839.286500 6487.124500 5920.043300 6265.311700 5937.110800 5955.600500 5960.070100 6117.146000 6541.830100 6150.627000 6269.928000 5941.623900 6032.533300 6197.854500 6317.271200 6300.338600 6106.965500 6085.512800 5864.129000 6235.371200 6025.162400 6181.271700 5824.328200 6329.921700 6423.568500 6387.520900 6303.521100 5872.292200 6542.736900 6021.976400 6410.989300 
5347.712200 5334.449500 5799.019900 6258.775000 5649.644800 5457.189600 5697.672800 5747.196100 5114.342000 5728.493100 6066.359200 5753.221100 5795.243500 6055.151500 5828.940800 5514.034900 5652.119700 5871.722300 5867.544700 5438.110500 5890.527900 5573.952500 5611.194900 5797.419600 5716.192300 5674.822600 5714.386800 5820.423700 5831.498000 5265.414400 6060.082600 5783.709400 5725.581900 6267.805600 5433.434500 6012.456400 5397.406700 5772.289500 5815.612200 6006.858600 5509.329600 5812.017500 5868.106900 6151.959300 5705.500000 5623.611100 5534.099600 5697.336700 5621.488100 5766.958800 5761.244800 5628.577200 5603.364100 5999.088700 5882.516500 6283.185200 5705.735600 5831.669200 6300.094100 5595.424900 5997.494000 5653.906100 5789.531300 5989.064600 5753.906900 6050.097000 6044.813600 5698.058200 5945.357900 5716.356700 5845.136800 5606.157700 6011.066000 5707.811800 6040.753900 5606.160800 5408.795600 5724.979200 5773.298400 5581.196600 5931.905600 5692.252100 5877.908400 6044.588500 5951.671700 5767.104100 5572.317700 5407.632800 6002.304300 5652.962100 5499.939000 5720.952500 5587.572000 5562.078100 6175.772500 5878.164500 5562.604700 5867.715200 5718.315700 5927.026300 5548.099900 5685.717900 6090.828700 5844.717300 5516.799000 5353.404600 6025.708300 5956.086700 5674.271300 5391.984500 6059.710600 6225.392100 5978.101600 5671.653300 6085.758500 6084.977400 6054.126900 5519.240400 6103.857400 5665.742400 5814.371800 5509.910500 5908.418700 5616.266300 5896.892700 6184.624400 5619.353000 5789.309500 5449.463900 5752.403400 5875.240700 6186.908500 5882.820000 5968.052400 5874.523200 5576.869800 5849.802500 5697.523100 6389.505700 6012.524100 5768.633300 5829.308000 5215.880900 6083.407000 5984.935700 5644.022600 5681.788400 6002.850700 5954.859700 5437.901200 5851.659100 5716.331700 5616.411900 6029.520700 5707.079100 5828.277500 5925.879400 5541.695600 6069.578800 5850.944200 5406.675000 5806.231600 5749.646200 5562.425000 5630.440300 4918.606600 6006.230100 5415.236100 6051.084500 5569.070000 5817.761100 5851.972500 5865.352300 5576.295700 5581.833300 5633.268800 5740.232200 6021.789400 5748.558000 6073.380100 5686.356500 5678.187100 5812.045700 5995.622100 5964.801900 5720.931400 5780.617600 5736.418500 5821.886900 5700.728700 5701.498000 5494.671100 5888.382300 5923.196800 5877.317300 5767.698900 5613.933400 6094.166800 5658.984400 5987.857700 
5393.544400 5185.163400 5739.057400 6228.564600 5460.157600 5588.961100 5719.743900 5876.044800 5146.205600 5635.211000 5992.534800 5855.970800 5632.164700 6117.720600 5863.723700 5635.960700 5538.227800 5903.366800 5935.599900 5399.078700 5887.205400 5310.352600 5665.418100 5716.278000 5865.797300 5760.480300 5521.753500 5868.802400 5930.530500 5507.084900 6122.396500 5760.987100 5648.935700 5938.063100 5506.179100 5952.636000 5279.266600 5681.530300 5830.491000 5820.255700 5354.005800 5596.289200 5893.622800 5928.273300 5626.723800 5742.147700 5709.579200 5440.476400 5626.425400 5712.457200 5653.935700 5537.199700 5808.477800 5693.915900 5806.144200 6285.581000 5705.427200 5798.153500 6247.658900 5622.246900 5903.408100 5511.994500 5602.988200 5732.780100 5424.036000 5937.308900 6177.741200 5632.813200 6046.426000 5802.055800 5707.324800 5557.284700 5880.728100 5773.773000 5662.761800 5681.068700 5380.866200 5519.691100 5793.632300 5613.419500 5919.684800 5768.878500 5973.411000 5969.866700 5910.823000 5748.369700 5503.078700 5483.699200 5761.076600 5766.700100 5387.673400 5559.557900 5490.830700 5553.440200 5970.990700 5848.704600 5641.316100 6042.140500 5587.856000 5933.231700 5669.653100 5778.874700 5847.987000 5893.710600 5638.673000 5298.275700 5883.858000 5817.673700 5616.367400 5392.551100 5997.015300 5956.057400 5844.303000 5724.023300 6157.483800 5941.761900 5827.816300 5641.568200 6033.636000 5706.608400 5782.524000 5567.080200 5891.653700 5449.555600 5676.196100 6059.680200 5665.201800 5959.794200 5445.086100 5366.817600 5662.152400 6280.246600 5544.580600 5977.560900 5661.505200 5459.676900 5835.645600 5625.380200 6112.224400 5865.053300 5760.071900 5757.530800 5235.472800 6022.387200 5874.130500 5543.370400 5616.243600 6196.540900 5845.159200 5451.746800 5661.807200 5578.292700 5722.345700 6120.167200 5720.140600 5820.630500 5715.105500 5574.208900 6035.400200 5587.730100 5499.832200 5517.937800 5746.078400 5626.436000 5404.982000 4999.204500 5847.824900 5525.129800 5967.147700 5470.866700 5956.756000 5581.707900 5882.693600 5414.832900 5501.164000 5575.451200 5693.611200 6177.748400 5925.871400 5942.192500 5623.302600 5486.629200 5768.307800 5961.408400 5933.391800 5764.215900 5599.138600 5658.204200 5949.039700 5510.735800 5880.552200 5376.398600 5813.808000 5938.355800 6033.483800 5798.465300 5409.030000 6069.792500 5566.202500 6107.641000 
5877.216800 5644.961000 6354.974200 6704.224700 6147.844600 6065.392300 6145.241800 6308.948600 5658.924700 6312.529900 6764.958100 6065.864300 6222.836600 6621.525800 6239.436900 5946.754900 6043.765300 6193.778200 6264.853900 5951.933500 6306.516200 6013.760200 5896.879800 6025.522200 6164.681400 6396.486000 5959.850800 6528.788900 6334.003400 5762.207700 6810.195300 6205.325500 6151.136200 6643.475600 5851.423600 6385.843500 5794.375400 6148.346800 6135.088100 6318.593500 5936.619300 6169.756400 6420.849500 6612.836700 6084.511400 6354.625300 6399.345200 6327.548700 6103.965200 6127.682900 6290.146100 6100.971400 6233.119600 6458.989100 6158.988800 6699.009200 6282.502100 6251.856800 6821.967200 6150.559300 6283.773200 6172.318300 6157.063700 6268.358700 6178.684400 6504.962700 6648.060100 6199.726900 6499.875400 6267.439900 6182.364700 6063.721100 6421.702400 6151.672400 6264.267100 6340.713000 5936.003200 6049.562400 6499.750800 6205.195900 6398.684600 6273.398900 6349.629400 6383.422300 6392.007700 5961.572900 6136.541800 6074.817600 6412.624400 6317.780600 5852.360100 6086.896900 6122.843100 6218.908700 6453.669400 6253.445900 6161.481000 6458.491200 6052.793000 6302.707400 6036.059000 6059.935100 6327.265900 6322.219900 6001.012200 5932.240900 6464.815200 6424.706200 6107.648500 5870.411100 6481.249500 6548.221500 6401.396000 6039.793000 6457.124700 6522.900200 6493.842400 5903.899800 6306.374700 6082.017000 6241.958900 6011.568300 6258.565400 6124.651100 6291.629300 6497.776800 6074.530000 6145.066900 5910.517100 6144.858600 6477.116900 6810.138400 6374.493200 6352.906400 6297.749400 6003.199300 6300.554000 6271.855600 6756.919600 6281.920200 6342.499800 6104.421800 5705.658400 6613.019100 6391.229400 6127.687400 6044.483900 6484.497900 6400.621400 6140.529900 6274.766200 6259.817300 6267.001800 6695.153300 6423.743300 6234.145800 6311.262300 6014.107600 6588.384300 6149.494100 5863.856000 6159.942600 5962.883900 6271.460000 6093.021900 5449.161400 6614.445700 6067.021700 6315.649500 6030.177300 6472.666000 6246.510800 6387.944100 5803.762800 6239.508400 6212.310300 6177.112800 6704.092000 6455.462800 6510.818100 5966.191700 5967.088800 6227.023800 6499.841200 6537.545400 6197.336100 6161.419800 6064.853600 6561.866900 5886.415000 6332.185800 6055.561700 6375.055300 6462.237500 6233.674600 6474.810000 5882.808400 6689.570400 6122.690200 6475.939800 
6173.350100 5830.234300 6473.826800 6953.840500 6384.992500 6203.179400 6368.823300 6532.912000 5645.466100 6490.811900 6874.673800 6301.896100 6236.163500 6851.090300 6725.969500 6218.366500 6228.020900 6665.220300 6425.903300 6277.545400 6633.817900 6172.342600 6210.961200 6230.633100 6677.919700 6581.633100 6284.428000 6602.900800 6771.711600 6042.015400 6887.052500 6579.692300 6424.187700 6844.474000 6260.405900 6457.674800 6074.839000 6554.286700 6686.819500 6559.137000 6248.313500 6414.120200 6680.248100 6770.867800 6335.737000 6526.081400 6380.023500 6219.137100 6505.623700 6343.521500 6489.156700 6184.303300 6370.609500 6393.504800 6612.712600 7055.184900 6398.289500 6525.289800 7068.639200 6297.852700 6540.972800 6391.067800 6404.557900 6486.671900 6312.797500 6806.018700 6766.690900 6278.957900 6560.473900 6505.294500 6508.583800 6253.911200 6854.364900 6273.347300 6636.873400 6397.392900 6118.762100 6455.138300 6276.905200 6209.557800 6596.542800 6477.756800 6741.902100 6594.003200 6731.453500 6224.430800 6215.147700 6022.875500 6488.158800 6363.765800 6080.193600 6362.423900 6186.473700 6402.413900 6533.859100 6419.144100 6342.588700 6778.270200 6535.737700 6416.914600 6377.928400 6246.316800 6509.664800 6446.602800 6181.953500 6273.549200 6611.512900 6630.699700 6461.274600 6203.277300 6681.569700 6749.733600 6489.786900 6307.637300 6656.494700 6634.210100 6567.438500 6414.105500 6568.606800 6180.703500 6674.549300 6335.714200 6522.022900 6199.709900 6439.052200 6755.992300 6182.151900 6325.557700 6079.475600 6316.131900 6685.384000 7117.931600 6521.420000 6619.702100 6392.262200 6465.075700 6500.312400 6262.671100 7060.232700 6658.990700 6406.465700 6459.020500 5833.726600 6889.498600 6721.437500 6173.956700 6418.105000 6717.181500 6558.791100 6205.912500 6439.330400 6542.186700 6436.302900 6777.762800 6590.137200 6363.248800 6529.596800 6246.253000 6927.379000 6326.896100 6174.729700 6312.136500 6355.994600 6441.442300 6312.820800 5594.528300 6762.607600 6347.110500 6456.230000 6256.737800 6687.949500 6479.937800 6686.398000 6158.145500 6216.245800 6152.876100 6419.474700 6902.709500 6599.352500 6716.181200 6343.720300 6235.956500 6410.866600 6654.637600 6811.516800 6561.806300 6590.228100 6167.833500 6624.913000 6157.238300 6467.517700 6205.866100 6605.469000 6627.040900 6752.573400 6407.626600 6258.981400 6887.318500 6124.655900 6824.866700 
5774.447700 5567.474800 6081.085000 6344.891100 5977.874700 5873.595200 5995.607600 6018.101000 5332.609500 5829.034300 6534.396400 5967.452200 5694.910800 6312.203900 6135.003500 5992.329400 5845.558200 6063.452000 5934.473700 5705.533800 5869.344900 5578.676000 5700.510900 5806.786700 6164.293900 5892.751700 5828.195700 6137.423200 6271.711400 5621.897500 6453.585400 6071.465500 5875.987800 6297.997800 5618.721600 6065.315800 5615.304800 5851.660800 6060.660900 6046.016300 5682.220300 5794.057600 6253.835900 6169.470500 5940.176400 6011.683400 6023.174200 5940.815600 5840.073200 6083.227200 6140.901800 5811.879300 6065.785000 6015.882000 6108.103400 6414.458800 5981.303300 6072.442300 6370.647200 5880.961500 6138.538700 5859.190400 5987.730100 5945.279800 5707.757500 6121.817900 6362.993200 5999.677800 6140.409300 6184.437500 5930.935300 5774.272900 5984.302900 6103.683900 6006.777400 5848.774100 5767.046500 5840.229600 6154.947800 5714.011000 6136.382300 5843.578500 6286.817600 6183.014500 6043.789000 5564.990000 5850.816000 5797.275400 5904.946100 5998.731800 5676.258100 5929.398200 5883.356300 5961.407800 6363.567400 5973.057000 5836.252200 6155.277400 5882.548400 6131.116800 5948.794700 5914.886400 6115.805900 6038.116000 5793.486500 5779.114500 6031.340500 6215.772300 5979.736100 5705.332600 6329.075200 6340.332600 6313.495800 5964.291300 6347.663900 6369.918900 6039.320900 5795.757000 6058.905100 5565.828200 6095.191900 5891.519600 6135.905000 5760.370700 6176.543300 6414.216900 5813.688400 5821.497400 5691.580900 5786.302300 6021.664800 6539.138200 6051.738000 6026.747700 5899.625200 5857.553200 6122.179800 5780.290800 6466.158900 6003.417300 5891.499500 6088.153500 5632.012600 6370.777800 6104.568900 5838.552300 6005.658500 6228.930900 6125.101800 5903.355500 6014.083900 6001.204500 6017.869800 6471.635500 6111.186300 6060.824600 6074.238600 5946.392900 6450.042600 6060.417700 5804.175400 5818.916900 5968.692300 5861.255100 5957.674000 5488.088500 6300.392600 5722.995900 5824.562500 5844.434100 6273.430100 6050.050400 6223.188100 5827.278300 5714.575700 5795.126300 5644.221800 6287.570700 6050.298000 6019.165600 5699.227000 5593.006200 6007.447700 6151.052500 6156.770100 6172.537100 5998.729500 5714.722200 6086.670500 5660.598400 6030.306700 5629.086400 5848.774000 6025.460000 6238.350100 6094.512200 5725.099000 6286.993000 5846.985100 6306.110400 
5670.826800 5678.584100 6195.233600 6384.585700 5691.095500 5831.622500 5949.194600 6215.277700 5359.828400 6051.894400 6327.723200 5913.650100 5731.615100 6457.669900 6136.136900 5902.520500 5853.043300 6183.107700 5969.874300 5771.090900 6116.328500 5679.572500 5680.197200 5959.647100 6161.155900 5865.691800 5756.801200 6356.302700 6294.130000 5886.831200 6524.525600 6104.906000 5904.472300 6453.373900 5937.983300 6153.589000 5634.537900 5991.460200 6239.862100 6326.057500 5779.107100 5944.495000 6054.249800 6284.960900 6028.172400 6208.742100 5806.496000 5884.860800 5860.802100 5922.634000 5835.158700 5707.818100 5977.785400 6099.838900 6049.663800 6394.992200 5816.210500 5955.534300 6312.011200 5678.128700 6128.695900 5980.222000 5978.530000 6152.458000 5884.394800 6150.473600 6363.962400 6117.112900 6123.749800 6216.290700 5882.349700 5953.361900 6161.433600 6193.988200 5917.668600 6030.122700 5764.952700 5910.076600 6014.592200 5884.366400 6223.549200 5856.980200 6084.971900 6172.456300 6252.585800 5813.562600 6059.881300 6034.005000 6258.911500 6079.048700 5821.683800 6018.113700 5830.040800 5878.536000 6247.189100 5930.648600 5823.462800 6288.830800 5841.046900 5980.606600 5849.483500 5849.358700 6255.281100 6126.559500 5778.176200 5767.442200 6257.264400 6154.915500 5881.867100 5668.067000 6288.214800 6262.660400 6191.307000 5973.117900 6293.171800 6190.256900 6079.728700 5871.136900 6261.194000 5806.981500 6088.758400 5810.870700 6198.786600 5824.178900 6162.619200 6538.650200 5874.934400 6014.789200 5969.422000 5983.869600 6069.956900 6487.174400 6119.178500 6433.770300 5837.543500 5845.568400 6160.945500 6026.506600 6453.619200 6265.135800 6184.592200 6063.818400 5534.509300 6356.217100 6302.219300 5870.446800 5961.579800 6203.871800 6265.073000 5862.095900 5868.688600 5803.402000 5905.298900 6506.914200 6119.096100 5926.880900 6041.272900 5915.115400 6147.319400 5897.640300 5863.391200 5901.449700 5828.508100 6012.365500 5778.082700 5292.728300 6380.063800 5700.083500 6188.321800 5648.504300 6368.316900 5809.765100 6080.238200 5880.169300 5891.370300 5890.906700 5712.269100 6184.217500 6092.862300 5996.422200 5791.812200 5793.064700 5952.435500 6478.170500 6240.126500 6160.865500 6282.038700 5999.018500 6167.891800 5951.074600 6070.101000 5774.813100 6149.996800 6224.888700 6204.640200 6061.770300 5636.225400 6469.206200 5783.690100 6350.516300 
5611.569500 5436.937100 5999.713000 6132.642900 5890.862500 5718.895500 5795.796600 5998.059000 5123.915800 5881.906700 6051.909800 5952.217000 5859.286700 6478.700400 5858.980800 5813.152900 5946.342600 6114.431900 5752.529800 5755.465200 5851.960500 5630.483600 5719.162800 5870.708500 5937.438600 5860.208800 5662.186700 6037.078700 6068.920700 5503.659800 6146.600800 6047.513200 5955.925400 6309.354000 5709.309700 5926.290700 5438.035200 5749.897100 5878.021500 6043.608500 5656.118000 5848.074400 6085.643200 6412.092200 5835.278800 5912.609900 5909.308600 5659.956600 5658.253100 5896.941300 5779.858000 5777.003100 5785.261200 5957.302300 5989.777400 6367.036800 5822.057100 5991.145100 6197.777600 5685.125400 5935.535400 6040.979400 5993.525000 5893.657200 5756.623600 6232.275100 6310.076400 5779.308400 6300.508600 6044.868800 5976.793100 5793.292000 5987.494900 5948.937300 5874.654500 5974.551600 5487.039700 5667.056600 5967.613000 5781.335200 6047.486700 5753.625200 6103.063500 6228.731400 6018.695800 5600.760100 5891.602200 5674.728500 5964.842400 5883.063300 5419.851200 6060.094800 5722.727400 5946.744900 6130.361300 5865.477300 5858.570500 5865.242900 6022.503000 5934.068300 5656.139700 5900.207700 6100.764700 5885.067300 5648.436400 5539.414000 6030.319500 6029.629200 5815.291100 5545.911100 6184.066700 6180.742000 6032.034300 5811.576100 6256.529200 6107.861700 6019.122600 5640.567900 6060.135300 5766.456500 5904.816800 5621.415600 5974.514100 5812.570100 5995.944400 6312.063700 5620.395800 5850.291800 5601.279800 5800.396300 5851.572100 6369.698600 5808.750500 6140.998300 5822.680700 5688.920000 5850.449000 5888.628900 6378.439700 6134.457000 5987.868600 5853.296000 5226.866700 6221.189600 5941.936900 5656.129500 5763.989400 6106.947900 5924.786100 5777.741000 5999.421700 5763.339600 5934.708500 6489.141300 5831.615100 5996.226800 6207.129700 5611.026500 6389.627700 5911.828500 5510.835900 5930.240200 5793.241400 5809.601700 5828.775300 5251.782100 6272.075300 5589.906700 6108.336900 5559.656800 6179.853500 5941.699800 6145.911200 5662.328900 5657.745300 5729.814200 5632.435200 6460.624900 5956.941200 6098.421900 5678.270500 5682.602900 5997.321300 6158.495700 6039.328200 5876.394400 5874.526300 5982.097900 5968.240700 5805.197000 5861.523200 5555.223800 5967.461000 6116.411300 6108.912200 5946.455800 5691.389500 6325.704400 5707.590500 6124.835900 
5679.448100 5523.548900 6273.916500 6485.130900 5788.876600 5834.300000 6086.743200 6224.285700 5265.249700 5973.324300 6466.895100 5887.392400 5925.958700 6492.538300 5976.284300 5889.606800 6048.235200 6333.262700 6076.763900 5877.132600 6120.710500 5599.918200 5725.131400 6144.218200 6114.844800 5989.860500 5816.941100 6226.229300 6189.237200 5777.863600 6607.205000 6238.669600 6083.493200 6450.574300 5834.182900 6078.489000 5462.510400 6041.237500 6133.582600 6161.926500 5881.079800 6061.412800 6383.568900 6340.773900 5941.900500 6165.238100 5913.635500 5928.377500 5915.721100 6170.830000 6147.887700 5738.093500 5920.241900 6112.888100 6274.177100 6562.587800 6058.771600 6163.278800 6470.492000 6117.714500 6206.056700 6018.188400 6145.862400 6216.252100 5939.797400 6306.079900 6523.499600 6039.343500 6339.250100 6204.488400 6200.553800 5898.256400 6332.124800 5947.926600 6320.683800 5995.300300 5700.522700 5873.446000 6167.103200 5822.773900 6257.582600 6168.965300 6228.288200 6197.253000 6350.455700 5807.451100 5987.381900 5767.489300 6165.922900 5946.756400 5650.375300 5924.325000 6007.504300 6147.109400 6267.192700 6066.846800 5964.854700 6473.354000 5950.032100 6191.768300 5943.053800 6019.855800 6275.538800 6258.448200 5997.851100 5751.809800 6225.321800 6207.289700 6005.194500 5764.332800 6085.347500 6421.762100 5970.612900 6147.458100 6363.295500 6339.188900 6316.323700 5800.168100 6082.322600 5809.108900 6156.352800 5889.345200 6146.699700 5944.989100 6188.413000 6503.348700 5997.709500 5877.103100 5799.654600 5975.681500 6101.612400 6719.619600 6137.351400 6358.761800 6038.252300 5959.866700 6166.095200 6028.013800 6492.594500 6192.491400 6081.831000 6110.137700 5587.554000 6536.982400 6421.239400 5851.129800 6061.011300 6360.984200 6149.679400 5823.487700 5877.172500 6172.147900 6087.288100 6514.545300 6171.823800 6069.617800 6299.394100 5998.202000 6339.425800 5870.264100 5729.134800 5865.230100 6122.523100 6019.444000 5925.751700 5448.347500 6436.108500 5890.170800 6152.462000 5726.773900 6272.948000 5841.971100 6304.327400 5819.442000 6008.725900 6007.607700 6028.765700 6220.947100 6279.823700 6227.167800 5729.639100 5721.179800 5956.067000 6497.326700 6340.000300 6203.296100 6182.901400 5902.362600 6211.262800 5805.563600 6063.906600 5588.574700 5951.814800 6253.349000 6390.784300 6033.770000 5725.122000 6415.467500 5730.619600 6388.088300 
6068.891200 5804.135800 6574.888000 6775.890600 6283.210800 6227.187500 6135.951200 6355.093600 5643.091500 6238.021000 6803.058700 6259.640400 6047.154200 6642.374200 6435.001100 5959.589500 6229.367100 6561.397500 6259.650800 5945.761400 6223.262000 6000.769600 6127.104900 6248.683900 6391.856100 6292.008500 6184.980000 6393.315600 6321.751800 5971.601000 6582.436100 6391.011800 6157.318000 6670.741000 6175.841500 6444.040300 5942.633200 6278.031100 6408.559800 6614.670000 6207.268500 6294.111300 6646.558700 6634.800900 6267.317500 6261.353600 6410.225400 6208.961000 5978.830000 6350.896300 6389.459900 6167.322500 6401.766400 6313.101600 6333.987200 6742.683400 6293.734500 6356.312200 6679.236800 6208.085700 6370.754300 6269.032400 6386.937100 6645.537900 6160.343100 6446.728000 6641.323600 6298.256000 6710.613100 6510.563200 6286.952100 6119.319500 6662.602700 6169.340900 6448.353400 6353.230300 5932.443700 6216.099400 6202.940500 6138.006700 6362.656000 6311.576900 6310.234100 6544.845100 6543.821100 6002.038200 6186.662700 6121.983700 6581.805800 6187.516700 5810.539100 6157.489600 5984.447900 6292.758000 6575.904200 6352.840700 6176.944200 6632.419800 6175.808400 6616.695700 6119.495600 6102.354600 6572.449800 6240.379900 6221.042200 5959.728100 6266.233100 6465.607200 6315.915000 5985.394100 6523.891400 6485.709800 6379.252300 6222.166800 6525.157100 6464.792300 6402.711700 6175.445000 6446.835300 6071.013100 6191.797600 6154.822700 6423.911300 6147.194800 6299.495200 6827.068400 6086.685500 6076.316400 5926.772200 6173.758700 6227.301200 6735.933300 6412.142100 6450.496100 6216.382300 6202.550100 6344.246500 6340.285200 6942.808200 6515.652300 6262.466400 6114.693100 5599.234000 6692.859200 6500.208500 6026.942700 6287.059700 6563.738600 6366.001100 6046.731400 6219.414200 6260.093500 6222.380400 6776.244800 6436.443400 6326.414100 6554.511900 6045.285300 6804.644100 6297.825300 5948.324500 6290.703700 6250.530200 6278.196300 6146.480300 5619.641100 6499.942400 6056.298700 6470.891900 6004.795200 6327.324500 6341.671600 6370.367500 6024.861700 6218.298400 6163.157300 6131.092600 6595.454400 6254.118700 6573.860800 6061.092200 6133.865800 6331.764800 6496.743300 6492.275500 6497.239900 6258.308900 6002.884600 6206.072800 6159.015200 6287.735000 6007.786100 6178.153300 6443.854700 6549.613400 6436.594400 5974.226700 6650.415400 6164.896700 6730.965000 
5956.454500 5845.983500 6360.284800 6883.336900 6163.393100 6020.109600 6289.425000 6469.186200 5636.853300 6108.448600 6833.197700 6140.213900 6150.158600 6657.161900 6464.210000 5979.800400 6068.144300 6212.340200 6497.111800 6170.257500 6406.880600 5876.516800 5985.763400 6090.990700 6462.036000 6193.247100 5997.733600 6352.416600 6651.413800 5824.433800 6878.585000 6480.987400 6382.563300 6736.066900 6091.895300 6408.389600 5938.856100 6293.328900 6256.762800 6614.154700 6018.733500 6180.236900 6458.220500 6550.526600 6069.592500 6295.199700 6275.415300 6324.472500 6018.560300 6352.725100 6227.107300 6333.731900 6172.912400 6482.527600 6337.243200 6723.991200 6378.045000 6332.041300 6728.159300 6228.819800 6264.398900 6280.033900 6333.461500 6426.015700 6222.172300 6639.093200 6594.288700 6167.006300 6705.214200 6543.416900 6348.810000 6152.822400 6434.549100 6490.310300 6340.404700 6362.243400 5827.509900 6160.432700 6432.724800 6289.089200 6482.129700 6373.435300 6533.324200 6333.655900 6591.878700 5987.126800 6229.869900 5934.507200 6356.158400 6261.158000 6011.588400 6267.183700 6162.797600 6266.115900 6605.225500 6316.034200 6095.996400 6478.625600 6363.907900 6371.737900 6112.520600 6124.373300 6479.930100 6362.299800 6246.265400 5940.899100 6437.866900 6360.440500 6181.012400 5938.748800 6558.979000 6745.012700 6600.679100 6102.038400 6412.775400 6664.616700 6396.045000 6057.539600 6493.604600 6054.172800 6492.027000 6147.117000 6308.839400 6099.810100 6372.422700 6646.783300 6172.370400 6301.407700 6117.556500 6092.059500 6465.196300 6671.219300 6183.740300 6522.391500 6217.424400 6187.648200 6265.860300 6130.560900 6659.714800 6620.328800 6222.831600 6354.914000 5706.121000 6584.070200 6386.550200 6124.422900 6234.838800 6646.363000 6403.554400 6100.733300 6271.572800 6188.761900 6406.774200 6621.079700 6228.031000 6375.413500 6301.857600 6151.666300 6598.273600 6286.449900 6095.173100 6145.536900 6299.131200 6120.125000 6185.689300 5396.400900 6674.061900 5823.190800 6385.169200 5980.078000 6548.931400 6327.648000 6385.521300 6172.377900 6069.085500 6109.948500 6148.891500 6797.412900 6371.885500 6497.779400 5996.739600 5774.085800 6343.494300 6559.511700 6668.803700 6536.112100 6393.437200 6083.338900 6395.848900 6007.563400 6160.171600 6008.967500 6293.998400 6356.170300 6690.602500 6478.781500 5929.963600 6711.360000 6301.644000 6699.781600 
5848.185500 5834.855700 6418.396800 6659.253800 6028.916500 6198.837200 5955.877000 6219.309000 5610.266600 6051.941600 6557.988600 6089.682900 5975.751200 6679.987200 6156.654400 6184.121300 6158.169400 6547.527600 6104.442200 5743.014800 6249.371900 5698.061400 5892.769700 6231.737400 6237.206000 6219.380200 5868.290800 6168.357200 6491.620100 5695.463700 6490.251000 6214.018400 6121.291300 6592.857500 5883.759800 6352.311300 5629.645700 6162.849700 6278.915200 6325.026700 5920.867100 5932.174000 6474.429400 6367.979800 6316.860300 6196.343700 6136.304000 5969.678300 5972.593200 6011.479300 6206.018600 5899.604200 6114.879200 6357.569700 6205.486600 6712.896100 6143.765000 6221.086500 6621.687100 6102.155100 6419.015400 6312.003500 6223.026500 6295.954400 5887.693900 6346.550800 6503.324300 6157.986600 6471.576800 6355.984100 6163.193500 6104.286800 6335.448400 6350.574300 6295.230400 6221.724600 5982.773800 5942.607800 6128.452400 5913.393100 6252.831300 6240.147700 6377.274000 6454.021800 6396.695800 6033.528000 6070.188900 5722.289800 6337.384600 6202.800800 5855.445900 6168.675700 6076.117800 6119.183100 6516.024900 6165.589800 6094.100800 6221.718600 6193.424400 6303.020700 6204.286200 6156.401100 6304.404200 6395.030400 6243.160100 5803.448000 6325.258400 6174.183800 6246.873800 5939.797800 6252.800700 6306.989200 6377.723400 6103.493600 6544.308200 6559.420500 6204.419700 6131.579100 6198.440700 5973.628200 6378.049000 5939.361000 6345.587800 6058.391500 6182.616500 6464.244900 6081.473400 6152.215400 5853.811600 6002.226300 6301.204600 6618.518200 6140.991300 6395.821700 6154.026800 6040.497900 6307.456800 6159.470800 6823.463800 6472.959900 6165.155300 6149.923200 5562.457500 6685.717300 6284.252900 5988.382400 6171.717700 6453.707200 6405.319900 5908.650500 6133.518900 6053.487900 6005.132900 6795.191600 6496.523200 6097.183800 6396.999800 6080.021100 6522.401400 5960.647900 5845.258800 6102.534600 5999.599800 6110.733400 6095.861900 5404.943300 6596.852400 5937.525900 6240.316400 5980.849700 6591.076500 6134.582600 6344.806500 5985.889400 5851.222300 6001.947100 6213.875600 6653.028700 6259.315000 6329.075600 5829.299700 5859.960000 6195.970000 6529.850700 6379.798400 6279.361400 6037.516400 5887.937400 6391.578600 5828.104500 6137.791100 6000.316800 6142.786700 6312.065100 6547.357100 6277.782100 5863.380500 6515.715500 6031.457300 6494.163200 
5863.542700 5485.566200 6331.436900 6480.826100 5973.854700 5864.908900 5871.020500 6104.625300 5259.253700 6048.362700 6402.850200 6039.505000 6015.925100 6497.381100 6152.046500 5927.166700 5827.898500 6342.439900 6014.689700 5756.725500 6250.233500 5734.690400 5830.378900 6050.497700 6071.410200 5981.125100 5943.079000 6120.713900 6390.220900 5790.416800 6496.412000 6385.963700 6022.565800 6389.176200 5854.021300 6361.658400 5779.798700 6039.942900 6257.692600 6129.844100 5809.247600 6000.968300 6191.656000 6319.890700 5955.569700 6078.632200 6142.764100 5723.531900 5828.255600 6073.114600 6103.153900 5859.771500 5882.887600 6122.084200 6248.254200 6411.509700 5995.357900 6149.190500 6469.171200 6013.704100 6317.990300 6173.881700 5988.286600 6009.845400 6056.778200 6390.991000 6410.562200 6153.582500 6325.898100 6080.199300 6013.106700 5872.168600 6076.475800 6137.911500 6195.984200 6152.294200 5866.143100 6010.259500 6080.648500 5758.990700 6319.308300 6157.961400 6210.138900 6156.823300 6321.215000 5784.666200 5915.162300 5919.113900 6108.417700 6051.041100 5689.725700 6064.551700 5983.522400 5891.095000 6355.740800 6018.550900 5923.328700 6347.299900 6090.096000 6164.068900 6094.548000 5902.506500 6145.820000 6126.493100 5943.110600 5721.213600 6362.512800 6299.730200 6112.603600 5723.416900 6167.405700 6423.814600 6316.078500 6082.152600 6455.855700 6312.131200 6196.015300 5990.277900 6262.915400 5864.664800 6202.041300 5836.153100 6263.821400 5873.594200 6180.824500 6245.519000 5791.517100 5974.696500 5734.820700 5868.621400 6234.528100 6609.058000 6184.485900 6170.348700 5956.272300 6026.490000 6224.488600 5913.654300 6606.593000 6256.819700 5827.236700 6144.938800 5527.416900 6356.042800 6354.777300 5760.521000 6021.076800 6316.752200 6118.443900 5970.388600 6228.753400 6219.804200 6012.106100 6465.168200 6072.977100 6159.919100 6217.860800 5963.964300 6307.758000 5925.497500 5857.055200 5938.830200 6196.847000 6116.245800 6018.350800 5259.092000 6457.378700 5873.537800 6153.160400 5896.201000 6412.362100 6051.886500 6177.881700 5921.761200 5718.915700 5866.054200 5874.134800 6572.058200 6124.958900 6110.421400 5779.829600 5856.415500 6168.251600 6349.547700 6228.487400 6130.276000 6348.100300 5880.735500 6102.807700 5950.875400 5970.709200 5733.825300 6075.462900 6185.057000 6372.578500 6032.996800 5936.051200 6443.355400 5873.331200 6445.788600 
5614.657500 5521.769800 5942.788600 6234.719200 5687.841500 5820.243800 5808.901200 6205.882500 5346.064700 5954.088000 6367.495300 5931.113700 5874.625000 6234.565800 6155.975200 5931.917300 5861.550600 6278.713800 5901.550500 5884.310000 5986.777100 5700.883300 5726.188500 5938.348600 6048.537800 5925.924800 5714.321700 6179.479600 6046.682900 5514.171100 6369.579100 6031.741900 6127.343200 6332.450300 5820.970800 6133.649200 5542.233600 6055.245700 5821.839400 6176.981500 5787.580300 6082.951800 6237.059700 6297.876900 5825.241700 5973.525500 5949.875200 5877.537900 5773.727600 5939.707200 6086.087600 5773.050300 5779.159400 6078.855900 5991.364500 6406.516900 5863.401600 6005.857000 6471.459800 5701.555800 5972.059100 5943.585600 6055.452700 6092.507100 5914.073900 6323.194000 6303.483000 5893.703000 6001.331500 6013.487100 6004.471500 5699.586400 6156.139700 5941.484400 5883.654400 6057.370000 5661.877000 5795.599300 5942.627500 5751.213700 6137.308100 5798.083200 5946.610900 6169.536600 6156.650300 5756.798300 5851.166800 5835.104500 5859.174400 5761.178400 5613.367400 5921.206700 5935.440800 5866.660000 6008.541300 5982.978300 5935.788400 6230.216600 5919.392900 5944.400100 5895.971900 5844.209100 5986.955100 6044.641600 5817.216000 5791.151100 6179.537800 6021.466800 6029.713400 5619.797500 6046.433100 6151.833700 5988.325900 5692.016200 6250.038300 6186.965300 5983.650500 5885.669200 6171.880200 5781.783400 6077.232300 5881.347900 6006.532400 5753.936500 5865.301300 6299.229700 5640.813500 5923.397900 5803.493800 5792.757300 6025.128700 6466.963600 6006.862800 6322.574400 5743.810700 5967.357800 6065.019500 5916.410900 6450.891700 6125.393400 5941.353100 5928.105000 5609.109800 6271.937100 6137.456200 5938.344700 5952.490300 6203.904000 5891.157800 5762.876400 5771.091600 6062.865000 5915.965400 6235.326500 6158.603800 5869.469600 5936.936100 5706.747300 6467.256700 6064.928400 5715.676200 5886.861000 6036.048700 5806.366900 5870.391300 5295.298400 6200.277700 5742.328600 6155.465400 5664.872900 6177.465800 5876.148100 6011.454000 5602.097100 5816.670500 5917.503500 5795.496400 6356.842400 6084.129700 6062.054200 5663.867700 5857.653800 6072.832900 6133.610300 6320.449900 5947.552400 6150.612300 6083.599800 6008.280200 5644.586800 5950.450100 5656.730600 6075.749400 6261.771700 6244.013800 5862.981800 5675.857100 6346.826100 5806.221000 6221.807200 
5821.680800 5577.931600 6211.606000 6663.723900 5833.535300 6051.713200 5888.773200 6160.743200 5602.444700 6011.320500 6671.390400 6102.960200 5858.069400 6599.790300 6302.560200 6034.717600 6108.938200 6061.774800 6159.094400 5949.582900 6201.028600 5796.791400 5857.454600 5953.353000 6303.206900 6084.446600 5802.888700 6269.494000 6459.337300 5677.910800 6751.102400 6237.677100 6208.430500 6440.226400 5851.774300 6328.450400 5731.445700 6373.177300 6155.172200 6297.723400 5907.212600 6057.672400 6185.544400 6356.213700 5932.478300 6128.776600 6247.793000 6044.017900 6028.095600 6215.539700 6207.677900 6037.057500 6010.586500 6260.762500 6323.729300 6769.934100 6124.063000 6106.176800 6601.325400 5774.790800 6314.681200 6072.082900 6052.924800 6247.286100 6086.864200 6518.883000 6394.232800 5972.835400 6439.095200 6306.292000 6078.177900 5985.864700 6327.227100 6184.299400 6201.445300 6254.530300 5871.460300 6284.105800 6105.256400 5889.515200 6199.902600 6215.371500 6051.558600 6264.601900 6273.085000 5997.660100 5701.448600 6088.952700 6190.393000 6216.933200 5848.367400 6176.013700 6108.833700 6126.804400 6574.443900 6014.761200 5819.141900 6300.361900 6311.818200 6281.566400 6143.005100 5907.515700 6281.179900 6064.986800 5957.110900 5852.923000 6202.939900 6136.926200 6239.385400 5872.732900 6341.562200 6588.062300 6150.715700 5929.347800 6420.932500 6420.602800 6258.524600 5927.977600 6322.583800 5771.451600 6256.728300 6041.037600 6087.244500 6113.302300 6426.824400 6479.123400 6025.109700 6044.338800 5847.591100 6010.080900 6281.836200 6576.536800 6139.988400 6431.178700 6086.053800 6059.933600 6256.154500 5908.838300 6551.541300 6197.274300 6157.558400 6130.520500 5535.604900 6442.258200 6417.752200 6035.744200 6082.972400 6687.316400 6113.636500 6033.612300 6152.086900 6021.667100 6047.266700 6467.980600 6402.170100 6337.415300 6133.607300 5992.590900 6391.064100 6035.426000 5658.801900 6136.147800 6168.874200 6053.489300 6003.746600 5387.449100 6577.989600 5645.121500 6342.657800 6022.215600 6447.898500 6053.950300 6309.400600 5748.370600 5922.040700 6037.139900 5853.486600 6641.889600 6325.707900 6244.042500 5784.573600 5787.213000 6140.955200 6410.752200 6424.712300 6252.195800 6165.571100 6001.248600 6307.001900 5694.710300 6002.654900 5903.330200 6209.387800 6237.352200 6382.830400 6356.242500 5982.109100 6558.436900 6227.442900 6473.807200 
5451.770900 5348.036300 5898.669900 6173.615300 5676.878900 5521.982100 5845.766500 5841.878900 5190.024900 5689.526200 6255.211400 5776.316400 5407.849800 6159.376500 5937.229900 5768.035400 5759.697800 5878.358200 5980.060200 5531.710000 5916.493000 5253.439300 5522.136800 5697.603900 5933.685800 5712.020200 5501.191000 5911.956700 6110.390900 5449.363300 6141.983200 5677.297500 5753.073600 6057.744700 5625.866400 5786.074200 5184.279900 5818.067700 5845.840800 5973.840600 5660.991300 5841.877500 5880.650200 6018.000700 5705.064500 5790.134600 5799.867600 5616.896100 5666.413400 5898.471100 5808.306400 5562.355700 5660.087200 5856.690100 5814.039500 6243.160300 5708.142600 5742.672300 6130.921200 5531.091500 5971.169700 5768.950200 5937.325700 5845.709100 5768.323900 5930.540000 6102.919700 5616.936300 5928.430400 5892.240900 5849.298800 5611.370000 5969.125300 5942.928600 5759.961800 5678.259100 5497.276000 5837.042200 5740.710400 5591.129700 5892.681300 5759.299700 5972.261800 5937.298700 5836.441100 5552.971600 5701.691200 5488.261400 6136.394200 5607.005700 5513.208800 5685.194800 5648.852400 5707.935800 5986.864000 5547.938900 5496.243200 5985.814400 5710.217500 5875.349000 5597.487000 5699.959800 5873.356200 6019.987500 5641.099300 5451.930900 5877.327200 5915.129000 5695.287900 5565.234300 6000.012300 5972.632400 5982.370800 5649.053500 6219.965800 5969.419800 5880.176700 5680.934800 6038.572700 5639.417900 5906.728300 5554.357700 5808.216600 5570.217000 6055.875200 6212.156200 5625.644000 5546.681700 5699.885800 5692.300100 5705.475600 6113.636000 5910.208900 5951.057200 5694.672300 5732.713500 5799.985500 5653.162500 6301.518600 5989.094100 5643.652400 5772.453800 5219.708700 6120.443400 5995.002800 5512.093400 5880.572300 6041.545000 5854.776400 5470.025600 5758.690600 5795.380700 5855.411200 6051.747100 5777.727300 5658.724600 5727.532300 5690.553400 6222.907600 5608.686200 5524.641800 5625.943100 5736.417300 5716.173700 5561.006800 4996.894300 6191.053400 5467.345800 5878.554800 5493.408500 6001.510000 5562.054700 5914.175400 5441.679000 5395.297900 5786.954900 5630.400600 6052.099400 5813.508200 5962.379700 5476.225300 5414.753900 5890.774400 6013.954000 5852.739800 5812.354700 5985.504100 5650.243800 5852.424800 5551.604800 6027.767200 5385.995400 5712.396400 5825.959900 5960.285500 5752.123200 5468.784200 6285.424600 5661.579100 5908.520200 
6021.459400 5692.674000 6287.926100 6707.125900 6080.713700 6018.778100 6047.177300 6357.813400 5725.276300 6130.111200 6459.939700 6078.707600 5933.075600 6530.849400 6231.101300 6000.942000 6020.629400 6475.682500 6277.775600 5720.558200 6443.918800 5809.158300 6055.905900 6209.277800 6113.911900 6160.093200 5857.269200 6359.962800 6321.568700 5990.759900 6721.140000 6215.956300 6274.905600 6718.156300 5894.039100 6326.208600 5680.156000 6244.481600 6348.289600 6331.322700 5952.060500 5965.371000 6473.828300 6473.575300 6100.424500 6386.153500 6203.178700 5951.966300 6095.319200 6206.166700 6321.942600 5968.509100 6163.799500 6355.983100 6244.626500 6840.721600 6193.758200 6515.540900 6602.016700 6281.289500 6405.768500 6105.979300 6240.097400 6179.290000 5969.804400 6280.137100 6445.140200 6085.076700 6351.098700 6467.435300 6199.862000 6063.034900 6317.892100 6374.034600 6160.019400 6115.205400 6086.085200 5981.668800 6397.595300 6211.971200 6468.880300 6159.790300 6313.144300 6307.250700 6477.414900 5966.397200 5950.912000 6036.353800 6315.087500 6079.190700 5882.624600 6020.830300 6060.758400 6110.525700 6573.793800 6215.555700 6152.851900 6564.444900 6011.910500 6400.537100 6047.701900 6115.902200 6459.907700 6456.518900 5898.410700 5926.993500 6456.801800 6342.196400 6175.723300 5948.186600 6372.804500 6369.598000 6397.935100 5876.593200 6467.338300 6373.987500 6464.889900 5989.978100 6339.462700 5916.776700 6209.005400 5949.443500 6151.892800 6020.975600 6210.913900 6445.762100 6078.205000 6214.907100 6105.258200 6023.170600 6176.875200 6738.097200 6382.063700 6425.506400 6138.920300 5941.869100 6197.697300 6151.351700 6809.034700 6418.034500 6191.804900 6058.751500 5573.624500 6618.190300 6436.274700 6129.758200 5876.733600 6392.760800 6261.045800 6011.762300 6178.780100 6195.190500 6208.154700 6571.136500 6212.079200 6193.051800 6396.971700 5979.487600 6729.788800 6016.022200 5891.857600 6098.504900 6109.226500 6090.791800 6171.051600 5436.579200 6721.549100 6238.075100 6263.674100 5890.749700 6446.628300 6086.024600 6062.503200 5864.315200 5926.985100 6077.388300 6105.945700 6576.387900 6301.837300 6478.206500 6091.665300 6061.432300 6114.478600 6464.013500 6465.698000 6170.129300 6398.603700 6112.910000 6415.511600 6023.392900 6313.835200 5950.005300 6180.211400 6368.341900 6390.327100 6329.472600 5972.359400 6625.263500 6013.029500 6577.598700 
5634.440900 5587.579000 6166.100900 6499.824400 5873.714400 6003.194300 6087.845500 6330.709900 5553.924200 5912.697100 6646.707400 5864.606700 5777.211100 6395.492200 6214.756600 5980.118200 6088.612300 6277.749200 5928.350900 5650.412200 5976.876200 5691.375600 5819.745800 5994.057400 6219.329600 6145.103600 5751.282500 6206.043500 6431.953200 5748.978100 6520.369400 6094.659500 6159.946900 6331.961400 5793.721700 6170.137000 5606.810800 6129.314800 6109.007600 6265.843400 5951.073600 5877.584800 6309.805000 6303.512400 6029.193000 6108.854800 6023.083400 5876.676400 5825.291500 6182.615700 6155.708200 6053.933600 5812.872200 6066.372400 6182.848600 6651.388600 6055.761100 6079.591600 6481.094700 5917.709700 6172.178600 6038.411800 6017.388400 6219.531400 5907.564600 6266.276000 6417.171600 6018.967000 6323.406500 6168.484600 6050.018200 6053.205600 6219.883700 6018.685400 6064.905100 6120.179600 5880.818500 6002.521100 6003.323100 5921.175300 6038.189200 6071.717200 6272.084100 6275.500800 6320.343500 5768.685500 5886.482300 5850.411900 5922.319800 6003.564600 5666.581400 6066.797600 6090.678200 6066.176300 6486.651200 6168.197400 5909.597200 6328.155100 6042.176100 6169.954000 5982.306800 6027.782100 6200.274700 6113.275700 5843.402600 5685.775200 6050.701200 6260.337100 6023.224500 5791.758800 6279.502400 6394.734800 5935.298300 6002.349400 6276.386100 6350.750000 6136.201000 6014.162200 6279.630700 5884.011600 6297.598800 5873.366900 6122.713800 6106.023500 6304.406700 6296.189700 5882.657100 5981.253100 5861.673600 5952.163000 6147.913300 6500.254500 5891.702000 6281.312500 5859.284600 5816.666600 6197.647300 5996.427500 6682.577800 6318.702400 6166.831800 6057.930800 5322.276900 6421.147200 6331.258900 5900.977200 5922.370500 6469.310800 5920.623300 5857.980100 5996.702200 6053.414900 6089.258600 6388.075200 6135.657700 6004.727800 6198.552000 5888.843800 6302.265900 6026.081700 5677.463700 5884.947400 6122.621800 6002.525600 5947.352300 5305.607700 6403.047600 5749.833100 6050.680100 5673.823100 6283.034300 6062.439400 6161.872200 5840.580200 5803.604000 5900.220000 5923.650800 6440.108000 6197.122600 6181.024900 5768.570300 5830.566300 6164.024600 6371.816900 6211.767200 6113.406900 6040.884400 5896.689300 6026.901100 5798.732200 6145.230300 5669.064200 6145.282100 6111.815300 6371.398200 6047.870000 5884.299200 6565.522700 6029.230000 6484.779500 
5730.193700 5567.281600 5921.693400 6333.346100 5729.018500 5709.026700 5928.514800 6182.626800 5202.525600 5663.308300 6410.161100 5922.785900 5981.487600 6331.209000 6134.467100 5838.060200 5887.021500 6036.729300 5988.840000 5681.055600 6025.525100 5504.921100 5833.335400 5930.018200 6015.794900 5924.731400 5712.671200 6153.520900 6151.867700 5661.646700 6336.308500 5842.342900 5990.400200 6346.941100 5867.273100 6105.059200 5695.975600 5928.516300 5966.679700 6237.136600 5551.421800 5864.273700 6302.196600 6356.472700 5949.883300 5856.541000 5779.107900 5860.489700 5837.821200 5960.313400 5777.720800 5613.274500 5842.818400 6130.732800 6121.054100 6304.461000 6041.326300 6012.354300 6452.497600 5905.268300 6093.746200 5921.654100 6016.354500 6226.259100 5765.732600 6111.610700 6383.292900 5810.435500 6313.237300 6183.945400 5921.433100 5792.071200 6115.284900 5968.207100 6063.042000 5800.491300 5743.657700 5962.517500 5981.668600 5818.856400 6041.550600 5851.979800 6141.961300 6064.584900 6178.954400 5838.630100 5849.459400 5829.449300 6079.153800 5853.090300 5569.437500 6086.422400 5811.251700 6003.100000 6322.282800 5964.734400 5892.765500 6141.338700 5811.723000 6096.044100 5873.072300 5839.654600 6160.826100 5935.497700 5700.444200 5443.207300 5998.290700 5896.178000 5809.912000 5683.958500 6105.304500 6252.289300 6112.468300 5826.539600 6359.419200 6075.222200 6132.401000 5642.294800 5968.729300 5638.273800 5981.163900 5783.266800 6078.767400 5777.670500 6126.109100 6295.794800 5846.861900 5752.445700 5760.145900 5718.398000 6000.940000 6566.367300 5886.288600 6172.392300 5657.647000 5749.736300 6086.061800 5900.659600 6409.447100 6168.129000 6067.070300 5995.831000 5257.701500 6162.576600 6099.671600 5755.239100 5888.878800 6218.284300 6036.707800 5824.138400 5695.176500 5790.071300 6023.256600 6350.632300 5998.904400 5942.699400 5978.806700 5785.292800 6383.711000 6037.530600 5618.238800 5808.136800 5906.591900 5825.001900 5804.291300 5215.382300 6160.604100 5812.256900 6010.518500 5815.958500 6265.637000 5977.807200 6211.007800 5821.532000 5757.125800 5789.591600 5842.274800 6265.481100 6048.632000 6105.799900 5659.198600 5778.449300 5921.230300 6136.777500 6165.365100 6101.500000 5979.105000 5715.282700 6124.026400 5754.392600 5877.414000 5634.856900 6010.854800 6063.176200 6320.283200 6156.380900 5621.872800 6204.404700 5797.936200 6456.712800 
6288.119900 6028.465200 6699.606900 6871.779900 6469.104600 6357.397800 6427.311100 6649.219100 5891.470500 6349.208400 6810.886900 6525.092700 6455.191900 7055.556800 6546.201200 6281.809800 6272.446500 6960.202100 6468.940200 6425.763200 6708.629300 6094.109800 6205.911900 6525.952200 6563.329100 6491.717700 6243.466800 6673.045600 6822.159500 5973.253700 6794.770300 6535.210200 6490.564600 6974.210400 6349.072600 6505.388100 5968.649000 6515.087500 6497.023800 6740.165000 6204.414700 6486.206800 6702.885900 6779.748900 6453.037500 6554.836700 6516.320000 6501.904300 6430.144900 6602.594200 6472.128000 6266.371500 6464.458400 6672.915200 6593.141300 7066.975800 6429.469000 6507.849900 7115.751200 6294.294700 6719.686900 6502.571500 6728.394500 6740.135000 6391.474800 6705.073100 7011.612000 6498.341800 6734.022400 6726.100100 6326.245700 6294.626100 6690.042100 6461.695000 6424.737700 6527.308800 6177.526000 6249.928900 6719.597200 6377.586100 6744.527900 6422.404800 6759.189000 6804.323500 6641.878400 6418.765400 6402.224900 6207.492700 6631.898300 6561.175100 6320.358200 6407.959700 6447.706900 6549.353300 6866.708800 6357.014400 6355.325400 6816.291500 6469.565300 6477.557000 6390.335000 6442.365800 6595.815500 6590.002200 6356.076600 6242.112300 6574.797000 6523.108100 6573.112800 6070.198500 6909.439900 6774.511300 6779.217800 6252.242800 7020.281400 6766.747500 6701.927400 6013.293700 6698.914100 6157.410600 6642.662400 6312.809700 6564.424500 6451.063700 6453.284700 6816.624500 6273.571100 6466.797100 6224.294300 6365.079300 6532.214500 7047.273300 6746.162400 6913.651100 6476.777800 6299.889200 6565.342500 6440.605400 6933.622700 6688.200800 6445.990700 6586.440900 5879.957600 6841.747800 6619.743500 6357.562200 6454.011100 6954.712300 6618.438400 6340.254300 6470.311700 6528.005600 6471.109800 7175.200000 6583.599600 6551.468100 6464.593400 6372.864800 6901.047800 6376.788100 6030.894800 6512.572000 6413.383000 6465.528900 6346.749400 5745.093000 6977.599000 6234.498100 6676.310200 6276.278300 6930.137800 6427.181900 6874.203500 6126.600800 6254.514400 6348.903200 6302.057300 6948.980300 6575.461100 6673.158100 6160.391400 6332.463100 6527.736300 6684.565500 6705.560200 6652.934200 6524.046900 6334.412900 6707.823600 6049.933200 6428.428100 6318.593500 6522.980500 6885.163600 6813.499900 6599.856800 6222.496100 6876.319800 6375.554900 6712.894700 
6036.536500 5879.972700 6469.236300 6834.911300 6125.536100 6266.172500 6354.188500 6545.053600 5595.366400 6260.302300 6812.721000 6217.882300 6198.992200 6693.190900 6573.135000 5896.583800 6187.360000 6548.848500 6365.910700 5977.177500 6510.773800 6187.237000 6173.184700 6160.162200 6359.904900 6487.185800 5852.761600 6627.971500 6730.211600 5874.774500 6830.153200 6416.174700 6371.787400 6804.375400 6151.996400 6630.748100 5891.228600 6281.115400 6591.862500 6524.323800 6175.461300 6356.712100 6481.648300 6645.021300 6112.892500 6339.733800 6338.141400 6303.198300 6201.036900 6441.148000 6372.931300 6254.308600 6255.052300 6217.302300 6227.199000 6997.188600 6325.315000 6442.806400 7002.156500 6078.918700 6397.533200 6290.514300 6473.607300 6540.287700 6316.383500 6606.409500 6656.974000 6353.765100 6493.806100 6536.240000 6320.526300 6315.024600 6477.533700 6293.692600 6312.680500 6421.875500 6135.657400 6272.958900 6470.361900 6326.014900 6370.221600 6522.214500 6642.219400 6552.861300 6543.436400 6203.421500 6123.073900 6036.260600 6478.767200 6464.437800 6070.681300 6333.488600 6233.809300 6272.833300 6658.261300 6475.918800 6336.775600 6543.843100 6427.521900 6477.127400 6140.103400 6364.669900 6389.206400 6366.505700 6155.976000 5972.426400 6573.591200 6662.945700 6346.905400 5956.010500 6686.942500 6708.436300 6539.930800 6176.427000 6603.809900 6661.896300 6461.839900 6086.533500 6641.640200 6206.906400 6509.737100 6201.828500 6526.260800 6186.321100 6428.057000 6691.631900 6133.544100 6432.661700 6125.536600 6241.627300 6395.210600 6885.878400 6284.927300 6609.716200 6377.986300 6247.367200 6269.790800 6262.205500 6854.964100 6631.958200 6409.642100 6450.082600 5644.381200 6551.534600 6547.723100 6076.160600 6164.553300 6532.847200 6506.891600 6123.430200 6231.923700 6261.530400 6404.874000 6717.935500 6399.904400 6333.862500 6457.507800 6069.367600 6655.980600 6150.956100 6090.775900 6101.819100 6322.928600 6205.250500 6186.316100 5306.387500 6771.293100 6179.139600 6265.096000 5856.112900 6843.429900 6326.354600 6419.067400 6025.426700 6175.606600 6269.192700 6303.637200 6736.356900 6556.101100 6695.166300 6323.830000 6018.937500 6294.388300 6519.751400 6766.896600 6492.796400 6305.153600 6178.811700 6560.794900 6133.255400 6465.938700 6012.505100 6307.702700 6489.795500 6732.889600 6336.415600 6056.894400 6919.907000 6339.448300 6771.077500 
5925.418000 5338.306200 6280.864500 6470.495800 6097.482600 5908.332600 6069.697200 6050.722500 5354.350700 6159.374300 6592.237700 6092.605000 5829.027400 6297.637000 6306.143300 5903.569600 6043.548700 6337.410100 6060.989700 5879.270400 5971.572600 5718.214600 5864.774600 6149.434600 6073.389400 5924.388300 5737.969000 6287.522000 6348.261400 5828.895200 6579.967000 6227.026400 6098.124700 6415.187600 5794.593600 6201.291400 5375.275000 6165.065400 5997.681700 6313.611900 5891.102700 6014.873500 6195.760400 6417.294600 6028.018500 6148.801100 6242.063700 5920.330600 5951.167200 6025.035100 6229.491500 5838.822300 6098.701200 6174.035400 5942.751000 6493.480300 6047.586000 6079.540500 6566.514900 5966.256500 6221.138800 6128.374500 5826.847500 6155.394500 6029.911800 6346.886800 6489.094400 5937.339000 6489.327400 6114.881900 6213.669700 5943.203900 6205.446600 6105.551100 6097.048700 6073.062100 5677.898700 6027.217100 6030.186700 5931.776500 6283.571000 5989.452600 6043.377700 6324.707300 6193.319400 5731.870300 6026.717000 5935.266600 6371.589600 6056.838000 5640.498300 5952.777100 5976.002100 6241.509900 6040.829700 5975.291900 5875.901700 6302.589500 6060.823700 5968.802600 5950.276800 5905.089700 6232.397100 6013.279300 5870.605200 5866.032900 6143.288700 6284.450900 6058.645800 5876.786900 6237.372400 6359.991300 6248.868000 5928.894300 6414.881100 6366.823700 6186.937000 5849.730500 6159.335600 5737.265200 6219.330000 5941.560000 6333.020200 5872.920000 6079.614500 6383.296300 5936.526400 6070.696700 5859.582800 6059.497700 5881.110300 6524.495600 6102.888100 6326.116200 6009.975600 5997.051200 5978.169400 6060.964700 6653.962800 6346.032300 6016.296300 5931.819700 5466.578400 6416.852600 6119.151400 5854.347700 5994.809900 6263.985900 6173.753200 5865.647600 6024.428500 6128.623300 6108.535600 6425.194700 6162.254500 6111.378700 6175.563900 5831.426200 6493.575100 5965.720700 5876.066100 6036.277800 5969.730300 5985.783900 6015.530600 5504.529800 6404.819200 5835.941900 6048.889000 5686.705300 6398.393400 5948.885400 6119.901800 5752.422300 6084.915700 5919.716800 5932.336200 6273.655000 6121.029200 6353.989900 5821.645700 5839.044200 6154.936200 6416.450500 6246.256400 6222.046500 6137.608200 5961.935700 6087.265300 5909.937800 6067.515500 5635.627000 5945.012700 6159.298700 6143.713700 6085.957300 5830.143100 6490.411000 6075.292700 6414.654200 
6012.741900 5748.726500 6452.940700 6784.829100 6110.547300 6102.758400 6163.241500 6413.551500 5425.894200 6056.235300 6769.786900 6295.126800 5937.860400 6533.794000 6345.957800 6091.879400 6256.427100 6392.395000 6311.511200 5851.183000 6261.621400 5785.560300 6062.670600 6155.888500 6218.517900 6244.374900 5990.782800 6353.315100 6464.309900 6009.525100 6676.712600 6329.477600 6190.964400 6570.371600 5879.150400 6314.225200 5749.199600 6326.112600 6335.504200 6408.650300 6178.537300 5915.624700 6358.843700 6574.578800 6173.774700 6374.465400 6105.178900 6309.317800 6050.319500 6263.924900 6299.557600 6008.509200 6321.828100 6306.874200 6601.170000 6859.880800 6289.803200 6257.142800 6627.851200 6071.773100 6525.346500 6258.975500 6289.119300 6287.585000 6111.567000 6544.493500 6718.788000 5980.398800 6437.503600 6468.957400 6219.387100 6037.457300 6270.188200 6403.821600 6216.538600 6271.610500 5929.453000 6162.124600 6302.018500 6082.178900 6458.454000 6158.118000 6372.420900 6535.419100 6439.673000 5946.244300 6113.550700 6235.329200 6379.619700 6212.534100 5810.419900 6184.679500 6190.451200 6242.222400 6775.994900 6267.477700 6052.209900 6384.436600 6188.480100 6386.563600 6298.401300 6247.615300 6332.488200 6298.940100 6013.091500 5777.438300 6370.739000 6443.578000 6109.720300 5854.312500 6490.807800 6779.895800 6505.355300 6086.016200 6571.344100 6579.357400 6513.123300 6060.643500 6341.225600 5863.647700 6488.371300 6075.123400 6524.312300 6065.101900 6445.960000 6623.554000 6004.131500 6283.093000 5907.636000 6156.756400 6310.929600 6764.810700 6156.445800 6543.474200 6129.575500 6089.171000 6484.055400 6133.841700 6762.414000 6325.229100 6200.445300 6107.780400 5570.869800 6728.445800 6498.684700 6136.431300 6023.332900 6460.967000 6304.886800 5974.020900 6285.532600 6257.201200 6232.012200 6492.249300 6297.813400 6353.037500 6250.535000 6139.327000 6613.017100 6291.905100 5858.521200 6031.575000 6289.073700 6102.976300 6067.530300 5461.044100 6743.666700 6014.496500 6311.923600 6160.724000 6464.644000 6520.672700 6384.969300 5961.720200 5896.238500 6190.308900 6070.348600 6653.288400 6322.318000 6411.905500 6105.165600 5960.759400 6303.245600 6499.142500 6467.265400 6383.533800 6284.741500 6080.512900 6362.786700 6005.378300 6381.125700 5763.992100 6271.723800 6271.684500 6407.997900 6292.143700 5889.601600 6694.234600 6130.026600 6529.142500 
5589.264000 5246.724900 5996.757300 6085.685300 5708.238100 5777.048300 5824.174600 5887.303800 5193.847500 5687.349200 5909.234900 5777.085800 5557.910500 6060.135100 6078.978900 5674.572700 5699.407000 6156.234400 5836.337400 5584.600500 5973.336100 5613.711300 5488.429900 5646.399300 5841.114000 5858.304700 5606.587500 6106.079900 6096.897600 5613.012600 6270.736300 5816.680100 5772.392500 6093.849900 5728.743100 5971.130200 5183.001700 6014.499800 5780.325200 5878.850000 5510.137800 5706.984200 5970.900900 6172.299400 5744.974700 5778.305600 5799.576600 5652.689100 5712.021900 5915.982000 5955.422700 5528.229900 5916.134500 5872.388100 5723.876800 6454.560700 5755.241200 5932.439400 6191.350700 5627.737800 6101.169900 5729.547600 5761.593900 5825.103500 5597.794000 6007.079100 6081.289000 5856.976000 6153.232500 6164.288900 5653.678800 5550.913300 6070.659300 5791.449300 5990.374700 5902.664000 5562.729200 5849.254400 5864.142400 5644.261700 6240.883900 5699.496400 6030.494900 6172.262200 5902.556200 5649.397200 5679.931600 5568.148800 6028.046400 5785.338100 5446.991400 5679.662100 5498.032200 5756.749500 6033.844500 5966.493200 5738.580900 6059.358000 5937.604100 5901.856600 5764.241000 5552.228100 5939.693200 5824.125800 5672.572400 5465.490400 5881.579100 5933.122300 5734.818400 5490.232300 6237.220900 6118.290400 5887.359700 5707.891700 6154.583000 6082.879200 5809.099800 5719.877700 5929.367900 5454.079500 5988.263000 5635.407400 5995.613000 5742.728100 5766.814700 6182.404700 5607.071800 5761.846400 5734.870500 5715.217200 5821.027300 6441.628200 5882.818100 6128.759100 5742.332500 5693.668200 5927.684700 5621.600800 6231.413100 5777.175300 5813.054600 5843.169800 5322.078200 6168.523700 6054.556100 5735.466400 5703.146000 6017.649300 5992.730400 5594.814600 5804.025600 5774.140800 5769.083300 6241.114500 5831.728900 5800.546800 5899.187000 5752.114200 6123.138900 5785.345900 5342.021100 5438.438200 5720.785000 5603.745100 5672.335400 5201.050800 6052.548600 5432.795200 5682.649100 5605.235200 5996.660500 5658.785200 5986.334200 5553.564200 5515.679700 5625.692400 5721.539200 6025.966900 5948.640700 5937.532000 5597.334800 5596.667100 5881.547700 6086.648000 6099.655300 6003.973700 5915.199500 5616.230700 5947.081800 5512.977500 5828.414000 5687.545400 5766.995500 6003.477700 6108.822300 5941.327900 5553.735200 6207.724900 5813.050900 6143.161300 
6014.542200 5882.143800 6370.943700 6611.855300 6052.057000 6125.006200 6162.975300 6529.553400 5541.684800 6073.714100 6691.856000 6220.226400 5824.139400 6774.427400 6322.699600 6164.345000 6288.288000 6333.106300 6468.030300 6197.434300 6363.775600 5814.974300 5946.726300 6329.188300 6399.897000 6127.057600 6148.357100 6450.123600 6519.980700 5738.485800 6773.548800 6371.718900 6198.502500 6688.198400 6095.004400 6556.376600 5979.564100 6438.872700 6360.161000 6547.598600 5977.111100 6170.846700 6318.121700 6672.060700 6380.043000 6378.172100 6249.920200 6201.963700 6197.054600 6147.221700 6240.397200 6071.640200 6162.341900 6282.279600 6346.342400 6725.225100 6158.694600 6284.529600 6801.090000 6079.062600 6426.169500 6369.740900 6309.870400 6486.689300 6112.800100 6620.629000 6867.961700 6181.444900 6621.825500 6392.237800 6168.171500 6111.504400 6527.193300 6382.874100 6157.409700 6258.704000 6067.182300 6147.880800 6303.808100 5906.379900 6450.896900 6205.683300 6535.805900 6600.310500 6332.159600 6215.061800 5877.242700 6014.701900 6125.364500 6310.513400 5970.070900 6323.023100 6256.455900 6214.496400 6564.041700 6188.928200 5878.240000 6503.885400 6360.283700 6350.027600 6261.823500 6221.116400 6515.771700 6303.744000 6159.341400 5904.871000 6396.064100 6400.063400 6115.041800 5873.147200 6451.755600 6687.034800 6485.135800 6087.720400 6389.894900 6594.398500 6357.427400 6078.060000 6373.285500 5998.185100 6545.434200 6048.718500 6484.165200 6194.846700 6431.637700 6700.705400 6150.632900 6380.544600 6086.985900 6260.464300 6316.250700 6781.583400 6185.781600 6669.995400 6022.108600 6134.422000 6535.999700 6194.775300 6738.133000 6480.715700 6326.736200 6303.010500 5621.171900 6567.140400 6520.051200 6051.075300 6199.555100 6605.478600 6524.151000 5982.539300 6131.266900 6291.974400 6332.793800 6725.771600 6399.896400 6375.230100 6314.896900 6049.099900 6604.456300 6144.980300 5984.998300 6283.358800 6306.282700 6180.859400 6261.685500 5431.404700 6623.160400 6086.402200 6483.260500 5949.242100 6475.726800 6218.048300 6502.351200 6057.137100 6032.497000 6122.120400 6172.789300 6652.787100 6544.715500 6409.005200 6077.238000 6217.910600 6285.569300 6395.504300 6615.512600 6452.065900 6384.206100 6087.806000 6373.993600 5990.521000 6172.949200 5937.652800 6341.614700 6407.588900 6487.959800 6242.916700 6117.245300 6671.217500 6134.528800 6542.240300 
5596.077700 5419.840700 6071.385900 6351.755600 5685.357300 5725.249200 5809.314600 6035.855700 5360.407500 5865.732900 6367.427200 5758.965900 5660.971300 6306.354900 6021.432800 5745.391400 5918.507800 6109.687100 5719.310600 5660.800800 5973.970300 5591.599100 5560.002300 5703.708500 6101.664300 5904.300200 5628.381100 5990.484700 6165.772300 5417.670400 6391.700800 5911.639100 5892.916600 6276.405500 5757.147100 6108.172700 5456.784500 5852.771800 5923.724300 6171.041500 5778.815600 5982.736500 6092.731800 6156.278900 5836.029400 6029.058500 5929.831600 5783.423300 5750.898000 5933.443000 6030.222900 5824.768700 5747.953700 5855.983400 5903.356000 6469.837300 5744.618800 6060.023800 6409.614300 5648.382500 5983.853300 5920.988000 5944.245600 6039.207000 5668.515500 6134.597700 6216.870100 6039.106100 6085.113100 6116.320400 5933.320300 5580.664400 6125.280700 5828.122100 5981.500900 5978.564000 5596.149500 5698.401900 5961.235000 5696.799500 5965.546000 5951.375200 6067.876000 6345.560500 6209.100100 5832.598100 5658.092500 5747.022600 5986.680200 5819.925900 5413.245400 5945.565000 5836.812900 5630.397100 6092.863400 5921.240900 5698.586300 6161.622800 5766.175600 6028.677300 5710.620700 5719.379000 6182.568500 5920.946200 5817.449300 5588.235200 5859.064400 6087.037600 5912.107300 5622.837100 6063.033600 6181.259500 5887.315000 5899.225100 6315.027800 6189.859100 5972.912800 5825.920500 6162.835100 5779.048400 6000.688000 5621.612300 6075.450800 5966.546900 6123.356400 6325.625400 5701.984900 5821.201900 5662.222400 5849.203300 6111.415900 6393.313300 5969.043700 6121.181700 5981.553200 5734.617700 6029.153000 5898.478300 6312.442700 6036.386200 5892.992200 5865.858600 5280.901900 6304.802700 6072.950600 5683.694800 5943.701700 6126.518500 5975.546700 5713.967300 5973.863300 5871.185300 5925.208500 6400.106500 6056.426700 5953.912000 6048.300200 5662.782500 6190.961300 5662.694000 5497.947500 5861.131800 5886.992200 5667.839000 5891.492100 5231.708200 6281.575100 5523.950800 6043.910100 5614.778900 6016.894600 5838.217300 5920.753800 5596.702500 5794.139900 5919.868400 5714.295000 6388.217000 5933.658200 5996.905800 5697.281300 5746.380300 5912.106500 6141.000000 6056.318100 5786.458200 6009.640900 5858.516200 5969.460900 5676.050800 6012.692500 5667.789100 5921.549100 6083.862900 6332.302800 5910.982500 5834.618600 6360.924300 5844.280800 6408.864800 
5951.972100 5940.601100 6464.469400 6735.028200 6236.526800 6055.410700 6134.146200 6562.357800 5685.907600 6166.655200 6805.365000 6156.326000 6157.908600 6654.916300 6491.507500 6196.974800 6249.456900 6574.607100 6216.818000 5995.111500 6553.453400 5926.658500 6132.193900 6373.808600 6311.416200 6199.937100 6036.228900 6548.685300 6623.793000 5790.353300 6816.831700 6220.765400 6333.770000 6598.177300 5929.314800 6440.643200 5759.224800 6348.696800 6279.629000 6526.204700 6057.103800 6247.854200 6674.433900 6442.207600 6211.403700 6124.487800 6175.150600 6190.744400 6039.116600 6366.725600 6362.864500 6080.018500 6205.330600 6440.848100 6343.821300 6776.285600 6335.581800 6234.795000 6831.973500 6126.371000 6446.473900 6370.424000 6423.607300 6541.313300 6129.078600 6501.651100 6573.911900 6037.819300 6527.953800 6438.106500 6308.244600 6142.311200 6531.304300 6130.098100 6260.821100 6282.985100 6065.124100 6281.320200 6346.940800 6177.340200 6422.110400 6355.026500 6415.447100 6346.085100 6497.597500 6003.368600 6160.141700 6119.534400 6497.300900 6347.460700 6069.041800 6361.612500 6388.459400 6372.182800 6510.735000 6310.364600 6239.073900 6594.934500 6232.590200 6306.891800 6350.317000 6369.605500 6565.174100 6394.361700 6087.542400 5824.500600 6483.766000 6403.884100 6398.732600 5970.276600 6331.652800 6605.468200 6403.179400 5964.020100 6516.672700 6604.903300 6461.508200 5974.854100 6427.185100 6003.126200 6540.948700 6092.278600 6285.999300 6169.931900 6407.664700 6687.849100 6221.224500 6190.972600 6188.028700 6175.072900 6293.933900 6717.964100 6210.251200 6440.417700 6408.084200 6030.719400 6414.904800 6147.139600 6859.362900 6521.759200 6289.489800 6393.849000 5802.385700 6801.542700 6456.843200 6206.793800 6201.521700 6705.380100 6263.038900 6141.426800 6106.437100 6448.377400 6305.844000 6653.887200 6457.555300 6265.854000 6393.109200 6254.969700 6692.832800 5994.813100 5898.772100 6352.848000 6282.856300 6011.327500 6259.563100 5384.526800 6686.036900 6199.269500 6419.316000 6188.887400 6528.182700 6156.851400 6468.804000 5977.139000 6139.326600 6244.539300 6123.350300 6736.083800 6440.788200 6394.114700 5989.467800 6073.100800 6330.749200 6588.142900 6491.884600 6256.072500 6384.455200 6173.847500 6412.797900 5968.133900 6329.443800 5981.842500 6192.402900 6471.102100 6593.669400 6385.669200 6027.464400 6701.802700 6147.649000 6531.146500 
5671.373100 5682.299900 6160.993800 6329.401800 5934.014800 5989.841200 5929.797100 6364.990200 5400.537500 6008.012100 6571.600900 5951.590200 5994.608500 6213.286800 6112.834200 5948.965200 6017.149300 6421.334900 6037.486100 5748.205800 6072.546200 5822.504900 5726.983900 5966.894600 6034.677900 6095.301900 5887.498700 6355.174200 6254.903600 5739.018200 6523.306500 6064.702600 6176.007900 6320.579100 5776.030400 6236.028100 5484.525300 6121.512400 6037.989900 6178.465700 5951.744200 5830.354500 6346.665100 6454.470800 5824.821600 5969.453100 6008.784200 5804.049900 5965.663000 6246.447900 6155.654900 6084.440200 5972.265000 6191.277100 6229.667300 6569.866500 5991.897400 6222.723200 6557.774100 5978.104200 6161.149400 5892.717800 6175.476100 6160.979600 5948.241800 6264.273300 6293.531400 5968.632000 6153.612800 6079.752300 6065.457900 6033.616100 6294.444500 5904.654100 5881.217100 6096.548100 5676.831200 6027.294700 6230.870400 5963.604700 6284.531500 6200.099600 6014.091200 6216.771200 6344.541800 5789.663300 5828.465700 5759.701800 6264.381400 6093.651700 5698.547200 6037.926200 5911.141100 6104.564900 6557.110900 5985.017900 6053.426400 6132.313700 6069.663900 6115.513700 5813.075600 6045.310300 6152.425000 6145.409300 5753.763800 5759.650400 6184.311000 6157.934600 6192.240400 5651.184300 6520.026200 6436.580700 6093.249900 5892.665400 6248.142400 6379.045900 6308.310000 5668.937000 6324.793600 5790.553200 6130.385100 5824.703200 5936.345200 5879.708600 6180.310200 6512.778100 5898.869100 5852.824300 5855.463500 5955.399500 6211.090300 6422.033000 6222.403800 6354.444400 6168.673300 5806.512400 6145.549500 5931.819000 6467.858600 6350.351500 6108.934000 6164.752100 5466.641200 6416.972000 6371.674000 5943.236000 6109.770300 6168.251700 5973.741800 5996.554200 6137.879800 6082.371700 5979.635100 6569.639100 6131.031200 5850.103300 6254.204700 5943.405100 6468.738900 5982.854100 5692.790200 5941.536800 6110.709900 6050.002500 5939.012200 5227.870900 6453.253300 5822.282500 6128.705200 5704.578700 6308.642800 6073.312000 6019.161400 5696.421100 5920.157900 6016.418200 6094.573400 6525.682300 6155.401100 6166.386400 5632.891200 5732.040500 6180.537000 6514.795500 6397.543900 5975.669500 5850.274500 5881.836400 6418.192300 5809.974500 6094.130600 5844.307200 6085.116100 6317.133600 6225.076500 6138.337500 5765.917300 6685.562400 6095.513300 6337.070400 
5986.444600 5620.117300 6211.609500 6765.507800 6075.322800 6180.550300 6158.373100 6437.769400 5491.563700 6148.517900 6603.794800 6281.248100 5874.900800 6506.801900 6419.201800 6067.086400 5976.640100 6624.071800 6290.204400 6068.891900 6293.882000 5840.230500 5907.271400 6190.508900 6322.985500 6294.168600 6031.173900 6372.132100 6372.607300 5685.351500 6483.250700 6444.944500 6112.175700 6667.662700 5981.367000 6297.110500 5639.083600 6131.111500 6206.015800 6388.540800 5941.992300 6203.029100 6486.293900 6434.197700 6122.374000 6255.784400 6173.237600 6206.209500 6054.170000 6117.640800 6368.650700 5936.387000 6364.299900 6320.310900 6137.758400 6798.044700 5938.784600 6177.197400 6690.608000 5988.200600 6471.073400 6099.387300 6202.013800 6285.302200 5956.512400 6453.913900 6643.997000 6027.292300 6441.813600 6387.623800 6273.271900 5910.040800 6488.012400 6297.337800 6153.569800 6072.558100 5913.360600 5993.560900 6189.465300 5986.184000 6361.058200 6313.444200 6611.298800 6295.021200 6415.460800 6365.160000 5890.755800 5931.391600 6238.040100 6067.285300 5905.370800 6030.879200 6015.401700 6161.627500 6430.425000 6368.347400 6033.241200 6445.548800 6279.129600 6325.329800 6023.109400 6118.588100 6296.062600 6410.209900 5852.717100 5859.726700 6262.137700 6450.464800 6267.417300 5862.124300 6355.040400 6511.400700 6362.688500 6181.675700 6575.415700 6588.190800 6312.002400 6018.677200 6441.184900 6041.923400 6296.486300 6051.693100 6479.096200 6078.480100 6264.431500 6450.425100 6050.116600 6105.614600 5809.054800 5919.626300 6313.245700 6930.156000 6228.116400 6563.038600 6142.197300 6068.110700 6384.849800 6181.923700 6629.630900 6459.088400 6137.103500 6256.805700 5380.678400 6594.648600 6431.993900 5976.632000 6076.461600 6427.741600 6261.517900 5888.472900 6067.692000 6096.209400 6105.427000 6788.432000 6242.448600 6221.329100 6348.262200 6092.580700 6682.061600 6125.141100 6018.297200 6083.286200 6205.803400 6274.252100 6106.664300 5482.967000 6461.252900 6076.923600 6277.968100 6033.164900 6537.241500 6048.364100 6317.758800 5879.344600 5898.436200 6320.449400 6092.670900 6598.229100 6358.190500 6281.288800 6069.715400 5990.904000 6417.107900 6521.327800 6652.212100 6195.038200 6203.144100 6097.567900 6363.499700 5978.235300 6325.109300 5921.786500 6474.184300 6459.932800 6658.433600 6243.045900 5837.422100 6620.451900 6072.548200 6457.465900 
5172.785000 5070.118500 5678.926100 5933.940200 5316.372600 5317.995200 5383.505100 5418.100300 4776.038200 5270.749800 5774.677700 5465.900400 5289.772300 5791.855400 5570.285800 5213.656600 5535.654200 5558.619000 5388.752800 5227.902600 5664.235200 5209.000700 5160.123000 5471.677800 5595.877600 5475.952500 5041.306800 5581.510100 5751.323600 5187.383200 5971.398300 5377.140900 5464.680800 5865.973700 5318.144000 5570.136900 5035.979600 5473.709300 5356.098300 5653.794500 5258.307400 5426.277700 5490.763500 5651.375300 5216.369400 5428.614200 5440.295400 5410.346900 5393.353400 5510.648100 5377.632500 5315.036300 5377.294100 5441.955400 5569.819600 5935.792100 5510.403000 5529.451400 5878.353200 5378.300100 5664.300700 5451.606500 5441.385900 5600.704500 5400.632900 5707.147900 5754.617900 5572.725600 5705.541300 5609.937900 5244.664300 5531.861500 5551.215800 5578.100800 5407.375400 5367.933100 5419.358500 5357.797200 5530.196500 5321.130800 5714.899300 5365.116600 5701.139600 5796.492600 5554.023800 5231.288100 5374.384600 5396.724600 5696.222000 5612.947000 5083.727000 5479.845600 5413.011000 5667.189300 5695.481200 5379.082300 5261.020600 5643.210500 5639.961700 5549.386200 5371.664300 5341.003200 5488.022600 5582.951100 5317.996400 5292.824000 5555.260000 5718.333200 5534.350100 5105.355100 5643.620000 5662.690200 5633.912400 5434.642800 5731.475800 5698.098100 5722.941700 5184.143200 5597.638700 5339.348400 5596.632800 5430.912900 5610.724600 5341.944900 5460.227400 5926.326500 5242.547800 5507.397000 5274.855400 5467.093000 5452.849600 5833.579900 5591.082100 5561.836100 5411.764100 5446.499000 5476.279700 5472.415000 5921.946500 5695.217200 5456.424700 5300.222300 5015.624300 5875.077200 5560.712100 5285.786900 5241.783800 5761.645100 5641.955100 5343.928100 5372.566700 5383.815900 5388.341500 5694.325600 5693.058100 5553.762400 5655.180900 5168.940400 5702.969200 5388.823000 5188.656900 5245.166700 5276.789000 5323.710600 5483.496800 4657.973800 5863.105500 5274.152500 5541.814600 5317.602600 5751.612700 5686.569200 5762.087900 5198.717400 5464.012300 5337.880200 5291.149300 5833.712900 5754.769800 5530.179100 5291.365000 5202.331000 5514.324200 5831.516900 5588.544000 5695.852000 5488.484100 5317.727700 5589.221300 5345.792900 5438.017100 5218.906800 5459.069900 5733.055100 5650.535700 5629.848200 5289.510100 5886.408600 5209.384300 5645.541300 
5768.098500 5870.327800 6220.370900 6653.446800 6229.289700 6042.080100 5936.362600 6443.189600 5541.792300 6164.107400 6582.157700 5957.512300 6235.032600 6489.300300 6419.105100 6073.438300 6099.717600 6318.797000 6247.046500 6086.773500 6271.884400 5859.704700 5910.331800 6034.663700 6313.129800 6180.907500 6119.295700 6464.889200 6611.382600 5897.026200 6631.369400 6282.982300 6211.937100 6715.877900 5986.566300 6354.259600 5674.540700 6176.911800 6213.568200 6318.380800 5840.979300 6276.560900 6295.393900 6531.611100 6256.407600 6404.162000 6109.801800 6186.914000 6135.872400 6277.292500 6369.162500 6101.228100 6095.250000 6321.608000 6052.957300 6767.567100 5933.200800 6248.906500 6703.910400 6062.002000 6277.021600 6055.846200 6433.400000 6504.737900 6066.929700 6471.829700 6611.650100 6235.580300 6338.241100 6244.448700 6203.018800 6050.570800 6405.813000 6157.728700 6282.447500 6292.548300 5986.691600 5983.993000 6250.401900 6100.013000 6432.414400 6337.273700 6431.862800 6506.294100 6623.090600 6050.123700 6059.932900 6018.300700 6213.312200 6352.777200 5891.250200 6287.898900 6081.745700 6205.001700 6519.443800 6228.353100 6072.496500 6377.629400 6215.738200 6266.016500 6158.067700 6095.646700 6380.532500 6326.762900 6198.329800 5859.496700 6396.639500 6494.963100 6159.818200 5818.645200 6485.270500 6504.196100 6290.050800 6184.434100 6566.526400 6487.318800 6424.406700 6104.137700 6406.614100 5914.612600 6287.335600 6197.367900 6333.939400 6174.310000 6206.945600 6882.827200 6197.745800 6294.034600 6093.548700 6051.210200 6331.920700 6680.813900 6426.663100 6571.996400 6049.574800 5987.362500 6418.148200 6307.353800 6636.065600 6491.455900 6234.835700 6222.078100 5554.083500 6509.499400 6327.325300 6036.143600 6245.840700 6435.662700 6264.770500 6067.721600 6131.175300 6117.235500 6306.022000 6589.445900 6172.812400 6239.117100 6239.853000 6180.832100 6668.467300 6166.217800 5995.621600 6021.053300 6303.583400 6216.447200 6246.441700 5535.383700 6600.044100 5777.876400 6440.470200 5999.034600 6496.784300 6227.095700 6394.024800 5886.087800 6212.176400 6105.630300 6235.119900 6732.555200 6352.996200 6182.787200 6063.722500 5951.554600 6283.429000 6532.939400 6373.196500 6273.681700 6135.422500 5984.393600 6619.079900 5905.814300 6268.020500 5894.106600 6210.682000 6376.557300 6504.062300 6267.689900 6084.048100 6584.037400 6103.701400 6721.789700 
6004.987800 5804.183700 6318.701000 6622.644800 6153.165300 5997.888100 6157.872300 6229.255300 5485.605200 6174.109100 6536.163500 5993.095700 6193.698000 6538.903600 6250.462600 6033.534100 6119.971400 6334.397700 6360.695300 5977.774800 6301.517500 5742.976500 5902.081200 6286.325000 6267.836100 6139.794100 5926.893300 6341.971600 6448.069000 5605.890100 6605.681200 6308.064800 6220.737000 6718.453300 5995.889900 6318.425900 5795.933700 6168.499700 6356.416100 6362.152300 6008.183000 6197.411600 6351.539300 6460.556800 6055.658100 6412.197700 6190.315900 6101.238700 6042.720000 6274.435300 6382.927800 6051.043100 6271.308300 6353.133800 6526.694700 6820.803000 6146.698900 6323.656200 6828.097600 6083.028500 6437.748200 6135.939700 6223.160900 6268.676700 6179.790300 6555.412400 6593.273100 6111.499900 6687.023400 6452.920100 6219.303400 5894.460700 6409.017900 6327.024500 6217.206400 6408.571400 5880.835600 6173.474600 6314.254200 5958.973800 6350.229800 6297.364300 6510.237600 6345.601200 6467.731200 6026.139000 6103.878200 6052.541800 6166.826400 6160.085400 6060.973800 6262.762000 6166.745300 6148.202700 6644.261100 6108.993200 6126.576800 6575.359000 6301.969500 6277.438300 6131.527200 6258.951500 6346.498600 6344.441500 6119.618900 5848.033100 6449.988000 6394.584400 6114.747400 5926.554800 6542.320500 6552.918200 6456.276900 6033.320500 6555.919100 6430.813300 6478.244000 6018.587500 6394.042300 6066.526200 6371.112100 6125.870000 6537.876700 5799.034800 6316.994600 6481.226700 6171.269300 6333.565800 5860.836700 6121.157400 6207.774800 6763.350300 6130.993100 6375.070700 6265.897800 6137.786100 6194.335300 5928.545700 6775.350400 6548.264600 6143.246100 6524.523100 5816.363600 6702.563700 6361.123600 5968.654700 5975.255700 6611.803400 6292.371000 6093.249100 6177.464600 6289.210200 6297.343800 6587.968000 6208.993300 6313.833100 6402.779300 6110.254300 6719.365400 6130.875900 5834.313400 5986.707200 6050.746700 6185.137800 6120.247800 5401.414400 6472.257200 6046.233900 6404.582000 6022.353100 6510.731800 6166.862500 6453.137800 6046.660500 6112.828400 6166.666000 6267.275800 6776.986800 6319.612800 6391.529900 6103.024800 5932.691700 6017.630900 6427.437900 6383.173700 6373.973400 6129.949000 6199.105700 6444.270000 5838.955200 6091.855600 5970.429900 6189.693800 6427.977300 6591.279000 6393.421800 5950.763900 6724.497100 6061.191700 6508.244400 
6268.371900 6032.627600 6717.973200 7100.633600 6457.424500 6293.817700 6490.843400 6551.584500 5976.951500 6565.434600 7016.323900 6504.097700 6425.621400 6952.510300 6690.629500 6236.066100 6429.448200 6704.775300 6509.911700 6563.901600 6671.794000 6309.363900 6191.225600 6515.435000 6712.389300 6440.390100 6399.685600 6756.964500 6678.734000 6174.926200 7153.341500 6611.111500 6441.651400 6860.696600 6365.178900 6923.532900 6102.005800 6441.699400 6705.933800 6730.194100 6161.652100 6451.421400 6876.957700 6993.256600 6503.332100 6594.064300 6551.650300 6445.021200 6287.744800 6520.611400 6525.983800 6292.059500 6557.196600 6692.791200 6597.713100 7005.759900 6444.326000 6623.869500 7046.692200 6483.323700 6699.392300 6566.819100 6469.836000 6733.482100 6503.048700 6703.962100 7024.882600 6548.266500 6950.409400 6622.700000 6420.004000 6355.114900 6744.998400 6580.164500 6561.410600 6535.083000 6347.195800 6386.605700 6539.186000 6346.450500 6840.774200 6518.849700 6660.906300 6716.410000 6904.600000 6453.989500 6431.837800 6326.984600 6767.153800 6588.036600 6122.953400 6539.152200 6257.489200 6482.067700 6851.401600 6389.062000 6412.064600 6974.085500 6542.178000 6788.551700 6497.978200 6316.836400 6799.201100 6512.072600 6386.248900 6207.006600 6669.833300 6802.814300 6480.179700 6044.329400 6627.533700 6753.098400 6760.621900 6467.799900 7008.275800 6794.404300 6744.798200 6231.501500 6645.684600 6384.384100 6643.629000 6370.343800 6789.680100 6325.832600 6696.856200 6934.113700 6353.520900 6452.058900 6294.167500 6389.182300 6668.938600 7195.517700 6643.374600 6942.963200 6491.730400 6564.895000 6561.103600 6535.977600 7150.683900 6816.227800 6488.864200 6641.805400 5888.134500 6863.405900 6801.958000 6364.408900 6429.479500 6785.290600 6931.202800 6498.270700 6546.111500 6586.528100 6599.217000 7088.058600 6629.805800 6606.659000 6849.235000 6393.272500 6838.660700 6251.379300 6161.280400 6609.939500 6482.021500 6574.661100 6316.516700 5614.119100 6896.164400 6455.021000 6540.881100 6398.275400 6807.360800 6553.128600 6770.490800 6374.474100 6481.571500 6535.818600 6383.186700 6848.565800 6713.416800 6717.951500 6222.935400 6375.321500 6607.071200 6959.392500 6863.703600 6618.632900 6638.073000 6218.661500 6664.131800 6472.450300 6410.437800 6328.964300 6701.650600 6693.844000 6795.018800 6613.619200 6237.904100 6822.105300 6321.516500 7054.675400 
5887.226100 5472.300200 6239.190700 6534.034900 6058.377500 6088.854700 6048.409000 6175.920300 5493.559300 6152.780000 6522.618600 6010.488800 6105.711400 6495.609800 6340.988600 6033.872600 6112.595500 6268.363300 6074.399800 6123.938800 6222.330400 5823.101600 5909.599700 6124.218400 6165.089300 6238.645700 5896.389800 6309.471600 6229.074800 5742.933400 6528.820000 6276.667500 6197.963400 6485.046600 6084.256500 6167.462300 5761.131200 6294.044800 6043.087000 6362.317500 5913.946400 6094.864400 6235.256700 6490.221300 6037.955700 6222.866100 6110.124000 5981.100800 6093.089100 6142.452400 6154.507000 5633.603200 5837.305800 6236.074000 6118.937800 6806.701100 6141.112200 6013.378200 6566.357300 6038.351000 6428.805100 6168.484500 6107.678400 6146.484100 5964.092100 6464.567500 6526.419400 6136.230400 6307.820400 6125.217500 6109.610000 5900.734800 6462.316300 6086.513500 6250.282300 6115.332800 5935.613800 6047.001400 6195.708600 5954.210200 6415.465800 5920.844200 6193.876400 6190.132600 6350.767100 5855.037400 6145.355400 5887.626000 5958.151800 6081.610400 5771.490500 6060.813200 5956.843200 6148.044500 6377.010600 6172.465700 6109.363200 6349.233200 6169.433000 6279.910600 6022.224800 6068.536900 6293.017300 6139.424300 5879.049000 5838.349200 6099.024800 6121.907400 6138.575000 5939.611500 6232.394300 6423.761800 6126.109000 5980.411800 6421.344600 6438.885400 6211.384100 6136.394500 6277.232300 6000.726000 6276.973600 5802.029200 6359.277200 5995.389600 6227.903500 6605.020200 5797.918400 5918.787000 5947.013500 6191.267400 6172.286200 6656.014900 6223.441200 6444.938400 5956.135700 5931.528200 5980.112900 5996.358000 6624.707300 6371.541200 6218.775200 5841.277200 5658.294600 6510.956100 6242.688100 5988.121200 5881.715400 6270.260800 6115.912000 5834.496500 6058.691200 6129.365900 6017.418300 6465.158800 6228.389300 6213.251400 6214.658600 5974.839000 6450.019000 5950.493400 5797.589200 5911.829800 6017.389500 5987.190900 6148.413600 5461.070800 6576.501100 6005.377700 6211.893500 5805.969800 6420.830500 6171.611600 6308.732100 5882.454000 5871.326600 5969.478500 6121.747100 6642.030500 6221.005500 6236.714800 5883.458200 5844.749300 6166.661900 6442.220500 6415.334700 6251.794600 6263.526700 5987.985200 6235.191000 5818.534400 6197.027700 5905.086600 6295.664900 6386.886100 6466.089100 6158.536100 5988.951900 6674.874700 6064.760300 6443.680400 
5660.333700 5368.675400 5944.452800 6178.662000 5696.199400 5588.883900 5857.747900 6027.509400 5168.878400 5746.691100 6175.989500 5911.717600 5796.642500 6024.112500 6036.962800 5755.222400 5665.525600 6049.675900 5811.301000 5839.868100 5927.147300 5517.501000 5563.685400 6028.320500 5845.729000 5860.524400 5611.393300 6059.737100 6194.624300 5534.574100 6357.985900 5915.916400 5727.785300 6210.711800 5537.006000 6063.430200 5390.623400 5757.835700 5879.013600 6054.785200 5472.978800 5764.795800 6120.136000 6141.068700 5790.287200 5874.727800 5707.837200 5713.977400 5673.653700 5814.241100 5919.812600 5679.216100 5946.457100 5956.866100 5968.842300 6232.276800 5745.549600 5752.999200 6234.351100 5721.332900 6109.102100 5873.930900 6039.694400 5929.781400 5592.876200 6002.037600 6081.802500 5768.922800 6087.311500 5944.267400 5670.059800 5765.637800 5749.567600 5953.926200 5873.923200 5758.870300 5524.473200 5859.215100 5945.801500 5740.827300 6207.889600 5781.824300 5933.205900 6107.850100 5886.873700 5710.482700 5711.605600 5507.821400 5956.763700 5801.045400 5704.722000 6009.080400 5789.563100 5911.373200 6061.608600 5879.679300 5730.938600 6060.571200 6005.670900 5898.363500 5949.944700 5668.580100 5818.398700 5865.475800 5657.251700 5643.046500 5991.221100 5898.559700 5814.582300 5452.553800 6123.113000 6081.118700 6037.398900 5680.313700 6122.990400 6227.104800 5890.256200 5393.238400 6081.228300 5503.534000 6128.619200 5677.741300 6024.804600 5610.381300 6052.542600 6170.150300 5849.840600 5868.521500 5564.197700 5538.717500 5745.799900 6457.199900 5729.597500 6145.790200 5754.533300 5663.861400 5892.188800 5833.387300 6420.432100 6111.164500 5900.536600 5881.962300 5270.292300 6195.105600 5998.043100 5745.328200 5763.491400 5944.035600 5957.027600 5737.633100 5784.143700 6045.678300 5773.501300 6204.684700 6017.757700 6023.725500 6089.046600 5578.326600 6266.668200 5854.554600 5616.949000 5687.412600 5804.247300 5812.485100 5882.157900 4969.480100 6182.680800 5556.525100 5812.963200 5706.984500 6245.998000 5887.552200 6065.539800 5590.150300 5693.845300 5674.967700 5611.328800 6022.685500 5974.962300 5937.706200 5611.101100 5675.143500 5929.066600 6129.841000 6103.590100 5979.634800 5876.173200 5608.825800 5956.558200 5620.120900 5797.459600 5599.399600 5760.870000 5952.083300 5993.645800 5820.513700 5692.695500 6170.111000 5808.318400 6123.682900 
5817.077800 5528.346500 6197.236200 6537.480500 6003.462900 5823.620700 5948.638900 6182.339900 5319.988900 6211.408900 6645.232800 6041.836000 6135.916500 6570.751500 6356.770700 6057.076700 6035.152900 6142.248900 6122.222300 5871.578500 6064.279800 5753.463700 5934.606300 6077.281500 6161.993800 6141.405500 5777.006400 6302.176000 6334.774500 5570.847700 6691.728400 6119.658600 6002.800600 6408.424400 5857.485800 6226.775300 5783.264800 6071.011400 6226.093600 6307.727000 6116.184100 6166.916800 6482.062000 6590.410600 5743.028600 6287.669400 6047.511300 5900.926100 6017.427900 6207.262100 6195.467800 6095.131000 6064.111200 6201.902900 6339.480600 6665.777700 5974.510100 6154.946000 6681.466200 5942.380700 6105.246800 6051.764100 6160.356400 6077.452600 6005.535300 6425.515500 6349.846500 6024.891100 6397.340600 6258.926300 6147.091800 6006.763100 6351.621900 5991.151000 6185.801700 6149.448900 5571.262500 5927.440700 6135.092800 5982.121900 6384.976200 6164.344200 6257.628700 6298.741800 6209.822300 5955.034600 6129.234100 6093.692400 6157.485000 6043.267100 5711.857200 6258.883500 5967.269600 6173.490600 6323.486700 6064.156200 6001.120800 6357.210200 6101.006500 6367.085100 6016.873200 6056.048300 6063.311600 6106.788500 5932.078400 5834.380300 6129.763100 6104.091200 6048.625100 5848.418400 6308.261400 6524.497400 6054.299000 6082.183900 6551.282100 6362.510000 6298.645800 5844.777900 6222.302400 5827.769900 6134.130000 5777.881800 6350.588600 5741.942800 6130.227700 6589.817400 6095.719700 6016.764100 5645.886500 6049.134400 6177.076800 6703.608200 5953.471500 6436.540700 6152.208900 6029.775800 5941.931100 6070.335200 6660.511400 6344.587800 6032.095400 6141.389600 5543.048900 6365.556700 6443.586700 5997.442700 6000.223300 6425.926600 6279.358900 5878.017700 6250.670300 6083.259300 6027.777200 6580.293500 6345.887500 6062.714200 6159.625800 5921.772900 6530.387300 6094.576100 5778.309700 5796.310000 6150.138300 5929.829600 6061.296900 5453.065000 6333.848300 5902.871500 6223.644800 5795.427300 6131.000600 6276.135700 6310.958300 5836.357600 5933.459000 5989.835000 5984.305600 6526.680500 6127.069600 6350.696900 5968.553600 5908.538700 6113.322100 6408.462200 6394.325500 6150.962500 6099.696300 5988.497900 6248.687600 5905.867000 6164.302600 5689.242000 6313.340000 6269.113100 6349.461900 6155.016000 5895.469000 6679.227700 5932.048300 6577.167000 
5550.467600 5613.088000 6070.854000 6517.154600 5877.754900 5883.235200 5939.305000 6158.353000 5355.453700 5826.025400 6358.162000 5949.803900 5850.668500 6353.575500 5952.594800 5979.158400 5944.105700 6205.162400 6036.277100 5826.266000 6108.110500 5528.902700 5739.817900 5893.067300 6257.387200 5994.543300 5833.512300 5979.702500 6274.656500 5510.379000 6489.550900 6112.797200 5880.775400 6441.233500 5923.240400 6189.126200 5543.840500 6168.354000 6168.716500 6152.046900 5738.003300 5897.679800 6199.316000 6399.675900 5927.244300 6264.080400 5977.071000 5920.270400 6019.094300 6177.804000 5917.150600 5940.375800 5973.695900 6204.029400 6141.907900 6549.496000 6002.422400 6141.557300 6573.303400 5773.079600 6084.654900 5967.816000 6126.333800 6203.864500 5835.064200 6451.212300 6267.848500 5909.629400 6278.103600 6148.704500 6064.994700 5878.184800 6112.933600 6005.476000 6089.512600 5989.988200 5769.973900 5728.051600 6077.532500 5824.453800 6119.546000 6014.020700 6389.800200 6223.921800 6192.901300 5946.293800 5964.800200 5833.771700 6124.094500 5995.932900 5775.504100 6132.746900 5878.126600 6039.656300 6151.719600 5865.290800 5917.932400 6267.434400 5785.933700 5906.692200 5860.316500 5945.297300 6199.975800 6212.021000 5827.665500 5698.818500 6388.881000 6227.272700 6237.481100 5578.555200 6242.864500 6366.713700 6065.434700 5735.031900 6412.540800 6198.838700 6093.166300 5837.810000 6274.059400 5667.965600 6015.006400 5935.711700 6101.858900 5739.661300 6070.612100 6366.197400 5909.061200 6216.009200 5848.489600 6049.969100 6129.428700 6640.695900 6219.122000 6245.116400 5966.725400 5889.941200 6240.467400 6046.549500 6440.899800 6018.286900 6149.006200 6020.280200 5476.779300 6519.154700 6241.528200 5860.380400 6186.803200 6313.567700 6025.323900 5894.523700 5920.744700 5787.602900 5989.942600 6453.714500 6258.097500 6071.375700 6045.383500 5914.544300 6447.086000 5986.200800 5770.333700 6019.943500 5894.526200 5836.086400 5896.648900 5310.151100 6319.767800 5907.024400 6154.138600 5672.625100 6272.555600 5953.107300 6336.065500 5734.958400 5865.929200 6076.296100 5976.179900 6441.902800 6146.551000 6117.491200 5851.730300 5714.921400 6022.962200 6372.359300 6369.035700 5957.188000 5946.950600 5821.423600 6319.536000 5637.376900 5950.323300 5730.233500 6020.850000 6164.334100 6282.184500 6168.721300 5831.693400 6583.354300 5841.764900 6257.822700 
5990.672600 5645.159500 6198.485100 6548.758500 5913.940200 5953.963400 6128.087400 6157.711200 5547.143700 5968.198300 6484.359800 5997.766800 6096.899100 6422.951800 6135.840500 5968.578200 5964.971000 6311.888100 6177.283900 5802.382500 6177.809600 5696.230600 5825.183100 6059.895600 6144.768000 6038.173700 5809.509600 6286.732800 6295.609100 5872.960500 6663.997300 6243.431600 6175.443500 6361.240600 5942.001400 6247.242200 5615.142200 6076.986700 6152.668400 6238.977400 5812.431600 5994.401200 6184.876800 6375.827100 6066.359700 6214.146400 5995.310600 5801.170500 5964.166600 6109.863600 6019.641500 5982.771800 6000.023100 6322.866500 6129.283200 6565.694500 6024.953900 6237.026300 6669.583400 6043.928700 6369.924400 6066.615900 5934.008300 6072.628800 5852.230900 6413.073100 6444.831300 6025.408300 6240.200700 6309.329700 6091.899400 5997.919600 6176.888600 6303.121000 5952.896300 5918.027500 5952.143900 5946.326600 6326.451800 6102.371800 6212.121500 5964.163500 6226.019000 6305.603500 6228.850500 5785.131800 6115.445300 5825.755700 6224.044200 6149.850400 5674.530400 6068.739500 5878.980900 5927.916600 6430.577700 6123.824200 5948.948900 6291.388800 5941.506400 6303.724900 6090.948200 6072.329100 6243.313300 6287.211700 5925.811100 5713.961300 6109.201500 6209.728000 5977.836400 5768.187300 6456.890400 6577.647600 6333.671900 6150.154200 6581.676500 6461.001800 6358.811000 5997.306700 6152.214000 5913.268400 6302.876200 5733.463300 6206.734200 6053.988600 6141.103900 6438.350100 6111.056700 6007.745300 5874.553200 5903.988900 6294.137400 6582.742800 6041.435400 6523.433000 6019.000000 5893.861800 6165.160700 6088.644400 6568.481600 6367.206800 6127.445700 6084.274500 5649.456400 6392.391800 6310.200500 5956.468300 6024.556800 6374.852800 6262.549800 6028.583000 6122.705700 6095.578200 6139.609200 6626.017300 6157.774100 6072.492900 6197.800400 5847.362400 6476.923700 6148.192100 5872.700300 5948.573500 6113.015200 5947.038000 5893.536800 5151.720000 6510.974500 6006.937200 6156.974100 5779.549100 6319.311700 6123.107000 6385.809000 5839.414500 5810.200100 5873.146500 6148.599400 6423.042500 6223.315200 6241.031000 5886.051100 5986.877800 6068.585100 6464.848000 6249.996600 6046.158800 6086.022100 5884.875400 6370.355400 5984.709600 6074.490500 5952.625400 6195.390800 6169.091200 6255.037700 6213.545200 5864.292100 6406.099700 5969.251900 6490.668200 
5892.687800 5562.447600 6050.073000 6429.358200 5996.745400 5933.375900 5799.542700 6225.255700 5402.539800 5953.637600 6466.782800 6179.263500 5917.741600 6479.512300 5950.227400 5832.948400 5939.949000 6179.478100 6085.787300 5698.767100 6083.308000 5633.711700 5798.848100 5884.226100 6053.905500 5990.783700 5815.445100 6261.221700 6224.494300 5524.455200 6345.756500 6038.103000 6039.261900 6525.865400 5961.661100 6114.879500 5408.387500 6003.013300 6114.292200 6146.222800 5605.844800 6038.967600 6166.609200 6273.842000 6059.093300 6100.512800 5981.120500 6071.277900 5858.065000 5905.269000 5931.411900 5732.999600 5945.228000 6154.444500 6076.374000 6347.971400 5993.517300 6018.169500 6490.951100 6108.127800 6242.612100 5872.667300 5900.068000 6256.242000 5893.147500 6350.061400 6446.216400 6013.961100 6214.649200 6131.688600 5910.038500 5906.948700 6181.075300 5982.035800 6053.033300 5905.884200 5798.083900 5774.992400 6178.221700 5786.532400 6165.960000 6003.941000 6410.989800 6348.244500 6195.937200 5750.583900 5739.070000 5700.422800 6176.033000 5997.876500 5570.829900 5790.666900 6021.513000 6075.407900 6400.667200 6064.059300 5899.027200 6164.842900 5878.046200 5970.804400 5912.592200 5915.834400 6286.659600 6111.192600 5915.650100 5553.268900 6053.173500 6299.397700 6032.917300 5551.373000 6147.383400 6412.261300 6167.224100 6005.502900 6318.190200 6190.422500 6145.713500 5835.936900 6129.807500 5645.203200 6127.392100 5753.278400 6031.009000 5875.370400 6160.115700 6455.988900 5872.217300 6028.106500 5764.675100 5881.625400 6218.839800 6386.207600 6150.099000 6317.226600 6102.507900 5714.496300 6028.177000 5959.551700 6400.136500 6212.874300 5977.498500 5871.355500 5382.150400 6282.192800 6068.314000 5839.329300 5939.172900 6194.051100 6149.516100 5734.020300 5865.284900 5943.538000 6114.764600 6523.017000 6083.587700 5958.058300 6216.562300 5859.357400 6379.372700 5943.617200 5681.667000 5913.467900 6048.940500 5906.753600 5975.192300 5162.498200 6385.895000 5791.722700 6165.364500 5862.879600 6258.753700 5973.525500 6350.266100 5773.906300 5828.674100 6005.291800 5782.481900 6389.531100 6105.543300 6107.854500 5760.043600 5844.121300 6005.724900 6291.668200 6086.663500 5961.910200 6052.324900 5788.593000 6153.857400 5789.469100 6084.783300 5696.195700 6043.136300 6105.246600 6299.543500 6204.098300 5767.695300 6410.770000 5961.408600 6240.810600 
5769.260800 5740.703900 6141.223000 6666.226700 5863.786300 5776.111000 5909.156800 5976.856300 5451.517700 5966.794800 6365.850700 5954.831000 5999.729800 6655.097900 5943.686200 6019.174200 6002.137800 6125.910800 6042.260800 5701.029900 6210.072900 5685.032600 5795.586100 6011.794000 6050.460600 6030.177200 5864.743300 6188.564000 6125.930000 5546.476500 6418.730000 6116.104900 6034.631500 6478.258400 5885.141100 6007.940600 5619.838300 6116.971200 6035.371300 6324.281200 5623.029500 6015.447900 6092.636100 6295.097600 6068.575900 6300.245200 5987.246100 5941.671000 5929.983100 5932.440000 6068.188300 5739.177600 5817.772400 6176.154400 6127.107800 6452.704900 5939.063100 5921.198000 6616.283300 6009.517100 6222.077700 6199.367700 6187.072000 6061.815500 5930.099200 6291.246700 6331.328000 5905.073000 6140.942200 6147.269400 6017.637400 5982.221300 6171.440800 6185.681000 6041.001600 6052.455000 5778.339300 6086.818800 6109.811600 5889.708700 6396.577100 6020.887700 6129.374200 6354.788100 6187.520800 5755.359300 5732.600200 5868.699200 6084.805800 6166.223700 5747.344000 6125.397700 5985.063300 5886.584400 6385.258600 5957.956000 6001.415000 6231.600600 6118.266900 6253.993900 5870.797200 5982.540800 6225.292800 6041.465500 5909.567100 5834.781300 6123.800800 6050.148800 6171.064400 5744.360300 6339.851200 6258.446800 6220.613700 5744.230800 6431.521300 6219.966900 6069.460500 5702.073600 6215.361600 5876.544400 6164.652600 5931.971800 6169.287700 5815.248500 5978.676400 6549.790600 5997.989400 6125.023100 5684.843700 6030.951600 5975.566100 6395.915300 6087.159200 6228.265700 5884.835400 5884.828300 6093.225300 5932.357100 6740.266600 6232.936200 6179.782500 5921.043100 5567.135800 6245.487900 6185.779600 5852.719100 5859.183300 6369.676400 6111.605800 5758.084200 5833.253800 5999.561700 5905.826800 6511.250000 6190.515100 5980.933900 6380.942000 5752.061700 6324.800400 5872.585800 5658.086200 6010.137900 5774.741900 5938.415400 6071.844700 5127.238200 6468.414400 5763.371200 6356.351300 5941.280400 6180.465300 6044.241400 6106.952000 5800.327100 5901.594700 5844.756100 5831.935200 6425.763800 6085.650500 6161.823000 5967.750200 6064.917500 5833.733500 6370.901700 6279.030100 5992.834300 6153.752100 5848.672800 6287.768900 5871.598900 6117.151600 5690.348600 5874.391000 6278.978400 6171.784400 6080.930200 5894.168700 6208.659100 5922.755600 6387.861000 
5778.221600 5500.684700 5992.809400 6251.876400 5853.713900 5610.424600 5863.102300 6105.470500 5368.411100 5989.531300 6389.499500 6032.558300 5752.680000 6390.751700 6027.512900 5779.063900 5963.089100 6100.880700 6086.915100 5652.884700 6149.910000 5506.288500 5769.258100 6104.105600 6036.372400 5799.744800 5765.094800 6105.446400 6137.488600 5519.701800 6271.533900 5954.066800 6148.924800 6319.853000 5817.010000 6049.265200 5454.878200 5943.311500 5947.400700 6338.607700 5805.051700 5881.461300 6210.588000 6265.866100 5982.580500 5935.573300 5949.285700 5761.702500 5743.791600 6091.894600 6042.395400 5830.627100 5824.591300 6166.808000 6043.540500 6339.560700 5910.551500 6058.216900 6421.869600 6091.776300 6182.155300 5863.348800 6011.564100 6231.725300 5862.458100 6254.305200 6394.782400 5821.874900 6157.671600 5978.650300 5995.474800 5824.627500 6103.258800 5978.484300 5919.911600 5829.135000 5625.394100 5908.545800 6133.171000 5992.573800 6062.899500 5780.032100 6133.440600 6083.457300 6140.222300 5694.154800 5828.787700 5871.468900 6055.780700 5879.050900 5586.039000 6137.939200 5917.192900 5926.464500 6075.785000 5934.234400 5663.259200 6171.795900 6068.045600 5957.397500 5711.263500 6041.891200 6252.928500 6116.628600 5742.247600 5495.614100 6027.399500 6319.383000 6010.348400 5512.341800 6414.968300 6385.339200 6215.362300 5723.400700 6196.368100 6149.184900 5984.143200 5619.971400 6006.701800 5737.793000 6179.994100 5972.049400 6078.095400 5847.963600 6163.574300 6182.382200 5925.279200 5884.185600 5675.811600 5911.616600 5821.753600 6276.511500 5937.194000 6160.867300 5915.355200 5904.647200 6135.066200 5850.911000 6612.551300 6043.975500 5929.289900 6069.297500 5408.972200 6304.426900 6110.088900 5864.811700 5971.373400 6257.693900 5978.242300 5728.705800 5850.461600 5957.230200 6024.017200 6564.959900 6044.501900 6026.280900 6172.347200 5913.140500 6509.819900 5979.133400 5686.685300 6030.913600 5939.769500 5501.919300 6019.716800 5240.928500 6314.370600 5751.007600 6047.906300 5860.158600 6126.989600 5828.084900 6053.775500 5835.258400 5668.330400 5779.468600 5827.599900 6384.820300 6126.358400 6070.832200 5878.649300 5857.343100 6134.809900 6190.754700 6133.028100 6027.402000 6034.719900 5943.972500 6159.228400 5864.361800 5964.810100 5851.349400 5932.121700 5793.646900 6186.501700 6080.398800 5593.265800 6190.893900 5873.452600 6145.584300 
5766.504500 5475.973700 6147.144500 6554.923500 6087.414600 5910.107700 6033.305800 6349.021300 5254.898100 6003.577000 6249.545600 6030.579600 6035.264100 6318.935400 6113.017300 5871.468500 5788.975300 6321.173300 6028.455400 5819.322700 6180.382100 5733.032800 5802.607700 5998.691900 5850.883200 6001.341800 5930.246400 6242.175500 6273.527300 5675.051500 6272.165600 6084.177800 6098.314700 6489.398100 5950.719500 6212.018200 5538.227900 6220.526900 6071.641600 6215.770200 5770.545900 5917.769000 6227.462000 6289.626400 5802.066400 5958.922400 6069.783600 6070.118800 5726.014300 6133.120900 6058.252700 5980.357700 6040.180900 6194.976300 6091.323000 6440.787700 6055.218800 6035.208300 6534.174400 5995.169400 6282.548900 6048.951800 6069.880900 6079.104100 5853.747000 6359.989400 6480.011100 6072.945600 6227.818300 6193.495500 5939.147100 5870.287800 6303.557200 6123.382200 6219.693100 6107.242000 5824.372300 5952.467500 6008.746100 6022.026600 6234.926200 6075.118800 6214.436300 6169.371200 6192.610600 5736.838900 5802.478700 5860.314100 6193.327700 5909.901400 5634.502400 6001.755900 5766.589900 6012.180600 6202.373000 5960.760300 5882.294100 6122.023700 6092.284000 6083.594700 5999.144000 6048.474600 6099.122900 6057.187000 5787.823800 5679.851800 6178.604500 6318.387900 6017.425900 5707.325000 6293.592800 6350.215400 6227.062300 5971.039500 6331.784200 6263.848200 6227.119100 5921.192700 6114.858300 5831.103500 6104.880200 5824.391700 6129.664200 5815.132000 6022.758100 6562.175300 5730.246200 6017.450400 5786.818100 6001.776800 6012.224600 6601.042600 6157.858100 6333.140400 5927.993400 5920.749100 6086.070800 5969.924900 6499.433000 6204.322900 6044.440000 6094.230300 5528.844700 6350.712900 6205.956800 5939.819700 5978.073300 6334.399700 6072.061900 5678.609600 5991.146900 5898.007100 6015.918700 6298.711200 5979.773600 5940.726700 6033.073000 5851.130300 6448.641500 6015.758600 5770.480300 5837.518200 5959.941500 5886.676900 5909.847000 5359.256600 6183.178200 5748.189600 6184.094300 5882.973500 6196.892500 6079.456100 6144.029100 5836.774500 5767.959000 5789.453200 5845.262600 6400.317200 6200.191000 6135.854800 5956.977800 5923.611000 6259.074900 6333.935900 6279.783400 6210.742300 6109.318600 5908.022800 6232.658200 5703.132400 6096.316300 5589.296400 5987.452700 6268.816400 6217.375300 6120.803400 5666.263900 6436.313500 5886.127700 6309.198800 
5685.925100 5619.882000 6210.509800 6450.753200 5856.682800 6001.613000 5759.146700 5881.982500 5352.400100 6091.952300 6531.873600 6152.814700 5909.479900 6515.310700 6184.353700 5856.491500 5942.904400 6092.871600 6076.225000 5708.404300 5998.671500 5766.886100 5777.450100 5942.072600 6180.273100 6033.151500 5580.671600 6284.991800 6232.591200 5750.648600 6428.979900 6105.919200 5880.630000 6504.591100 5862.475700 6255.149500 5651.326100 5994.768600 6201.664300 6162.930100 5696.767700 5859.779300 6163.744100 6337.560500 6044.762200 6076.173900 6208.463700 5926.354900 5879.771100 6037.438800 6129.017700 5786.701700 5876.701100 5933.272400 6191.488900 6283.497400 5914.501300 5972.695900 6389.522700 5748.224800 6160.537700 5982.196900 6056.575200 6322.710400 5662.601800 6196.370100 6425.761600 6207.052000 6238.401200 5940.041100 6053.567900 5764.581500 6131.608800 6105.591500 5948.190400 6089.611400 5884.643300 5988.646800 6060.589700 5882.841000 6161.122100 5919.136600 6134.033300 6299.902900 6021.055300 5900.803300 5827.038300 5921.128000 6172.732800 6077.742000 5472.290300 6051.536000 5940.135600 5997.694000 6287.239900 5861.044300 5639.722700 6331.290300 6143.244900 6119.928900 5826.969100 6045.854500 5966.594200 6101.643900 5869.368400 5761.697400 6053.095100 6244.735400 6032.393300 5700.168900 6189.112700 6203.415000 6213.069700 5906.668700 6358.500500 6327.859400 6132.102000 5957.217300 6069.228500 5746.105000 6103.364300 5834.726600 6239.128600 5812.149300 5887.214900 6381.361100 5716.458400 6128.751100 5829.095800 5660.464900 5762.044400 6481.849700 6106.440400 6419.994800 5937.690800 5913.919100 6247.100000 5937.260600 6513.023100 6223.588700 5836.175700 5989.839900 5385.764500 6149.472600 6176.516400 5763.194700 5978.358200 6364.895400 6111.388600 5730.094700 5874.930400 5889.231800 5930.058300 6252.063500 6015.987900 6062.391300 6043.145900 5667.651900 6336.211000 5838.602900 5729.208400 5915.074900 5835.267300 5878.087800 5976.379500 5261.458800 6405.466000 5711.725500 6194.573600 5825.749700 6208.674100 5972.803800 6218.523200 5690.019500 5871.028500 5915.522700 5794.277800 6523.100900 6108.145500 6177.966100 5745.834400 5873.603200 6010.061300 6244.562600 6240.008100 6148.274800 6153.106900 5996.972700 6264.679300 5916.360500 6094.351600 5731.902800 6056.355000 6167.318100 6330.503200 6323.990900 5626.208400 6328.880400 5895.158200 6306.251200 
5761.424800 5687.568500 6268.027000 6594.022600 6144.948600 5989.689800 6137.073300 6325.884100 5381.171400 6069.107400 6491.229600 6066.836100 5971.947800 6496.669700 6187.644900 5881.329000 6155.077700 6315.016200 6284.818900 5818.485400 6159.470700 5940.640700 5911.693400 5963.322200 6167.148900 6284.419700 6009.506300 6397.863300 6391.130400 5876.166100 6541.732200 6031.198700 5880.033300 6503.826700 5902.403500 6320.245500 5747.646100 6203.479500 6213.481600 6333.970200 6008.860300 5985.339800 6160.199300 6685.289300 6052.492700 6109.468700 5895.245800 6172.115200 6175.369700 6049.942200 6022.725700 6156.171100 6284.950500 6289.085700 6303.794300 6666.992000 5973.270100 6309.503200 6669.435500 5880.128000 6195.169800 6122.470400 6089.996600 6199.812300 5929.664900 6180.387400 6473.282400 6103.724900 6385.522700 6445.364600 6169.083100 6085.684500 6379.158300 6115.419600 6166.148000 6158.802200 5945.575600 6118.798500 6078.628300 6091.279800 6350.022700 6117.813600 6347.286800 6531.877300 6544.925100 5948.998500 5994.472900 6027.718700 6149.529100 6047.294300 5923.324200 6115.557800 5878.105200 6155.261200 6678.096900 6238.742500 6001.285300 6316.964200 6056.584000 6291.578700 6202.648800 6126.326700 6444.612300 5958.033700 5849.951600 5828.747000 6379.456600 6236.724300 6081.440600 5735.329100 6613.866500 6565.873200 6358.397500 5947.874500 6407.821300 6464.352200 6113.033500 5901.247600 6280.017400 5757.776700 6197.133800 6024.599900 6335.705800 5995.796000 6219.908900 6586.917300 6114.621600 6170.105500 5849.072800 6067.481000 6389.324600 6689.429900 6176.455500 6473.269100 6025.903100 5955.265500 6168.848200 6071.601500 6628.051300 6456.048800 6154.720700 6201.352000 5465.358200 6559.305500 6502.286400 6032.198500 5995.115600 6337.115400 6287.958800 5927.218900 6046.960100 5991.614800 6120.012400 6631.581900 6169.656400 6089.990300 6371.131600 6018.292300 6532.592400 6261.027100 5787.689700 5978.726700 6134.526800 6205.010500 5934.827300 5377.266100 6481.610700 5788.679700 6195.586400 5781.805100 6347.533300 6197.003700 6335.570800 5920.047400 5851.189800 6017.175900 5924.550400 6373.178000 6464.273500 6305.691500 6041.307400 5877.575600 6170.402500 6434.918100 6389.506300 6311.821900 6093.282400 5948.221000 6346.931900 6137.730000 6231.712900 6095.240600 6261.607200 6350.383300 6275.999000 6194.248600 5852.987100 6585.007400 6021.953000 6367.973000 
5619.890800 5480.583200 6038.708600 6241.737600 5767.831100 5679.770100 5873.472300 5830.508500 5044.644300 5728.464500 6248.717500 5818.284700 5852.799600 6256.565700 6025.573400 5788.904500 5802.482900 5899.433000 5775.808900 5464.113200 5998.032600 5428.041500 5656.929700 5682.919600 5801.549100 5727.148300 5582.675800 6121.084000 6132.413000 5527.893700 6285.541600 6047.313000 5797.346700 6265.311200 5708.245900 5802.710100 5493.622700 5768.573600 5795.071900 6011.359900 5628.104400 5690.906400 5849.928400 6057.209400 5721.247900 5937.505200 5766.751600 5652.150900 5763.941300 5825.617200 5848.088700 5937.149000 5831.447600 5933.973900 5995.709400 6091.117600 5807.417200 5778.414800 6322.618900 5731.476100 5969.221500 5971.099200 5769.871600 5845.675600 5690.262800 6093.914900 6140.177900 5817.119600 5892.414100 5950.056500 6022.380700 5411.984500 5992.774700 5867.652700 5780.807800 6034.774600 5531.595400 5811.704900 5968.069300 5730.528400 6031.852000 5735.279600 5898.272700 5970.501000 6153.414500 5625.925700 5601.215200 5536.002400 5828.603500 5824.319400 5499.848800 5920.389400 5728.277100 5746.196700 6240.862900 5785.540700 5702.091200 6031.581200 5778.913700 5914.505500 5731.160800 5691.705800 5845.931200 5788.075900 5682.333100 5725.339500 6157.864300 5999.419400 5895.088100 5455.690500 5936.341200 6189.974900 6153.382000 5743.289300 6200.076000 5928.187900 6041.194500 5613.116800 6065.366400 5381.476900 5872.203300 5585.560000 6035.294200 5612.646100 5902.281400 6129.232800 5792.059300 5811.134300 5639.099300 5443.995600 5851.443100 6276.015100 5890.623100 6001.047800 5896.320300 5770.909400 5803.205100 5805.339700 6361.064700 6171.466500 5533.925500 5777.009800 5284.024300 6271.422800 5966.634500 5676.363500 5751.292200 6103.475000 5920.090100 5794.675300 5845.011200 5890.234200 5882.072400 6432.717600 5871.917600 5871.707100 6113.298300 5711.442300 6359.585900 5943.147900 5686.237600 5776.390400 5756.668500 5854.012200 6003.549500 5199.577500 6276.907500 5699.249100 5971.009300 5517.062500 6019.551500 5851.520500 6101.545400 5541.173800 5781.443000 5615.214900 5595.768000 6166.094000 5715.976800 6025.292300 5617.570900 5714.632900 5937.056700 6042.551800 5998.217500 5873.406400 5900.053600 5841.817100 5909.862900 5739.607100 5707.049900 5580.825800 5615.038900 6103.139000 6033.367300 5864.183600 5636.223500 6245.281900 5737.846100 5999.967800 
5726.166400 5533.171300 6069.514600 6528.225300 5956.594900 5831.622600 6058.538300 6190.159200 5187.783900 5912.917000 6266.297500 5954.807300 5660.991200 6391.072900 6024.993000 5800.805900 6057.187400 6242.477700 6084.437300 5744.692700 6151.098500 5591.681900 5903.387500 6137.105500 6131.927300 6027.103100 5764.623200 6102.963400 6325.573300 5596.967500 6440.588000 6030.625100 6057.835300 6250.138900 5725.533900 6042.596800 5418.455300 6066.469400 5883.086500 6366.429200 5922.372100 5904.530600 6238.501400 6302.936300 5766.937400 5971.162900 5993.870300 5953.292800 5966.486900 5848.046100 5982.514700 5947.023800 6023.744800 6074.868100 6020.319300 6546.594100 5897.966100 6149.171900 6493.256000 5758.273300 6212.795900 6088.596300 6129.915800 5972.281700 5944.841700 6261.572200 6416.256000 5963.505100 6115.974100 6295.065700 6090.663300 5902.829500 6210.805500 5960.945700 5993.140700 5955.228600 5762.530200 6044.529300 6059.431200 5743.516400 6327.926800 5976.399000 6341.752600 6256.115500 6169.392100 6011.549300 5914.400900 5826.995900 6099.630000 5792.256200 5820.338900 5982.895300 5880.025100 5983.425900 6385.949700 6102.040500 5766.487300 6218.665300 6020.778000 6128.699500 6007.678800 6045.831600 6111.453900 6109.216000 5827.143900 5680.162700 6111.482100 6116.302000 6062.428400 5530.196400 6210.924900 6279.729200 6042.309300 5832.396600 6209.050000 6205.714900 6141.427000 5767.308300 6306.529300 5631.355700 6206.226400 6027.240900 6239.728700 5816.350200 6131.879200 6518.299700 5962.689500 5849.563200 5881.040900 5881.825000 6188.938300 6530.295900 5915.018900 6335.141800 5933.965500 5960.394200 5905.931600 5874.705700 6420.061400 6310.435700 6071.873500 6053.227900 5361.990000 6589.107100 6391.408300 5772.064800 5742.834100 6438.113000 6183.929600 5876.307900 5927.020200 6166.956400 6193.832300 6568.785800 5896.254000 6110.056700 6182.424900 5891.383500 6367.486500 5946.257500 5533.903500 5858.332300 5975.124100 6002.426800 5834.925400 5436.842200 6472.760800 5791.544700 6065.082200 5747.350200 6280.347500 5882.982600 6319.200300 5779.354800 5909.683600 5807.508700 5865.386700 6270.489400 6220.038500 6100.457200 5841.862100 5711.853700 6048.284500 6320.994300 6394.529800 6160.711900 6183.860500 5995.294800 6179.302300 5863.371800 6040.129400 5551.204100 6135.215100 6406.937000 6278.179900 5930.918100 5843.754800 6546.877200 5943.180500 6513.954900 
5640.033200 5425.059700 6087.081500 6446.952300 5747.698400 5687.848200 5898.196600 6105.991400 5308.407200 5825.983500 6207.318100 5996.697400 5821.838400 6385.989700 6033.129200 5770.411700 6030.900300 5975.870900 5742.193100 5719.612300 6096.861500 5730.775800 5657.312600 5796.345300 6063.275400 5976.917100 5659.151000 6134.837600 6118.268600 5609.393100 6391.130000 5910.241200 5894.352700 6350.952000 5866.959900 5982.972800 5531.247100 5814.061700 6025.975400 5866.900800 5508.251100 6015.211200 6114.776800 6364.304800 5886.352300 5946.542200 5927.546000 5970.867000 5774.412400 6008.299700 5981.750200 5692.317200 6085.129900 5888.110200 6129.596400 6292.438800 5976.344300 5886.905900 6484.306300 5693.484300 6023.083500 5954.927000 6061.890200 6136.818300 5802.992400 6079.373600 6388.504100 6015.705200 6218.416800 5888.311000 5883.900200 5757.156000 5974.156100 5845.335900 5993.551100 5880.296600 5777.434900 6003.048700 5946.395300 5673.254300 6097.212200 5890.320000 6107.120800 6205.801900 6112.356400 5737.930400 5716.288800 5601.282100 5848.752000 5881.810100 5524.241100 5809.145400 5699.631800 5866.183800 6066.483700 5926.455300 5849.235400 6025.880000 5969.945000 5999.037300 5683.349500 5894.756600 6170.808600 5798.927400 5699.523000 5656.117200 5944.677500 6158.835200 5821.861200 5518.858100 6178.211800 6228.146600 6177.122300 5630.682600 6086.106200 6125.288600 6090.011500 5763.347200 6124.974000 5741.514400 5961.063400 5870.257800 6035.600800 5553.600100 6120.270900 6403.323900 5744.375900 5895.548900 5703.894700 5872.196000 6058.590100 6613.487400 5949.457200 6194.957200 5813.429700 5841.529700 5960.758300 5885.178400 6309.324400 6040.779700 5937.802700 6059.442400 5531.127400 6112.528900 6007.845500 5765.796600 5767.033200 6205.378900 6062.286900 5596.608200 5737.673500 5929.842700 6004.120400 6381.297100 5693.895100 5986.743900 6164.876100 5531.805500 6272.945800 5784.294100 5462.124800 5751.260800 5855.941600 5877.332600 6041.951600 5154.595800 6311.579100 5693.545100 5944.582900 5764.008600 6064.916600 5952.668400 6010.641200 5708.876000 5877.940000 5839.166200 5693.728300 6303.675000 6109.740000 6113.845700 5628.341600 5754.733500 5848.424500 6144.065300 6077.925800 6176.719900 5883.493200 5767.160200 6104.289400 5721.608800 6062.634000 5572.270900 6057.432000 6090.585900 6227.862100 6009.287200 5584.258500 6329.612900 5840.136700 6130.922000 
6032.907500 5882.801500 6582.258000 7010.377600 6192.167400 6221.464200 6255.961100 6561.997900 5695.268000 6128.784500 6752.618900 6280.620900 6298.497200 6854.517600 6540.040200 6292.852400 6234.798000 6488.763500 6516.100100 6083.818900 6337.069800 5996.144800 6035.063300 6240.412100 6422.713500 6396.911000 5949.094800 6558.192800 6616.743500 5977.138100 6796.324900 6478.241700 6417.244600 6857.854100 6147.773300 6540.464800 6030.475500 6457.919200 6466.189100 6479.700200 5925.636800 6235.035800 6532.685900 6715.948200 6149.109100 6631.249300 6342.584900 6239.376000 6137.083800 6452.273100 6416.264600 6244.371400 6298.493700 6431.875200 6572.490900 6923.272400 6210.783000 6406.779400 6957.977700 6239.263900 6498.029600 6361.295800 6448.339800 6574.207100 6168.406100 6601.990100 6679.187700 6342.133100 6630.410100 6624.673000 6189.921500 6245.610100 6556.598600 6439.809100 6368.127700 6305.396800 6046.156800 6320.999500 6549.129200 6292.901600 6578.671900 6439.320500 6606.286000 6637.083100 6515.777900 6171.747700 6103.092600 6154.069700 6254.864000 6442.789300 6050.433300 6473.296900 6272.098300 6298.356400 6714.017500 6637.670500 6420.270600 6565.428600 6473.504200 6610.776900 6465.216200 6433.444400 6419.259300 6536.593700 6171.177600 6084.605300 6341.137300 6514.255700 6455.749400 6120.466800 6659.144700 6803.630400 6511.042800 6175.321400 6701.850900 6729.746400 6493.119400 6092.322500 6730.972800 6155.235600 6553.199600 6163.616300 6522.330000 6099.658600 6470.510100 6891.809500 6298.858700 6320.095700 5928.219000 6127.919200 6517.939000 6822.106000 6239.576500 6798.205100 6389.087700 6239.181900 6531.481600 6237.627200 6803.483000 6751.581600 6493.541900 6107.882100 5877.988800 6615.316700 6611.226300 6123.181200 6333.601200 6698.429600 6347.707100 6203.140500 6321.732300 6301.847700 6362.508100 6779.429600 6442.078900 6392.881800 6460.426600 6020.752600 6697.534300 6282.647500 6124.579400 6099.411600 6302.855200 6347.438700 6263.048400 5510.704500 6597.049500 6020.156600 6465.764000 6033.105600 6639.391000 6484.986500 6763.152700 5902.045800 6096.387000 6317.575300 6094.392800 6936.428100 6550.093800 6614.218600 6221.263700 6113.135800 6268.525400 6585.563800 6607.918400 6478.628500 6268.201400 6218.451700 6513.511400 6109.846200 6440.141200 5966.187100 6454.342100 6532.203700 6758.954100 6458.448700 6145.908600 6816.590600 6303.287600 6728.888000 
5952.451800 5736.333700 6334.543300 6652.322200 6098.237400 5990.278400 6017.527500 6469.403000 5623.355900 6269.412500 6768.847900 6142.857400 6112.320100 6668.669500 6467.875700 6159.135700 6217.310100 6395.775400 6136.120600 6267.204600 6322.203900 6052.492300 6010.094400 6092.888300 6413.840500 6383.151300 6009.818900 6498.616500 6730.316900 5739.137900 6938.423700 6239.073600 6341.190300 6559.809900 6044.214600 6437.455400 5858.974100 6100.291100 6351.679400 6389.101400 6051.332000 6408.295700 6533.545100 6571.786400 6344.951000 6288.313400 6055.270400 6045.097500 6001.568200 6296.319700 6445.862100 6027.665600 6322.112300 6258.159700 6209.086400 6871.443100 6129.796200 6239.644000 6816.172000 5856.941800 6290.530600 6054.868000 6389.467200 6494.820800 6231.077300 6427.603200 6633.865200 6246.096300 6420.022200 6162.632400 6332.165500 5973.924200 6330.850500 6310.884600 6263.489600 6203.603400 5995.850900 6230.127200 6263.205800 6251.351600 6228.484000 6069.373300 6497.616400 6417.476700 6454.321000 6077.850600 6033.967100 6025.728300 6288.251700 6113.393000 6060.589600 6327.893800 6102.432200 6231.682700 6398.937800 6201.798700 6141.531800 6518.224000 6294.659400 6309.364000 6149.659400 6215.964800 6429.281400 6141.338400 6091.215800 5977.908600 6403.357800 6188.170700 6081.528900 5859.939500 6472.417800 6523.998400 6308.776200 6113.222900 6515.555900 6460.782100 6423.563300 6139.040700 6333.931200 6069.440000 6408.985700 6091.509200 6496.482100 6132.018800 6384.289100 6547.172400 6205.838400 6209.388600 6080.929600 6198.311200 6377.997700 6838.060000 6143.882600 6561.566000 6029.814300 6189.252600 6436.820800 6165.421300 6661.260900 6468.267400 6245.783900 6484.683500 5702.963800 6631.564600 6488.065600 6009.799400 6158.975900 6535.751800 6574.596600 5940.737000 5991.509200 6246.080600 6230.726800 6600.062100 6286.864600 6307.786500 6360.034300 6162.238200 6600.139100 6253.071700 5930.198900 6237.570700 6229.077800 6192.212400 6154.529600 5461.869800 6771.185800 5895.725300 6466.715200 5870.576600 6623.803300 6189.247800 6265.134900 6055.235100 6150.986100 6078.047800 6117.905800 6647.925400 6407.189700 6384.058700 5924.632300 6022.580900 6284.021400 6616.614600 6448.656100 6264.959100 6319.204400 6186.890500 6323.491200 5983.631500 6199.470400 6170.038400 6353.601600 6323.280000 6693.539000 6247.016500 5921.850500 6571.768600 6036.732700 6514.559100 
5937.831300 5706.121700 6456.239800 6684.407900 6290.674400 6185.423600 6055.832500 6499.286500 5573.088600 6343.780300 6555.538800 6405.494000 6156.562500 6697.275300 6536.130700 6205.449500 6099.459200 6508.228600 6119.832800 6121.935500 6423.579800 5795.865900 5947.754100 6398.307600 6446.406200 6342.506000 6135.436900 6444.502400 6627.502700 5842.904000 6806.446800 6365.735200 6355.991000 6818.378700 6178.612100 6369.535300 5861.171600 6476.436600 6411.208900 6466.168100 5894.073000 6333.483100 6624.475600 6718.189600 6225.646800 6398.209300 6421.061100 6280.706100 6111.178500 6471.566800 6519.460500 6138.611600 6357.692300 6408.957400 6365.978900 6810.853000 6109.031000 6285.885200 6820.996400 5994.498200 6558.931900 6338.470400 6389.594800 6496.984800 6070.612200 6650.304600 6504.783300 6400.386900 6519.636200 6454.840500 6329.348100 6037.894200 6508.683600 6479.322700 6262.485200 6346.532700 6039.724800 6129.390500 6537.877100 6183.663900 6438.638200 6223.620400 6555.083100 6468.775900 6562.046500 6058.932000 6054.389800 6073.733700 6391.279000 6318.365200 6165.301900 6555.431900 6239.178500 6243.593100 6449.223100 6431.664400 6155.949900 6505.611600 6354.704900 6329.510000 6362.429000 6270.447100 6388.387800 6369.752300 6116.378000 6132.451100 6409.502100 6354.893500 6309.319700 6011.762600 6606.851600 6668.264600 6606.882700 6099.413700 6622.784100 6485.330600 6526.406200 6109.642300 6455.878600 6089.936800 6386.884200 6225.562200 6498.632100 6152.307200 6400.012700 6725.103500 6109.682900 6376.758100 6067.109800 6160.294200 6450.152600 6893.637400 6202.979300 6683.922700 6295.331800 5995.141700 6476.253800 6193.974000 6791.100600 6564.452600 6304.820000 6294.321000 5758.700900 6724.327800 6264.453500 6086.400100 6514.147800 6687.213300 6372.180400 6220.752200 6185.582700 6377.213100 6345.737400 6717.900200 6459.800900 6316.432800 6368.017300 6065.793700 6722.387000 6421.257800 6174.005900 6225.901500 6273.563000 6384.768900 6155.930700 5625.336400 6541.610700 5983.045900 6434.541800 6183.725600 6543.975600 6250.783500 6538.628500 6096.891000 6133.439300 6353.184500 6134.847400 6831.416700 6379.619800 6325.682200 6092.638900 6226.334400 6154.565500 6634.395100 6579.640600 6543.491600 6405.680600 6166.552500 6555.446600 6028.402700 6372.759600 6053.522500 6413.762400 6627.163800 6627.249300 6444.197700 5959.185600 6873.513100 6197.792400 6491.001800 
5993.882100 5681.266100 6223.538000 6350.766300 5971.395500 5974.292800 6129.937800 6121.133500 5409.804800 5955.009900 6445.778200 6150.550100 6097.146200 6573.401000 6224.480900 6120.439100 6081.409500 6132.673500 6076.008200 5944.870800 6085.080600 5706.321800 5676.118200 5979.752900 6431.281300 6378.563900 5918.919600 6418.331200 6408.201100 5674.956100 6735.735900 5996.437900 6078.810400 6767.517300 5876.271100 6288.554900 5713.086800 6187.055200 5996.701600 6387.952300 5794.164300 6247.705300 6168.115500 6278.788900 5967.415600 6341.783300 6443.024300 5973.101700 6031.728800 6271.452700 6095.398200 5862.966100 6157.310300 6346.562900 6260.682900 6494.512400 6050.978300 6326.392700 6724.335000 6051.848200 6361.921700 6120.572400 6272.916200 6197.813800 6062.267300 6393.286900 6620.196700 6060.951900 6403.297300 6288.271600 5978.406000 5955.928800 6229.278600 6447.648700 6081.455800 6075.644300 5770.305100 6006.207600 6138.372500 6097.615600 6297.001100 6108.789100 6251.161200 6653.648400 6377.535400 5848.515500 5850.390800 5898.936800 6240.536100 6103.628400 5940.669800 6175.125600 6038.534500 6092.137400 6502.122000 6023.450400 6127.731600 6298.021200 6069.730000 6073.219100 6007.134100 6131.988900 6240.481500 6161.672900 5922.274300 5877.789800 6142.301300 6227.905300 6217.493900 5700.690200 6446.797700 6356.636000 6355.139100 6002.817400 6630.771800 6445.158800 6404.474200 5827.185300 6285.384100 5935.988400 6160.639200 5998.827800 6255.263800 5855.163800 6270.955700 6502.216900 5887.676400 6163.571400 5552.120600 6009.118900 6121.894100 6744.767000 6284.239200 6196.705000 6144.460300 6083.685600 6318.090200 6082.922600 6465.197100 6313.139300 6104.079200 6176.684000 5791.182600 6463.057800 6254.460200 5910.276400 6044.220900 6280.069500 6239.339600 6036.966400 6060.407200 6078.093600 6052.579100 6500.844800 6371.146200 6123.396700 6251.811600 6063.975800 6531.141100 6178.788700 5654.233700 6029.529900 5930.601100 6153.067700 6241.938600 5230.780100 6589.049900 5834.558800 6315.917000 6033.714600 6253.547600 6184.480900 6318.928500 5914.029500 5921.784400 6109.508800 5902.236700 6509.426000 6282.115700 6216.295700 5931.839800 5955.955900 6222.868900 6335.881300 6487.054300 6293.088300 6163.343000 5951.000100 6414.427100 5868.153800 6219.574300 6014.891000 6327.530400 6341.039100 6481.965100 6486.811800 5819.549100 6628.206200 5951.962600 6380.098400 
5932.837000 5850.284100 6459.440400 6583.723600 6112.722200 5985.557700 6106.254300 6370.466900 5488.586100 6115.420600 6458.153300 6146.759200 6165.699200 6493.001700 6153.647200 5991.430700 6248.126300 6381.132400 6095.685900 5934.857600 6343.182600 5896.673400 5950.965400 6243.706400 6342.293000 6208.920300 5898.622100 6345.126400 6572.984400 5910.571600 6691.811600 6143.184900 6244.051300 6497.621600 5973.924300 6332.389000 5641.245300 6275.140100 6227.642100 6361.672000 5861.088900 6135.559400 6366.814300 6530.766500 6075.475300 6147.993000 6293.180200 6025.816700 6154.394900 6402.958600 6133.989700 5829.657200 5946.321100 6158.458900 6351.327000 6772.573700 6202.942800 6272.262900 6594.410000 6053.143400 6242.962900 6308.729400 6355.232000 6451.107900 6072.474400 6459.692100 6367.473100 6089.746600 6443.323200 6126.077000 6129.503300 6135.720100 6328.475600 6121.507300 6399.085600 6149.861600 5826.274900 6163.992700 6322.536300 5847.925100 6391.996900 6137.738200 6355.810600 6456.550500 6319.254900 6025.182000 6076.349700 5973.092800 6261.987900 6047.854200 5857.216900 6289.431300 6137.409700 6293.799800 6481.141300 6176.258500 6081.568300 6185.099800 6120.673700 6085.410000 6148.189700 6156.920300 6376.013200 6249.552200 6057.768200 5785.886400 6417.272500 6367.969500 6223.574900 5755.256700 6455.551800 6465.417600 6253.472400 6029.930000 6530.640700 6443.243000 6250.045700 5911.212800 6318.384700 6107.061000 6289.926500 6088.172200 6262.395400 5922.225000 6414.612500 6677.122500 5992.232700 6062.467200 5931.160300 6231.178100 6242.310200 6661.118400 6298.741000 6453.578100 6182.189400 5981.597300 6326.910700 6262.272400 6615.624600 6373.532500 6302.193300 6071.526700 5681.754200 6705.156100 6459.576900 6059.952000 6275.106500 6388.239200 6366.776300 6101.671400 6019.712800 6166.950700 6190.174000 6454.755700 6400.276100 6101.139300 6390.038800 6073.028900 6605.651000 6042.893200 5866.144700 6091.304700 6145.170500 6158.698800 6256.741800 5418.640000 6746.534300 6070.466500 6320.454900 5959.787200 6482.396000 6180.212500 6394.730400 5981.541000 6144.387000 6079.831400 6087.131400 6561.706900 6415.103600 6277.515300 5953.364900 5859.792800 6250.659600 6669.346400 6420.326900 6199.159400 6454.935900 5991.708200 6432.082000 5861.048100 6333.986800 5872.501200 6100.835700 6434.125400 6464.067000 6335.023300 6015.723400 6683.361900 6045.138200 6516.507200 
5868.818500 5498.736000 6341.696200 6475.705400 6037.597900 6061.593200 6076.651200 6182.999900 5464.299100 6076.700800 6553.426300 6282.802300 6028.697400 6580.849700 6101.416400 5789.317200 6133.484900 6307.724300 6173.672800 5956.059200 6122.233700 5772.113400 6016.194500 6085.979400 6378.089300 6197.271000 5911.404000 6335.548200 6221.641000 5617.163500 6659.042000 6249.835200 6001.408900 6627.732800 6005.267900 6457.189600 5679.924200 6131.751300 6165.835700 6239.832700 5989.120400 6167.838800 6260.655400 6498.752400 5900.959100 6187.753200 6189.078300 6121.559000 5979.474800 6184.966400 6125.800900 6109.102200 6212.260300 6109.736900 6269.134500 6655.620900 6030.191300 6222.793600 6761.214600 5883.616700 6222.853100 6141.022500 6296.496800 6358.373900 6008.675400 6613.048300 6556.750700 6133.189500 6317.441600 6353.235800 6231.803900 6071.555100 6399.029000 6086.367900 6205.305900 6152.971300 5680.083800 5994.097800 6170.696800 5990.758800 6252.508500 6247.442500 6228.971600 6627.911300 6431.273300 5850.320400 6018.977900 6041.383900 6310.202100 6226.565600 5855.332400 6017.670500 6117.239500 6089.001400 6202.915000 6044.785200 6153.163800 6476.479000 6151.183900 6324.367100 5949.295400 6086.459200 6291.051400 6001.144200 5958.059600 5911.168400 6352.652800 6289.953900 6111.010500 5955.297100 6374.247400 6545.067700 6224.343300 5927.976100 6492.839600 6497.499500 6321.139500 5944.061700 6437.529100 5998.650900 5989.347900 5842.113600 6215.603300 5981.381000 6190.226000 6664.825300 6076.516200 6292.850500 5732.802600 6096.791900 6289.927800 6777.988500 6217.400100 6265.555200 6192.428600 6082.870300 6082.497300 6107.903600 6765.706200 6396.278200 6075.082400 6023.685600 5623.120300 6462.510400 6461.344100 5964.824000 6162.252500 6275.785100 6169.123400 6009.673100 6050.143900 6046.825800 6270.274800 6462.629500 6264.077200 6154.769700 6411.529000 6063.150500 6603.476200 6072.695300 5870.442500 6058.895200 6123.350600 6170.874700 6043.110600 5328.592600 6299.332500 5934.203600 6181.205200 5732.638700 6294.294000 6121.755000 6332.268900 5876.137500 5988.019200 6134.768500 6011.431900 6582.434600 6223.630900 6355.045900 5995.798500 5886.134400 6085.897800 6449.156300 6552.019500 6227.292400 6062.845100 6036.673000 6343.119900 5874.686700 6089.464300 5920.491100 6312.480300 6167.678600 6355.687600 6287.272900 5825.956200 6791.225200 6089.703900 6424.931100 
5844.987200 5357.690000 6053.182700 6436.742400 5678.369300 5730.401200 5941.405100 6087.041900 5245.227200 5953.809500 6393.904900 5981.897400 5746.040500 6272.487600 6163.970400 5835.293300 5701.667900 6058.047000 5805.372200 5739.350800 6148.173600 5517.608200 5530.991500 6094.972300 6146.544500 6023.832200 5666.080800 5992.848900 6090.120200 5519.473500 6493.622500 6196.106700 5854.357800 6230.273500 5599.572200 6173.281300 5640.098800 5847.019100 5957.109900 6179.643200 5672.268500 6062.943900 6194.611600 6199.103000 5751.862900 5918.732700 5997.511900 5776.698800 5666.120700 5905.590700 5928.219800 5631.957400 5844.660600 5937.399800 6067.840700 6072.247000 5786.101100 5965.756000 6388.606400 5778.846700 5972.982300 6083.127700 6080.557400 6157.648200 5617.511900 6218.026200 6251.907700 5840.887300 6277.091600 6165.330800 6016.491200 5605.895000 6063.891900 6039.032000 5856.195300 5864.888400 5656.844100 5789.125400 6078.690000 5589.395900 6298.099600 5821.197800 6029.905700 6136.996100 6115.376900 5893.213200 5784.049200 5601.533900 6023.638900 5843.122200 5748.017700 6060.563900 5927.147300 5806.135300 6145.120100 5994.042200 5870.942900 6333.923000 5873.682000 5995.419600 6010.639400 5822.636100 6184.922200 6049.281200 5776.232300 5661.033400 6004.154000 6022.341200 5966.732500 5549.665900 6026.172300 6154.431700 6119.895100 5938.348200 6322.622700 6026.842900 5901.879100 5469.601000 6028.888900 5712.567100 6234.053600 5753.449900 6096.490200 5664.192600 6113.145800 6191.813200 5890.614100 5981.036900 5737.234600 5797.037000 5941.735000 6375.010500 5769.256000 6110.265800 5915.519100 5795.145400 6019.527800 5826.887600 6372.444000 6127.313100 5933.644600 5914.668800 5378.083900 6247.223900 6118.267100 5854.411700 6042.404900 6159.283300 6138.275900 5934.841900 5781.928400 6008.686400 5979.861200 6487.230600 6128.545400 5998.304000 5995.800200 5620.822900 6329.468200 5866.724300 5664.453000 5950.103300 5871.178700 5924.886800 5788.736600 5197.996500 6518.693300 5899.461300 6043.202500 5819.078700 6207.540700 6018.930000 6272.601800 5588.364700 5919.785800 5934.705800 5919.722700 6441.036300 5984.563600 5943.066900 5791.962400 5686.489400 5755.387400 6193.449000 6099.043900 5812.611300 6124.156500 5894.295400 6026.726000 5725.996600 5972.747100 5461.759900 5828.381500 6268.882500 6250.274800 6005.029600 5709.717800 6496.658100 5853.337300 6229.479700 
5437.574000 5171.999700 5808.401400 6065.450500 5535.368000 5510.483000 5572.386800 5705.570000 4975.513700 5393.435600 6084.692600 5607.665400 5379.716900 5975.580800 5870.093500 5600.194600 5647.624200 5731.988200 5678.764400 5331.158600 5582.676200 5264.246000 5350.227800 5654.254000 5717.339700 5553.702600 5469.382700 5799.068800 5716.524200 5345.098500 6114.264000 5771.379400 5565.695300 6048.958500 5311.626800 5679.963700 5077.955200 5659.623300 5617.820200 5815.561600 5612.691400 5546.435400 5698.929400 5835.658400 5398.792900 5563.776900 5742.324700 5458.355900 5489.860200 5767.559100 5801.947500 5625.892800 5706.594200 5646.405800 5801.030900 6068.571100 5408.916000 5778.214600 6132.392900 5533.342500 5835.154200 5554.511200 5639.869400 5770.865500 5598.687200 5877.109600 5890.497200 5639.977900 5925.509800 5809.501900 5760.487900 5406.744000 5704.655700 5680.186200 5745.928500 5680.380400 5366.827000 5597.885200 5786.357900 5582.950300 5964.637900 5703.821200 5962.322900 5879.791800 5870.100400 5402.091200 5501.194300 5373.238200 5755.243700 5584.030200 5356.234500 5687.330000 5647.432900 5483.161800 5980.372200 5505.358700 5562.673300 5913.378200 5720.313700 5872.894700 5439.872300 5498.200000 5830.396300 5706.963400 5516.033400 5337.208700 5769.141600 5937.966200 5725.960600 5389.874000 5992.600900 5861.402900 5873.268500 5560.479100 5869.496800 5883.396600 5888.923400 5392.602200 5745.204400 5285.811900 5841.862800 5574.905800 5806.252300 5663.268100 5750.045000 6100.373900 5571.300000 5497.077600 5536.223600 5442.587300 5582.039800 6044.997700 5606.034600 5766.202300 5458.367500 5532.144200 5738.213200 5597.325700 6157.578000 5859.135700 5739.358500 5669.135500 5087.827000 5883.256400 5625.252000 5451.903900 5564.383400 5937.497700 5668.285700 5464.648400 5649.524600 5744.992100 5702.547400 6040.955300 5772.392700 5714.871000 5916.851800 5454.488900 6005.527700 5577.886100 5303.705000 5396.076600 5730.116100 5430.061200 5653.676100 4986.593300 5871.473900 5393.862800 5523.146700 5500.900300 5680.197800 5706.994200 5814.076900 5352.541200 5620.783800 5691.339600 5433.584700 5937.377400 5657.856900 5716.411700 5497.548000 5505.552600 5636.126300 5866.288000 5953.825300 5825.453100 5640.960200 5486.923900 5810.473100 5572.467300 5690.246800 5194.696200 5725.806100 5962.228100 5975.313300 5686.651500 5381.412200 6074.225300 5455.533000 5894.309900 
5586.462200 5318.321600 5960.790500 5984.357600 5664.662200 5405.643300 5607.888000 5899.184000 5132.028400 5560.088200 6278.847100 5634.658700 5717.714200 6159.286900 5888.700800 5684.838000 5826.047000 5985.131500 5746.391600 5670.008800 5706.367300 5538.687400 5498.726300 5719.399400 5923.348600 5791.478000 5611.854500 6017.484100 6148.145800 5120.373500 6060.204300 5790.279500 5785.658700 6010.743600 5609.048500 5775.188900 5382.712500 5556.572100 5830.275200 6076.077400 5666.300900 5778.208600 5973.969100 6285.725200 5707.757800 5934.301900 5759.103300 5560.071100 5768.184200 5718.965900 5833.172000 5623.662000 5622.220700 5821.054700 5865.529200 6197.549300 5787.750600 5795.567800 6109.714900 5597.122600 5918.483000 5898.744300 5951.051300 5863.791100 5607.638400 5906.730300 6247.167000 5832.068500 6060.081000 5701.544800 5671.598200 5659.264000 6123.717000 5629.344100 5677.231000 5754.783200 5447.457300 5911.351500 5810.206400 5656.945700 5847.187400 5849.661100 5804.433500 6158.094500 6133.278200 5603.591500 5609.906400 5546.271800 5701.502600 5647.619800 5402.382600 5781.188900 5669.429100 5798.686000 5975.700400 5712.605100 5614.893500 6015.784800 5624.980400 5629.384100 5898.474300 5732.070600 6081.687500 5744.648100 5539.615800 5505.817700 5789.076100 5909.746300 5826.533200 5402.924100 5829.073700 6031.748700 5678.141000 5659.862100 6085.755600 6065.137400 6011.201300 5569.988800 5715.726000 5588.024700 6006.334600 5552.555200 5983.758600 5639.042800 5973.358800 6034.347800 5540.238700 5677.998900 5326.713500 5740.796700 5899.224200 6261.455900 5683.109900 6009.854900 5787.527600 5494.880900 5816.700800 5599.881500 6242.639100 5953.465900 5618.592600 5775.284500 5214.856400 6154.038500 6035.136500 5417.275300 5700.774400 5869.259000 5756.955600 5541.255100 5622.576200 5852.563300 5779.063300 6165.369600 5865.498900 5711.749300 5925.091600 5723.270900 6110.798400 5639.142900 5341.187300 5836.352100 5569.914300 5632.823600 5655.709400 4976.506400 6065.206600 5584.580900 5792.259100 5394.645900 5951.958900 5857.160400 5948.420400 5529.022400 5645.010100 5607.869300 5726.305000 6149.721600 5903.061800 5877.422200 5475.628500 5419.153000 5669.600100 6038.628800 5904.943000 5965.970000 5795.267900 5372.617200 5770.955200 5545.484900 5811.231700 5396.449100 5805.075800 5796.512400 6054.293000 6025.971500 5632.375900 6118.948400 5633.362100 6204.857800 
5757.735000 5447.250000 6119.354900 6316.328800 5946.076900 5869.289600 5765.087500 6006.873600 5304.207900 5855.423600 6308.976700 5957.041100 5904.685100 6373.181700 5947.229100 5614.814200 5909.865600 6319.125600 5876.556200 5893.158800 5938.131700 5723.339200 5789.124600 5815.104700 6194.763700 6177.943600 5755.865400 6125.706400 6265.446200 5529.493100 6279.802900 6051.781200 6018.887700 6431.816600 5816.565300 6031.612700 5538.685000 5967.970000 5871.445100 6184.204400 5793.071400 5958.453800 6200.860100 6285.767200 5726.075200 5981.236600 6019.551100 6006.689000 6002.552000 5970.267900 6001.149300 5790.783700 5768.291300 5946.656100 6111.436400 6702.236800 6013.339800 6104.121100 6347.999100 5653.659300 6018.513900 6092.132200 6017.973400 6142.185400 5691.348600 6261.874100 6308.581000 6024.554700 6183.143100 6031.413700 6112.255100 5883.955500 6045.915700 5858.711000 5932.864400 5876.856700 5665.247200 5960.091300 5955.551500 5876.786400 6045.165500 5933.721200 6258.364100 6241.261500 6243.475500 5910.504900 5762.338100 5853.053400 6080.594000 6020.600700 5795.651500 6019.563100 5936.870100 5918.636900 6257.826000 5910.802700 5857.498400 5929.557200 5917.816600 6053.028000 5815.432100 5951.394500 6133.498500 6154.879600 5853.292500 5751.952900 6314.180700 6177.106600 6003.106300 5793.024700 6209.293200 6305.621700 6269.981000 5791.327200 6188.863000 6244.296600 6250.350500 5798.230000 6145.807900 5746.005200 6102.330100 5879.736800 6064.225500 5927.790800 5933.502900 6435.509200 5852.681500 5942.921100 5765.460200 5987.842000 6086.135600 6335.146000 6065.013400 6217.823200 5833.409600 5867.711000 5986.071900 5803.806900 6324.328700 6362.946600 5904.902000 5938.237400 5565.268400 6252.554200 6213.892200 5819.154800 6071.707500 6164.332900 6067.914400 5845.471600 6003.496700 5964.383400 6070.549200 6281.968500 5881.170200 6085.977000 5994.290300 5686.179800 6378.061100 5903.932100 5695.566900 5694.824400 6019.898000 5897.688100 5892.781200 5356.787500 6416.823500 5889.724000 6187.014400 5818.817600 6308.365400 5900.199900 5961.011900 5705.457800 5703.383500 5883.476300 5755.113500 6449.761700 6191.503100 6132.846000 5717.185600 5713.778500 6033.064800 6228.047200 6362.142900 6248.096500 5962.905000 5818.125400 6214.822300 5821.939300 6119.049200 5648.406700 6051.802300 6207.045800 6278.331900 6091.903500 5748.879100 6210.007400 5835.084200 6180.760100 
5794.549700 5531.715200 6086.752200 6287.282800 5818.600400 5744.969400 5820.956300 6011.372000 5437.696100 5867.587500 6277.102000 5995.141400 5847.144800 6501.643200 6121.341500 5778.816100 5843.948400 6104.054700 6088.650300 5832.286200 6116.242400 5710.645100 5782.343700 5943.965000 6188.027500 5972.083800 5787.296800 6063.091900 6141.532600 5534.176800 6331.240800 6103.434700 5992.613100 6363.985900 5811.074200 6241.629600 5648.150300 5826.578300 6103.133900 6353.402900 5643.386500 5917.008500 6189.903700 6339.372900 5856.880300 5934.767800 5953.860100 5935.681700 5778.018800 6008.756400 5976.250000 5745.765100 6056.264800 6066.038300 6145.086800 6496.546200 5779.718600 5955.274100 6530.600900 5925.193600 6114.091100 5956.475500 6142.198500 6107.971300 5769.246400 6232.757900 6285.120100 5916.631000 6218.846500 6011.283200 5892.445400 5802.293500 6287.409200 5947.368600 6194.814400 5925.331500 5644.661700 6082.353400 6093.194700 6050.070300 6221.762500 6042.202300 6136.651900 6252.802100 6120.847300 6044.767300 5937.091200 5609.248700 6136.389300 5986.116900 5628.143900 6002.881100 5937.204700 5909.669500 6264.094000 5764.880000 5774.889200 6239.362600 6042.019000 6134.373000 5871.412200 5973.430300 6199.984100 6037.973800 5899.924300 5566.832500 6049.667400 5951.066700 6087.924100 5726.892000 6241.348400 6343.933000 6089.005100 5872.712000 6208.883900 6191.074500 6099.504700 5779.070200 6064.302500 5756.994000 6097.862500 5856.986900 6211.060900 5781.278700 6091.570900 6240.059900 5881.451200 6123.998100 5667.520600 5778.468000 6064.467400 6510.019700 6121.512600 6296.283400 6013.152400 5800.988300 6291.219900 5804.024400 6434.827500 6248.943600 6005.311700 6039.367000 5522.949900 6378.334700 6345.830200 5713.190200 5984.755500 6269.446800 6123.016400 5702.955000 5974.752100 6048.199700 6097.965800 6300.517500 5894.372200 6012.623100 6043.252900 5798.992000 6080.673900 5881.683700 5661.427600 6006.415700 5844.420100 5934.765400 5945.162800 5309.187700 6211.346900 5627.151000 6197.938100 5811.845300 6153.542000 5976.301800 6351.152000 5782.925900 5965.526700 5710.810500 5997.650700 6185.472200 6128.856200 6115.606500 5786.127400 5872.441300 6001.761000 6257.682700 6360.620700 6181.413300 6051.538600 5878.450600 5996.009000 5826.149300 5863.223700 5697.126900 6018.214600 6176.215400 6345.424700 6081.456600 5783.615600 6268.036400 5810.784900 6346.643900 
5956.063500 5763.957600 6283.743700 6578.736800 5898.383100 6120.056500 6259.672200 6441.127600 5543.439300 6089.760100 6698.094000 6226.009000 6312.847200 6631.529600 6348.381500 6203.362500 6467.875300 6498.378500 6310.028500 6051.476700 6616.915800 5897.305700 5997.495900 6262.970700 6336.391800 6226.093100 5872.917600 6678.622700 6533.374800 6084.082500 6721.773200 6531.865900 6325.566000 6670.164700 6056.897300 6508.950400 5833.105700 6267.542500 6327.608600 6501.991100 6152.328200 6274.785400 6492.700800 6712.257800 6260.203700 6402.288300 6160.449900 6200.080000 6073.901000 6354.714200 6110.147300 6040.601400 6245.004000 6343.082300 6481.921400 6697.427000 6219.383700 6336.664600 6654.103500 6348.233100 6468.471800 6399.540400 6243.696800 6291.295100 6154.058100 6550.820500 6795.294000 6339.164300 6563.782400 6305.069000 6318.625500 6284.469700 6492.455000 6646.945500 6273.968300 6394.167200 5864.285100 6299.333400 6493.761900 6236.524100 6476.617000 6170.996900 6279.792600 6370.504200 6639.833800 6136.061300 6051.285400 6231.190700 6392.730400 6126.412100 5855.950100 6121.947100 6212.177900 6324.150300 6488.456100 6404.018700 6038.447600 6680.469500 6151.548600 6319.957600 6221.970200 6178.405900 6572.806500 6428.143900 6077.305700 5867.767000 6497.724000 6378.004300 6062.773000 5948.527800 6473.807500 6697.630600 6402.777500 6249.894300 6596.319000 6537.081000 6457.236500 6077.288800 6515.574700 5928.671300 6248.452500 5985.966400 6386.047200 6088.149800 6458.653400 6559.917000 6180.808800 6286.792900 6116.617200 6171.520400 6142.525400 6862.540500 6219.251300 6432.596100 6187.746800 6100.111300 6523.655200 6264.177300 6920.119200 6500.339400 6392.149700 6271.988400 5599.299100 6653.155000 6616.282700 6279.970100 6101.064200 6543.174700 6309.100700 5950.389500 6285.979800 6346.377200 6194.322400 6672.671000 6421.181100 6256.348100 6545.475300 6078.899100 6683.389200 6231.385900 5927.711700 6196.996100 6301.075700 6110.092200 6371.221000 5400.991100 6797.560800 6105.447500 6574.658000 5964.337700 6483.842400 6152.999400 6457.913200 6092.717800 6079.768400 6185.309500 6319.359700 6628.153200 6365.292100 6601.095400 6108.204900 6080.475300 6384.083100 6623.915000 6546.688700 6556.446800 6293.901200 6207.315800 6397.055300 6162.361800 6355.197600 6115.146100 6372.174000 6360.636700 6493.201400 6552.405900 6116.986800 6680.047600 6126.093500 6753.985500 
5933.619800 5669.968400 6257.390200 6509.987200 5924.358900 5954.479800 5971.895800 6427.177100 5476.198600 5988.794500 6467.800800 6248.885900 6100.438400 6664.203500 6152.185700 5917.935700 6197.372300 6378.055500 6123.114600 5960.877600 6056.140800 5833.005800 5917.009100 6216.611200 6124.589700 6173.206500 5991.826800 6269.465000 6224.875500 5791.757800 6681.049400 6092.014700 6136.450300 6558.730600 5888.199900 6243.336100 5584.393200 6008.218200 6090.699500 6144.587100 5688.125500 6044.733200 6191.456400 6506.295300 6239.299800 6187.806400 6092.280700 6096.967400 5838.610200 6131.710800 6128.535800 5937.013800 6164.955700 6318.143900 6143.707400 6665.066900 6139.586600 6205.627900 6512.735900 5902.075500 6329.412000 6115.738000 6042.804100 6188.500000 5958.771000 6291.462000 6618.092700 6196.742700 6329.658400 6227.324700 6074.049400 6161.237500 6225.875000 6250.710200 6090.574100 6082.124700 6058.175300 5952.220200 6273.057000 6033.191900 6322.358500 6137.117900 6204.100100 6425.919000 6310.980700 5889.002200 5945.066600 5883.797100 6377.573100 6194.565700 5776.713600 6238.583000 6026.634600 6219.485300 6528.244100 6324.603300 6021.741300 6197.168400 5998.765700 6255.062700 6153.206600 6090.253200 6448.941800 6188.152500 6091.214700 5871.519400 6299.033300 6249.029200 5878.755500 5728.006100 6249.066300 6430.113000 6406.808500 6087.717600 6532.874000 6482.497100 6323.087100 5884.147300 6200.295500 5960.547000 6298.015600 6134.768400 6373.783900 6174.086700 6278.301700 6680.670400 5803.509800 6142.127900 5872.825100 5911.283900 6129.851700 6693.397900 6213.506900 6428.654500 6210.853400 5740.873600 6035.972500 6263.295300 6531.914900 6621.195800 6323.564000 6109.531100 5563.811500 6403.670200 6476.053000 5980.546900 6085.465500 6363.395900 6324.403100 5984.989600 5908.977400 5964.516200 6052.173200 6589.601100 6301.077400 6158.282200 6336.553900 5820.502600 6480.523700 6166.300300 5715.357200 6100.861200 6109.120100 6150.686300 6046.443800 5368.009300 6466.761000 5898.791000 6237.611000 5811.072000 6348.697100 6298.464300 6238.815400 5922.148900 5925.288500 6113.346800 5954.500500 6411.011400 6393.765700 6403.510700 5891.131300 6019.497000 6032.527700 6563.644300 6431.788900 6329.254600 6263.655800 5936.258400 6262.967100 6009.438400 6124.840600 5894.402600 6146.579500 6269.660600 6120.359900 6108.468000 5878.337400 6541.553000 5964.136700 6279.912000 
5611.869900 5437.653000 5947.654400 6111.180400 5636.821500 5694.099700 5671.813800 5789.870000 5190.963100 5671.448700 6389.034600 5733.403200 5505.412300 6192.518500 6062.943700 5771.715100 5762.099700 5809.162300 6055.524600 5533.749200 5656.696900 5423.141700 5720.122100 5868.611200 5802.836400 5622.672800 5424.585700 5913.251300 6024.449100 5482.431800 6291.357400 5948.259600 5895.834600 6322.550400 5534.721200 5757.342300 5490.941900 5704.274200 6021.881400 6027.159600 5615.698200 5804.914700 6064.711600 6025.457400 5738.516500 5803.715600 5857.953300 5598.155100 5741.183800 5800.768400 5928.471800 5651.646700 5720.315600 5924.975500 5797.841300 6377.234000 5798.488800 5758.413600 6121.487600 5761.985600 5926.583500 5728.511000 5864.920700 5983.919100 5642.840000 6070.687200 6081.976100 5826.467500 5989.029400 5919.428500 5873.000800 5730.132100 5886.809200 5802.160200 5821.039800 5777.889400 5387.479400 5706.296700 5924.875800 5599.482500 6066.426100 5790.543000 6076.695900 5915.841600 6002.494500 5502.298900 5704.606800 5471.731300 5969.066500 5847.825300 5483.871300 5713.297700 5797.967200 5833.953600 6154.297500 5792.341500 5669.849500 5967.285700 5782.192000 5980.496500 5535.467300 5699.116900 6102.194500 5912.537400 5784.615900 5467.066500 5933.815400 5862.361400 5597.886900 5635.860900 5886.798800 6040.833600 5858.480300 5678.352600 6114.141300 6160.805600 6190.073500 5653.755100 5953.302700 5579.895100 5936.859200 5511.008200 5901.726800 5721.863000 6014.760200 6320.194600 5523.047000 5623.124200 5630.925200 5761.286700 5862.435400 6155.989500 5811.322900 5873.769600 5902.623000 5457.000100 5821.937100 5688.738000 6278.311900 6054.654200 5965.053500 5786.711100 5294.411300 6037.170800 6034.941800 5646.959600 5606.412500 6053.362300 5887.419400 5747.990600 5771.264900 5765.317500 5887.149400 5998.769000 5926.719300 5769.241100 5913.623500 5727.889100 6247.856700 5742.781200 5533.709500 5684.633600 5673.024700 5655.004800 5808.610100 5066.117000 6184.658600 5628.807200 5887.464500 5498.437700 6210.821300 5767.168600 5861.470900 5661.860000 5678.855100 5697.510600 5750.386300 6061.152900 5844.764800 6063.763900 5556.415400 5501.867000 5641.229800 6004.332100 6007.169800 5883.228700 5760.294900 5608.428200 5948.594400 5425.258200 5758.862200 5484.381800 5781.863300 5927.464700 5918.845100 5948.928400 5744.267000 6236.355700 5670.154400 6245.676400 
5860.554400 5795.133300 6176.586900 6515.082800 5914.943500 5689.546500 6040.583700 6317.058600 5331.037700 6119.754700 6656.959500 6087.268300 6036.717100 6455.089800 6343.627200 5916.011700 6227.331600 6157.659800 6160.578100 5751.643100 6173.959000 5737.144000 5607.611500 6107.101500 6221.337200 6331.084700 5773.128900 6441.210800 6222.869800 5722.170500 6691.355800 6150.088400 6085.421200 6644.051000 5905.249500 6368.594300 5624.037800 6236.817200 6240.834200 6473.218000 5983.383800 6200.491800 6411.643200 6533.909800 5930.528800 6204.701900 5990.214600 6015.170200 6193.422000 6090.915900 6202.846900 6123.439100 6108.332200 6308.866300 6195.759500 6611.138000 6235.278900 6359.239500 6651.507900 5948.933800 6354.951000 6162.046700 6277.787400 6412.269600 5974.677700 6467.666200 6455.718300 6164.267800 6297.554100 6179.719600 6157.054900 5934.489600 6362.873200 6211.782800 6252.677200 6130.857300 5957.706300 6128.071100 6218.053100 5902.993300 6317.668900 6167.626900 6167.129500 6353.735600 6486.147800 6019.137100 5911.170000 5919.675300 6429.286400 6011.283100 5711.305400 6148.225400 5869.457000 6215.261500 6347.799400 6201.030900 6047.926900 6558.130400 6241.034800 6207.892800 6055.069600 6071.014700 6274.557200 6215.543400 6024.680400 5707.354700 6121.132900 6238.043200 6225.634600 5823.200100 6361.923700 6420.490100 6005.890400 6197.319700 6370.111700 6564.590300 6321.848800 5890.418400 6135.378900 5823.681000 6380.810300 6008.582800 6267.990400 6018.770900 6204.096200 6602.495700 5989.479700 6157.342100 5701.951500 6072.080700 6245.021500 6669.629100 6147.290400 6400.756900 6230.101500 5826.963900 6248.541800 6106.912900 6632.856300 6385.959700 6246.866900 6278.039600 5481.188900 6699.283900 6281.379900 5877.612300 6009.415700 6301.680100 6267.895500 6050.575300 6190.210900 6229.685800 6116.975500 6680.145400 6363.378200 6149.201100 6302.145700 5717.603900 6446.008100 6166.593200 5568.390400 5873.624100 6044.359800 6244.048200 6130.172200 5291.503600 6416.105800 5794.794600 6258.507400 5873.952700 6408.056500 6058.263400 6227.372700 5725.413900 6175.751900 6095.316600 5963.845000 6507.673200 6416.122300 6219.655200 5997.327300 5897.160100 6135.369500 6562.605200 6353.772900 6265.238800 6100.508800 5792.588800 6529.723800 5907.959300 6212.145100 5960.606400 6243.086900 6350.717800 6405.510300 6218.081900 5783.467400 6601.278100 6091.543000 6652.554500 
5773.974900 5706.895600 5961.225900 6528.898800 5880.510100 5946.531200 5980.300700 6156.240700 5480.496400 5786.238900 6474.639700 5953.008600 5983.699600 6461.061400 6099.744700 5852.513100 6239.945500 6252.419900 5978.981700 5787.267600 5993.050800 5719.022000 5954.968200 5956.504100 6108.007900 5874.924900 5987.465300 6302.717400 6241.844700 5892.328100 6595.754400 6252.768600 6056.136800 6368.506200 5902.023300 6138.936200 5652.732600 5953.788700 6145.387500 6211.091800 5920.031600 5891.333400 6235.302300 6338.484600 5798.443000 6157.856500 6029.997600 5809.787400 5818.336700 6094.929600 5956.720200 5997.415100 6014.359200 6049.145300 6141.368100 6425.528600 5881.289000 6175.570400 6502.951300 5803.692000 6138.502600 5989.336000 6209.017300 6218.028400 5884.176700 6231.752300 6356.212600 6122.448200 6352.377800 6234.131900 6084.269100 5999.676500 6047.441300 6001.244800 6117.865900 6054.227000 5819.892300 6018.120700 6189.634500 6018.948500 6518.404300 6070.170700 6266.466300 6327.935700 6391.743100 5881.384400 5853.313200 5847.971400 6226.478500 6098.735500 5559.802000 5973.204000 5788.203900 5983.553500 6260.796500 5961.886900 5938.667400 6214.154900 6006.483800 6143.196400 6031.475900 6147.066700 6063.689400 6025.730500 5854.467300 5887.912300 6231.945300 6099.467300 5990.518500 5588.482600 6292.638200 6431.122200 6247.334900 6027.676800 6281.501100 6209.382200 6208.071700 5878.683600 6318.675100 5890.992000 6060.950900 5927.158500 6320.679800 5876.548100 6067.906200 6609.974800 6000.251400 5989.093000 5883.777800 5813.559300 6100.465100 6657.201400 5990.793000 6455.383300 5888.805100 6112.470200 6159.437200 6092.213100 6642.911800 6275.479300 6176.633900 6049.641000 5511.240400 6399.498700 6454.378700 5887.927200 6017.281900 6183.929500 6393.274500 5780.921400 6013.014100 6022.031700 6121.609300 6565.365500 6182.463600 5951.566000 6284.568900 5893.862500 6570.431900 6088.530700 5597.298900 5978.068700 6069.584000 6031.250000 5892.490600 5218.946500 6381.395400 6061.077100 5973.889300 5776.599300 6512.343400 6106.581400 6245.824100 5883.482900 5973.201100 5983.329300 5943.486900 6443.556300 6228.839000 6360.166400 5726.025300 6049.403000 6101.826100 6360.853400 6295.800000 6026.708800 6136.621100 5747.644000 6114.515500 5719.041800 6103.322400 5676.137500 6241.415600 6188.580200 6446.440100 6185.649700 5690.385300 6519.714000 5960.855700 6447.286800 
5656.897500 5328.358500 5851.227100 6194.494600 5781.365400 5700.229500 5892.129100 5933.054300 5245.505300 5842.843900 6346.449100 5685.343700 5765.144000 6484.576400 5860.943800 5552.558200 5813.342500 6001.178900 5790.256800 5649.749700 5880.579500 5404.402000 5722.494800 5858.277800 5943.476700 6036.501500 5714.397000 6022.770500 5960.922800 5604.057600 6531.602300 5975.805200 5858.372200 6187.913700 5604.939900 5978.869100 5523.027800 5932.324600 5728.004300 6045.962700 5464.598300 5779.964000 6063.033200 6262.367200 5722.266500 6024.564900 5670.706000 5655.207700 5624.361400 5604.712600 5834.982600 5771.498500 5951.522400 5924.741800 6018.924200 6495.239400 5832.904700 5783.095100 6278.272300 5702.476700 6061.819800 5784.799800 5882.957400 5757.950100 5797.613500 5937.568600 6336.829700 5775.890700 6206.342100 6099.830700 5928.486300 5679.629100 6046.425100 5869.421400 5786.668500 5818.919100 5533.966700 5714.035900 5894.821000 5461.941300 6155.624300 5710.635400 6056.177000 6129.271700 5990.064400 5657.301900 5757.154600 5551.313200 5641.372900 5711.223000 5488.474300 5830.827400 5767.896400 5656.205500 6208.134200 5791.483800 5770.021200 6182.810700 5740.937300 5880.078100 5904.903200 5772.255300 6045.095400 5878.997800 5693.823700 5422.849500 6008.190400 5932.807800 5702.834400 5540.235200 6107.403800 6040.445100 6088.451800 5655.570200 5933.282500 6084.276500 6043.983600 5422.161900 5994.554900 5481.554100 6020.739900 5652.666500 5886.604300 5621.087200 5798.892600 6341.375300 5927.117900 6090.757800 5608.009700 5734.103600 5885.998000 6304.281800 5704.116900 5943.773500 5675.779300 5617.912500 5915.968700 5773.108800 6257.483900 6153.027300 5965.391400 6098.038000 5396.164800 6224.579000 6184.997300 5749.981000 5743.923600 6166.762700 5941.303300 5814.832300 5829.537400 5817.560300 5789.004900 6263.539000 5734.280800 6041.888400 5975.844900 5652.044500 6096.586600 5774.876800 5496.492000 5689.171400 5706.722200 5749.966500 5753.848200 5207.060500 6319.439800 5613.732500 6089.513000 5677.790000 6113.821400 5808.082400 6165.731500 5619.954800 5772.078000 5725.611700 5603.983800 6266.292800 5921.718500 5958.427700 5668.988200 5719.442800 5828.805100 5989.475800 5919.910800 5866.981100 5954.388600 5663.931600 5949.532900 5575.170700 5903.544300 5760.615800 5885.045400 5990.583500 6079.016400 5881.905800 5541.762700 6105.018500 5572.813200 6156.059600 
5877.731000 5752.760900 6474.287600 6612.300800 6176.402700 6024.920000 6238.592500 6368.146400 5582.527500 6304.787100 6728.123500 6320.972700 6234.055700 6583.213400 6450.373300 6133.097800 6134.758400 6451.864000 6259.488600 5996.588100 6385.484000 5855.609200 5994.471700 6283.144800 6582.457700 6235.989300 5996.433900 6622.820800 6575.093300 5872.571800 6834.238900 6342.742800 6400.221500 6640.806900 6068.971900 6508.264700 5704.544100 6045.026500 6228.574000 6539.362700 6152.998800 6185.450100 6438.974800 6630.287700 6087.306200 6325.291600 6177.192900 6036.740300 6040.674600 6354.852100 6197.774800 6056.153000 6285.225000 6353.250300 6317.756700 6932.979800 6089.451400 6208.264500 6852.245900 6151.235300 6620.181400 6174.497000 6332.021500 6242.187100 5979.818800 6344.099900 6559.657500 6230.240900 6419.624000 6247.488300 6242.440700 6143.669100 6470.383100 6277.543600 6345.903400 6143.834000 5966.848100 6263.744500 6471.619300 6236.120600 6648.018900 6483.914800 6400.080700 6343.054000 6568.513100 6102.086700 6215.373700 6082.837800 6246.336400 6421.310400 6050.400500 6180.081900 6214.355900 6191.035900 6544.379900 6298.055300 6233.197100 6482.188600 6212.549200 6562.102100 6200.534100 6049.191000 6385.280600 6332.257900 6063.328700 5778.557400 6330.005300 6418.598200 6291.490700 5884.248300 6384.700800 6622.027300 6327.609200 5956.113100 6572.622700 6423.756800 6473.421500 6066.644300 6501.651100 6213.270900 6327.042600 5809.516500 6518.474200 6094.899100 6495.914400 6636.209700 6191.209300 6366.821900 6069.880300 5970.239800 6390.113300 6894.009800 6251.695800 6355.773600 6095.381600 6069.298700 6452.237200 6006.475500 6830.019600 6409.278800 6261.962800 6328.807400 5668.119400 6632.966000 6539.203900 5959.871900 5916.989900 6624.378700 6399.410900 6158.676100 6225.505200 6326.853200 6308.141000 6781.478300 6256.470300 6221.070100 6518.145500 6279.754400 6660.386500 6175.004100 6116.105700 6039.437200 6338.239900 6090.472400 6080.235700 5520.551000 6647.027900 6186.924800 6273.513900 5943.140400 6788.046000 6237.656700 6430.339200 5877.474600 6001.687700 6081.560800 6125.860700 6569.766400 6419.512100 6512.878500 5952.330500 5898.095000 6279.957500 6589.661900 6547.533400 6385.820300 6348.304300 6171.420300 6420.526600 6191.846600 6354.247500 6008.873200 6159.667100 6419.796600 6604.748200 6154.192200 6188.009500 6871.075100 6188.410100 6562.035900 
5890.301400 5785.883300 6164.319400 6497.912700 5927.126100 5933.605200 5871.660100 6207.167300 5420.680600 6060.342300 6324.545100 5959.197700 5993.533000 6555.348000 6088.165500 5877.940500 5842.145400 6124.738700 6159.414700 5686.495400 6073.906600 5868.900200 6032.693500 6139.121800 6068.836000 6067.085300 5680.110800 6204.957300 6483.631400 5849.462200 6448.135500 6105.109000 6200.639300 6475.621600 5846.333500 6129.489100 5608.552700 6091.833000 6071.890100 6384.602700 5811.258000 6018.232500 6212.498100 6249.137000 6037.387300 6139.552700 6114.310900 6033.741500 5873.174700 6043.469000 6055.719100 5880.785000 6096.412000 6198.284400 6137.175500 6514.950300 6012.885900 6164.523800 6500.790700 5911.483900 6160.422900 6124.573800 6099.866600 6214.653900 5873.366400 6228.279200 6406.785600 6008.294800 6181.919500 6185.146600 5997.533000 5795.391500 6268.112200 5859.448100 6094.130700 6126.893600 5799.157300 6025.199900 6230.084800 5943.997300 6264.292300 6205.071400 6283.101200 6188.587500 6183.471600 5702.727500 6043.561900 5879.375000 6103.291700 6184.012000 5831.016100 5994.995600 5884.392500 6024.465100 6362.917900 6043.926800 5926.914300 6446.262700 6012.721500 6298.303600 5931.715600 5964.495100 6261.903200 6214.332000 6024.642200 5676.060300 6255.870800 6196.898000 6243.060200 5697.038800 6252.217900 6395.622200 6179.907500 5733.477700 6200.370800 6277.493100 6219.481100 6049.092700 6284.978600 5694.278500 6242.215000 5874.587700 6122.682500 5880.246000 5977.044500 6588.229500 6023.130400 6025.179700 5927.163100 5865.752700 6303.856300 6563.843400 6118.849600 6323.045100 5844.076200 5931.054700 6089.159600 5941.006500 6537.122300 6262.979200 6037.415400 6142.880600 5446.648100 6315.218100 6177.219600 5898.577100 5893.625800 6344.877100 6169.141700 5926.348400 6006.054100 6078.840600 5966.937000 6484.872500 5958.058100 6050.736400 6157.138400 5969.928300 6437.509600 5930.569600 5816.725000 6012.048400 6002.560200 5956.179900 5959.775600 5528.788300 6247.177500 5837.665700 6239.969000 5821.306400 6381.260500 5914.279700 6257.770400 5737.964700 5746.704800 5775.090500 5888.147200 6503.079000 6068.736700 6184.954100 6032.508700 5993.499800 5944.335000 6246.096600 6170.597300 6287.242600 6081.804600 5900.741300 6329.725000 5883.243700 6132.783500 5898.488900 6039.053400 6293.046900 6471.868100 5934.897300 5906.868300 6414.878000 5957.078900 6396.310300 
5825.431700 5615.451500 5978.905900 6509.197100 5901.292600 5688.407900 5963.013000 6160.138800 5402.061100 5769.479700 6331.708100 5862.744900 5978.237500 6395.849000 5990.071600 5698.774400 5938.871000 6180.830400 5961.971900 5837.207000 5901.632800 5661.916200 5791.876500 5905.118200 6025.661300 5970.215900 5839.611400 6144.162800 6192.419300 5524.067200 6458.356300 5919.989700 5977.303700 6416.817900 5735.900300 6175.741800 5628.240200 5900.383200 6168.007700 6154.867600 5728.395900 6076.725500 6173.443100 6362.538200 5863.023000 6028.848700 5880.853000 5896.416500 5743.249500 6020.270500 6064.690200 5794.849200 5944.590800 6049.953200 6111.682000 6441.980900 5850.654900 6170.549700 6585.255500 6014.600800 5985.989000 5890.948200 5857.511100 6120.992100 5838.146400 6068.741000 6251.601100 6025.811900 6518.881000 6142.031900 5962.090400 5984.394200 6186.256300 5898.585800 5935.377000 5980.728000 5778.469600 5879.000100 5978.805500 5981.280800 6093.733200 5963.938300 6096.734600 6269.239000 6214.472100 5680.347500 5797.173500 5802.080000 5988.485200 5974.703400 5562.997400 6075.868100 5935.469600 5860.538100 6392.627400 6076.888300 5973.288800 6357.877900 5944.248200 6230.638100 5894.595200 5992.983800 6235.128900 5980.470500 5831.191300 5566.379600 6135.991600 5917.098700 5809.699700 5688.076300 6284.726100 6524.061800 6177.305800 5897.261200 6189.034500 6287.076100 6145.577600 5696.541600 6047.728900 5977.394000 6254.654600 5830.019900 6107.908500 5841.950700 6235.344000 6433.055100 5846.754100 5909.162700 5833.218500 5902.280000 5928.017700 6553.700600 5845.009400 6298.467300 5928.307000 5819.364800 6089.703300 5884.558500 6437.563700 6170.407100 5957.265600 6007.873500 5319.305300 6293.630400 6247.234900 5821.424500 5855.986300 6193.834700 6254.536600 5795.674800 5896.680700 6052.257700 5902.185500 6356.473900 6055.573000 5958.915400 6399.377000 5664.011000 6346.626400 5916.507600 5663.990300 5953.482200 5945.442100 5682.096400 5938.581800 5299.125400 6414.696000 5721.923000 6013.706200 5751.306300 6132.621400 6136.976600 6087.934800 5793.524600 5885.739700 5977.867700 6061.169300 6435.016000 6172.308500 6296.036900 5688.116000 5927.806000 5921.013600 6156.491200 6125.623500 6117.386300 6055.126600 5728.489200 6102.672600 5955.692700 6063.143200 5779.649000 6157.573800 6194.869100 6304.762400 6056.985300 5642.703200 6053.688700 5843.154700 6316.390800 
6057.175100 5580.477400 6510.366300 6723.134000 6033.448800 6139.468700 6144.597000 6532.301900 5677.152400 6107.863600 6618.108900 6277.053800 6148.673300 6645.723100 6417.921400 6113.596200 6180.310500 6572.033400 6156.934400 5919.946900 6315.947200 5970.583400 5898.529300 6194.107700 6277.422300 6252.731800 6026.029600 6390.321100 6456.877200 5898.144900 6562.468800 6418.105300 6279.680900 6650.425800 5951.543500 6250.269400 5766.501200 6230.466300 6119.025000 6390.882600 6056.236100 6300.893800 6494.379500 6483.888000 6147.821000 6086.136300 6161.062700 5973.115400 6220.625500 6103.485900 6280.968100 6131.975200 6023.100200 6281.470900 6352.461200 6661.788700 6022.663200 6254.803600 6723.020300 6039.770900 6508.005700 6283.378200 6481.899200 6302.863000 6104.197300 6584.362000 6684.159200 6168.785200 6377.750200 6347.911400 6276.811900 6014.414700 6355.616300 6075.192600 6173.001100 6225.936200 6050.377300 6168.372300 6327.985400 6107.498800 6354.002900 6281.352900 6470.888000 6601.339800 6428.558900 6105.845700 6122.074900 6072.335400 6444.266000 6182.605800 5822.151800 6208.499100 6068.622700 6012.932800 6538.895300 6358.328600 6125.391700 6299.049200 6145.293500 6229.395900 6239.077500 6281.383300 6441.976400 6290.111400 5970.749300 5970.375100 6311.517100 6328.536300 6302.697700 5902.226200 6451.231100 6616.867100 6362.752800 6383.408900 6486.247400 6457.546200 6600.692000 5993.032400 6423.183800 6005.645200 6460.474200 6013.588900 6285.290100 6147.404100 6335.315500 6615.410400 6120.965600 6089.031900 6033.317500 6092.579400 6151.720900 6660.335200 6273.166200 6500.362500 6117.842700 6062.431500 6398.346900 6133.991200 6708.975700 6407.343400 6280.708600 6194.269000 5700.095300 6571.613100 6426.330400 6102.984200 6369.017100 6547.286600 6380.567900 5986.287000 6335.056300 6263.791200 6316.106100 6762.424000 6154.724900 6249.716000 6301.512600 6001.209400 6552.187000 6218.646700 5878.619100 6249.257800 6147.519700 6171.015900 6187.653900 5482.268200 6733.261300 5862.753800 6358.668300 6127.266700 6488.294100 6198.634200 6312.378400 6028.678600 6134.102700 6058.918800 6231.083200 6568.922800 6346.384400 6483.079800 5972.928500 6018.683100 6366.126200 6445.424000 6504.148200 6100.122800 6263.873400 6172.437400 6217.240900 6082.628400 6455.321700 5809.833500 6390.781700 6466.962100 6471.308300 6364.002300 5869.955900 6490.502700 6345.783500 6706.964200 
5401.031800 5183.712900 5848.854500 6195.964700 5574.869900 5572.273400 5781.280000 5950.723900 5285.784800 5703.051900 6212.396600 5801.961000 5586.815900 6061.159000 6116.539700 5586.241300 5683.649200 5747.401400 5941.395400 5760.466600 5823.791900 5442.260400 5576.245200 5802.071600 5898.062200 5715.308500 5539.666300 6248.511200 6153.827400 5310.815500 6167.862800 5955.928600 5660.986700 6151.171000 5406.653400 5894.973800 5540.832700 5675.100500 5745.136800 5896.169600 5692.992300 5826.925900 5873.437600 6157.096600 5647.526800 5874.241400 5649.293500 5774.017500 5642.400900 5694.028500 5840.148100 5654.876400 5889.034100 5952.459100 5878.126800 6248.928500 5552.277100 5703.191200 6149.855500 5745.362000 5883.338800 5742.830100 5733.283700 5880.889200 5624.391800 6074.010100 6272.409300 5706.289800 5962.314800 6006.781500 5750.248500 5652.499400 6084.015400 5920.583300 5894.587700 5725.566500 5477.953800 5668.170300 5685.297700 5691.740200 5939.679600 5761.062900 5928.444600 5968.723500 5845.143900 5698.010700 5656.498300 5499.448200 5866.088500 5614.736600 5503.123700 5800.614800 5661.176700 5877.022100 5991.929300 5776.694800 5589.822800 5894.402900 5847.699100 5782.100000 5690.282100 5642.449000 5918.605600 5928.378200 5765.623000 5479.100900 5887.238400 6011.385800 5645.756100 5329.171400 6047.590500 6034.664700 5948.263700 5757.186300 6145.701000 6177.306800 5863.559100 5718.793300 5854.863000 5547.566300 6082.642900 5473.947700 5866.725700 5489.456300 6046.073100 6297.411800 5598.662600 5694.603900 5552.834200 5646.176900 5808.909300 6243.993900 5683.855000 6076.294100 5740.657400 5782.660600 5766.214300 5689.022100 6342.453000 5798.626100 5751.124200 5808.574500 5266.911300 6165.338400 6067.486700 5682.003000 5673.291000 5961.996200 5939.935100 5562.448800 5645.057400 5736.611100 5824.446300 6212.921700 5713.471400 5956.247100 5779.254900 5649.764900 6154.738200 5656.213500 5488.198200 5434.468900 5902.382800 5602.123400 5820.973200 5046.937000 6067.441100 5398.995300 5699.759900 5582.176400 5865.927200 5854.394600 6041.265300 5591.844800 5653.219200 5741.179300 5662.623100 5997.596900 5901.641800 5799.892700 5700.060100 5654.862100 5895.481400 6226.327000 6097.055600 5864.698900 5889.106700 5750.120600 5811.735900 5729.332500 5825.188100 5595.450700 5901.679200 6045.422400 5961.879700 5728.912800 5630.854800 6215.330800 5644.786200 6071.724700 
5860.233500 5690.180500 6172.086800 6361.089000 5956.127300 5889.547600 5873.616500 6417.377600 5504.747500 5981.169400 6412.607400 6191.854700 5978.008000 6546.512900 6348.654000 5862.267800 6164.383700 6266.947800 6025.317700 5798.843400 6232.651500 5644.070000 6058.651300 6172.788800 6239.477000 6088.821100 5800.068500 6317.941300 6380.504700 5746.011700 6566.069300 6300.267700 6141.803900 6581.547000 5788.742000 6203.248600 5609.134600 6071.153100 6180.713400 6376.679400 5904.411300 6017.566300 6275.412800 6461.773100 5872.336400 6268.821700 6191.397100 6020.388500 5983.189000 6109.146800 6231.735500 6182.666000 5921.250800 6133.602500 6287.497300 6592.892900 6131.532600 6160.443700 6458.792000 5862.038100 6183.388100 6085.225400 6051.129400 6283.500100 5843.495100 6401.102600 6431.282900 6142.152600 6199.159700 6319.864000 6134.504700 5924.564000 6197.711000 6174.914700 6167.988800 6211.678700 5871.235600 6060.260700 6247.473400 5858.031600 6442.138500 6050.746200 6179.528900 6436.814100 6320.092600 6029.360700 5877.105500 5887.126600 6301.032200 6050.261800 6033.848400 6295.471500 6046.102300 6182.011300 6499.906400 6100.860600 5935.248100 6186.519100 6086.775900 6031.575300 6057.404500 6002.640900 6296.521100 6160.875300 6138.793700 5947.603200 6355.840800 6209.382100 6070.705800 5709.499100 6319.975000 6339.396200 6355.572500 6010.765800 6398.620300 6328.180400 6304.210900 5942.472100 6146.269400 5801.362100 6190.533200 6082.067000 6202.567300 5947.709100 6223.986000 6622.055400 6014.806100 6217.884500 5942.943900 5958.216900 6080.384000 6633.675500 6178.828600 6398.058900 6268.608800 5848.634100 6209.891100 6102.058600 6592.911600 6258.837100 6098.415700 6106.540300 5466.238700 6598.516400 6321.245000 5937.079400 6159.524500 6362.777400 6389.685000 6084.099800 6119.494200 6081.759600 6254.411700 6670.240200 6215.115200 5957.293800 6280.802300 5895.483500 6560.440700 6067.572000 5715.938600 6254.301400 5969.183400 5938.612600 6077.824600 5421.692000 6423.031500 5892.324400 6225.586500 5824.237600 6467.194800 6131.016200 6344.131900 5928.855700 6091.058600 6127.468900 6016.165000 6418.435700 6261.089900 6245.482800 5865.038000 6066.135400 6089.440000 6427.758800 6369.921800 6220.970300 6367.279100 5991.083900 6214.602200 5992.668400 6108.166700 5911.854400 6164.593300 6461.466000 6312.440200 6196.361900 5885.430300 6495.460500 6053.155100 6448.937300 
5572.729400 5187.285600 6075.425000 6276.818700 5737.665300 5663.055700 5744.406800 6009.336500 5264.249100 5678.663800 6304.032900 5814.076700 5685.302500 6243.856800 5687.751200 5731.493100 5748.480000 5972.230000 5878.737500 5593.316400 5852.856000 5549.847600 5685.987100 5866.477800 5881.423200 5757.777200 5650.390200 5889.416800 5902.371000 5354.022900 6199.723000 5874.898300 5847.598500 6164.953700 5353.046400 5906.177800 5424.979100 5655.778000 5839.480000 6081.919200 5787.788700 5793.038000 5999.578500 6106.229700 5576.742400 5929.579300 5828.285000 5644.844700 5696.166700 5762.432900 5843.159000 5694.000700 5839.052100 5961.796000 5658.088400 6238.341700 5638.853400 5887.895300 6342.967200 5674.074400 5943.658000 5712.209600 5956.235300 5853.776700 5831.383800 6171.419500 6198.776400 5662.961600 5922.979700 5854.488700 5736.929600 5686.457300 5900.461400 5690.279100 5656.096900 5845.059300 5485.623600 5733.572800 6039.872000 5651.895900 5909.930400 5802.084300 5949.336400 5995.821400 5861.311200 5474.398500 5781.090000 5555.193000 5950.449000 5789.781600 5462.663300 5857.904100 5802.429000 5761.190900 6139.652100 5840.315800 5589.391600 6069.018900 5711.785900 6047.289600 5694.133400 5712.999700 5944.963600 5867.512600 5417.818300 5524.298500 5962.334700 5903.984400 5874.193400 5449.499900 6092.033600 6199.346300 5974.712800 5755.600200 6050.443700 6051.780800 5945.193600 5452.323300 5971.456100 5560.132300 5955.256900 5455.986600 5918.363000 5641.268500 5948.184600 6212.321800 5666.752500 5714.119100 5450.886300 5640.013800 5877.037600 6261.022300 5779.770900 6049.400400 5752.666000 5699.230200 5827.541300 5744.234400 6397.263200 6085.509100 5723.699700 5772.538100 5191.146700 6017.955000 6000.915700 5642.788700 5741.485700 5916.212800 5693.872400 5668.609100 5819.385600 5797.460900 5854.181900 6281.062300 5880.637500 5798.436300 6039.573200 5657.516500 5937.236300 5826.413000 5509.195100 5819.126900 5721.819800 5691.466300 5552.246000 4986.855200 6343.177300 5372.584200 5899.749300 5539.956800 5983.172500 5807.997900 5843.926100 5629.024500 5505.272000 5804.504500 5589.648000 6226.370600 5850.880600 6063.808200 5700.117200 5512.115500 5783.243400 6069.453700 6067.023000 5702.737800 5770.970900 5604.399500 5913.203800 5600.905900 5723.519700 5637.463700 5857.041800 5904.736400 6034.090900 5909.637400 5492.539100 6376.003600 5712.280800 6092.769700 
5864.665100 5689.062100 6569.174100 6644.793700 6129.333300 6178.820100 6411.940400 6426.071800 5526.998600 6164.436000 6723.561900 6216.966700 6096.195100 6423.839200 6211.307900 6242.082900 6230.487000 6413.650600 6138.660200 5963.110700 6316.330000 6106.341600 5737.388500 6108.969400 6332.011300 6168.313000 6132.232700 6421.822800 6445.551100 5719.589400 6552.953600 6272.489800 6285.091500 6774.669100 5978.488500 6356.163100 5770.970900 6195.847800 6197.226200 6386.648000 6146.259400 6060.548000 6333.779500 6414.896500 6149.469700 6294.711700 6184.378000 6121.361000 6054.477300 6376.171700 6194.087800 6030.017400 6234.976400 6191.419100 6397.281600 6891.062100 6043.669400 6318.277700 6858.989900 6126.135500 6420.690000 6396.795000 6371.691200 6275.687600 6028.135100 6609.649600 6577.824000 6115.518800 6531.733400 6409.585600 6221.833700 6050.217500 6341.826400 6276.205800 6436.443500 6219.945200 5903.007700 6124.007700 6196.502400 6205.686200 6467.132200 6382.011600 6376.968000 6430.100900 6482.488600 5939.352700 6235.563100 5954.444800 6270.225800 6232.983400 5844.745400 6218.603000 6143.666300 6220.125800 6596.598600 6193.744500 6210.949000 6399.726000 6204.167500 6321.938500 6046.672900 6098.289000 6365.559200 6398.855400 5878.896700 5839.848500 6318.656200 6334.797200 6239.555000 5932.534100 6606.707400 6718.299400 6303.898300 6231.049900 6491.508900 6356.908700 6587.063500 5991.278200 6344.384000 6129.190000 6222.439600 5969.614000 6432.709100 6138.083900 6699.501100 6707.384500 5975.439500 6274.502300 5996.783300 6245.747000 6181.749300 6606.111400 6264.109800 6509.683400 6349.518200 6171.489500 6509.182200 6121.363900 6784.973800 6459.014800 6116.896600 6313.582400 5760.414100 6686.121400 6531.353000 6134.533000 6233.674800 6337.538800 6309.767300 6049.458300 6271.436200 6128.851000 6168.130800 6664.574700 6427.827300 6152.232200 6351.217800 6035.492900 6605.437900 6212.654600 5814.751300 6102.613300 6186.566400 6150.453900 6179.874000 5589.577900 6587.348600 6001.196900 6398.665100 6095.699000 6350.347200 6341.626900 6340.135100 5899.391200 6101.501100 6041.506700 6234.323800 6692.963500 6376.806200 6441.019100 6040.225800 6092.557800 6364.634700 6638.781800 6419.023600 6216.316600 6162.405600 6193.007900 6448.599900 5948.643100 6324.145700 5993.721200 6212.818800 6352.437700 6450.614600 6347.370900 6088.872500 6700.705700 6043.517700 6457.055500 
5869.880300 5641.625200 6077.189100 6412.824700 5896.498500 5787.104500 5864.663300 6252.604600 5327.954500 5895.576700 6328.856500 5916.354600 5908.499400 6387.302500 6100.080300 5739.768200 5992.480700 6178.618200 6139.515000 5825.614400 6177.509400 5663.023000 5833.213000 5862.269900 6048.409900 5933.686800 5964.093900 6219.153600 6317.825600 5788.475600 6418.184100 6121.040300 5922.587000 6444.088700 5630.768100 6088.043800 5633.289100 6035.442400 5992.446300 6225.068500 5727.857500 6064.657200 6118.454000 6343.308600 5914.600200 6186.127100 5833.461300 6100.589000 5964.151100 6061.980800 6052.517900 6096.993200 5943.668800 6057.560300 6289.196800 6432.461500 5688.922800 6080.327100 6501.161700 5954.785500 6085.422100 5957.527000 6049.560800 6169.246500 5748.590100 6241.186500 6264.942900 5829.823600 6250.702600 6154.258000 6237.095300 5972.025300 6220.357300 6035.506200 6104.657300 6022.223600 5633.105800 5976.056800 5922.338100 5958.898100 6115.079600 6016.971500 6133.516200 6218.810700 6263.046000 5903.952100 5807.919600 6000.934100 6139.962600 5990.579200 5692.068400 6092.932500 5790.681800 6034.580100 6397.363600 6013.607200 5922.487100 6207.050700 5956.307800 6302.843200 5893.827400 5952.650300 6320.279000 6038.565300 5979.210600 5813.808700 6241.620300 5937.975800 5834.163800 5686.053700 6244.963000 6506.110200 6222.956900 6044.286500 6201.688600 6260.919000 6139.066900 5777.637800 6167.924900 5827.848700 5983.396900 5843.715700 6117.318100 5912.225000 6061.362600 6555.972600 6102.858400 5803.425500 5756.099100 5967.250300 6191.634800 6628.206500 6064.664300 6318.999900 5977.471300 5941.274200 6278.616100 6052.529800 6394.914100 6392.688300 6082.842900 6089.188400 5331.225700 6267.475600 6307.551200 5916.130900 6029.347200 6333.241300 6154.697000 5694.348200 6118.956700 6025.136100 6228.365000 6365.679800 6045.409200 6012.940700 6197.381100 5941.653400 6294.572400 5953.317800 5737.762300 5977.062400 6158.588300 6020.043600 5872.287800 5214.958000 6434.405900 5745.669900 6290.910700 5708.509200 6173.072900 6008.464600 6142.432200 5639.914300 5763.196200 6025.528000 5962.223500 6349.603000 6139.003000 6232.665700 5664.869100 5880.565400 6013.769400 6387.468800 6184.089500 6170.940200 6044.439800 5847.964900 6250.746800 5864.540200 5985.442200 6001.514800 6140.458800 6332.280600 6154.624800 5992.057400 5946.537400 6380.575600 5789.967500 6249.002200 
5587.226900 5432.417200 6115.391500 6508.288600 6108.215100 5918.993800 6004.533500 6044.336800 5292.157200 5873.924400 6235.023000 5989.592700 5904.104700 6264.575900 6167.196400 5736.029000 5948.557300 6326.704600 6003.638000 5759.888900 6244.149900 5839.323100 5681.615200 6086.873000 6092.147500 5875.775600 5844.793100 5980.735600 6189.625900 5826.469600 6389.871700 6089.929000 5990.459600 6502.364200 5817.233400 6118.439600 5661.574700 5945.925200 5969.668700 6169.684500 5796.992300 6005.192300 6238.883300 6187.552200 5942.560000 5962.147300 6105.313500 5829.891000 5807.274000 6080.727600 5891.537200 5803.171100 6187.674500 6138.434100 5832.685600 6586.147500 5784.225300 6174.437200 6485.123700 5975.279800 6259.121700 6085.123200 5973.445900 6089.346200 5850.565600 6368.837800 6316.423600 5879.211700 6291.128800 6218.146400 6023.257800 5839.511800 6066.451300 5914.752000 6065.455200 5942.608600 5694.377900 6005.084200 5994.540700 5956.270300 6346.380800 6004.096400 6136.525500 6233.090700 6310.696900 5745.933200 5941.427400 5681.317600 6214.608300 5981.515400 5661.329600 5976.133400 5646.508000 5856.839600 6250.486200 5876.096600 5925.498200 5982.660400 5950.136800 6292.999600 5896.987000 5957.804200 6161.311500 6187.727300 5712.271000 5786.899000 6021.188600 6122.567800 5962.190100 5561.740800 6285.781500 6299.998100 6380.415600 6000.554200 6405.662400 6238.651100 6198.467700 5873.649000 6210.655600 5931.341500 5999.621800 5584.379100 6092.703200 5815.840700 6119.998200 6530.292700 5711.027700 6066.673700 5788.554200 5759.122800 6118.673400 6550.935900 6122.453800 6259.647100 6026.258000 5970.272000 6152.713700 6140.595800 6589.977800 6300.442500 5856.622700 5980.645800 5623.757900 6302.534900 6193.386900 5879.181500 6098.606500 6126.116800 6116.272300 5845.231500 5952.112300 5954.510400 5927.234500 6484.607100 5934.779500 5976.609300 6201.160300 5946.346100 6391.921700 6022.179000 5542.557700 6016.518900 6083.342600 6032.537100 5813.123200 5365.699600 6419.062700 5474.432000 6093.157500 5893.746200 6219.657600 5891.213100 6065.156700 5814.494900 5785.221600 6025.322600 5827.032800 6275.946800 6148.005000 6307.189200 5978.845400 6011.000400 6016.131700 6454.131100 6261.037100 6029.700600 6120.104700 5844.291100 5968.559800 5671.472000 5915.242100 5845.166000 6112.938800 6137.879300 6277.959700 6086.895400 5589.488700 6327.337300 5894.868300 6325.092700 
5770.994000 5534.709400 6057.627900 6442.187100 5788.285400 5999.992600 6008.323900 6305.219000 5373.259300 5961.988900 6230.573100 6040.585300 5810.543900 6455.505600 6011.559000 5736.190600 6013.010700 6186.035700 5987.963400 5848.598000 6041.013500 5586.618100 5724.700200 5862.512900 6066.675200 6021.704100 5910.467100 6158.068000 6199.132300 5563.549300 6426.440300 6054.532800 5953.029400 6496.938600 5850.644700 6272.018400 5273.141600 6196.529600 6025.329300 6129.150500 5671.444200 5911.224700 6250.706500 6316.801700 6078.283300 6168.521100 6138.562900 5836.631300 5798.698000 6028.850900 6142.881400 5960.725400 5938.277200 6083.124700 5918.282400 6482.518800 5984.355900 6122.762800 6582.501900 5852.681200 5973.744100 5885.423500 6003.789800 6315.657200 5792.262900 6350.975800 6394.201400 5978.170000 6290.518600 6120.647900 5919.629100 5900.546100 6116.098900 6125.432200 6097.129900 6072.143200 5746.792700 5823.173200 5973.055400 5985.913100 6031.009800 6051.501600 6313.957600 6432.311800 6172.389300 5829.998400 5765.037700 5810.693900 6294.759800 6027.012900 5842.888600 6051.096100 6014.648400 5895.490600 6279.611900 6021.857700 5822.130900 6212.891200 6068.877900 5926.023700 5974.583800 5959.911300 5959.352200 6119.998900 5958.833900 5682.656800 6206.664800 6099.829100 6120.362200 5687.882800 6302.558500 6398.023600 6064.881300 5829.480800 6298.152100 6249.260200 6046.793500 5823.490200 6314.314700 5888.300200 6080.552900 5895.870800 6163.019600 5879.916100 6132.608100 6492.202200 5974.453200 6055.914400 5750.224500 5978.008700 5969.258000 6529.689200 5990.719200 6402.660000 6017.639700 5871.976500 6156.341400 6055.114200 6503.291100 6300.875300 6114.114100 5979.154500 5275.180600 6369.926200 6016.023700 5710.881600 6059.724900 6102.707500 6161.452800 5880.935800 5926.830200 6018.807200 6148.151400 6428.961000 6393.547400 6104.208400 6089.851500 5875.992500 6397.320800 5797.907000 5676.661500 5942.019800 5827.887600 5721.527800 5844.083200 5093.737000 6374.136900 5858.985900 6235.355500 5793.560500 6181.347600 5813.241900 6136.383400 5840.512000 5989.302200 6113.218300 6016.429300 6480.645900 6273.856800 6205.344700 5729.819100 5897.748600 6188.834200 6293.414400 6316.851100 6051.774900 6114.644300 5984.582100 6364.338600 5833.471700 6036.652500 5994.095400 6101.080300 6148.236500 6187.893800 6001.286800 5774.960200 6484.437100 5974.560600 6239.884900 
5935.036500 5894.272300 6504.774300 6875.611600 6264.696700 6313.456200 6293.653100 6582.417800 5752.505300 6352.429700 6727.215100 6275.882400 6105.729400 6794.898800 6436.360700 5971.663000 6290.991600 6566.102500 6293.381800 6191.776100 6351.923400 6052.583500 6059.516800 6371.308200 6262.915600 6205.285200 6104.608300 6611.255900 6764.318900 5937.912900 6696.831200 6371.827200 6335.203300 6733.111900 6144.342800 6545.301000 5838.986900 6306.774300 6577.304600 6583.265200 6108.906200 6131.726200 6420.649900 6561.622000 6149.020700 6225.201600 6204.144100 6309.699000 6183.519700 6428.015300 6470.309100 6412.321500 6335.998200 6608.823200 6338.911800 6785.601800 5998.333100 6247.845900 6931.733000 6044.618900 6422.899000 6175.585400 6564.824300 6383.187900 6185.803100 6553.135700 6758.492000 6429.059400 6540.533600 6445.266600 6285.990000 6109.470600 6475.600000 6273.565500 6407.096200 6264.705900 6119.215800 6093.852000 6486.980000 6155.734900 6603.414300 6304.233300 6410.740800 6479.780400 6493.538400 5967.118200 6025.200700 6109.953900 6513.125000 6307.545000 5910.357900 6304.501300 6242.260600 6307.050500 6464.022800 6378.319200 6227.917600 6543.492000 6209.042400 6438.370900 6098.706900 6202.057600 6360.230800 6312.408000 6195.553300 6025.709800 6534.775100 6517.661100 6150.965300 6126.531800 6525.689400 6808.983400 6505.972600 6053.906000 6621.593800 6660.777500 6357.416900 6200.521500 6326.221100 5975.636800 6437.206900 6038.268900 6587.937100 6125.111200 6295.610500 6904.414000 6175.962000 6213.273700 6063.983000 6274.629600 6384.785200 6968.016700 6470.402400 6638.990800 6263.324300 6217.616100 6419.224000 6291.737400 6974.401900 6510.131800 6243.551500 6352.129400 5812.519100 6737.562500 6680.935900 6178.278700 6168.320000 6584.891900 6409.899000 6029.031300 6242.763100 6176.035700 6521.870000 6797.450500 6260.128000 6175.003700 6454.029800 5969.283700 6660.321200 6086.779100 6134.486900 6080.933700 6361.838900 6244.737000 6237.506200 5578.524100 6764.815200 6047.497900 6272.847900 6021.819100 6575.395100 6364.276900 6138.018300 6183.614000 6194.638300 6257.354400 6184.385200 6604.088100 6567.533200 6507.495800 6050.930300 6168.114200 6319.248600 6498.429800 6757.299100 6503.357500 6568.728000 6169.567800 6443.064500 5944.623400 6489.787100 6074.913200 6375.260500 6544.835700 6635.533700 6221.984400 5958.398200 6898.231100 6197.616200 6552.644600 
5753.819500 5613.496100 6346.084500 6636.324000 5986.636900 6010.306400 6104.705600 6200.757800 5470.457700 6204.681400 6707.086400 6236.863900 5968.536900 6670.357700 6260.476700 6074.868600 6032.909800 6238.977800 6207.641400 6024.152000 6311.018000 5839.901500 5890.853600 6120.917100 6160.874300 6103.078300 5919.683800 6377.129800 6296.470400 5922.715900 6664.857600 6288.091000 6318.301300 6408.822500 5980.752600 6245.139000 5507.281300 6226.322900 6248.882200 6332.789100 5952.913700 6110.186000 6264.013500 6492.748700 6089.167700 6255.254900 6123.286000 6084.436200 5937.047300 6218.477500 6257.944500 5938.068700 6177.463100 6387.645200 6177.868800 6702.936100 6013.784200 6208.550800 6390.003800 6139.901900 6515.771400 6044.920000 5957.445400 6277.377100 6002.029000 6581.446800 6489.380300 6024.967900 6538.954800 6284.864500 6136.738000 6063.663900 6329.950000 6123.223300 6005.283200 6147.812800 5724.148500 5962.043700 6222.508900 6055.205800 6359.576500 6290.163600 6299.078300 6331.252200 6379.269100 5807.627200 5978.618000 5976.488400 6314.917100 6299.097600 5771.817500 6052.300800 6120.158100 6152.743300 6329.544200 6110.997100 5996.307000 6396.999600 6144.407200 6273.695800 5995.383500 6078.314200 6459.165000 6296.793400 5842.832300 5824.236600 6301.584900 6508.350600 6150.420400 5846.606100 6564.047200 6462.327700 6237.358200 5990.304000 6422.575500 6451.389800 6191.232100 5922.978000 6389.522500 6052.767400 6328.449000 5873.075900 6222.110500 5893.940000 6234.813100 6527.343300 6116.664500 6005.987800 5868.295500 6159.083000 6176.790500 6574.370200 6266.162000 6287.271100 6189.387100 6048.878000 6328.478400 6003.437600 6807.433600 6343.240300 6118.122400 6327.272900 5568.530200 6522.977400 6211.052100 6026.051600 6177.250400 6400.834600 6172.088800 5988.853500 6226.107600 6234.975100 5951.633900 6567.303800 6248.797400 6140.624200 6367.858600 6018.482500 6743.652800 5908.405800 6146.572500 6119.013600 6264.525700 5990.070000 6071.957200 5360.408800 6427.003400 5976.275300 6371.066200 6066.557600 6342.421300 6060.108800 6195.443400 6011.393400 6001.395500 6109.515200 5972.154100 6412.693300 6258.749400 6224.976400 5839.119700 5713.123400 6236.951600 6530.422300 6457.597200 6164.820300 6185.115400 6058.236600 6365.810700 6043.134500 5912.350700 5879.027400 6152.763800 6393.838400 6416.915900 6469.226700 5794.812100 6656.414800 5959.996700 6267.334100 
5985.503700 5600.213300 6317.246300 6774.434300 6243.522100 6001.157500 6218.537500 6392.740500 5614.983700 6139.186900 6593.311500 6246.778100 6237.140200 6729.270400 6268.796900 6121.216600 6218.873400 6550.159300 6419.418500 6036.128100 6249.792600 5846.568800 6200.090900 6334.676300 6082.987900 6234.983500 6149.970000 6453.051900 6585.688200 5990.569700 6664.927300 6342.336000 6301.705800 6719.655300 6125.953000 6356.869500 5635.556400 6191.069800 6085.744900 6479.409000 6074.366000 6198.801000 6609.631400 6563.358900 6039.663600 6163.847200 6315.764800 6069.231800 6101.017800 6220.591000 6219.574000 6043.934400 6229.791900 6445.822100 6339.853300 6719.542200 6225.574200 6334.000500 6827.656700 6281.638200 6326.268400 6248.100300 6368.648800 6418.390300 6259.797800 6685.058400 6736.063200 6175.610500 6583.184600 6398.378700 6201.833600 6034.225500 6325.583800 6256.008500 6429.861900 6249.274300 5883.496700 6208.281700 6335.326800 6276.943200 6733.460500 6201.900100 6439.386400 6553.751900 6517.674600 5980.861800 6166.357500 6050.020300 6423.534400 6179.361200 5895.352400 6295.889000 6121.475500 6151.760200 6595.042300 6216.077400 6282.501100 6414.284700 6249.573700 6386.172800 6311.282700 6128.325900 6313.828200 6527.528500 5992.913900 5927.587000 6398.516900 6139.230300 6222.342500 6002.174100 6456.673900 6689.663300 6542.583400 6311.530100 6677.134400 6583.469100 6332.555500 6069.265600 6356.236800 6039.127300 6435.248300 6077.538600 6309.625500 6021.810600 6387.336100 6794.086400 6072.722100 6274.546700 6084.938300 5992.858500 6358.264800 6866.808300 6324.778600 6653.169900 6192.083800 6195.730400 6417.433700 6182.190500 6856.432700 6354.943300 6269.303700 6254.873500 5781.910200 6580.038500 6493.477500 6263.143400 6225.630200 6651.338900 6392.343800 6128.975500 6261.951300 6143.326800 6206.786600 6744.087800 6427.690600 6219.945800 6521.785400 6147.502200 6574.849400 6217.106700 5966.813700 6165.071300 6143.588900 6094.505200 6180.688500 5526.720300 6627.183600 5921.621300 6457.453100 6073.887300 6452.544900 6235.834800 6506.327600 5977.116800 6095.975900 6352.745600 6082.340100 6716.225600 6432.987900 6439.526600 5935.178600 6187.104900 6548.181800 6600.279500 6454.906300 6251.795000 6303.573800 6193.657100 6474.715900 6004.999500 6279.560200 5944.345000 6336.042300 6476.961300 6510.588600 6416.390100 5908.982100 6443.873600 6146.273100 6587.984500 
5661.721800 5644.460500 6033.998000 6533.339700 5844.334400 5866.005200 5862.328700 6195.982600 5260.929600 5952.596100 6458.460000 5842.449700 5868.551000 6408.868200 6263.878500 5804.328800 5987.615500 6271.502100 6108.872100 5844.963400 6244.532500 5590.967200 5722.349900 5937.205600 6113.380700 5998.164100 5785.685400 6153.206600 6148.545200 5671.903400 6492.231800 6137.622700 5938.433900 6398.982700 5852.280700 6119.166500 5484.077100 5953.045300 5936.018500 6325.730900 5876.858100 6001.172200 6094.110000 6449.464700 5786.770200 6076.637600 5868.630800 5848.659400 5866.841800 6049.152700 6066.906100 5812.074600 5961.023000 6018.214600 6104.801800 6436.717800 5849.374700 6169.224700 6453.445200 5880.514700 6404.126900 5914.634600 6024.153400 6009.432200 5918.014100 6221.230100 6294.366700 5844.949900 6207.632200 6111.480500 5929.677900 5854.754100 6217.354800 6096.913400 6088.080200 6170.733100 5658.917100 5904.966500 6047.756000 5986.716000 6420.727000 5883.309500 6093.700800 6334.644300 6275.375900 5718.162100 5891.209900 5959.019500 6211.051700 6034.907000 5632.172100 6057.359000 5799.690000 5897.239600 6233.688200 5855.437400 5896.108200 6333.362800 6213.368200 6245.880100 5910.156900 5964.056600 6015.785200 6083.129500 5724.101000 5662.915300 6018.891200 6028.746100 5996.340500 5681.536700 6177.528600 6274.383900 6076.020000 5914.820400 6367.775300 6272.920400 6216.192000 5749.825500 6319.771800 5725.256300 6202.850300 5750.285800 6268.454700 6000.161500 6102.460300 6434.061800 5946.666100 5844.763200 5825.008400 5969.685200 5854.138300 6596.351500 6138.868500 6272.525500 6032.161700 6014.320500 6216.789000 5915.816700 6557.761300 6273.103300 6165.286500 6100.545800 5419.706800 6393.944300 6209.371600 5794.425100 5874.498000 6220.312300 6061.406600 5756.836100 5992.758900 6219.092900 6073.464900 6278.682500 6079.736800 6038.465700 6137.092700 6013.189800 6436.462700 5831.858400 5741.920700 5928.414600 6051.170700 5832.198200 5961.109800 5243.877100 6357.221900 5852.637300 6085.418100 5839.292000 6145.297600 6143.302300 6170.630700 5649.823300 6028.138800 6116.255800 5867.081100 6308.407600 6105.714300 5964.008000 5779.648600 5809.128500 6007.429400 6261.816200 6385.917500 6064.869700 6223.564900 5891.344100 6063.275200 5819.943500 6071.781300 5860.707300 6004.167700 6117.174100 6303.073300 6115.389700 5675.009700 6468.123800 5871.455500 6350.955300 
6116.020500 5848.532600 6589.133600 6897.437200 6177.712000 6172.486200 6170.816000 6435.342700 5707.727100 6275.305400 6802.813600 6219.855900 6136.430000 6780.214400 6360.809600 6180.173500 6150.298100 6622.748900 6430.138000 6043.719000 6481.220100 5853.886700 6119.020300 6264.586900 6399.712800 6286.179200 6032.717200 6655.300300 6503.966600 5804.959100 6627.408100 6501.034300 6278.672100 6802.258400 6035.971600 6473.670800 5729.014900 6380.761500 6422.471700 6536.807000 6232.685400 6262.927500 6534.366200 6563.508700 6145.536800 6447.913100 6279.384900 6216.092500 6091.183700 6514.529200 6294.066700 6200.409900 6302.149500 6466.022200 6296.582200 6997.963500 6353.813900 6334.535100 6846.183100 6271.233000 6648.954400 6264.644700 6464.287000 6275.348600 6372.716900 6636.473600 6669.691900 6313.694200 6590.053200 6354.533200 6263.383500 6121.514000 6505.084400 6416.863700 6374.684100 6510.876200 6115.031200 6276.620200 6307.086600 6130.026100 6576.945400 6469.892000 6390.168300 6551.603100 6572.326100 6032.577000 6277.981100 6290.763900 6427.682500 6378.800300 5948.477200 6220.940200 6284.720500 6339.847100 6724.400300 6316.916300 6270.234900 6641.100400 6418.342900 6667.915500 6252.900700 6333.008500 6507.922200 6450.872000 6198.215200 5960.395300 6565.694100 6472.926600 6423.729900 5989.079900 6517.596000 6719.696700 6424.476000 6104.329800 6584.298100 6663.663400 6550.776800 6266.913800 6463.304100 6127.721500 6421.999000 6110.532600 6662.619800 6169.484700 6411.745000 6653.819400 6196.886000 6295.869400 6016.442200 6214.408100 6375.690700 6914.483500 6460.781100 6575.449100 6297.527900 6254.691100 6481.946800 6253.040800 6972.365200 6548.784600 6327.706600 6262.338700 5626.245200 6908.510600 6570.490300 6166.550800 6102.612600 6727.186000 6304.512400 6052.992100 6321.340100 6389.081400 6420.248600 6673.870600 6358.368300 6324.479000 6573.027100 6329.241700 6671.369400 6283.559600 5943.307700 6363.142700 6332.843700 6325.100000 6087.928600 5549.088300 6704.325700 6104.284800 6473.911700 5983.623800 6584.924300 6333.666200 6370.071600 6059.786300 6193.957200 6191.125800 6221.458800 6748.641900 6476.509500 6647.529400 6120.483500 5960.839600 6316.821200 6615.491300 6678.242300 6542.890000 6424.799000 6148.563100 6448.653000 6097.380800 6306.193200 6162.010900 6272.129000 6440.648700 6544.901600 6481.958900 5955.224400 6783.307700 6189.316400 6581.151900 
5802.561100 5782.280000 6128.917200 6680.257300 5965.427800 6011.470300 6016.532400 6399.654400 5530.163300 6104.560300 6471.184100 6146.551700 5903.326100 6515.412000 6312.164800 5839.189000 6134.523600 6338.098200 6036.855400 5703.088800 6163.470900 5885.293100 5807.463400 6015.919500 6066.302100 6084.844000 5880.126300 6417.292200 6294.131900 5777.970700 6629.434400 6092.356100 6138.993000 6484.045200 6033.884300 6200.208700 5541.668600 6258.240700 6162.016200 6413.340700 5865.476700 6107.335200 6215.675500 6318.985000 6053.405100 6251.059100 6140.826800 6008.061200 5898.737700 6049.073400 6163.151600 5941.716000 6087.710200 6219.172600 6129.597600 6526.052100 6157.218800 5966.391300 6619.964700 5832.762700 6222.787400 5998.871700 5977.742800 6126.566200 5995.968200 6340.891600 6555.471200 6022.662400 6229.946900 6281.502700 5985.561500 5938.838600 6214.028800 6100.792500 6366.974500 6159.027900 5784.987100 6063.512200 6208.222000 6023.480500 6333.540000 6036.734800 6287.498200 6190.764800 6260.487000 5889.819700 5878.892100 5859.022000 6313.172700 6130.673100 5795.576900 6044.751300 5943.050100 6042.905400 6327.594200 6197.864300 6045.947600 6168.873300 5969.503200 6015.510600 5905.230700 5905.902700 6247.180100 6081.029300 5786.296400 5620.890600 6187.928200 6407.787700 5934.768400 5801.204200 6417.033000 6355.179100 6224.620700 5982.845600 6447.343700 6311.655000 6189.771100 6101.212700 6269.043100 5865.247100 6380.526300 5937.270400 6180.802000 6057.409000 6208.307200 6421.288800 5862.198100 6110.820100 6027.564000 6076.472700 6087.343500 6706.684400 6147.202400 6162.121700 6161.997900 5922.674600 6056.346900 6079.830000 6739.152800 6319.348300 6161.360900 6106.084100 5560.702600 6422.682400 6263.781000 6007.711700 6071.574300 6285.774600 6408.692100 5874.967300 6133.671200 5873.813800 5920.521800 6646.598900 6194.010200 6038.048800 6145.971500 5852.439300 6447.768100 6071.752900 5617.981300 6066.694300 5886.005900 5991.924500 5979.731600 5405.509900 6381.222500 6023.006500 6011.290100 5870.985300 6283.144100 6133.222100 6104.391900 5900.495800 5883.649500 6103.245200 5944.892600 6457.409300 6225.428200 6428.487900 6109.561900 6014.482200 6098.418100 6470.379700 6349.632400 6205.139800 6122.355000 5912.315500 6181.164200 5842.883000 6331.518000 5782.964100 6192.923800 6318.992800 6410.989600 6052.362600 5856.666900 6523.775500 6028.772200 6299.985500 
6126.923100 5886.714500 6608.770700 7042.057100 6368.137700 6264.631100 6476.314000 6737.417000 5674.375700 6400.929500 6961.417600 6472.768400 6339.471200 6885.331600 6592.333400 6309.037200 6292.188200 6720.446300 6534.023300 6334.464400 6623.979800 6218.558800 6199.320400 6651.632200 6519.238000 6348.860800 6198.898500 6514.539600 6784.575200 6081.595000 6945.557300 6476.947200 6519.572800 6858.392300 6441.039500 6669.513400 5894.206200 6525.810200 6710.556400 6883.505400 6196.367800 6294.136900 6539.015300 6587.812000 6326.775000 6316.263600 6307.017100 6539.965200 6311.340500 6475.276400 6384.220800 6400.572000 6471.360100 6412.759600 6453.726000 6980.724500 6519.983200 6309.979700 7032.825400 6358.027200 6655.072800 6387.172400 6549.222900 6635.262500 6278.731200 6873.153400 6992.662200 6473.537000 6901.597000 6722.729000 6295.072300 6290.019200 6603.298400 6468.747600 6364.729300 6408.541000 6101.161600 6390.405800 6669.366500 6411.197000 6711.446900 6342.750900 6641.588100 6618.235100 6678.742000 6354.634100 6302.554200 6165.794700 6608.607900 6409.959200 6263.072100 6395.232900 6411.624800 6397.244300 6826.793900 6507.910200 6245.447800 6632.423500 6350.093800 6574.764200 6261.033600 6528.225000 6668.672500 6536.683300 6253.729900 6141.019400 6528.723100 6647.634400 6313.059600 5931.916500 6789.535300 6827.064800 6776.332100 6296.504100 6822.487800 6937.811000 6719.370400 6335.761000 6723.983500 6085.221800 6634.399100 6092.217500 6657.682700 6384.423700 6604.513200 6822.920600 6374.257100 6299.699800 6261.032600 6347.558200 6611.873100 7102.181700 6438.405800 6787.190100 6518.109900 6209.866300 6461.503500 6503.922900 6960.154200 6672.888600 6430.173100 6534.993600 5728.040300 6768.635800 6754.813800 6424.810400 6439.697200 6895.947100 6634.107400 6346.026400 6419.414600 6401.093400 6339.018700 6918.502000 6523.520000 6506.866700 6485.104400 6332.294400 6791.145800 6375.725600 6246.226500 6461.510600 6388.370300 6521.091100 6211.894900 5619.615300 6966.600300 6358.782600 6767.262500 6180.114000 6709.721300 6290.559200 6552.427900 6282.401400 6184.566500 6354.497900 6426.633000 6830.642700 6647.713700 6553.685200 6207.393000 6298.842100 6483.701300 6806.605800 6564.707600 6641.359500 6608.300500 6253.631200 6622.997100 6204.094600 6507.269600 6232.606000 6612.886100 6756.673900 6921.355300 6559.941500 6190.934700 7008.127600 6283.486500 6651.249700 
5795.550800 5927.121500 6299.389100 6563.522100 5978.858800 5831.950200 6047.679800 6262.973200 5511.948100 6067.427500 6420.636900 6019.923600 6019.087500 6412.244100 6346.304000 6208.289300 6282.300500 6401.971800 6185.424800 6017.125700 6233.039300 5733.258700 5931.781500 6267.687700 6133.955700 6091.053700 5883.391200 6388.558800 6520.929100 6025.541800 6628.454000 6215.062000 6272.975900 6477.910800 6104.670200 6287.867700 5788.181900 6243.067400 6303.584000 6337.772800 5804.437100 6151.008900 6357.669700 6511.387800 6044.674200 6258.462100 6056.713500 6069.761600 6130.162200 6252.660400 6127.515100 5999.891300 6208.801800 6182.545300 6293.506300 6660.714700 6050.825300 6207.811400 6665.455300 5927.031100 6227.661000 6115.144500 6238.902900 6309.528800 5838.862900 6451.112600 6519.840300 6265.915900 6654.844400 6209.360700 6287.094400 6013.981100 6382.833100 6204.090700 6204.493500 6222.402000 5780.126800 6203.201100 6314.880800 5870.418400 6549.039300 6071.805700 6258.382500 6362.353000 6382.835600 6030.628200 5935.215500 5929.696600 6293.808400 6124.904400 5701.029200 6177.538500 5958.376000 6020.698300 6480.420900 6254.157200 6052.200500 6496.470200 6169.906800 6268.190700 6087.906600 6184.525800 6508.600200 6185.810000 6010.945300 5898.966500 6452.156300 6162.639500 5997.458400 5840.714400 6515.496900 6396.777800 6153.421700 6193.426300 6447.847600 6462.336400 6249.751300 5944.402800 6508.605900 5945.043400 6456.639600 5922.952700 6336.469600 5985.040900 6158.505100 6610.171600 5978.890400 6262.849200 6173.395500 6022.938000 6452.096100 6691.892200 6182.577700 6501.158100 6161.545800 6052.097300 6145.165900 6037.002400 6715.751000 6454.780600 6169.914300 6381.620300 5713.786700 6521.686500 6542.348600 6001.610300 5998.415000 6652.501000 6374.680100 6074.788300 5954.517900 6364.093600 5970.295100 6671.721100 6190.445700 6194.347500 6313.280100 6047.139400 6526.819800 6072.294800 5899.766400 6107.384000 6064.889000 5995.893900 5964.813700 5502.502800 6582.198500 5895.335300 6399.328200 5855.704200 6714.130900 6095.734800 6368.277700 5941.639600 6068.084300 6069.853100 6112.167400 6552.103400 6276.900400 6223.744800 5733.875200 5989.428500 6156.962100 6543.663000 6273.581400 6350.146000 6307.317200 5890.795500 6386.143200 5748.212100 6184.097600 5796.733200 6205.354100 6278.624800 6610.350600 6149.225300 6114.258300 6467.670100 5986.779800 6506.652700 
6335.469800 5883.775500 6684.518300 6900.708100 6368.106500 6077.976700 6591.482500 6843.799400 5820.051000 6555.440800 7081.944700 6530.837300 6471.578500 6942.012600 6672.473900 6306.713800 6487.660000 6672.498500 6517.719900 6274.268700 6469.697600 6122.046800 6343.346900 6324.913600 6569.193500 6596.906300 6046.004900 6692.912500 6836.685600 6266.748100 7011.769400 6388.160300 6609.447600 6845.567200 6310.737300 6618.450300 5957.875800 6427.953300 6502.510900 6765.827500 6159.501800 6293.745000 6676.808700 6794.869300 6471.515100 6612.305900 6331.521700 6406.198700 6291.104600 6519.012500 6678.035200 6397.929000 6426.566600 6592.300600 6635.744100 7016.306000 6272.200600 6652.849600 7001.593300 6399.234400 6503.855300 6507.561800 6429.846900 6667.560800 6282.983000 6767.253600 6833.557900 6530.516300 6821.010900 6691.971400 6485.543400 6333.273800 6688.527900 6513.824600 6469.922200 6362.414500 6091.256900 6574.170100 6437.567700 6547.221800 6652.448000 6257.112600 6571.345100 6686.741000 6791.813800 6146.703300 6366.259300 6087.850900 6680.301700 6377.845300 6070.014000 6582.108100 6261.458900 6395.328200 6730.359800 6664.170500 6301.557500 6660.376500 6316.759500 6667.778000 6171.602700 6231.236000 6855.334600 6545.331800 6345.234500 6118.388000 6548.029500 6526.693700 6251.109700 6236.954600 6869.626700 6838.372300 6634.730800 6336.974900 6762.253600 6852.269000 6676.838800 6149.267300 6690.790100 6417.349500 6643.599700 6283.001000 6653.438000 6382.454300 6590.896300 6960.636100 6415.579800 6452.816900 6238.799700 6449.481100 6517.675400 7073.658500 6479.727000 6912.951200 6467.682300 6375.768000 6371.221600 6314.209800 7115.920200 6607.228000 6645.568600 6537.271700 5716.886200 6827.540200 6821.156400 6448.643300 6136.181600 6900.729000 6545.553700 6211.492400 6248.050700 6542.510700 6556.906000 7031.001200 6498.517300 6375.620600 6650.221900 6287.115300 6918.526600 6258.841800 6120.665800 6520.887800 6359.360300 6310.340700 6492.046600 5765.774600 6908.641100 6376.587600 6474.829700 6187.531000 6751.229500 6535.611400 6554.058400 6278.999800 6378.825900 6354.190300 6471.368600 6904.857300 6627.947300 6667.742200 6196.867300 6382.351000 6445.041200 6956.912600 6672.542400 6597.074500 6621.195800 6437.148100 6616.510200 6255.031900 6507.359500 6315.762700 6540.966200 6529.940500 6837.531100 6540.084200 6138.636400 6959.043600 6567.492300 6797.488000 
5606.309200 5434.717300 5837.810000 6053.230200 5589.433800 5574.622500 5959.159600 6001.014800 5104.204000 5796.148900 6166.935800 5803.730500 5715.331700 6086.123600 6082.823800 5785.540700 5894.972400 6071.708200 5718.697400 5722.209700 6026.270900 5461.343400 5556.306800 5894.217300 5896.667500 5923.996200 5522.777200 5996.154600 5963.921400 5508.209400 6244.984900 5697.092200 5728.077400 6199.628400 5556.774000 6052.930100 5444.997000 5791.208500 5945.141800 6034.253600 5549.320000 5747.168000 6026.215600 5951.240300 5689.199200 5747.119100 5618.837600 5950.313500 5869.727700 5921.032100 5935.317000 5750.674600 5820.252800 5965.176900 6002.071500 6339.314600 5662.512500 5890.608300 6426.940800 5634.340300 5934.169400 5778.283100 5873.052100 5972.672100 5628.420600 6012.942800 6238.629500 5856.637400 5973.714200 5962.094000 5718.240300 5730.383700 6025.674700 5853.207500 5847.030500 5890.562200 5682.291600 5693.176500 5803.220200 5659.532900 6028.346300 5799.705400 5910.300900 6045.227000 6053.341800 5766.768600 5618.919900 5558.361500 5959.947100 5811.679200 5523.083500 5839.544800 5676.147400 5974.800400 6102.165400 5887.414600 5723.321100 6021.039900 5826.619100 6060.121800 5555.493500 5747.819300 6132.014800 5752.927100 5718.570500 5560.675700 5960.371900 5969.433500 5789.519000 5634.182900 6049.016100 6201.027700 5816.371500 5885.549900 6189.410300 6119.275700 5972.780900 5535.967600 5945.437300 5547.312900 5791.141000 5664.255000 5992.662100 5734.268700 5871.441600 6309.305300 5801.407500 5807.269800 5526.056100 5770.882300 5956.088300 6514.763100 5937.862200 6008.852100 5820.156000 5657.476900 5848.139400 5888.684600 6277.668700 6026.260500 5869.501300 5847.946000 5282.421200 6267.511600 6129.428900 5791.021500 5470.579300 6085.209700 5876.499500 5698.128200 5680.031400 5843.186000 6070.881800 6266.463400 5827.091300 5997.353300 5950.117300 5554.128500 6279.181300 5626.466700 5402.096900 5667.549700 5837.831600 5844.877900 5796.998700 5186.234700 6179.048600 5837.518400 5896.055100 5519.762600 6245.144200 5730.183100 5974.639200 5630.449800 5707.435300 5787.231500 5754.385700 6050.359800 6036.883200 5917.452800 5745.555400 5753.996200 5796.853000 6180.468200 6060.140200 5965.596100 5902.108900 5693.545900 6032.750900 5540.702800 5818.111900 5817.226500 5906.260900 6154.651800 6147.713800 5772.416800 5672.063900 6375.487300 5712.709800 6154.950000 
5485.953600 5307.502000 5679.127300 6210.562400 5640.828300 5644.201900 5548.064100 5864.853500 5158.727300 5487.996900 6100.846200 5652.475700 5705.305100 6034.813700 5970.738000 5622.422000 5820.100400 5986.761500 5928.474700 5489.178400 6000.983400 5381.133500 5607.572100 5828.310000 5831.481200 5867.788000 5748.144200 5839.129400 5779.717900 5471.791200 6087.805200 6034.809800 5661.895200 6132.616300 5414.873300 5881.838500 5271.718100 5839.155600 5732.562500 5884.316100 5234.237200 5716.083200 5917.326000 6001.292000 5635.391300 5667.843800 5797.061200 5565.836400 5594.752800 5753.499700 5845.453300 5679.276500 5675.565300 5940.329900 5866.314100 6123.976600 5574.150500 5939.489400 6224.137200 5689.946500 6021.181900 5753.316900 5778.910700 5839.161100 5678.476900 6064.129400 6116.847500 5631.103900 5836.176800 5975.123800 5652.267000 5555.146800 5905.265500 5717.119800 5806.248500 5739.573000 5510.648900 5864.968600 5893.003400 5633.535700 5811.590400 5707.240500 5704.780100 6154.775700 6081.494100 5657.496700 5739.488100 5637.659400 5960.320400 5814.339200 5484.530200 5755.067800 5693.062000 5629.937200 6048.464600 5729.885300 5577.765600 6093.986000 5715.602700 5830.197300 5718.013600 5819.981400 6115.050700 5879.824000 5468.548500 5592.237200 5917.218800 5793.505200 5834.506000 5370.661900 6133.359100 6104.279200 5932.686600 5685.220600 6009.756000 6078.072600 6003.352400 5395.313000 5952.454100 5364.853200 5801.193700 5786.135900 5776.163700 5570.268100 5846.052400 6046.477900 5790.073400 5905.721000 5538.472200 5646.877000 5652.845000 6278.746100 5909.522000 6006.288900 5646.711000 5804.735300 5834.715500 5597.664000 6337.974500 5899.131600 5778.190900 5769.603000 5421.578300 5973.895600 6013.728000 5696.488300 5715.108800 6039.267800 5747.798600 5437.175200 5807.431200 5663.250600 6027.105100 6013.908000 5845.937000 5755.130900 5960.686100 5603.036400 6044.272900 5767.057400 5414.124900 5786.890400 5653.720900 5651.429900 5570.110400 5112.229900 6033.039700 5408.887100 5852.998600 5720.528800 5951.982700 5681.572000 5842.988600 5553.443300 5729.235200 5731.649500 5750.627000 6083.853300 5862.319500 5978.106700 5662.170600 5626.768100 5646.587900 5925.388900 5986.008300 5810.851800 5803.254800 5572.856600 5855.538300 5447.289100 5854.569700 5469.699300 5957.901300 5868.087900 6068.072900 5819.615700 5441.780400 6100.518000 5753.930300 6178.763500 
5633.183300 5201.988100 5913.282400 6324.961300 5629.881900 5636.581700 5655.692800 5853.933400 5221.083500 5800.462700 6084.841700 5875.485800 5668.703200 6223.490500 5853.177100 5562.945200 5765.557400 5935.974900 5863.368800 5659.838100 5852.379100 5433.663500 5620.184400 5820.426500 5665.616900 5825.342000 5590.012400 6129.004800 5896.200600 5411.219800 6182.725400 5885.118300 5863.888200 6121.124800 5494.443300 5688.970300 5341.259600 5675.359900 5833.531800 5973.197200 5630.206200 5634.131900 5768.147200 6029.979900 5687.435900 5748.517900 5929.092300 5852.501800 5490.779700 6030.262500 5802.652600 5718.310100 5776.814100 6059.320600 5869.532200 6295.291300 5630.259100 5772.171900 6409.775500 5561.153500 5975.416700 5772.964000 5646.174100 5858.923600 5751.808200 6233.232100 6046.798500 5718.054000 6055.637800 5834.604700 5949.655100 5687.659100 6012.773100 5742.997600 5930.169400 5701.599800 5497.331700 5715.258300 5980.504400 5678.754300 5962.090700 5785.742000 5920.497800 5814.867100 5956.542200 5506.387000 5663.810700 5794.071400 5855.216900 5852.522400 5407.756600 5659.541400 5697.251100 5855.876500 6023.549200 5650.697100 5522.009200 6123.061700 5825.752800 5887.862600 5580.845900 5722.459800 5992.408200 5808.632700 5532.500700 5540.308500 5811.281000 5861.932400 5726.358100 5476.905200 6147.822300 6128.385200 5828.718900 5673.515100 5957.434100 6018.590900 5885.570700 5524.398000 5874.161800 5516.375100 5923.966800 5540.257700 5930.260100 5731.019900 5848.341900 6248.375200 5632.537900 5678.386800 5492.633400 5792.709200 5875.235600 6215.423700 5848.723700 6059.870900 5624.875000 5675.601700 5958.016000 5775.605900 6201.740200 5970.930200 5815.503100 5812.530700 5214.745600 6075.521400 6056.030400 5566.320400 5501.770600 6195.030400 5883.916700 5498.399600 5709.579600 5775.561800 5768.846400 6280.740600 5769.073100 5963.657000 5931.204200 5578.985100 6079.228300 5724.951700 5687.224900 5681.850400 5607.427700 5679.941000 5601.738700 5057.862900 5943.809000 5512.197400 5837.999000 5445.223000 6090.588700 5720.529400 5976.883300 5548.414300 5622.384500 5695.754100 5540.322600 6250.743900 6010.338400 5937.229000 5600.039600 5594.030800 5838.113100 6082.906600 6094.608800 5884.658700 5942.182500 5499.195600 6011.608200 5474.530000 5567.335000 5381.142200 5845.818900 5948.113200 5953.236700 5784.640100 5544.733200 6157.421600 5583.220600 5924.991200 
6064.170900 5661.520800 6389.745500 6680.397300 6140.771000 6047.622300 6244.139100 6430.261300 5618.658500 6356.886000 6583.440700 6199.144700 6121.369300 6665.479900 6337.429700 6049.238600 6136.901400 6589.743000 6344.924200 6084.534500 6241.108800 6074.718900 5875.390200 6245.657400 6473.418400 6296.709500 5960.021700 6459.116500 6585.142700 5824.450400 6621.053200 6213.685300 6260.290900 6613.553800 5890.538500 6416.293300 5873.937600 6347.953600 6308.573200 6540.081600 6075.066500 6135.031900 6353.350300 6656.952000 6226.596900 6291.734600 6162.758200 6216.356900 6207.737100 6421.372800 6367.591600 6058.223700 6221.052400 6377.017700 6156.636700 6791.722200 6043.571700 6393.974100 6990.562700 6193.173200 6485.748600 6220.361700 6237.968100 6563.424200 6252.914600 6547.136600 6675.854600 6243.264700 6498.260100 6400.052200 6291.868100 6167.119500 6487.090000 6039.899800 6173.321400 6192.438700 6045.275300 6180.440800 6144.643800 6101.547700 6385.230500 6191.168700 6281.616800 6703.155200 6470.111800 6207.791000 6068.546100 6209.768500 6301.345400 6307.946700 5862.227800 6139.118800 6127.873900 6374.381200 6530.609300 6084.248800 6127.267200 6496.863600 6329.843200 6434.786900 6076.122700 6401.986700 6484.080700 6295.632800 6100.936100 5982.663200 6103.851200 6395.173800 6211.763500 5883.985900 6767.622800 6590.594900 6377.518000 6200.282900 6535.626000 6525.002300 6241.801600 5824.062800 6515.180900 6067.121900 6564.940200 6204.982600 6484.049900 6118.609700 6303.803800 6735.111800 6155.357300 6246.217700 5920.580300 6231.478200 6533.424300 6530.616800 6439.954600 6761.473900 6304.707800 6169.187000 6453.211400 6260.645300 6740.702500 6507.431400 6196.361100 6331.535500 5756.329900 6608.349000 6551.972700 6067.174400 6293.422300 6551.474000 6532.643000 6044.645100 6159.561500 6300.827200 6311.939000 6757.537800 6339.462800 6239.528000 6457.585300 6134.941100 6578.435300 6227.327000 5900.252500 6103.583200 6304.898200 6258.374500 6134.678000 5594.384200 6601.674900 6075.508100 6178.253400 5920.441700 6485.496700 6222.717400 6282.321500 6058.291700 6174.021400 6025.093800 6178.203600 6477.626800 6482.193100 6360.078000 6135.648300 5983.819600 6111.935900 6666.928800 6698.455800 6525.831700 6448.617800 6151.688600 6542.210000 6071.055500 6370.720200 5882.587500 6248.507100 6400.924500 6469.301600 6269.439100 5875.494700 6682.861400 6124.541000 6568.127600 
5972.729700 5963.771400 6479.285000 6948.619400 6263.282000 6069.908200 6255.053700 6475.177400 5588.076200 6271.679700 6744.197100 6301.684800 6134.756400 6695.900300 6436.943200 6032.276500 6266.762700 6618.793500 6370.621700 5855.349900 6514.663900 5910.289200 6042.112900 6134.843500 6384.292400 6224.874000 6139.635000 6512.696200 6370.333500 5848.781600 6639.041800 6315.262300 6243.962900 6620.954900 6113.285100 6494.581000 5826.603600 6227.767300 6517.661900 6476.468800 6099.255600 6243.141200 6617.836300 6683.528800 6439.735100 6386.379200 6312.102400 6199.673400 6230.219400 6307.005700 6410.521500 6220.152500 6273.733900 6365.112900 6330.497100 6566.028300 6102.096500 6286.767800 6714.487300 6172.149500 6691.235700 6432.844700 6274.970600 6498.620800 6129.868400 6530.895500 6702.449900 6275.778000 6621.347100 6228.096000 6270.628400 6109.200200 6409.800700 6214.137900 6383.423800 6392.011100 6050.131100 6222.003400 6242.665800 6018.967400 6470.023200 6253.117800 6463.790000 6481.801700 6504.036000 6005.239800 6105.491700 6095.953900 6374.100000 6218.435300 5927.159200 6291.913800 6026.467300 6266.411400 6404.984600 6284.712400 6090.886200 6399.846000 6388.254200 6534.956300 6170.561100 6361.708600 6359.906100 6511.632300 6065.475400 6086.161200 6451.366800 6487.735600 6354.212200 5979.957800 6620.411200 6501.154900 6448.903800 6155.378600 6642.247700 6643.506400 6377.767800 6246.600700 6351.305000 6237.064000 6470.073700 6066.066100 6456.185500 6003.838300 6313.749700 6683.996800 6004.007400 6145.319500 6037.435700 6107.442000 6295.323500 6911.129100 6348.006000 6809.675700 6282.931600 5989.265700 6510.648500 6231.342700 6881.027900 6483.623800 6204.357000 6267.542300 5738.922100 6963.543400 6554.410100 6029.247200 6203.184800 6687.744100 6301.362800 5991.524900 6265.878500 6412.417700 6354.961700 6874.180700 6357.869300 6297.600900 6398.177200 6092.339200 6866.542100 6271.320800 5935.667600 6170.742700 6363.536300 6332.395500 6173.174900 5396.706700 6680.689000 6003.468200 6320.635000 6242.473800 6449.327400 6295.304900 6480.231700 5958.646700 6103.310200 6153.062700 6243.944500 6755.099400 6556.550900 6679.716600 6173.496600 6318.318200 6348.427900 6583.200700 6551.217300 6438.910500 6319.942600 6220.383200 6425.950200 6102.480900 6193.557700 6081.389100 6221.050300 6375.621400 6575.230900 6350.852600 5960.902800 6622.062900 6120.965900 6688.165700 
5503.592100 5304.837500 5939.033200 6185.530400 5690.778800 5516.155200 5769.744300 5862.867100 5128.680200 5677.295700 6074.599300 5720.311000 5677.878800 6057.164100 5881.779700 5645.666000 5790.010500 5861.036000 5644.519500 5667.872700 5851.710800 5476.802900 5371.885500 5616.120000 5877.450100 5786.204800 5530.151600 6024.807500 6212.643800 5398.976800 6105.442200 5710.784600 5778.873200 6190.058500 5752.054900 5780.537300 5260.192100 5751.124400 5849.127400 5813.723400 5612.839300 5705.864600 6090.946800 6082.696800 5683.042400 5757.071300 5794.003400 5654.679000 5605.188000 5827.389900 5705.524800 5534.441900 5744.670300 5834.877200 5842.579200 6123.316800 5511.635200 5811.130500 6209.647200 5580.612500 5771.017300 5857.225100 5854.618500 5858.848800 5491.268300 5943.314500 6078.833300 5814.906300 6051.532900 5767.678300 5922.617200 5686.687800 5906.617700 5792.462500 5793.027100 5752.551100 5375.041500 5750.688800 5845.414800 5647.534100 6091.646700 5694.317100 5992.587700 6068.178600 6163.980800 5601.942600 5616.465500 5422.575500 6024.280000 5824.477400 5308.001000 5766.460500 5742.003100 5816.513800 5802.938800 5692.291100 5595.517200 6006.799500 5753.812400 5600.549800 5611.788500 5545.340400 6030.257700 5644.195600 5543.296000 5615.402000 5947.411700 5751.081100 5730.761600 5388.239400 6076.045000 6127.825400 5988.747400 5630.229600 6126.288400 5897.919000 5890.541500 5443.553400 5794.041300 5639.767900 5850.031800 5467.207500 5938.210700 5552.961900 6057.970000 6228.696300 5492.189100 5885.270400 5710.720000 5617.669400 5826.962200 6303.494900 5842.284100 6038.504700 5771.478300 5593.909300 5809.406200 5752.205800 6262.921900 5934.133700 5777.903800 5933.352800 5115.158200 6120.116200 5988.906500 5671.162700 5968.342600 6008.640600 5952.814600 5519.472600 5509.077000 5784.414000 5806.056400 6047.640100 5920.492900 5626.610700 5872.943100 5429.097500 6096.947900 5664.214000 5421.228600 5821.838400 5696.304900 5769.775500 5557.033800 5076.863700 6047.916300 5465.552700 5788.990900 5487.374100 6061.802400 5853.708500 5984.097000 5621.211200 5616.282600 5728.593600 5652.741800 6016.275100 5824.620300 6123.602300 5675.650600 5481.114300 5822.576900 6129.927800 6029.553400 6010.770000 5732.849300 5529.108100 5888.829000 5749.762400 5825.817000 5412.024200 5742.184100 5856.079100 6078.404600 5903.308500 5529.507300 6140.714500 5490.750100 6022.610300 
6134.424500 5769.754300 6410.959600 6826.956300 6035.535400 6018.600900 6316.576100 6398.983200 5721.186600 6186.310400 6764.438600 6207.090500 6240.021700 6607.934600 6534.480100 6120.620000 6365.142500 6556.326100 6221.718900 6167.717500 6294.973100 5948.958800 6037.586700 6334.117400 6523.199500 6328.933400 6090.644000 6531.276600 6595.208500 5938.441200 6822.110400 6457.629000 6208.371100 6813.166300 6086.785200 6479.168700 5953.092900 6369.565500 6326.858200 6484.072800 6199.230700 6330.157900 6546.863900 6525.667700 6221.037500 6375.569900 6338.612300 6201.305100 6191.154500 6303.164700 6334.349600 6147.659000 6188.293700 6275.742700 6364.458100 6863.351800 6232.643800 6382.688300 6855.530300 6129.198400 6439.250100 6200.378200 6413.210600 6471.023200 6194.476800 6736.760400 6720.712300 6379.971400 6450.736900 6399.597700 6291.156500 6296.443000 6366.036800 6417.892600 6329.342200 6318.873400 6025.120300 6185.580400 6300.891800 6119.012100 6505.644700 6228.656100 6474.378800 6701.594700 6516.942900 6179.189500 6167.764500 6103.487200 6579.901000 6297.428100 6124.910000 6297.473000 6282.293500 6184.355800 6510.857900 6195.307900 6268.270600 6539.939600 6303.371900 6372.301400 6236.007100 6225.835000 6489.722600 6314.705300 6144.402300 6049.637900 6568.824600 6389.638900 6450.003400 5810.634500 6523.101200 6595.183700 6505.094800 6292.973100 6705.661700 6754.866100 6607.993500 6179.998500 6532.131900 6176.354200 6388.236300 6049.688300 6466.577100 6194.995500 6347.747600 6816.055000 6082.625700 6457.788200 6138.082400 6204.813600 6429.150600 7006.250600 6342.790600 6513.898500 6240.807300 6190.561200 6343.869600 6331.577300 6932.919700 6545.887500 6325.911400 6442.742400 5939.205600 6688.247800 6651.911400 6113.996800 6256.683000 6557.094000 6408.573600 6100.642400 6326.922000 6280.902700 6287.337200 6658.689100 6320.605500 6342.713700 6398.860100 6204.863700 6704.190500 6203.412600 5795.866900 6194.803400 6305.133500 6124.241000 6504.304000 5588.801700 6756.216500 6010.523500 6367.544900 6127.634600 6656.688700 6244.805200 6410.451200 6350.671100 6208.752400 6246.058100 6325.667800 6656.142400 6422.415100 6507.150900 6059.988000 6233.902400 6500.539700 6813.766300 6562.022600 6495.358600 6420.549600 6189.141800 6359.539300 6003.754900 6375.475300 6252.815400 6438.939300 6450.582600 6761.829700 6263.040300 6069.264100 6803.826500 6065.708100 6805.356600 
5997.326300 5553.286900 5981.724000 6562.848200 5876.832900 5912.684400 5973.447000 6028.512100 5591.135700 6033.648800 6375.714600 6062.369600 5973.763300 6498.562500 6277.627600 5804.935100 6062.535600 6265.043200 5983.968400 5835.543100 6231.194600 5770.209900 5992.918400 6084.381300 6201.035900 5906.015900 6002.221600 6262.605600 6407.120400 5581.651500 6514.780000 6292.662400 5951.710300 6367.520800 5872.297600 6309.382300 5587.241500 5991.114700 6114.458300 6229.983200 5755.730100 5978.638000 6311.959200 6386.056400 6055.050900 6118.386100 5955.266600 5820.185000 5954.667200 6156.947900 6210.705800 5932.616800 6075.730200 6328.319300 6114.869300 6518.030600 5782.470500 6156.090600 6573.537600 5910.445900 6235.263800 6087.159800 6018.633900 6081.586800 5831.440800 6237.500500 6427.367000 6053.527400 6470.555100 6205.841600 5991.589100 5907.066000 6320.254000 6027.903000 6165.297500 6145.473200 5758.200500 6108.932000 6061.969800 5929.619900 6294.962000 5940.284900 6267.736400 6341.811100 6336.369400 5947.165500 5910.302500 5816.510200 6268.636400 6045.157700 5722.364800 6090.212000 5985.248500 6114.663900 6406.026200 6096.943600 6023.668800 6424.934700 6197.362400 6171.991400 5997.020700 5954.937400 6221.358700 6243.889900 5949.912200 5689.454000 6128.247100 6225.475500 5983.338100 5575.689600 6210.366600 6233.838300 6382.250200 6005.571100 6480.984900 6336.297900 6149.693400 5914.136700 6230.968700 5819.391200 6252.033700 5837.221200 6180.488700 5798.715400 6155.095300 6404.071300 6065.487500 5951.623200 5758.882700 5799.134800 6004.544200 6617.171400 5817.355700 6479.662100 5978.304600 5985.588500 6141.090500 6036.443000 6672.778400 6249.033100 6024.249500 6205.316500 5385.797300 6389.854000 6327.521200 5869.688800 5820.606100 6286.852000 6186.284300 5732.568800 6127.805300 5929.375400 5960.034800 6604.407400 6086.175400 6263.179800 6198.267800 5838.154000 6389.277700 6031.149900 5793.891100 6012.104000 6126.120300 5806.804800 6137.239000 5223.937000 6374.520800 5768.853300 6305.048900 5908.364400 6256.099500 6061.921800 6293.560800 5844.010400 5882.605700 5986.173900 5996.734400 6399.035800 6125.625400 6272.467100 5987.145500 5956.077100 6155.614000 6321.325200 6328.500100 6190.476900 6146.741200 5802.886800 6093.298800 6026.769100 6062.070700 5864.527200 6211.558000 6154.094500 6442.722000 6119.422900 5724.599500 6390.692700 6048.735800 6379.834700 
5943.491900 5672.137600 6213.332000 6536.295100 5948.746500 5870.880000 5959.966200 6272.557200 5427.045000 5919.219500 6540.233300 6064.994800 5969.418000 6246.505700 6360.259000 6137.885000 6012.238400 6233.946500 6244.571000 5956.688600 6351.443400 5862.810300 5720.950400 6020.127900 6315.074400 6056.216400 5944.869600 6314.333000 6321.532500 5805.041400 6633.066300 6175.044600 5991.335100 6591.422900 5851.206000 6488.432300 5636.026800 6176.465900 6224.091500 6385.779900 5857.507000 6248.909300 6222.206800 6439.574600 6127.914700 6214.420900 5998.647900 5918.460800 6008.101200 6149.531400 6101.503700 5859.222200 6099.683800 6283.012800 6216.111300 6512.394600 5967.080500 6147.329100 6579.399300 6042.783600 6384.233900 6152.652900 6114.347100 6329.023100 5980.570000 6238.665000 6387.941300 6137.545500 6423.761700 6320.388200 6119.705400 6055.952100 6316.331900 6279.736400 6319.886200 6077.571200 5910.635900 6172.418100 6034.130100 6034.234600 6376.430300 6092.191400 6330.633900 6494.599200 6223.294500 5926.498600 5876.631600 5892.527200 6136.215400 6096.065600 5723.584800 6085.213600 5953.837100 6108.648600 6418.187900 6121.153900 6115.411600 6183.245300 6039.073500 6348.350200 6088.169400 6004.713200 6406.516900 6227.574000 5875.894000 5789.701700 6218.696500 6338.771100 5994.038700 5765.405900 6296.050500 6484.334600 6378.321000 6115.479200 6498.382300 6456.506000 6204.486000 5921.219000 6352.053300 5766.515500 6216.708800 5827.498500 6398.926300 6056.201700 6143.084500 6693.037200 6031.268200 6201.635800 5861.249500 6033.012200 6099.505200 6567.312400 6091.571200 6365.471200 6004.177200 5973.357300 6156.863900 6200.718100 6621.587700 6562.560700 6130.689900 5978.857000 5492.674100 6531.316800 6608.805300 6031.899200 6103.341700 6288.249300 6233.977100 5823.676900 6088.432100 6049.022100 6070.361300 6580.669400 6205.132500 6216.319300 6194.085500 6033.034100 6451.209800 6113.627200 5640.135700 6050.085700 6237.704100 5932.628900 6068.737400 5302.556700 6462.857700 5855.645200 6211.238500 5967.157400 6246.698800 6089.322900 6372.621000 5924.224700 5857.133500 5983.902600 5886.864200 6439.916800 6315.022700 6456.411800 6062.821300 5946.015700 6120.083100 6358.916500 6204.474900 6159.565400 6208.809700 5828.985300 6165.069100 5685.011700 6193.173700 5598.878800 6182.481300 6139.290500 6355.206100 6348.284500 5893.922700 6502.419300 5825.996900 6425.307600 
6080.314300 5672.438700 6427.360800 6808.582300 5965.333100 5812.366200 6039.750800 6290.411000 5612.395000 5825.005800 6355.338300 6057.059300 6002.918000 6478.223800 6052.057500 5873.812700 6163.411500 6421.932300 5945.875400 5867.657200 6279.099800 5747.647600 5902.587300 6361.749800 6194.903900 6157.461400 5953.726300 6230.194800 6417.557000 5690.908200 6604.988700 6447.464400 6184.822000 6598.417200 5815.883500 6245.413400 5581.058200 6359.936500 6227.720400 6417.550100 5844.252100 6060.039400 6275.647900 6431.519800 5887.827400 6156.675400 6240.507600 6150.307700 6078.453100 6058.403500 6083.966600 5945.655000 6130.362900 6329.686700 6445.312700 6489.346000 6200.136300 6189.365700 6664.056400 6019.486500 6256.882400 6113.866700 6210.029800 6347.555300 5966.222500 6725.860800 6582.857400 6059.719900 6624.156200 6472.879600 6332.234000 5834.768500 6372.480200 6228.775600 6064.661500 6374.971400 5920.511500 6113.563500 6329.851200 6072.440400 6290.348700 6087.798800 6092.009000 6414.721100 6506.182200 5998.696100 5887.624800 5992.352500 6388.632800 6208.109800 5886.402100 6059.239400 6163.531000 5955.656800 6530.229900 6104.198400 6065.560800 6589.900100 6019.148700 6387.761800 6190.106400 6150.667200 6498.193800 5992.884800 5895.883800 5883.437200 6292.015600 6304.340400 6137.259400 5754.314300 6270.591000 6566.063400 6356.043700 6170.588600 6426.378000 6226.516100 6286.365700 5958.086300 6404.322900 6014.353900 6246.377000 5965.604800 6243.209000 6048.982200 6113.393300 6444.959000 6018.709100 6161.914500 5966.943600 6016.656400 6303.165800 6520.913300 6019.973800 6480.340500 6113.213300 6122.591600 6216.729100 6031.200300 6596.400800 6341.699300 5967.316600 6211.707500 5642.196800 6592.040400 6451.821500 6073.124900 6085.814400 6577.026400 6246.554700 5949.095300 6190.338200 6187.787900 6149.459100 6558.376100 6134.808900 6233.487500 6386.702500 5868.174800 6466.881500 6057.578800 5796.483500 6265.666200 6233.596400 6012.801800 5962.943800 5532.350500 6608.185000 5994.260200 6227.340900 6073.434600 6562.028100 5976.895500 6340.917500 5990.097400 5984.519900 6118.420500 6065.799500 6784.289500 6204.747300 6333.022200 5935.266800 6049.017300 6092.437700 6367.079500 6388.279200 6342.388300 6278.863200 5931.644000 6254.907300 5779.353200 6304.499900 5809.455100 6193.842600 6462.672000 6595.657500 6386.545300 5744.420200 6465.196700 6101.043200 6519.563400 
5747.019600 5476.173800 6069.636900 6461.287500 5808.856400 5807.331500 5903.436100 6163.011600 5222.671300 5711.336000 6161.761200 5876.645300 5784.794900 6340.504000 6021.271100 5807.821200 5978.720000 6120.960700 5852.587700 5671.061700 5977.477100 5569.994200 5737.542700 6020.243800 5945.281400 6004.189100 5673.152700 6063.145900 6320.971100 5778.268600 6600.467200 5901.568700 6004.927300 6444.695500 5542.543200 6166.874200 5451.149300 5956.431600 5942.758900 6095.105800 5877.410000 5748.126100 6217.239800 6265.000800 5745.070700 6220.609000 6196.837400 5762.567700 5828.416700 6008.161000 6068.769500 5870.648000 5864.760900 6031.003700 6030.234600 6311.208200 5802.514000 6036.089200 6463.124900 5819.524100 6133.456300 5695.515200 6059.968100 6171.657100 5715.280700 6108.808400 6458.118200 5866.211300 6232.536200 6088.735300 5960.263300 6036.291200 6141.897700 6066.108800 6001.961300 5954.027900 5738.389600 5832.038100 6077.284500 5899.654200 6316.478100 5893.882000 6066.735100 6196.088500 6347.640700 5692.974500 5849.159000 5687.463700 6116.253300 6033.885000 5560.310500 5891.987900 5835.275700 5729.178800 6353.487700 5800.516900 5826.629900 6312.951400 5798.175200 6052.103500 5874.841200 5848.210400 6113.210000 5990.516400 5735.505400 5760.629700 5991.754200 6121.610300 5991.332000 5499.661000 6038.107600 6167.552300 5983.920800 5839.951700 6158.710800 5860.898900 6266.295500 5933.861500 6194.575100 5848.167500 5724.898500 5800.888600 6027.920700 5712.856900 6039.249100 6440.356000 5980.804800 5893.867900 5846.596200 5886.610100 6031.371800 6607.197400 5917.662000 6111.414700 5797.908000 5943.485800 6224.505800 5994.654900 6493.223800 6059.071400 5861.788800 5980.914200 5422.383400 6168.979700 6229.777200 5809.641400 5745.937700 6187.011800 6005.112600 5862.203100 6072.642200 5872.664200 6033.646100 6429.982900 5979.331600 6064.606400 6216.430500 5793.103700 6150.540100 5786.314300 5572.321600 5888.198000 5869.468500 5924.327900 5794.502100 5298.914800 6500.917900 5916.824600 6074.150300 5699.819600 6293.381400 6002.518400 6117.507600 5579.791100 5961.852900 5929.985300 5804.577600 6367.462400 6121.474900 6140.560500 5691.875600 5764.846800 5993.917000 6236.404200 6166.374900 6038.186700 6042.074700 5725.453500 6147.892800 5830.248700 5953.938200 5594.472500 5897.826500 6321.332100 6092.438000 6211.823900 5676.145400 6461.101300 6011.569700 6363.389400 
5439.100000 5314.750100 5902.699500 6124.454200 5694.213000 5644.449200 5661.687800 5746.835100 5079.100300 5679.078000 6082.420000 5715.566400 5816.601100 6017.284500 5923.254800 5689.573500 5742.586600 5939.062700 5743.467400 5610.797700 5799.977700 5376.189600 5654.445300 5652.517300 5798.718700 5819.882500 5571.410900 5896.144000 6052.872500 5477.148600 6167.657900 5807.169400 5720.285000 6194.219200 5499.148900 5888.064000 5168.469500 5821.356300 5771.543500 5910.157600 5495.062000 5923.597700 6050.896700 6029.096500 5588.265500 5750.430800 5927.092300 5523.409300 5640.885800 5933.933800 5851.064000 5673.503800 5587.381800 5991.574300 5967.302100 6134.217400 5616.137000 5776.011400 6304.763900 5610.249500 5753.773200 5726.765600 5677.813500 5821.621400 5603.366000 6074.828000 6124.344500 5643.571400 5944.347700 5911.069400 5797.168300 5731.093400 6018.226300 5731.903300 5847.609900 5719.449200 5487.879800 5617.476600 5946.050200 5771.954900 5920.426300 5841.382400 6033.711500 6100.889500 5998.047500 5714.579600 5596.461200 5464.610300 5970.501900 5749.108000 5349.520300 5847.503800 5823.477100 5608.342300 5972.719000 5748.233800 5818.291300 5778.545200 5672.482300 5812.670800 5698.354000 5783.447300 5857.789300 5868.850200 5696.793100 5495.661600 5848.271900 5801.973100 5839.474300 5286.149100 6071.523900 6149.958900 5768.500700 5657.419900 6168.167800 6016.740500 6058.388600 5630.831600 5874.707200 5562.116400 5846.561000 5530.594600 5947.194800 5545.830500 5812.717600 6141.090500 5642.737800 5488.694800 5568.313300 5649.300500 5799.277800 6248.574500 5831.493800 6020.527300 5835.853700 5621.420500 5931.340700 5677.407400 6216.922400 5730.580700 5860.491300 5837.903600 5219.503200 6126.177200 6031.192000 5509.801300 5826.692000 6102.697700 5889.370000 5631.095700 5777.491400 5647.844400 5850.177100 6262.891300 5913.341100 5756.413900 5796.998400 5655.873400 6298.417300 5798.219200 5423.588600 5671.740200 5686.976200 5679.534000 5743.958900 5129.186300 5991.187600 5626.696600 5803.892000 5427.187900 5941.365400 5746.413800 5975.625000 5527.748000 5608.802600 5658.722700 5830.595000 6223.558500 6063.689500 5892.713000 5469.923700 5388.472400 5898.652700 6060.185900 6172.121400 5954.558900 5731.325200 5782.276900 5999.235600 5419.580300 5796.770100 5485.658400 5818.229400 6214.393100 6135.691700 5990.950600 5537.401700 6375.323900 5617.357200 5985.748000 
5876.492100 5476.257000 6202.469900 6349.587900 5819.475200 5755.834000 6050.998800 6345.171100 5429.575800 5929.946900 6309.728700 5887.357800 5956.875400 6435.300400 6105.033500 5829.556700 5922.343100 6353.668100 5933.312600 5755.791400 6008.228500 5600.587100 5751.508300 6110.353200 6063.015400 6105.298300 5837.825600 6276.988300 6428.471900 5700.549200 6408.987000 6156.726400 6149.292500 6472.692500 5775.139800 6017.095000 5468.186600 6239.333100 5932.492200 6207.761900 5715.768600 5946.247100 6358.387800 6308.206900 5905.720100 6011.752000 6020.844200 5908.175700 6002.507100 6055.747900 6179.551800 5939.881700 5852.037600 6178.060200 6060.226600 6510.264800 6019.625300 6157.315400 6456.578500 5963.978000 6295.829200 5984.661900 6332.768200 6135.869200 5838.744600 6363.063700 6376.274700 6005.525600 6230.755700 6396.015000 5888.799300 6018.480300 5976.663600 5977.603200 5974.296100 5951.305100 5742.165700 5917.884800 6226.479100 5874.815300 6253.790100 6171.096600 6268.709900 6206.806000 6208.587800 5814.765900 5920.899300 5777.549200 6264.811500 6105.952800 5691.314800 6065.059800 5892.705600 6028.274400 6184.805600 6034.940700 5992.139000 6248.089900 5857.106500 5947.547600 6011.792000 5967.517400 6227.162700 6109.810300 5768.453500 5757.304800 6372.940100 6363.239700 6010.407500 5763.958700 6322.285200 6356.197300 6144.311600 6001.337400 6389.530900 6165.382900 6127.774500 5722.065400 6163.309900 5862.505700 6137.436700 6001.936700 5998.662600 6023.046900 6108.296000 6399.151300 5946.639800 5839.980800 5709.618200 5992.010700 6065.412700 6600.724300 5968.941600 6249.230800 5940.157900 5826.011900 6076.119500 6044.158100 6510.766100 6111.366200 6136.503400 6096.015000 5626.796600 6540.020200 6150.751900 5933.905200 5964.469100 6213.276300 6068.150800 5780.983000 6074.632400 6124.937200 6045.553600 6462.590100 6198.974900 6015.552400 6341.698600 5734.813700 6412.089300 6034.380800 5858.963600 6043.531500 6015.151800 5913.080200 5962.044200 5253.091700 6449.825100 5905.444400 6196.607300 5859.307600 6391.698900 5947.302900 6057.649100 5871.099700 5949.994500 5820.018900 5993.867600 6412.585100 6179.619000 6275.976800 5834.509500 5877.069400 6042.497900 6322.290300 6233.310200 5925.876300 6062.779500 5814.254400 6208.676500 5866.320600 5892.841100 5832.540900 5855.708300 6191.766400 6135.337700 6063.207000 5790.323800 6337.930600 6009.050000 6284.740700 
5758.614000 5697.519000 6379.242000 6829.064600 6123.508700 5987.465900 6117.871700 6267.497700 5601.390900 6199.701600 6625.854500 6115.778800 6141.210500 6490.776800 6239.575400 6177.320000 5940.642900 6252.506400 6168.517900 5910.023200 6270.505000 5799.046000 6008.514400 6201.570700 6328.454500 6196.555500 6015.721500 6659.069500 6680.361400 5912.402800 6661.905100 6324.600400 6125.773700 6661.085600 5917.737400 6469.563300 5719.343900 6116.719400 6183.184800 6325.349700 5842.401600 6285.428800 6431.010500 6359.670500 6086.500900 6081.840700 6081.514200 6207.995000 6095.211200 6254.362100 6184.344300 5996.381800 6232.892900 6340.678500 6229.588400 6812.614600 6003.301000 6333.022400 6723.086700 6027.500900 6185.952500 6180.277700 6216.757200 6566.450500 6004.685700 6377.133400 6475.965200 6400.075800 6459.350900 6418.084900 6129.773100 6178.353500 6181.187000 6223.117300 6270.280000 6192.103900 5934.368800 6229.880300 6193.456800 6163.461600 6630.612800 6301.709600 6332.078800 6541.416800 6433.386200 5938.298900 6088.012300 6084.082000 6280.407900 6205.763200 5903.215800 6205.434200 6162.907300 6150.235100 6353.534200 6288.953300 6128.069700 6433.264000 6244.763000 6342.567300 6004.499700 6137.255500 6272.556100 6241.890400 5916.121200 5912.671300 6325.323000 6259.887300 6188.783200 5931.554600 6498.696100 6670.411900 6457.657900 6114.628900 6471.157000 6616.125100 6290.077400 5981.521500 6324.943500 6159.898800 6324.625300 6078.268600 6402.247900 6058.916200 6522.122400 6850.791400 6105.524700 6159.520600 5985.146700 6052.633700 6129.092500 6702.131700 6287.777900 6508.697900 6130.289200 6070.862600 6342.447600 6104.259200 6667.873500 6429.610700 6331.134700 6269.092400 5688.932500 6615.202200 6489.721900 6069.521900 6128.312100 6478.126000 6465.842200 6051.020600 5989.611900 6087.386500 6166.771000 6642.324900 6329.539900 6293.092500 6399.932600 6059.777700 6578.491800 6024.747500 5846.804400 6057.664800 6217.230700 6045.451300 6258.422200 5367.676700 6498.226200 5965.804700 6306.443600 6152.421100 6426.171300 6278.930300 6382.454700 5913.174500 6223.904700 6117.480700 6009.853800 6615.888000 6300.725900 6357.191800 6102.357100 5875.017600 6302.049700 6527.331800 6304.807700 6291.603600 6235.783700 6128.488800 6452.883900 6102.758200 6215.684600 6047.484100 6226.350600 6380.427400 6501.726300 6326.890800 5896.351000 6708.456700 6009.146900 6526.561600 
5822.982600 5728.963600 6050.716600 6583.599000 6157.150100 5996.095900 5845.441200 6307.685300 5314.837300 5949.388700 6406.047400 5960.791500 5964.349000 6571.287000 6272.696300 5930.863800 5872.979400 6306.130400 6108.731400 5795.312400 6204.305100 5681.734900 5809.129000 5979.844300 6242.795200 6085.077200 5819.062000 6174.769000 6285.120300 5528.635000 6546.726600 6176.401200 6030.190200 6396.208000 5798.780200 6286.369100 5470.478800 6076.942500 6129.502100 6233.687600 5752.197900 5961.414500 6331.848500 6365.371500 5908.733600 6224.285000 6088.489100 5869.052800 5969.858700 6167.171200 6197.365600 5866.279000 6067.720100 6174.648000 6153.194300 6562.427400 6034.869700 6087.211300 6560.723400 5929.951900 6404.202400 6027.531400 6086.110600 5978.997700 6066.545900 6350.981900 6377.544900 6042.418600 6388.407300 6227.796800 6058.927100 5933.071400 6094.439900 6008.808500 5883.317500 6137.412700 5840.030800 6075.893300 6176.582900 5856.626300 6239.153400 6094.912200 6279.739500 6279.893200 6235.548700 5783.352500 5942.452700 5813.727000 6237.176600 6163.553200 5681.079400 6083.027300 6006.721400 6091.620100 6321.264100 6015.794500 5888.846200 6318.492300 6135.457200 6273.769300 5971.406300 6008.452700 6159.867200 6109.726200 5870.707000 5879.827200 6086.524600 6316.714900 6178.540900 5902.366400 6327.981100 6463.999300 6282.876000 5880.597100 6318.215200 6292.181400 6325.532800 5871.522600 6290.023000 5745.893800 6321.565200 5880.031700 6108.097400 5741.519700 6115.778100 6548.846000 5977.439200 5870.672400 5855.893500 5987.160500 5995.753100 6578.421100 6071.358600 6247.181400 6036.293100 5913.236900 6162.360500 5923.641400 6549.349800 6149.504600 6048.742700 6118.941200 5511.680700 6346.555300 6115.929300 5987.616600 6099.025500 6456.737400 6043.806000 5872.692100 6051.069300 6179.586500 6126.488200 6465.536600 6124.819000 6040.426500 6230.526400 5908.874600 6436.259300 5928.155600 5723.461400 6003.588400 6025.073900 5903.812900 6020.164000 5233.567800 6451.940800 5825.059000 6120.907900 5972.700600 6326.074900 5973.874700 6308.055800 5678.272800 5809.119500 6047.726300 5949.695300 6509.454400 6153.023700 6217.935700 5980.958800 5804.601200 6096.380500 6304.495700 6529.757900 6264.957900 6116.410500 5866.640800 6306.339500 5768.016600 6199.748100 5699.502600 6025.719200 6167.133100 6324.538600 6286.475500 5751.317400 6573.519400 6040.571200 6357.567100 
5862.875700 5584.501300 6253.587200 6319.174800 5739.159700 5774.403300 6056.391300 6081.533900 5437.388000 6015.654500 6489.475200 6015.793700 5715.661600 6177.694400 6168.980100 5874.520500 5833.551900 6051.491700 6122.553800 5924.968500 6151.534200 5667.068600 5579.092200 5988.156100 6176.944500 5816.112500 5751.201700 6248.394500 6390.896900 5648.784400 6419.182900 6059.464300 6053.182700 6545.439400 5725.876000 6236.463000 5696.259900 6176.376500 6105.506700 6180.554600 5796.298200 6104.649700 6166.448500 6344.902200 6007.328700 6007.748300 5975.612700 5925.147000 5970.757900 6020.719600 6092.755300 5678.864700 6084.954900 6178.215100 6075.032700 6590.998600 5743.087500 6056.065300 6518.205200 5881.204700 6054.337800 5804.296800 6006.526300 6148.911000 5802.220000 6372.400900 6411.506200 5907.483000 6264.534000 6249.220400 6053.951800 5884.567300 6396.642700 6149.257700 5901.802800 6044.333100 5703.322900 5847.807600 5991.939200 5919.352500 6168.426900 6041.927800 6098.539800 6264.830800 6237.438800 5913.112700 5880.522500 5941.201000 6290.922500 5973.099500 5666.446300 6174.587700 5811.985200 5850.085000 6220.379200 5993.834400 5954.616800 6291.936700 6084.798000 6136.808500 6042.381800 5963.881600 6196.001300 6163.022800 5952.662600 5714.714000 5986.947100 5931.217100 5879.123900 5616.279500 6373.739300 6265.655800 6057.500600 6159.933500 6380.232800 6223.798500 6164.213800 5742.569900 6253.791400 5924.653900 6162.686500 5828.644000 6199.992700 5833.370100 6017.654100 6354.514200 5828.202400 6033.273400 5820.707100 5873.676500 6223.584400 6401.264500 6038.951300 6516.510700 6042.896800 5968.753900 6152.022100 5890.913300 6469.042100 6126.933500 6186.866200 6064.378600 5571.131400 6378.241000 6191.314400 5842.227600 5981.746500 6427.865200 6167.341100 5850.938000 5930.669700 6060.464000 6144.570100 6337.231600 6147.440300 6156.843600 6018.595800 5848.240900 6266.701800 5971.901600 5807.512900 5923.481300 6091.523300 5933.531300 5872.417400 5305.357200 6252.211900 5551.020700 6042.333500 5871.055600 6208.661400 6144.238400 6125.632300 5651.454000 5877.357500 6009.347400 5997.178600 6446.141900 6184.510700 6080.265700 5634.546300 5751.538200 5922.480100 6332.447700 6251.067500 6178.237300 6180.414500 5903.691600 6079.345400 5680.802800 6184.214300 5783.860100 6160.987900 6175.703300 6366.306500 5969.075300 5742.845200 6414.538400 5831.461800 6386.096000 
5842.090200 5456.611400 5969.464800 6464.232000 5915.782600 5793.151100 5821.175600 6021.141700 5395.251000 6063.891800 6507.114100 5907.467200 5760.184100 6448.873400 6058.009300 5763.702900 5941.403400 6062.599800 6138.220900 5816.311500 6039.721400 5651.856200 5702.328200 5705.029400 6162.375100 6011.318700 5792.793300 6286.960100 6249.590200 5670.028500 6532.573000 5953.178400 5984.352900 6150.316000 5810.996000 6078.651200 5509.844700 6051.963900 5993.418700 6226.121300 5952.148100 6063.407900 6096.791700 6307.105500 5920.725900 6253.659000 6063.593500 5795.994200 5915.330800 5966.672800 5879.391700 6056.108100 5837.950400 5985.026300 5965.618500 6528.173200 5856.234200 5908.082200 6714.046800 5660.019000 5932.627500 5904.191300 5968.976500 6076.596300 5752.493600 6180.073600 6280.248700 5882.413500 6150.583700 6123.596600 6194.338500 5871.713300 6196.413800 6090.522400 5911.840900 5898.402200 5651.275400 5957.594600 5919.692500 6006.325800 6078.951900 6041.365300 6136.792000 6176.755400 6209.212300 5747.988500 5819.392300 5709.047000 5956.592600 5988.833200 5480.165000 5909.894700 5733.294300 5885.019400 6105.854600 5938.788300 5691.239400 6215.454900 5805.264800 5894.079000 5921.891300 5775.228200 6083.289800 5969.767700 5741.154500 5692.677600 5997.972100 6063.919700 5897.887500 5509.024300 6296.065100 6351.839300 6097.730200 5797.800300 6183.997300 6171.197300 6190.322100 5797.592800 6063.271400 5842.036900 6226.855800 5818.027700 6261.733100 5920.075300 5960.687700 6427.696900 5772.852600 6017.917400 5845.459000 5735.988100 6026.209800 6484.113800 5924.364500 6262.769700 5864.555600 5879.212800 5921.180100 5912.231800 6397.240700 6234.599800 5932.103000 5853.852600 5595.765600 6281.875600 5978.783400 5740.100300 5920.205800 6246.100900 6223.065100 5681.010600 6054.594800 5873.239900 5932.637600 6528.168800 6009.720700 6003.556100 6131.022900 5655.104200 6229.099400 5849.415100 5568.285200 6066.491800 5877.443500 5872.783100 5725.886100 5181.611300 6264.200600 5805.169000 6102.810500 5662.269700 6060.150400 5904.776300 6139.677900 5682.904800 5845.074800 5872.741500 5937.188500 6421.422100 6146.035200 6290.085300 5960.960200 5794.208700 6182.504900 6210.317000 6210.065800 6039.355900 5909.056200 5913.320300 6058.704300 5810.191800 5891.369800 5740.092000 6018.406300 6223.759900 6012.480700 6075.332100 5771.227100 6430.148800 5835.642500 6285.414500 
6189.711700 5812.330100 6447.280300 6765.890600 6158.960400 6047.342600 6230.476600 6476.729800 5743.782100 6167.998700 6659.078900 6254.750200 6235.564600 6726.897800 6422.231300 6055.704400 6247.947000 6326.422400 6318.603300 5940.587400 6470.608300 5725.758400 6094.868700 6086.732100 6306.006100 6169.498500 6164.831400 6477.890200 6521.043800 5947.699600 7074.169800 6242.390100 6192.477200 6581.960900 6019.770500 6385.909700 5714.398500 6244.976800 6413.122400 6294.532900 5922.122100 6131.603600 6485.850400 6555.082300 6210.878500 6326.833900 6141.358100 6176.524900 6244.548100 6204.336000 6332.697400 6257.389200 6329.802100 6480.496100 6406.578700 6816.478800 6145.397700 6412.332200 6731.654900 6122.394600 6430.776600 6161.993800 6247.067100 6332.291700 6183.259400 6605.627200 6720.555200 6187.195300 6441.708800 6603.920500 6355.045800 6149.827100 6380.845100 6417.957900 6640.359500 6306.917100 6055.552700 6145.118900 6517.670700 6163.993600 6453.133400 6112.131800 6365.256600 6612.038600 6537.738700 6087.414900 6172.015200 6115.805800 6676.634800 6154.408600 5909.558800 6285.230100 6282.950000 6335.146700 6641.567800 6218.719600 6239.832500 6555.283800 6202.411500 6556.551500 6146.209400 6119.773800 6471.538700 6299.572400 6235.472400 6048.577500 6501.915200 6391.895900 6158.892000 6094.744000 6470.566200 6648.095100 6481.827600 6238.228200 6845.164300 6787.893800 6465.055400 6160.990900 6336.255600 6112.650700 6390.088300 6199.350100 6418.022100 6027.242600 6431.821900 6780.015700 6185.097300 6049.213100 6052.704700 6117.651400 6428.839100 6876.349800 6295.269700 6642.943700 6345.855600 6030.092800 6318.195100 6077.415700 6779.404900 6648.254300 6285.729500 6382.108500 5620.937100 6745.094400 6522.105400 6060.946700 6189.918700 6593.801000 6469.584100 6265.499900 6443.819800 6395.839500 6413.308900 6592.592300 6259.990600 6217.625100 6404.616600 6208.454900 6613.408800 6256.199200 5864.721200 6087.535900 6408.373000 6135.045300 6348.303400 5490.767500 6747.047000 5965.826800 6295.746600 5985.157200 6621.967700 6261.832300 6376.857500 6148.849800 6212.216800 6291.048100 6265.854400 6546.062200 6342.601600 6544.629300 5988.698000 5974.931900 6340.209800 6476.074800 6471.790700 6305.462900 6376.941800 6154.765600 6557.133300 6141.533700 6335.444500 6151.778500 6304.762100 6434.539600 6596.308600 6515.668300 5946.688900 6723.406000 6130.924700 6662.451000 
5747.113300 5630.533900 6187.485000 6467.278800 5916.101900 5844.858900 5949.107900 6158.213200 5515.960100 6096.420400 6531.034700 6031.564200 5905.173600 6346.677200 6192.123600 5939.737500 5879.002100 6218.883500 5965.360200 5771.023300 6226.199500 5870.055800 5751.169700 6037.418600 6168.050400 6219.963900 5872.847400 6286.454300 6344.154400 5646.776500 6471.226900 6127.352800 6206.374100 6482.819900 5604.842200 6218.329600 5583.214100 6034.979200 6083.070400 6244.121500 6000.934400 6175.639400 6394.219200 6348.233500 6222.087800 6127.829500 6145.018700 5928.616900 5944.311600 6184.560100 6244.135600 5927.658900 5805.261800 6097.008300 6049.149400 6603.954000 5860.298000 6208.902200 6584.816000 5929.015600 6236.418400 5942.849900 6118.212400 6241.483500 6040.979900 6284.727300 6539.111900 6038.968600 6124.259400 6201.972000 6059.170000 6079.796200 6266.916400 5934.109300 6072.581400 6026.687100 5879.812500 5879.471900 6020.232500 5884.431000 6191.332200 6353.901800 6235.141000 6212.656700 6329.441700 5946.632300 5897.862000 5830.412900 6109.889900 5943.748700 5792.312300 5934.375700 5909.843600 6158.773600 6235.935000 6178.380000 6024.406900 6132.815400 5993.032200 6045.321300 5834.791700 6023.768400 6185.334300 6191.182200 6004.233600 5908.403500 6186.661700 6265.356700 6099.548300 5809.929100 6261.548200 6387.217400 6073.700800 5985.426300 6246.076000 6318.454200 6234.812900 5833.546300 6176.019100 5896.405200 6059.520500 6040.127100 6087.882500 5941.425100 6244.751000 6533.273700 5930.589900 6008.694400 5677.733100 6043.573600 6222.960100 6483.353400 6142.089500 6345.735500 6208.931800 6024.270400 6093.273200 6079.002300 6666.928300 6200.987400 5876.145500 6081.064500 5428.423700 6547.373000 6259.208800 5923.645100 6068.903700 6301.216900 5948.376800 5864.918200 6094.151500 6135.914300 6056.251700 6593.664700 6223.988700 6084.732800 6206.869100 5841.638400 6363.252000 5869.399700 5666.370600 5932.587600 6058.169500 5927.686300 5997.050000 5328.771000 6608.744200 5853.595000 6211.363100 5945.851900 6202.124600 5913.115300 6144.788900 5807.500600 5927.972800 5836.911400 6032.941700 6430.520400 6224.953800 6160.663200 5817.396200 5851.604600 6184.927400 6196.638000 6317.370400 6035.018500 6111.522400 5847.371000 6237.729600 5848.697000 6096.854100 5816.036800 6149.863500 6264.003200 6197.338000 6137.500600 5768.337500 6619.453100 5854.235300 6489.642700 
6082.896500 5845.530300 6437.144800 6697.662700 6256.762500 6155.729500 6390.286200 6377.630400 5638.286500 6337.678300 6729.138600 6246.582500 6068.373500 6661.030400 6478.750400 6137.825700 6323.291800 6566.901300 6328.237300 5903.353900 6384.974300 5978.640600 5987.004500 6187.148500 6332.483300 6393.336200 5990.100400 6472.374100 6607.965700 6040.459400 6787.564900 6403.934400 6203.684600 6728.172100 6130.568000 6473.128400 5957.023100 6440.853300 6416.120700 6444.143100 5958.057700 6357.764100 6558.311900 6637.807500 6269.591300 6298.453500 6234.146100 6129.175200 6274.508400 6201.890200 6415.079000 6149.507100 6217.141100 6508.611100 6399.668500 6704.462800 6167.476400 6410.253200 6696.029600 6098.935000 6466.747200 6415.549600 6332.345000 6422.092900 6119.259400 6548.280000 6645.603900 6318.752200 6388.423700 6523.162300 6486.935700 6150.794500 6521.840600 6387.192300 6302.322200 6156.793200 6033.093800 6421.759900 6482.773100 6015.889500 6431.885600 6145.349000 6474.045700 6582.786800 6600.555200 6101.978900 6083.102000 6021.792800 6484.050300 6208.197300 5967.751000 6379.592100 6244.455100 6322.560800 6654.261300 6644.677700 6239.783100 6437.943300 6331.625000 6274.153300 6207.083100 6220.776200 6371.974000 6399.317900 6127.526300 6068.035600 6510.856100 6439.924500 6478.214500 5823.892000 6698.083400 6879.517300 6543.034400 6201.769100 6538.722200 6572.351300 6477.161900 6071.683700 6352.047100 5936.076200 6435.664600 6206.341700 6328.801100 6000.310800 6545.584800 6741.059000 6143.048400 6340.382000 6037.454100 6136.578200 6270.992700 6922.021700 6384.394000 6483.808200 6468.591900 6109.507000 6317.312800 6353.363100 6728.607100 6660.922200 6278.228200 6231.924100 5786.484600 6816.637800 6502.787900 6286.190800 6322.982000 6616.178800 6377.564000 6213.334600 6255.954700 6192.988700 6422.246400 6864.868600 6425.206700 6329.654400 6474.019300 6089.928700 6869.105200 6408.078900 5816.236900 6336.985900 6212.096500 6249.213200 6273.158600 5469.916100 6846.074000 5989.722300 6354.629100 6064.194100 6629.345400 6100.864300 6597.312400 6087.731600 6175.012900 6207.866500 6230.552200 6545.290900 6468.928400 6673.919100 5990.864300 5996.971500 6287.627900 6729.451600 6560.585400 6456.266900 6415.537000 6315.479800 6515.231400 6169.075800 6398.100300 6199.268300 6464.339000 6579.470300 6538.472400 6328.149800 6043.084300 6889.526400 6195.328500 6649.454500 
5944.498500 5889.458500 6419.038000 6774.550700 6290.650500 5851.862600 6154.573900 6383.280000 5623.845600 6243.523700 6573.653900 6315.179700 6188.260500 6552.617900 6557.784700 6240.054700 6220.269200 6449.774400 6354.744800 6156.076300 6431.470100 6042.250500 6067.441800 6359.247700 6416.093600 6351.730700 6120.280900 6486.828800 6558.946100 6052.389200 6757.654700 6511.906900 6240.333200 6793.966100 5940.094000 6556.575000 5792.159200 6378.877600 6352.610400 6529.451900 5861.303300 6354.644300 6552.611600 6653.445900 6212.924500 6283.536800 6305.672500 6283.522600 6162.555000 6456.500500 6451.216300 6249.492200 6224.468100 6386.041800 6510.109800 6764.177800 6203.906900 6327.433800 6682.549400 6177.834700 6363.609200 6362.457500 6283.899300 6438.817200 5960.543700 6694.263100 6818.793800 6280.008400 6548.452800 6515.420700 6427.295200 6306.456400 6345.873200 6330.735700 6203.485500 6357.856500 6056.880100 6296.527700 6416.011100 6153.047500 6527.473300 6435.408200 6400.299600 6449.830400 6596.362800 6007.331100 6147.451600 6198.532700 6594.926300 6304.567500 5912.634500 6256.034200 6275.440900 6183.420800 6596.607300 6328.701100 6066.125600 6510.599100 6346.615600 6532.847500 6075.259200 6218.351600 6444.167500 6571.358500 6112.457300 6054.167000 6498.778500 6492.487300 6220.868500 6048.807300 6441.995600 6647.532900 6460.287200 6299.203600 6481.130300 6754.053000 6460.422100 6011.449100 6469.789200 5968.098600 6430.826900 6157.249700 6554.048700 6189.580000 6468.212600 6911.644200 6328.420300 6355.637300 6276.557900 6100.863000 6350.434300 6879.754100 6375.337400 6578.303400 6282.126900 6230.462200 6283.502600 6325.966200 6953.111500 6512.370100 6259.852800 6447.325100 5775.163500 6678.499800 6502.755300 6298.143400 6387.358600 6693.652300 6440.854100 6077.123300 6265.610800 6171.124100 6496.742200 6768.254100 6371.423200 6379.303800 6590.032500 6111.297700 6712.305900 6188.233600 6033.489600 6331.107300 6165.832600 6170.814400 6291.921300 5582.730300 6559.645300 5907.694400 6460.474000 6170.513600 6654.270800 6177.333900 6462.932500 6027.856500 6267.637300 6053.142400 6156.732600 6767.678200 6435.488500 6231.798900 5938.702600 6081.635100 6541.062600 6800.449000 6660.677400 6477.119700 6522.182400 6130.139000 6651.450900 6085.999800 6297.387900 5834.343400 6370.592100 6554.319700 6626.941000 6490.482100 5925.439600 6774.945300 6256.209100 6696.177000 
5896.959900 5407.388900 6402.651200 6664.847200 5946.623900 5888.477200 5946.288200 6270.290300 5404.856700 6209.854800 6496.250800 6008.452900 5966.629400 6331.807200 6376.571700 6005.006200 5825.551200 6241.509200 6065.616500 5816.191800 6054.428300 5736.232800 5724.394100 6077.993600 6095.169700 5988.605000 5817.215600 6338.227400 6399.744100 5647.015900 6475.075000 6327.238100 6077.678100 6352.136600 5804.016900 6172.611900 5522.208500 6125.314400 6209.751700 6207.921300 5855.270100 6075.971500 6279.307800 6258.215100 5944.857600 6120.453700 6285.614100 5733.128700 5870.086300 6092.808800 6221.806500 5923.272500 5809.667500 6087.342500 6031.993800 6439.479700 5932.064000 5861.621100 6484.627400 6003.029400 6112.201900 6037.310100 6123.278300 6188.833200 5761.974900 6423.646600 6466.990600 6124.093700 6340.591000 6180.625600 6216.470100 5762.659700 6352.300100 6085.471200 6040.428800 6095.105600 5693.564700 5829.516900 6170.891300 5916.700600 6238.634100 6274.058200 6199.289100 6020.986900 6276.070700 6003.114100 5808.373300 5811.703900 6346.305900 6132.600100 5809.491000 6037.307700 5962.310100 6055.209600 6285.393100 6164.206100 5909.057700 6247.926700 6041.771800 6109.491400 5996.053100 6105.862200 6080.857100 6231.045100 5895.755200 5893.375400 6074.157300 6248.631700 6186.647200 5713.899500 6161.976600 6407.628000 6150.535000 6007.761000 6423.353900 6165.336500 6220.228400 5827.592300 6440.087500 6062.266800 6234.660600 5784.748000 6428.955100 5679.602500 6156.472300 6545.936800 5850.113200 6075.452300 5630.644300 5827.245900 6116.837500 6500.236700 5951.394300 6503.670300 6146.021900 5870.011700 6046.369600 6149.887700 6447.976300 6338.030400 5958.125800 5877.491100 5553.518200 6451.435100 6265.228300 5779.088000 6238.507800 6286.229700 6227.052200 5817.897600 6127.295400 6036.052900 6065.250000 6384.482900 6283.020700 6038.085900 6058.623100 5829.506500 6305.057500 5882.720500 5779.344300 5874.264100 6029.092400 6083.832500 5999.641700 5307.737700 6360.135600 5754.793900 6040.650200 5891.496700 6366.566100 5969.983400 6205.633400 5839.370300 6010.013600 5864.495500 5891.479300 6586.260700 6129.302600 6235.723600 5867.244700 5829.097600 6210.195100 6397.113100 6312.249900 6111.415800 6183.790500 5998.678600 6237.863600 5811.552800 6097.790600 5597.494500 6024.364100 6357.869600 6380.927000 6225.884400 5840.484100 6667.842700 5810.903400 6394.029900 
5421.521200 5068.895800 5657.197200 6068.151800 5370.924600 5383.057800 5586.910100 5770.393300 5093.788500 5631.892700 6003.049500 5630.585200 5470.036800 5841.707800 5837.690300 5440.025800 5425.550500 5675.975900 5551.523600 5644.370200 5688.399400 5173.830300 5277.809300 5567.780900 5738.146300 5577.731300 5464.838900 5848.031100 5870.744500 5258.408100 6057.128900 5750.355000 5568.656400 5824.759500 5374.036600 5617.318600 5205.484900 5630.016700 5684.835200 5791.784200 5342.995100 5634.964200 5739.724700 5843.265800 5674.469600 5663.619400 5641.555700 5566.987300 5559.683000 5525.431300 5668.120000 5494.596500 5594.609500 5723.932700 5605.712300 6053.316300 5718.465500 5648.600200 6084.611200 5524.479900 5624.967200 5662.432400 5386.141500 5721.243000 5620.727800 5820.386200 6035.235000 5520.397800 5826.213400 5733.335000 5564.216100 5664.780900 5751.133400 5614.019500 5488.807600 5558.733000 5376.305700 5441.385600 5576.342000 5434.390200 5710.667700 5551.022500 5586.773200 5769.790700 5660.836600 5284.928300 5351.447500 5346.502500 5911.253500 5566.582300 5369.671800 5604.569900 5467.524400 5618.688000 5735.407900 5513.753600 5444.461600 5788.682200 5575.417100 5694.467400 5592.833600 5333.858000 5624.915600 5709.577800 5402.910500 5203.136600 5685.579500 5705.236800 5586.595600 5321.922600 5778.056000 5960.249800 5769.862600 5552.917500 5795.876100 5909.816400 5694.382400 5366.179700 5821.552000 5369.172500 5817.482700 5399.192600 5631.678500 5471.028500 5673.999600 6018.538900 5406.509700 5491.954500 5439.060300 5546.564000 5851.365100 6054.825200 5536.646100 5789.821100 5488.153600 5443.827300 5461.368600 5626.128700 5991.170500 5680.173600 5554.303100 5463.704200 5036.638600 5880.418600 5710.775700 5427.827600 5543.960300 5763.053300 5779.538700 5471.366400 5570.528000 5763.350900 5556.454000 5974.877800 5780.039400 5613.578000 5645.683100 5378.852700 5949.272100 5572.613400 5278.350100 5497.424900 5647.121000 5558.633000 5506.684100 4810.351700 5883.441300 5379.070700 5566.534400 5324.399100 5777.554900 5728.446300 5743.051700 5473.811000 5390.872100 5378.772500 5490.581200 5909.428300 5631.441600 5658.113800 5366.093800 5299.216400 5797.439800 5774.449100 5823.059000 5821.359300 5615.272100 5207.606100 5627.414200 5417.200700 5498.383500 5372.154500 5666.742100 5743.966500 5771.877700 5678.484700 5283.477800 5891.058000 5484.602800 5864.964800 
5802.982500 5567.279400 6158.266200 6653.715600 6065.271500 5932.697400 6119.052700 6336.667200 5415.631900 6034.970800 6419.948400 6194.608800 6168.736200 6638.498300 6199.347100 5999.612500 6030.980500 6405.638600 6060.472300 6018.458600 6282.985200 5907.570200 5848.325100 6094.535500 6270.824100 6215.687900 6022.123100 6506.139000 6262.078700 5806.055500 6738.649900 6363.999600 6239.852300 6681.634000 5878.603900 6392.140300 5807.690800 6261.310500 6262.516700 6452.172000 5812.416400 6138.142100 6255.738100 6531.928500 5923.431700 6165.757600 6301.270100 6012.130700 6030.632300 6137.302400 6131.321300 5988.015900 6027.767000 6141.152700 6308.294800 6489.574100 6159.924700 6164.188900 6514.446100 5910.879400 6498.395000 6164.765000 6197.272100 6495.708500 5940.160600 6320.569200 6408.574500 6098.277900 6349.142400 6376.600800 6210.431100 5894.776000 6459.820900 6103.103300 6296.773800 5991.552500 5870.846000 6191.902000 6372.100100 6024.094700 6337.946200 6065.393300 6211.410800 6530.329900 6567.159900 5799.768900 6126.042500 5932.863000 6170.595200 6101.662900 5818.423700 6250.959200 6214.774000 6110.424900 6497.855100 6419.667200 6031.121800 6276.229800 6146.789600 6153.467100 6091.759300 6143.032600 6398.792400 6147.514500 5958.340700 5907.054800 6231.799600 6550.483200 6276.941100 5642.652300 6543.753400 6597.298700 6458.805300 5928.406700 6399.323700 6323.520200 6444.323200 5778.278900 6293.773400 5800.782100 6161.322400 6013.524200 6467.567100 6057.655700 6305.372200 6553.703700 6127.305600 6107.019000 5794.233200 5941.335400 6259.534000 6671.573100 6149.575100 6380.171900 6177.076600 5874.708900 6118.804200 6132.138900 6491.924800 6294.007400 6155.899800 6196.893600 5723.243900 6515.703900 6234.720800 6032.138800 6116.791600 6327.847700 6136.082200 5783.336700 6160.434600 6121.090900 6091.236100 6415.666000 6291.233200 6207.003300 6347.072800 5940.107300 6485.412300 6220.969000 5845.321900 6162.995300 5939.664300 6149.015900 5879.635900 5405.212400 6643.492100 5852.695300 6372.977600 5938.955800 6314.679100 6159.348500 6473.508700 5827.488900 5940.283100 6046.405900 5881.868600 6593.780600 6392.735200 6283.534000 6023.147000 5817.681400 6146.534400 6431.486700 6412.853800 6167.786800 6143.631900 5811.834500 6351.080000 6051.075500 6098.820400 5889.032200 6299.326400 6506.736000 6519.404500 6482.531500 5867.871400 6545.952900 6018.708400 6255.498100 
5713.795100 5454.857200 6235.119900 6320.725900 6051.901100 5836.709400 5968.781700 6158.571100 5336.517100 5989.861400 6248.227400 6093.886500 5814.765600 6238.171400 6157.894300 5878.412800 5870.855600 6042.432000 5785.842400 5800.437900 6090.056300 5730.142200 5717.523100 6023.388100 5940.687400 5847.137700 5812.898800 6318.615000 6239.345400 5602.083700 6433.361300 6040.148200 5964.075500 6391.246200 5612.923700 6161.826100 5587.951200 5975.979800 6037.366700 6146.788400 5819.281800 5885.688500 6165.359900 6387.433500 5919.269500 6067.355300 6067.447600 5860.879000 5844.513500 6182.847100 5904.143600 5764.512700 5924.635500 6210.352900 6078.361500 6541.301700 5762.578500 6067.014200 6529.639400 5963.430800 6120.488800 6060.916600 6065.477400 6305.195700 5793.656500 6191.876800 6433.151600 5949.084600 6290.972900 6198.060400 5785.031300 5675.303800 6096.204500 6135.482600 5998.462300 5888.486000 5747.522200 5810.319600 6165.519100 5783.252300 6316.574300 5853.238600 6218.594000 6180.478000 6218.448000 5783.795000 5839.242700 5867.117600 6016.903900 6100.806600 5682.807100 6030.116100 5906.159200 6022.380200 6034.766300 5969.582400 5779.431800 6307.709900 6046.803400 5962.644300 5914.449900 5866.303700 6353.201600 6068.367900 5856.733500 5578.164400 5993.680100 6333.309700 5873.598900 5664.341000 6285.803900 6226.238300 6029.304600 5728.712400 6441.622800 6093.024100 6119.863800 5699.052900 6073.778600 5827.219000 6046.596700 5846.810800 6305.084000 5733.948300 6092.864800 6354.295800 5828.086700 6216.915100 5673.844300 5898.913200 5845.788400 6469.828900 5947.788600 6258.439100 5858.405600 5958.792200 6160.830400 6057.579200 6602.792500 6042.536600 5972.004800 6131.795900 5632.128300 6484.113300 6011.633900 5858.480200 5974.338200 6146.043100 6230.332500 5765.040300 5911.964400 5942.525400 5913.092400 6379.346900 6102.496900 6231.465700 6037.949500 5732.304500 6258.699300 5861.227500 5664.462600 5766.515600 5761.243800 5959.182900 5844.189800 5488.235800 6185.844800 5826.986900 5986.884300 5838.632600 6122.735700 5877.835600 6081.359500 5824.669400 5883.639400 5804.292800 5865.635000 6400.955100 6209.594300 6058.387100 5923.146000 5899.253900 5907.100800 6379.163300 6323.212300 6074.741700 6225.310600 5971.555400 6083.816200 5662.101300 5992.340800 5663.304200 6219.437700 6179.816100 6044.805800 6068.244100 5759.206100 6322.795500 5910.259300 6216.497500 
5843.749300 5513.596500 6370.386000 6782.059200 6095.713500 6045.022000 6100.765900 6216.818800 5646.177400 6002.866700 6519.026700 6147.571000 6082.707200 6364.228600 6239.459300 6107.582300 6159.546100 6316.583200 6183.472600 5941.638500 6143.047800 5856.704400 5920.723100 6146.417300 6008.856700 6074.063700 6096.128900 6505.585600 6497.973000 5929.358500 6505.578500 6389.503400 6252.667400 6560.531400 6097.206300 6362.707200 5783.580000 6347.504800 6169.345500 6331.132800 6107.837700 6140.308700 6240.656000 6422.208400 5955.659800 6197.534100 6068.704100 6118.049500 6051.252400 6310.650000 6124.983800 5988.379200 6202.457300 6274.030200 6271.046900 6719.124700 5921.215500 6129.304300 6726.657700 6063.888800 6376.549300 6338.739000 6125.735500 6321.472700 5993.578100 6604.663600 6456.164200 6249.872000 6409.041600 6400.438100 6271.028200 6065.168100 6268.624600 6217.606400 6100.622500 6260.253800 5998.475900 6147.122700 6097.279100 5945.585800 6512.375000 6164.087900 6317.695200 6372.502500 6390.274700 5871.434300 5853.569100 6039.052500 6203.943000 6208.354100 5703.825900 6114.653600 6088.875200 5960.263400 6418.750700 6294.643800 6075.492900 6308.230500 6164.900800 6344.021100 6138.251000 6216.651400 6358.102100 6218.911000 6034.235700 5814.010800 6356.185300 6299.217500 6235.527500 5869.861700 6465.892200 6427.650400 6472.692600 5979.374000 6482.484400 6429.616700 6349.923300 6038.308400 6414.065500 5866.724600 6351.268700 5872.686000 6476.682400 6014.117100 6202.770400 6717.170500 6036.016200 6260.952300 6084.511100 6114.997200 6331.552400 6656.607900 6187.486600 6373.070800 6099.314100 6107.050200 6107.590100 6133.992300 6896.662700 6498.299200 6077.385700 6305.309100 5728.063300 6492.641700 6331.807800 6138.019300 6261.171100 6514.066700 6400.686800 5972.962000 6119.612000 6168.511600 6002.588200 6706.573300 6251.943900 6024.407700 6305.401500 6019.151100 6525.491900 6076.776900 5832.351500 5911.718500 6298.369300 5976.421500 6166.547900 5389.922000 6314.412900 5904.271900 6171.176000 5958.484300 6469.587200 6021.813900 6395.641300 6061.677100 6010.640700 6095.392600 6038.510500 6614.055400 6321.317000 6280.342400 5966.654000 6016.147500 6186.322100 6650.280900 6430.130200 6451.990300 6186.296200 5959.141800 6128.149200 5807.552300 6201.138100 5815.068400 6243.840100 6441.088800 6583.286400 6318.428000 5963.087500 6595.324000 5999.186300 6392.247700 
5807.982300 5396.203500 5885.248600 6265.285400 5983.421200 5641.707900 5887.699500 5912.615200 5480.641300 5810.879600 6275.155900 5779.124400 5822.244500 6258.220900 5794.905900 5688.600800 5871.256300 6055.285200 5953.581200 5500.224400 5846.938000 5607.067500 5490.087700 5802.646400 5902.237600 5975.700300 5660.457700 6202.856900 6079.497000 5539.419200 6559.858000 5999.433500 5904.715800 6237.915400 5627.214400 6011.022700 5461.535400 5820.524600 5730.952700 6049.323800 5678.102700 5664.199800 5997.047200 6274.890200 5818.302100 6003.811100 5987.908100 5789.887000 5732.955900 5887.581800 5757.703900 5809.914700 5976.061900 6052.222000 5937.100600 6214.940600 5865.146000 6002.746400 6284.453300 5743.710400 6022.319800 5881.197900 5939.270200 5918.307700 5810.061600 6154.473800 6295.446800 5775.073600 6130.810100 5893.425700 5679.757700 5843.923000 6058.474400 6040.859200 6065.065300 6015.516700 5563.586600 5861.126100 6038.746300 5856.805600 5915.723000 6004.407200 6021.560600 6188.293400 6095.869600 5547.432200 5768.242400 5642.895200 5975.894700 5941.172600 5367.340700 5815.465100 5835.722800 5861.366500 6183.911600 5762.822900 5802.619600 6105.990800 5895.800200 5974.229500 5761.518800 5698.713400 5937.022400 5806.625800 5683.404000 5515.611000 6007.701600 6108.342300 5976.946400 5511.399600 6236.872100 6407.402300 5966.168400 5889.775300 6075.021900 6090.669000 5962.821400 5556.029500 6065.909800 5824.224600 6081.274200 5692.693100 6169.443000 5688.331000 5951.497700 6142.868600 5730.868500 6037.546900 5440.423800 5724.316800 5913.135700 6511.055400 6039.816200 5996.414700 5652.952900 5807.760000 6025.078500 5887.502000 6625.586300 6090.433700 5984.172900 5951.018400 5241.015600 6197.535800 5978.249100 5689.510500 5603.441400 6157.883300 5862.421200 5607.259000 5803.446200 5890.838100 5970.629200 6245.477100 5902.903900 6094.819000 6052.253400 5718.861500 6122.531100 5680.354100 5472.148800 5749.536200 5786.914500 5785.566300 6110.115100 5040.210000 6236.126000 5714.711100 5781.805200 5695.744000 6064.682700 6080.850100 5955.437900 5652.446500 5931.424100 5878.653000 5692.980700 6399.726200 5973.524700 6034.530300 5679.566400 5565.388800 5858.548200 6210.325100 6215.270000 5961.956900 5839.964800 5715.691100 6074.335000 5526.154900 5902.568100 5602.181100 5827.367300 6074.535300 6107.596400 6175.694100 5670.481700 6467.496400 5917.722900 6106.068900 
5677.565800 5616.758100 6109.714600 6645.726500 5974.176000 5936.209900 5966.984800 6119.995400 5326.388500 5868.563500 6521.419300 6115.886100 5996.129800 6447.939300 6150.042500 6048.659300 6045.664400 6290.953700 6152.134100 5899.209500 6037.447500 5710.661900 5856.436800 5904.477700 6144.541800 6071.782100 5877.473800 6128.113300 6230.849200 5671.289600 6506.594100 6310.018600 6189.111800 6547.534200 5941.934100 6149.112100 5686.889500 6054.651200 6086.460800 6187.708000 5865.229400 6034.773000 6225.354800 6317.348200 5757.076500 6270.037100 6184.997100 5881.302100 5917.844700 6323.416900 6065.907000 5932.741700 6110.162300 6155.503100 6109.854300 6667.019500 5865.665900 6133.404900 6441.011300 5731.047300 6222.942600 6012.533000 6274.952100 6115.834600 5890.405700 6379.783500 6464.152300 5966.151600 6304.344100 6303.118700 5983.708200 5890.936600 6207.997400 6193.150600 6115.508100 6003.857600 5711.941900 6033.903700 5980.323700 5847.324800 6062.117900 6107.674400 6182.120400 6141.567900 6190.329600 5793.478200 5868.368500 5825.475900 6143.342000 5919.356400 5638.756600 6018.836900 5854.244300 5897.277800 6206.597100 6133.741100 6010.762100 6142.191800 5922.338500 6019.813100 5908.904400 5932.960800 6176.909300 6214.900900 5866.466700 5812.557900 6294.263900 6264.395400 6030.364100 5910.810400 6394.160900 6394.541700 6176.668700 5976.775700 6435.433000 6309.107800 6294.576900 6005.378400 6355.607200 5770.844100 5884.350100 5949.122200 6222.522800 5765.310600 6136.375900 6444.456300 5876.714500 6093.688400 5724.193800 5926.727300 6149.791100 6656.621600 6023.997600 6340.025700 5920.685000 5938.332600 6189.748700 5994.378100 6522.395900 6271.872000 5997.184700 6151.893600 5435.435700 6406.152700 6251.769900 5864.852400 5957.460900 6345.182900 5903.377700 5863.538700 6010.148500 5858.770300 6059.282400 6483.913500 6100.295100 5990.361200 6015.075700 5854.094200 6530.977000 5973.488100 5741.175400 5893.841400 6085.871500 5925.695200 6047.811400 5403.747000 6331.686900 5691.130500 6285.991100 5740.601800 6346.546800 5964.922900 6182.360800 5837.166500 5953.000200 5960.424300 5862.902300 6490.977900 6285.499500 6194.145400 5950.657600 5944.664500 5955.337200 6306.938600 6402.915500 6151.470500 6077.892000 5923.416800 6204.377000 5750.414100 6126.903900 5804.331200 6150.967800 6188.770200 6429.778200 6273.818000 5793.955300 6516.733600 5998.161800 6417.990500 
5489.345600 5137.507300 5627.780600 6095.424800 5434.377800 5381.368600 5518.503100 5741.197000 5190.831600 5538.921400 6036.960500 5420.597300 5571.324500 5907.173200 5546.286300 5295.044200 5650.744000 5968.611700 5496.953300 5485.200000 5660.482200 5279.906900 5260.453100 5295.756500 5539.665000 5712.040800 5323.770500 5896.924400 5891.655400 5214.682300 6028.726300 5654.639800 5640.238900 5889.715900 5449.641700 5799.198500 5181.170600 5435.565600 5409.609400 5737.329100 5344.055800 5663.863000 5790.657800 5761.388100 5517.905200 5608.299500 5572.619200 5497.333100 5281.259900 5598.496100 5704.528100 5549.753900 5448.553500 5631.316400 5624.460500 5959.974500 5652.897000 5637.951100 6046.065000 5387.975900 5495.588800 5504.229600 5642.755500 5729.144400 5405.766000 5789.481700 6009.556100 5513.467900 5831.891400 5766.655400 5607.046000 5504.000800 5891.450400 5718.493100 5715.026600 5558.152500 5555.945300 5425.903600 5646.284700 5467.625400 5709.309900 5840.888100 5657.839000 5832.031300 5901.661000 5450.825500 5541.303400 5377.778400 5726.928900 5473.033700 5377.860100 5383.412200 5481.862700 5562.731800 5792.764400 5605.754300 5467.351400 5925.580800 5541.953500 5607.175300 5509.197200 5464.863500 5599.663300 5605.840000 5391.387800 5281.831500 5657.578700 5549.918600 5557.295000 5168.157600 5721.852300 5934.248800 5662.084800 5483.739400 5940.294600 5929.999200 5616.436200 5511.874800 5666.979300 5481.551000 5622.012300 5352.568800 5668.136400 5548.396500 5750.010800 6031.170800 5564.188700 5755.840500 5488.916800 5431.179300 5623.253300 6117.595100 5667.463400 5778.949900 5458.653100 5500.666100 5863.769800 5620.354600 6054.559800 5716.205900 5659.430900 5642.150400 5047.356000 5992.123400 5828.863100 5576.696600 5620.591700 5886.548300 5715.633000 5299.921900 5467.070000 5515.716000 5579.675600 5894.910800 5859.933200 5557.407500 5841.245100 5378.578100 5878.971300 5425.956500 5145.815500 5621.491000 5493.786000 5516.334000 5528.847800 4908.917500 5861.544300 5290.772000 5674.183200 5109.168800 5798.306700 5687.449900 5760.471100 5293.544800 5494.635800 5434.611200 5682.525200 6080.437800 5665.595000 5721.810000 5157.655500 5417.543600 5742.118400 5972.921000 5769.998200 5690.605500 5585.505400 5502.941200 5575.106800 5175.706500 5548.584800 5400.261400 5626.357900 5717.819700 5919.446100 5727.994300 5341.275700 5913.144800 5368.490900 5898.350900 
5825.588100 5772.062400 5966.917400 6401.904300 5941.740500 6054.378300 5777.250100 6246.415900 5321.228500 5768.873600 6415.406400 5916.968900 5810.886100 6462.676200 6154.739300 5946.623800 6030.285900 6349.206700 6245.179700 5649.591700 6066.353600 5673.245300 5931.248700 6066.221500 6134.533100 5913.942500 5892.482900 6151.826800 6373.379100 5533.352800 6333.622400 6019.869600 5900.338800 6633.334400 5968.343000 6219.986800 5472.256300 6164.133500 6149.128400 6223.478500 5595.639000 5951.324100 6208.285500 6372.054200 5894.867800 6105.495400 5995.395200 5972.134300 5969.267500 5975.000900 6240.022900 5952.202500 6048.176400 6075.222600 6084.639100 6532.429100 5878.249000 5978.123300 6650.023300 5981.184100 6136.849600 5928.070600 6054.898000 6043.751100 5906.788200 6251.777100 6331.492700 6148.556700 6292.493100 6390.509900 6165.746500 5888.544700 6119.415700 6134.874500 6181.587500 6005.228400 5746.437000 6000.094900 6195.065300 5943.200400 6232.932100 5965.528500 6280.595400 6294.753800 6213.104100 5845.414200 5734.870900 5779.285200 6005.439200 6005.568400 5559.618600 5947.436400 6040.759000 6154.303200 6348.045600 6038.155800 5961.479900 6140.405100 6011.087500 6302.725300 5960.515200 6036.700200 6295.946600 5980.244500 5913.262600 5832.044800 6160.334500 6268.753600 5953.493000 5712.344700 6399.862500 6464.191100 6302.660300 5814.989700 6405.468800 6425.443700 6131.506800 5975.239000 6263.162800 5732.645700 6078.259600 5841.906900 6139.341000 5736.830800 6141.836900 6538.033200 5897.662800 5877.070800 5858.573800 5988.588500 6173.284700 6490.931300 6036.442100 6352.710300 6065.524900 5919.739700 6141.105800 5928.989800 6455.254200 6275.174000 6038.088900 5982.878600 5419.200100 6381.012800 6405.807700 5892.475900 5815.027000 6342.135200 6123.601100 5761.048500 5940.294300 5852.125300 6140.684800 6494.556500 6138.203600 6157.874100 6250.087500 5853.634200 6551.451100 6148.680500 5692.935600 5858.893200 5995.783500 5898.375200 5942.644900 5279.367700 6213.223800 5780.298200 6143.813200 5746.608200 6277.200900 5953.999900 6165.407200 5788.560000 5777.265900 6065.680300 5952.905000 6409.602600 6285.588400 6385.751400 6017.539700 5894.935400 6050.608700 6372.670300 6403.112100 6356.915800 5931.937100 6042.194200 6129.366400 5839.161500 6248.907800 5677.158500 6145.820600 6157.304300 6186.193600 6232.326900 5958.545700 6571.901900 5955.131100 6229.859200 
5830.530100 5622.151300 6336.115000 6559.559400 6113.664800 5964.887300 5956.377600 6387.205100 5533.569800 6133.091000 6464.271300 5938.117400 6070.016000 6394.469200 6332.555400 5988.094200 5944.520000 6420.820700 6267.969600 6058.188300 6107.167900 5845.374900 6066.956800 6079.916800 6155.904600 6158.485200 5974.838000 6407.233600 6320.318000 5912.748900 6555.151900 6205.586500 6074.602500 6567.557800 5895.391600 6333.287100 5861.204200 6127.078800 6348.070700 6195.960900 5839.597400 6180.219800 6223.680900 6470.204900 6108.694900 6225.471900 6138.930300 5922.600100 5929.981700 6184.046100 5999.805600 6075.647300 5907.439400 6098.823000 6144.695500 6711.984500 5851.294400 5921.898000 6831.922400 6017.885300 6241.550200 6104.435700 6170.239800 6274.511400 6042.712400 6429.609800 6389.112300 5952.825600 6168.318300 6135.615200 6166.123600 6066.182300 6145.505700 6120.558600 6188.961900 6108.512100 5725.243300 5929.303400 6326.782000 6141.554900 6334.010500 6032.545600 6028.186800 6278.385200 6357.047500 5724.281600 5943.573500 5935.578300 6226.862600 6106.497600 5784.139100 6041.680700 5998.295200 6078.361600 6447.595000 6098.745100 6063.489500 6188.189100 6092.886200 6276.124400 6098.855000 6018.785200 6311.927300 6163.126900 6062.953100 5937.356700 6359.599500 6171.010900 6191.575200 5837.618200 6497.013800 6669.718100 6416.696600 5886.984300 6478.004100 6423.313100 6310.043900 5872.077300 6309.806200 5981.284900 6394.588900 5733.772400 6221.651200 5962.070000 6337.450800 6498.960000 5919.015700 6206.163900 5949.609000 5999.530100 6140.704700 6461.943000 6298.689500 6399.182200 6282.978400 5985.342800 6060.272900 6073.125000 6650.209200 6383.565900 6010.688200 5962.069000 5618.234400 6546.695200 6441.922400 5866.944200 6071.565000 6328.531100 6167.930600 5888.164000 6237.818800 6155.243100 6148.093900 6527.526900 6058.122500 6210.624100 6233.069500 6036.899000 6509.456900 6031.214000 5886.131400 6061.351100 6095.712500 6084.056700 5934.467300 5201.481500 6647.246000 5961.048000 6113.001300 5704.952100 6305.453600 5978.232600 6110.507600 5904.876800 5982.389300 6067.172500 6108.430200 6569.461700 6292.550500 6416.361500 5998.097900 5898.043700 6213.506300 6434.587500 6311.473100 6108.010800 5968.598700 6236.897700 6228.085700 5876.061400 6314.603300 6115.998100 6046.460100 6230.553500 6235.531800 6083.336900 5991.866800 6557.708000 6229.548900 6354.813100 
5412.807700 5090.757900 5619.048800 6002.452100 5444.140600 5552.520400 5459.515000 5752.141900 4955.022100 5442.715300 5876.318100 5404.384700 5424.755700 5912.323700 5594.181200 5570.163800 5431.990700 5864.078100 5493.294200 5300.046400 5828.401300 5287.265300 5274.922500 5344.726300 5624.614400 5417.145300 5316.775200 5567.740900 5763.671400 5347.269400 6065.331200 5552.985100 5620.262200 5835.186000 5472.115500 5655.626100 5030.577100 5600.960900 5611.467700 5741.112000 5394.009700 5530.946500 5534.698100 5718.542000 5434.286900 5613.116800 5471.426300 5416.568900 5488.688500 5656.226900 5560.253900 5336.227900 5401.745200 5623.900000 5482.714500 6082.861400 5369.474500 5511.137500 6079.023700 5483.609900 5753.944600 5629.221900 5539.626500 5590.171900 5558.878200 5725.662100 5792.733100 5323.937400 5766.206200 5712.605500 5314.775300 5349.616300 5569.411900 5562.279900 5750.450600 5512.567100 5366.640800 5533.700300 5492.578100 5503.883600 5691.457700 5604.008000 5821.213600 5767.485600 5752.003400 5346.624900 5284.900700 5253.894600 5700.206500 5464.960200 5248.070600 5621.568800 5369.510200 5491.149300 5827.790200 5518.121600 5337.389100 5565.712300 5614.440600 5635.559200 5468.484400 5481.884400 5481.629100 5612.698700 5252.386800 5255.225600 5545.644100 5583.065900 5651.596200 5057.084000 5860.519700 5917.270400 5664.702400 5379.094100 5703.115200 5699.449700 5748.936000 5395.810000 5809.690300 5317.035800 5756.920900 5439.940500 5818.053000 5380.347000 5609.517400 5874.405100 5336.168100 5559.645900 5335.342800 5399.695000 5500.065100 5975.662000 5667.290300 5855.282600 5497.650100 5496.596200 5550.031300 5425.737100 5970.237100 5591.354700 5622.528700 5568.143900 4963.031900 5780.090200 5710.065000 5433.641400 5466.918800 5808.193100 5570.183900 5353.022200 5422.415600 5523.482500 5510.258000 5844.603800 5589.919400 5578.850300 5603.075400 5684.121300 5813.384400 5285.956600 5173.217100 5513.366100 5376.052300 5489.112900 5518.557800 4837.233900 6031.956100 5335.310100 5515.859000 5388.906100 5767.314600 5494.940400 5726.462300 5415.907600 5267.426300 5599.279400 5429.604200 5794.953900 5701.681100 5629.459500 5364.932000 5369.067800 5445.327400 5810.215200 5760.419200 5532.437100 5612.395200 5286.455900 5610.065400 5230.279700 5536.732200 5334.657900 5728.302700 5604.129100 5847.873600 5528.266300 5258.093600 5945.367200 5468.767100 5658.452400 
5843.667100 5356.374800 6115.154900 6493.503100 5865.414000 5687.142900 6048.191000 6220.493400 5332.037300 5923.669100 6403.781900 6031.546800 5833.181100 6368.082200 6104.764600 5636.240500 5847.260200 6147.270800 5898.892100 5715.674100 6078.410600 5641.018700 5718.705400 5997.367800 6330.264800 6007.062000 5789.994100 6239.678000 6428.792400 5476.966800 6486.436600 6155.302700 6047.340100 6340.185400 5775.799900 6002.879800 5488.761500 5892.496100 6310.701100 6304.601200 5868.832900 5962.685400 6289.053100 6304.926200 5967.027200 5975.634400 5829.864100 5837.481800 5886.784000 6047.213200 5971.222200 5827.397200 6084.931300 6051.395400 6312.989800 6586.432900 5969.482300 6117.933500 6349.886400 5939.654400 6056.965700 5949.032000 6071.903600 6052.710100 5708.377400 6258.231000 6367.395800 5934.925200 6258.473100 6224.217500 6065.555400 5798.867400 6206.040600 5976.846800 5975.253500 6034.277600 5730.911100 5939.580500 6053.657800 5787.398500 6176.540900 6019.035700 6196.999100 6136.532900 6196.450700 5902.820600 5648.797000 5825.866300 5988.380400 5821.167300 5818.909400 5951.802500 6038.392000 5941.639700 6210.760700 5972.845200 6112.161300 6211.375500 6099.743600 6179.798700 5894.587300 6037.409100 6168.915000 6063.374600 5876.909100 5758.661300 6009.168300 6169.041700 6018.300300 5429.486700 6134.542100 6317.969700 6022.180300 5826.936300 6133.704000 6180.771400 6102.690200 5827.365700 6247.399300 5717.320100 6147.775800 5770.258900 6079.771700 5732.653700 6048.075800 6444.490900 5947.862700 5923.499800 5687.661100 5879.540000 6072.524900 6503.578600 5919.459100 6300.608100 5959.987500 5750.294000 6088.201100 6040.556200 6431.783300 6069.638100 5998.027600 6080.317500 5317.215500 6384.479200 6299.952700 5796.305100 6004.317300 6078.521500 6189.471400 5823.547000 6017.920000 5890.356000 5971.987300 6390.821200 6059.360300 5895.288700 6080.154800 5873.511500 6530.112200 5904.241900 5610.780700 5788.088000 6148.207700 5814.944500 6021.788300 5367.520300 6360.376900 5745.187600 5985.281600 5951.754400 6276.292500 5940.941700 5938.707800 5896.038900 5840.575100 5928.402500 5885.588200 6377.121800 6152.584500 6190.523200 5880.636900 5758.391900 5967.881500 6263.362600 6275.585200 6180.214100 6222.371900 5748.348300 6063.655700 5713.407300 6201.660000 5701.488600 6046.606100 6097.973000 6510.507200 5890.356500 5669.792600 6484.267900 5814.968800 6293.260900 
5965.210000 5691.271500 6309.655400 6630.182600 6037.162800 6062.610500 6098.432900 6321.446500 5626.864700 6301.602000 6587.775000 6281.069900 5995.209000 6756.472300 6326.274800 6131.290900 6179.685100 6358.407400 6199.070100 6067.513000 6411.406700 5900.177800 5928.060500 6124.170900 6133.860900 6260.016100 6140.891600 6430.719900 6440.244300 5987.486200 6796.177900 6218.450400 6168.271000 6627.290700 6168.116500 6166.042300 5887.896700 6268.866300 6385.574900 6371.729100 5925.251900 6131.368500 6320.539800 6684.866500 6110.489800 6371.381600 6080.769200 6023.128100 6144.548900 6234.374600 6153.830300 5901.300500 6233.331800 6201.804400 6311.287200 6795.919900 6091.838200 6289.867700 6835.890600 5870.130800 6413.731200 6154.747900 6321.838200 6377.801400 5911.539100 6563.380600 6598.753500 6025.099800 6560.389100 6431.604600 6031.586800 6221.541800 6444.118800 6303.088300 6240.180100 5929.504300 5781.262600 6135.946900 6433.378200 6097.439500 6245.035300 6100.328200 6340.486100 6526.016800 6430.703300 5810.216800 5988.305500 5966.713400 6258.618300 6143.567700 5691.116500 6180.853900 5937.636100 6114.832900 6199.912400 6203.501000 6050.472900 6602.610900 6341.555700 6142.871400 6143.341500 6123.110600 6452.286500 6374.572700 5850.784100 5864.063300 6165.224000 6231.115600 6087.802200 5823.795700 6612.600600 6452.297100 6194.759200 6063.502700 6435.970800 6523.258700 6550.284900 5962.013400 6284.920400 5991.671100 6375.666400 5993.404600 6346.688200 6137.966900 6393.741300 6424.623000 5991.381100 6137.870700 5998.367500 6156.999900 6241.602500 6799.740000 6109.875800 6528.197600 6009.807000 6162.483500 6352.233300 6080.325500 6648.138700 6483.573300 6242.964400 6352.264600 5769.216900 6313.901100 6477.657700 6076.812900 6109.592300 6404.464400 6381.326200 5942.665200 6176.638400 6016.580800 6033.532900 6682.010400 6348.215400 6153.527300 6175.180800 5956.599200 6560.934800 6065.042400 5895.145500 6091.679700 6161.990500 6077.150200 6133.453600 5297.927500 6445.355900 6080.503500 6345.263100 5852.170900 6586.596100 5976.695000 6233.372900 5948.678500 5909.260200 6075.448300 5959.789500 6654.283100 6366.718700 6399.555600 5949.887500 6206.847500 6197.915000 6494.124100 6263.589000 6187.393100 6290.049200 5953.493700 6259.770300 5955.961500 6409.556100 5925.415500 6426.946200 6183.123300 6519.642600 6382.164100 6037.928300 6598.804100 6177.646700 6468.058800 
5932.809900 5508.759800 6230.409400 6653.438100 5940.265400 5973.682600 6060.873900 6292.097800 5490.751000 5930.842800 6549.485000 6021.220800 5866.460600 6563.433600 6147.754500 6019.773700 6114.039500 6237.341000 6242.357900 5867.480000 6109.464500 5704.829400 5934.205200 6034.603300 6215.398500 6246.786200 6123.184700 6301.716000 6195.980800 5757.034300 6583.132600 6244.607900 6063.692100 6431.552200 5853.898600 6229.301600 5508.992200 6077.573200 6232.960600 6140.988500 5927.301300 6286.342000 6362.254200 6433.341900 6102.949600 6191.283400 6060.209500 5922.094100 6008.890000 5916.538600 6255.526500 5832.448300 6021.584400 6173.079300 6125.060300 6450.333200 6121.599000 6172.018900 6620.085800 5790.796600 6226.341600 6002.963500 6258.293500 6183.364100 5726.816900 6130.132700 6557.757000 6108.642500 6146.693100 6136.339400 6277.536900 5962.099800 6201.325700 6163.604400 6077.206800 6153.953100 5845.060100 6079.708100 6084.167000 5917.332600 6411.376100 6165.178900 6293.303700 6537.357000 6314.127600 5835.119200 5777.652100 5767.532400 6125.957600 5992.535200 5622.660100 5842.438200 6063.104000 5763.469600 6477.708700 6168.710400 5948.577900 6335.613300 6018.835600 6248.150100 6110.495600 6112.800600 6298.114800 6021.188800 6007.434100 5755.819000 6119.047700 6183.446800 5881.609000 5740.453900 6402.714600 6459.195600 6175.842300 5985.680300 6367.963000 6406.139300 6259.870600 5708.892300 6312.544000 5872.490200 6370.391600 5907.262200 6279.843800 5778.503200 6087.646500 6551.913500 6126.877500 6125.225600 5774.876300 6079.706300 6170.696700 6617.016000 6133.056700 6336.001400 6061.636800 5924.276400 6102.847600 5892.001200 6712.610500 6267.974800 6190.767300 6184.820800 5559.181900 6314.089400 6234.502900 5966.216500 6039.432700 6278.025900 6247.558200 5789.612500 5900.238800 6211.292400 6050.592700 6391.849100 6074.601700 6107.639200 6118.589400 5934.102800 6501.532600 6033.266600 5558.893100 5946.505300 6020.990000 5910.960900 5885.236300 5286.490500 6651.777600 5907.265300 6220.656500 5943.328700 6307.883100 6028.699500 6089.323900 5963.807200 5921.896100 6177.636700 6023.670700 6526.113700 6331.058700 6330.614900 5858.123200 5773.884500 6108.954600 6372.588300 6342.877500 6113.209900 6144.022100 5885.078500 6373.407600 5893.531400 6154.951800 5607.802900 6109.747000 6220.293500 6305.245700 6264.088600 5772.135800 6524.549500 6043.007200 6463.958400 
5808.148800 5553.270500 6281.875600 6236.646600 5852.352600 5889.950500 5736.580700 6138.724900 5288.383300 5830.899900 6473.557300 6097.199700 5681.566800 6413.970600 6159.069300 6040.049000 5864.315800 6050.554900 5995.739800 5903.500900 5911.341100 5654.838200 5758.832900 5934.966700 6095.498000 5958.415600 5866.604300 6156.792900 6207.319000 5605.565300 6510.226500 6048.225300 5826.148000 6293.837800 5702.087200 6090.839300 5590.140300 6104.100900 6162.240300 6107.321500 5712.020900 6036.495200 6321.991900 6311.868800 5838.366200 6027.408700 6068.435500 5775.208200 5786.214400 6086.142300 6072.807300 5728.606200 6004.174500 5986.802700 6107.940500 6405.972100 5765.514900 5890.262000 6531.205800 5884.584000 6101.848700 5971.644900 6136.613800 6087.468300 5790.730200 6229.334200 6491.249100 5817.480400 6233.336300 6155.897800 5926.072200 5626.840500 6093.961300 6128.871800 5811.127100 6057.122200 5604.116900 5816.267500 6027.055200 5940.073100 6135.881700 5896.484100 5981.770500 6052.770700 6261.655200 5790.862900 5780.214600 5771.899900 6134.712200 6057.514700 5714.759000 6047.317300 5844.748700 5938.320200 6113.785900 5940.824000 5791.645100 6176.837700 6003.334400 6255.445000 5825.842900 5967.106900 6226.668400 6012.447600 5989.843800 5666.226600 5965.174800 6048.341300 5846.914800 5929.141500 6248.087400 6233.597500 5931.117600 5731.011000 6332.614900 6293.776300 6189.065000 5741.189100 6057.315500 5794.452700 5987.816000 5741.638200 6041.358800 5776.756300 6110.999600 6443.057000 5899.738000 5712.000300 5723.872500 5901.694300 6134.414600 6317.635300 5996.454700 6287.770500 6016.944800 5941.933200 6009.584700 5907.300500 6366.377900 6180.142600 5934.384800 6031.303300 5502.833500 6154.263000 5983.035100 5717.947100 5953.078400 6293.916000 6013.348600 5770.860300 6011.975000 5911.173300 6073.868300 6641.548300 6074.680100 5912.575000 6151.805200 5841.598000 6354.478100 5714.860400 5700.708400 5861.576500 5952.549300 5932.886300 5882.741300 5365.622800 6094.734900 5871.035700 5962.658900 5701.508900 6102.389800 5708.901700 6011.230700 5677.126700 5847.193500 6002.227300 5845.199500 6385.693200 5998.075900 5905.869300 5525.247600 5908.770600 5968.192000 6378.616300 6231.110900 6170.804700 6034.446500 5850.799600 6087.926500 5716.105500 6055.547300 5717.275700 6094.718800 6180.990300 6140.368100 6003.156500 5964.610700 6413.881200 5790.020700 6243.222000 
5657.953100 5502.658300 5743.810900 6094.971800 5908.594800 5726.221300 5690.661400 5826.833600 5282.706400 5734.171600 6103.918500 5621.990600 5697.891800 6142.790300 5941.531600 5588.419700 5650.812700 6169.403200 5767.720200 5673.393500 5890.616600 5590.379900 5600.002900 5764.446700 6006.480300 5972.159900 5660.326300 5960.431000 6023.520700 5505.491000 6170.852600 5895.561300 5815.362500 6359.636700 5540.900300 5966.954400 5403.216600 5712.625200 5810.750500 6014.610600 5480.703000 5863.504300 6059.554000 6121.163100 5821.995700 5934.805100 5915.032000 5754.504800 5689.503400 5808.446700 5807.789800 5811.489700 5920.671200 5939.327600 5747.561700 6320.688700 5752.774900 5854.927600 6398.614000 5665.899400 5941.052800 5828.435600 5689.800100 6040.804300 5595.747800 6151.810200 6072.726600 5855.623100 6175.159100 5833.396600 6036.916600 5776.259700 6092.429100 5708.510600 6009.088500 5786.839400 5587.309500 5682.273900 5591.398300 5613.193300 5971.679800 5877.117400 5973.382500 6028.115700 6172.372700 5641.055400 5608.647500 5466.904100 5808.956000 5761.497300 5468.592100 5689.943600 5626.812600 5854.127100 6129.406800 5745.358700 5673.341600 6018.101000 5897.810700 6007.589800 5784.160200 5764.451300 5960.272900 5838.062000 5788.550600 5533.597500 5887.733800 5845.421200 5833.069700 5488.986300 6021.992200 6228.285100 5907.903700 5723.000200 5964.512000 6144.852000 5852.992700 5867.524500 5953.163500 5696.668000 5823.785000 5660.245000 5952.489200 5754.180300 5805.784100 6382.196900 5640.496100 5786.666400 5725.548600 5665.313500 6022.638700 6377.860500 5987.539400 5970.700600 5735.563000 5548.794200 6054.133600 5838.595100 6274.611900 6196.668700 5832.671400 5986.059100 5086.303200 6089.186500 6027.466500 5806.728900 5772.847100 6196.358200 5886.244900 5724.558300 5789.934700 5865.355200 5913.716200 6152.000400 5691.189300 5718.913100 5866.575800 5627.887700 6286.740400 5769.475800 5425.014500 5729.009300 5915.790000 5824.595000 5799.390800 5077.915500 6145.402500 5631.348200 5903.792800 5510.342700 6163.025500 5776.489400 6049.439900 5544.004200 5634.501900 5760.339900 5833.575900 6186.371700 5876.392100 6019.302500 5504.609400 5836.735900 5858.560700 6061.243300 6018.505000 6004.936300 5791.001800 5651.595600 6064.609700 5684.384900 5887.596800 5725.153100 5951.425200 6026.934600 6112.217900 5807.880800 5792.046700 6098.012000 5669.414000 6237.271500 
6102.810300 5646.657800 6397.244000 6703.378800 6122.467900 5983.229100 6313.538900 6284.793600 5489.276900 6073.601800 6617.015800 6261.115100 6144.464800 6510.146100 6555.289600 6066.398000 6055.739500 6187.951100 6459.142300 6192.216800 6273.352600 5869.409200 5982.849100 6024.642500 6505.851400 6218.069100 6011.496500 6380.201000 6486.161900 5766.219700 6749.149400 6422.630500 6166.919000 6594.406700 6018.022000 6411.124700 5820.359100 6163.782200 6484.084600 6429.157000 5952.191600 6210.272000 6546.046900 6543.066100 6110.237900 6416.767400 6160.786200 6154.403600 6102.356800 6288.809500 6462.963700 6104.792000 6441.057100 6312.935800 6257.168500 6712.010800 6167.853800 6162.502600 6746.374500 6127.901000 6382.666800 6347.129700 6171.634200 6370.066500 6186.404000 6575.395600 6559.814500 6263.228500 6423.145500 6455.368800 6307.538000 6123.872800 6349.441300 6255.344900 6152.308200 6371.933000 5937.099500 6251.059600 6342.918500 6171.133300 6482.417700 6229.183500 6350.876500 6372.875600 6554.019600 6049.511500 6076.582200 5931.620200 6474.051700 6314.012400 6021.138900 6114.001900 6099.674400 6298.969700 6510.372000 6182.254200 6018.943600 6558.954000 6266.320800 6464.556600 6303.919500 6230.611000 6254.460300 6271.435800 6146.052100 6225.433500 6304.457600 6240.198300 6251.145900 5924.304100 6499.243600 6645.405100 6493.418200 6144.609400 6554.150300 6599.758100 6404.163500 5999.658800 6533.175800 6041.771500 6393.908200 6019.531300 6367.616100 6012.625300 6341.831200 6560.052500 6057.459000 6314.708800 5866.273200 5959.209000 6288.230300 6859.601200 6262.069800 6542.946400 6451.379500 6077.546200 6171.128700 6159.162100 6768.712600 6510.756300 6162.919700 6266.270000 5796.900400 6505.439900 6474.445600 6088.855000 6259.653200 6521.407900 6462.883100 6025.394600 6253.310600 6402.931700 6184.400700 6517.266600 6451.448500 6495.389100 6379.210800 6031.722300 6621.289500 6199.606800 5992.038400 6274.373500 6269.277900 6305.541500 6178.424100 5259.820800 6625.585000 5984.206600 6341.718500 6030.614100 6449.901900 6410.302200 6387.863100 5968.070100 5954.842100 6113.667300 6092.406100 6674.254800 6308.299600 6567.202900 6206.250000 6021.856700 6203.549700 6622.539500 6551.444400 6299.564800 6181.691400 6112.137900 6410.767100 6017.618500 6196.420500 5900.385200 6252.627000 6263.249900 6569.673100 6467.654500 6008.050300 6733.260900 6045.923600 6670.288900 
5453.402900 5272.055600 5964.052600 6221.604000 5640.240200 5785.598100 5718.143300 5916.533200 5091.829600 5586.549300 6173.152100 5854.417500 5717.171500 6158.785800 5839.708300 5678.382200 5808.005300 6152.467700 5625.286900 5618.481800 5778.315400 5600.266700 5560.315900 5717.766500 5843.264700 5763.713600 5569.089000 5930.270100 5783.641700 5436.402400 6330.088700 5898.844000 5767.213900 6053.642100 5694.564200 5926.655500 5287.557000 5640.296200 5838.300100 6036.919300 5624.335500 5885.486700 6051.612700 6109.967600 5638.256300 5671.334400 5864.759900 5696.970300 5540.086000 5854.762500 5948.960300 5377.771800 5704.286300 5984.630400 6045.883900 6157.034300 5770.063200 5724.475200 6250.001600 5740.430200 5765.946100 5894.277800 5939.113000 5867.603300 5767.148600 5950.603800 6240.425500 5692.809800 6061.543900 5839.004900 5929.674400 5614.185700 6067.390000 5953.522200 5803.642200 5823.454300 5534.859400 5754.017800 5873.858700 5586.706800 6080.784800 5588.546200 5876.106600 6139.391700 5970.689000 5694.989600 5707.987700 5697.877600 5949.731400 5680.183600 5481.549400 5775.560200 5833.456900 5753.816700 6072.375900 5770.330000 5673.941900 6013.264900 5952.106000 5931.902100 5617.576500 5770.846200 5972.416500 5743.314400 5486.024900 5432.347800 5689.754100 6028.358800 5764.302600 5491.327700 6105.978900 6020.736400 5904.434900 5631.749800 6260.845000 6127.068600 6003.013300 5519.791600 5962.953100 5640.429100 5955.184500 5681.296100 5887.968600 5571.422600 5913.794500 6136.450700 5661.491700 5713.019800 5621.280100 5796.274900 5872.177700 6146.527200 5852.696900 6018.128000 5527.376100 5714.495500 5960.385400 5622.461600 6248.709400 5723.681700 5924.730100 5819.293300 5248.508800 5964.632500 5918.227400 5568.183200 5728.398600 6009.624200 5935.040600 5526.871900 5474.380600 5758.609500 5750.584100 6177.203300 5899.518600 5793.598600 6018.640100 5758.338400 6194.076600 5657.172700 5409.029100 5755.548400 5615.109500 5620.164700 5743.287500 5094.122600 6216.730200 5508.470600 5722.180900 5405.664300 6043.936700 5852.614900 6022.461700 5544.079200 5534.844700 5839.986300 5692.655900 6261.195600 5931.760800 5906.999100 5523.366300 5393.007200 5869.324300 6094.849900 6118.006800 5960.051300 5838.386100 5646.607000 5933.073300 5561.584800 5902.556200 5405.216600 5844.569000 5938.319200 6111.566300 6033.993400 5374.791400 6080.615900 5693.874400 6037.197300 
5714.987800 5452.345900 6043.466900 6233.277800 5886.322900 5747.911000 5888.269200 6059.726900 5200.640400 5858.954000 6417.645200 5861.177200 5759.405600 6455.338100 6167.890600 5794.126500 5944.359600 6078.949200 5955.989700 5738.387100 6076.372200 5577.582400 5608.847900 5728.059300 5995.334000 5968.175100 5717.775000 6263.440800 6035.314400 5562.016200 6517.013500 6006.250000 5858.355500 6314.158500 5583.993700 6041.510900 5597.932900 6052.007400 6032.917900 6219.773800 5822.250500 5773.898600 5963.593400 6338.168900 5708.382100 6123.735000 5805.869400 5775.029400 5832.833300 5947.910400 6090.983200 5777.817100 5720.042300 6056.336500 5967.968100 6491.807100 5854.048500 6085.649100 6467.368000 5927.868800 6356.522100 5795.247200 5868.629700 5890.373100 5712.673200 6132.777100 6158.133100 5828.563800 5904.327200 6024.410600 5913.868500 5762.050200 6190.051500 5866.899900 6025.380500 5833.488300 5655.545800 5738.480700 5894.788600 5749.879000 6067.300000 5832.152000 5925.749700 6098.326200 6214.700800 5633.528300 5713.754300 5689.015700 5901.261600 5883.632400 5700.830400 5883.463800 5703.657200 6063.174500 6140.093400 5953.368800 5660.815600 6200.334100 5940.803700 6058.558200 5899.335400 5798.845000 5978.232000 5908.198200 5673.194600 5617.978900 6035.765300 6057.000000 5792.970000 5737.544600 6243.588000 6258.104000 5944.257800 5803.641700 6172.936400 6370.382300 6012.462700 5722.441700 6050.268500 5696.626500 6168.240100 5739.942700 5994.583200 5833.666000 6010.152900 6349.735600 5790.185400 5813.911100 5648.820400 5986.493300 5747.288200 6487.854600 5948.404000 6044.960700 5921.627500 5771.271900 5971.145400 5766.967500 6429.223300 6289.934000 6000.725100 5844.106800 5536.789200 6238.367400 6031.105800 5791.294600 5929.062700 5980.323800 6005.551100 5540.283500 6151.441000 5831.576200 5857.166500 6253.765700 6075.075500 5890.969300 6000.718900 5782.003600 6344.224200 5682.553200 5689.905400 5695.435400 5928.044500 5785.828300 6004.003700 5280.631200 6248.386000 5752.479800 5914.176300 5570.060000 6079.564100 5813.995300 5989.822500 5635.172600 5721.071500 5825.813700 5931.719800 6234.575100 5976.660400 6113.014100 5698.715900 5681.532300 5878.033000 6127.106600 6149.889700 5953.651300 6042.792800 5688.097800 6039.863700 5748.134600 5833.361600 5643.697500 5984.069800 6128.609500 5877.958200 5936.439900 5759.920500 6416.832500 5745.969900 6330.560800 
5431.117300 5263.345200 5784.411800 6251.535200 5556.275100 5697.433200 5591.515600 5858.205200 5100.073700 5731.765400 6205.540200 5566.439100 5650.557200 6262.365700 5851.010200 5876.312500 5722.424400 5932.165100 5920.334900 5692.802200 6002.861900 5418.135100 5493.536500 5767.838200 5946.125000 5842.138700 5479.000600 5880.631900 5994.992100 5277.747400 6216.077300 5919.073000 5590.428500 6160.414300 5419.174300 5806.823800 5359.885100 5676.880700 5778.499200 5779.988700 5588.441100 5674.292500 5838.898000 6171.957000 5441.657100 5919.004000 5898.405000 5656.723200 5696.060300 5762.363100 5745.303500 5527.437400 5770.324000 5893.984100 5921.575800 6309.325700 5715.658300 5917.530800 6301.835400 5622.442400 6005.168600 5504.396300 5897.802600 5781.171300 5578.828500 6133.780100 6258.949000 5660.126900 6052.639800 5847.705900 5864.617200 5519.898700 5987.268900 5907.788900 5684.010600 5771.026900 5475.008000 5871.412500 5755.679100 5731.220200 5843.917800 5829.950400 5786.676400 5875.850900 6025.986500 5571.497300 5568.220500 5611.754400 5678.194800 5637.200600 5413.684700 5803.057100 5592.731300 5755.374900 6120.275500 5606.682800 5412.615800 6006.290000 5939.644600 5976.733000 5694.698300 5718.678600 5917.810100 5845.135500 5700.275300 5551.134600 5866.687700 5829.399900 5663.295400 5371.277400 6083.840800 6110.354200 5821.122600 5741.540900 5931.991100 5949.810200 5958.036600 5456.413300 5895.323800 5584.399200 5773.870400 5591.996900 5896.144700 5481.720800 5956.588700 6097.102900 5606.472800 5714.659800 5398.473900 5638.323400 5723.019700 6302.320700 5854.103200 5949.517600 5555.177800 5639.838600 5693.078600 5758.727600 6187.864500 6013.980100 5635.360900 5967.483400 5196.357500 6108.488600 5889.652200 5645.459600 5606.298700 6036.287000 5723.747500 5589.688800 5786.284200 5854.293400 5768.793700 6172.230100 5755.608800 5945.432900 5913.749700 5539.509100 6183.385800 5602.438200 5372.340600 5544.036500 5733.871500 5813.340100 5682.574700 5256.182900 6096.287600 5394.921500 5908.906900 5605.463500 5930.125700 5669.788300 5955.600300 5477.172200 5820.229800 5776.225900 5713.382400 6206.024300 5947.984900 5915.394800 5451.581600 5534.755900 5784.038100 6086.805000 6009.410400 6072.731900 5822.467100 5709.767300 5884.468700 5563.600300 5781.750000 5542.339200 5846.079100 5923.859800 5750.130900 6005.625700 5559.725700 6081.982100 5761.600400 6090.481000 
6010.388300 5644.444300 6248.730600 6754.645700 6160.027500 6015.653100 6084.780300 6268.955100 5534.111800 6145.369700 6416.646700 6058.210500 6005.786600 6656.264100 6060.863400 5967.293900 6210.264800 6537.766100 6110.405100 5841.179900 6293.057600 5972.655900 5907.395900 6312.818300 6180.237200 6209.650800 5844.326000 6285.831100 6439.192400 5770.161600 6664.453800 6414.976200 6212.775900 6528.727900 6009.621800 6266.139700 5687.164800 6348.298100 6243.415900 6300.318200 6005.098100 6047.661400 6461.225000 6687.443500 5885.460500 6266.679700 6180.623100 6118.637200 6275.192800 6068.282700 6158.584500 6076.614800 6122.461100 6377.012200 6173.720400 6787.810900 6204.975300 6358.630600 6696.195000 6133.084000 6451.691400 6178.489900 6290.197900 6243.836700 5821.560200 6623.314300 6654.266000 6175.349100 6498.730200 6410.958000 6142.393700 6123.061200 6365.250500 6141.357400 6249.119400 6089.519900 5860.460200 6143.752700 6379.893200 6109.818300 6290.722000 6302.370200 6359.065600 6489.522000 6428.004500 5721.019900 6079.743500 6042.858600 6501.079000 6182.136400 5742.257700 6116.762400 6073.479500 6184.675900 6481.356700 6220.957900 5972.228000 6433.354900 6253.205900 6291.077700 6084.724200 6300.829700 6312.911600 6202.589800 5828.038900 5943.871600 6174.255000 6412.492100 6282.416900 5827.246800 6451.957000 6755.238900 6203.102000 6022.427400 6371.663300 6374.284400 6489.008400 5957.644000 6314.250800 6040.653600 6205.963200 6000.638500 6139.557300 5946.596400 6270.609500 6404.606900 6012.542400 6147.658200 5791.683900 6134.483600 6277.591200 6791.585400 6171.405200 6499.136800 6057.231700 6031.305500 6167.713700 6236.172300 6732.471600 6380.779800 6184.564900 6218.125600 5663.359700 6645.323300 6352.884100 6144.799300 6046.309800 6556.088100 6006.666400 5938.843800 6196.991800 6125.011100 6216.218500 6642.149500 6259.516100 6218.373200 6335.464600 5902.063800 6441.859100 6139.393600 5718.645900 6004.432500 6131.384600 6063.428600 6093.848000 5471.897800 6611.686600 5974.983400 6325.768500 5997.286900 6502.217400 6294.800300 6273.658000 6007.612300 6079.714700 5996.014500 6139.644500 6655.796800 6266.738700 6384.793600 6037.614500 5938.846700 6194.339000 6455.534400 6383.599100 6262.926300 6213.908600 6096.057200 6287.216300 5956.883700 6348.145700 6005.055600 6399.627300 6247.073400 6480.984700 6391.774200 6022.577800 6686.446400 6207.829200 6496.547600 
5759.638500 5505.895200 6137.584000 6437.508700 5859.613900 5699.230400 5863.312300 5960.019500 5185.750100 5675.572500 6382.520600 5879.315500 6035.129800 6430.317000 5889.282200 5831.490400 5939.474900 6218.862700 5776.094300 5781.982200 6103.816300 5597.994300 5599.421800 5814.408500 5955.298800 5862.535900 5701.294700 6214.979100 6323.011700 5590.898300 6503.583100 5952.882700 5875.964100 6282.557000 5727.934800 6049.958700 5644.662100 5898.617000 6025.115800 6208.493600 5726.713100 5766.708600 6106.925800 6171.228200 5745.476200 5949.586300 5879.884400 5882.471500 5885.023100 5990.072300 5772.039400 5627.903100 6037.041600 6072.774300 6196.592300 6359.939200 5827.695900 5988.764900 6380.844300 5666.087800 6014.062100 5904.362100 6134.530200 6134.530100 5745.052300 6075.971500 6304.920600 5996.358500 6109.011300 6012.342500 6025.463500 5973.954600 6053.148000 6036.231700 5855.048800 6036.999400 5740.137300 6039.723400 6026.126300 5857.623300 6272.711900 6047.752200 6157.198700 6297.819400 6315.219600 5623.173300 5922.526700 5679.807300 6153.535300 5980.693400 5603.390000 5914.666800 5828.664500 5970.567800 6260.227700 5938.815200 5704.578400 6194.118200 5869.314500 5931.329600 5982.691300 5926.334700 6250.013400 5842.006700 5901.733000 5631.339900 6187.689500 6024.546000 6007.653400 5493.905400 6045.763600 6377.316500 6128.988900 5822.621900 6205.223300 6139.526100 6198.011600 5672.005800 5966.843900 5622.654600 6098.263700 5838.674400 6035.622800 5788.576300 6064.821400 6526.731200 5819.972900 5797.840400 5820.545300 5738.244000 6014.866000 6565.554400 5985.649900 6127.538400 5924.012000 5652.127900 6037.357900 6025.317000 6391.856300 6182.990300 5893.963200 6102.513100 5460.415400 6299.223400 6117.912200 5897.847400 5999.323300 6139.441600 5948.337900 5801.625000 5747.273200 5931.015200 5907.292500 6298.338800 6095.802100 5970.893400 6225.266200 5797.959100 6250.821600 5660.824400 5519.353700 5900.470900 5771.370700 5809.300100 6046.085600 5195.769800 6479.555900 5635.539500 6089.100300 5700.337200 6179.885000 5928.789400 6278.692000 5733.333500 5843.557800 5786.628300 5852.758800 6226.672200 6102.596200 5911.853400 5744.108600 5621.512900 5940.617800 6283.000200 6144.579500 6179.120500 6009.270400 5567.750400 6064.118500 5722.501200 5864.606100 5923.119800 5881.863000 6162.237300 6303.414400 6217.352400 5750.004100 6377.038800 5724.651100 6264.684700 
5730.920500 5497.753700 5995.206600 6372.262600 5857.853000 5773.276800 5811.859900 6281.581900 5362.229200 5872.736300 6419.220900 5868.365500 6100.386400 6393.780100 6299.421500 5998.156600 5961.529100 6310.031200 5938.479300 5926.463700 6106.297500 5515.980600 5845.706600 6049.101400 6160.581000 6077.491600 5884.008400 6410.513600 6266.194500 5555.448700 6323.547300 6160.172000 6062.289600 6339.865200 5924.648800 6038.577300 5555.176700 6032.000300 6152.139800 6096.523900 5870.488400 6025.053300 6330.663300 6448.357600 5814.212200 6264.058100 5912.405200 5758.686100 5989.644700 6098.087100 6092.829500 5815.302600 5779.047000 5981.386200 6195.798400 6470.508500 6027.978100 5864.890300 6597.544900 6007.280000 6044.213400 5840.874400 6202.047200 6207.772200 5808.758900 6222.462000 6524.222400 6037.764300 6185.126400 6121.060800 6245.863200 5829.805800 6256.905200 5959.141700 6128.419400 5997.961500 5789.709600 5928.478500 6089.839500 5761.116200 6356.005200 6131.918800 6147.368900 6110.066100 6342.466400 5972.904600 5845.789600 5913.541200 5929.877500 6106.155000 5664.492300 6057.929900 6092.875400 6165.447400 6321.434700 6055.407800 5972.374400 6385.754500 5920.756600 6084.612600 6007.222400 6028.998600 6114.176800 5850.568800 5776.653000 5813.023800 6143.495500 6111.586200 6162.120900 5586.350100 6216.395700 6274.131300 6018.356200 5919.454900 6314.124900 6077.498600 6205.853800 5745.046700 6233.832800 5875.046900 6046.854100 5821.306900 6145.905800 5809.311700 6067.149900 6473.033400 6055.041000 6063.104000 5826.145200 5925.598700 6102.932000 6621.092800 6024.560900 6258.385300 5986.735700 5867.817000 6093.431200 6174.532900 6555.312100 6149.799000 5863.011800 5989.253600 5393.536700 6368.732900 6166.612000 5913.705600 5980.472600 6197.096600 6172.129800 5877.693200 5867.749100 6143.820200 6063.089700 6428.722000 6095.192600 6052.406300 6184.018300 6066.400300 6472.579200 6039.644300 5521.545300 6031.621200 6150.430500 5962.545900 5815.459300 5402.580500 6328.494800 5841.791900 6117.960600 5838.748900 6448.380500 6064.426700 6269.268000 5854.060300 5886.901500 5862.052800 5982.860300 6562.521700 6168.289400 6238.867700 5871.108600 5774.172600 6063.843800 6423.901800 6352.666700 6122.271700 6103.422500 5830.925700 6174.592800 5749.228400 6048.980300 5831.104800 6087.240600 6294.583800 6416.110900 6133.282200 5864.780800 6387.603600 5744.215800 6430.090400 
6014.483100 5751.267400 6320.226200 6736.563100 5927.200000 5882.131100 5959.862300 6271.145200 5761.344000 6017.494500 6726.055600 6118.279400 5926.873500 6675.522500 6314.012900 5999.787500 6181.531200 6336.928500 6163.081600 5908.228200 6315.262500 5801.936500 6126.610300 6296.958500 6272.719100 6189.784400 6090.830100 6420.415400 6562.517000 5683.255000 6568.006700 6202.414200 6126.144700 6648.821900 5988.207300 6323.963300 5772.669500 5982.985000 6352.759500 6417.146900 5924.014800 6245.107200 6417.722100 6435.217100 6048.204700 6162.973300 6128.813300 6151.419800 6176.526600 6168.490100 6293.940600 6032.892200 6180.144600 6176.666800 6272.476700 6650.228700 5944.653100 6122.040600 6779.949600 6099.758200 6366.874700 6117.980800 6203.068700 6353.123900 5996.746000 6668.411400 6754.136500 6137.456900 6494.811000 6241.751500 6264.385400 6015.989700 6573.732800 6054.796000 6067.249800 6229.246200 5812.019000 6045.746000 6307.562300 5958.821200 6485.788700 6159.660100 6154.468000 6469.789900 6466.084800 6107.976000 5863.487500 5855.171800 6277.223800 6168.807800 5727.801600 6082.026100 6276.294500 6224.966900 6381.438200 6089.229800 6038.144100 6653.591800 6092.514200 6275.689300 6006.352900 6049.028800 6726.252400 6101.931600 5975.784200 5860.349800 6423.934900 6344.757300 6179.935300 5726.707100 6282.369300 6647.242200 6276.386200 6289.863400 6363.527400 6448.037300 6377.226600 5947.181400 6200.185000 6088.361600 6544.296700 5884.166400 6359.472400 6169.125500 6428.273100 6648.670000 6004.096600 6181.301000 6061.687600 6102.729800 6302.946500 6727.496000 6204.750600 6467.066700 6325.369200 5935.466700 6348.699400 6168.745700 6717.035200 6361.077000 6230.906100 6293.015400 5490.660500 6588.051900 6333.811100 6008.260600 6128.924500 6569.154600 6214.363500 5862.170000 6192.167500 6456.622200 6243.358300 6632.980900 6088.660700 6109.110300 6339.486900 5862.281000 6454.929100 5879.001300 5825.982500 6303.050100 6287.557400 6082.520500 6190.133600 5326.474500 6574.910900 6009.989900 6266.778800 5930.328900 6488.453200 6237.470300 6221.010900 6142.216200 6263.471100 6105.767300 5967.653100 6511.188300 6217.459200 6303.564900 5982.389500 6117.954200 6278.589500 6447.426100 6390.669000 6414.344700 6149.500100 5878.141400 6299.762500 5970.662300 6224.025400 5946.352000 6116.717600 6544.970600 6632.471800 6317.300200 5912.020600 6679.649700 6073.600900 6441.240300 
5407.499300 5396.158700 6042.513100 6399.486900 5672.103300 5590.512800 5784.195600 5842.599800 5269.287400 5855.508300 6114.209800 5704.278400 5736.480700 6310.925600 5936.472900 5636.497100 5908.265400 6027.151600 5976.670600 5549.048400 5863.148200 5390.305000 5762.784400 6069.673900 5995.325100 5859.462800 5669.230000 6050.139200 6057.095700 5573.720700 6252.278300 5908.668000 5889.971500 6285.223500 5646.371000 5979.702600 5276.021000 6045.581600 5871.556800 6018.971300 5645.244900 5769.996200 6009.285900 6235.682300 5781.892300 5840.646500 5853.512500 5652.308600 5746.989500 5867.624900 5853.191300 5822.606500 5940.335700 5955.985600 6105.942000 6303.031200 5905.985000 5902.594900 6348.276700 5957.467600 6026.670200 5726.015600 5904.620600 5959.657900 5769.253600 6197.310800 6424.616600 5708.671300 6001.776100 5876.160800 6006.716300 5879.650900 6104.357100 5735.108200 5845.584000 5701.983700 5499.708200 5843.812600 5983.599500 5805.420000 6045.114500 5916.484600 5933.538500 6131.295500 6208.023100 5713.168800 5667.102000 5746.525100 5890.698200 5880.029700 5451.763600 5632.811500 5890.031700 5799.441000 6155.126900 5658.507800 5779.695700 6104.109500 5791.756700 6040.689100 5770.016200 5812.641400 6019.536800 5880.771500 5615.798500 5629.041900 5908.880100 5961.552200 5910.814800 5461.168600 6015.372000 6209.906600 5862.655300 5751.877600 6158.509100 6011.685700 6104.891500 5683.820000 6180.706800 5677.748000 5949.817000 5600.835200 5771.661300 5674.263100 5774.562000 6194.290600 5762.482700 5842.325300 5631.808200 5633.320600 5952.464200 6345.566100 5979.662900 5947.815000 5801.145500 5733.068500 5868.508300 5777.314500 6427.742100 6039.669100 5917.029600 5970.802300 5394.627200 6180.662700 6105.955800 5648.427900 5820.049700 6229.801400 5948.381000 5783.220500 5941.672000 5997.041400 5813.276700 6253.119000 5853.358100 5895.108200 6106.730400 5786.445900 6306.915800 5806.476700 5474.826800 5719.159700 5911.428800 5735.562300 5786.434600 5315.392900 6211.429900 5665.406600 6063.468400 5701.384700 5986.123400 5875.246900 5878.600000 5637.294900 5830.534000 5787.932700 5803.820400 6273.248400 6025.042700 6301.482500 5553.495300 5651.845800 5979.686600 6142.323700 6046.867500 5974.884300 5866.485000 5679.064000 6128.942100 5538.564800 6092.009700 5477.048200 5913.756600 6073.806600 6167.913500 5929.307300 5594.495700 6189.489600 5741.828600 6206.977900 
5508.500800 5089.934700 5702.265500 5893.539900 5574.494300 5248.895000 5503.940900 5631.250300 5043.497900 5462.483300 6136.039200 5607.491000 5334.995300 5870.273200 5759.537000 5703.165600 5503.303400 5748.749100 5551.787300 5340.920800 5716.633800 5408.360900 5387.127800 5617.120200 5748.364300 5517.832400 5495.484100 5729.294300 5716.419700 5180.247600 6158.351500 5644.524700 5463.144500 5813.660900 5283.466400 5740.053800 5115.526800 5578.930400 5855.442900 5840.029000 5421.221900 5550.795800 5627.108000 5892.616300 5537.238000 5633.436900 5469.503900 5602.021200 5593.672200 5571.042800 5686.414700 5511.021100 5556.914600 5683.918900 5693.118900 5956.604500 5531.740200 5585.039300 6273.763300 5618.555700 5821.236900 5460.928000 5521.680800 5671.514800 5335.292100 5906.380700 5959.184000 5525.477500 5776.383300 5775.805200 5575.633000 5378.542500 5777.063300 5656.468800 5479.886500 5585.013500 5418.685200 5488.214800 5755.023900 5500.845900 5706.007000 5618.927100 5698.674000 5725.228000 5792.578400 5518.539500 5417.853200 5241.187400 5657.529800 5651.794800 5344.694600 5678.159200 5645.133000 5554.652000 5831.769400 5642.815500 5311.912300 6066.561000 5524.902500 5786.480200 5504.669800 5484.722900 5944.638600 5497.959700 5224.885500 5319.334900 5632.770900 5830.355200 5598.082800 5151.493400 5829.111200 6006.694500 5704.491000 5576.494700 5863.802700 5990.847600 5697.887800 5445.297200 5737.537000 5262.616600 5822.337900 5465.572600 5750.411400 5521.323300 5686.211900 5821.595800 5642.577500 5515.982900 5300.763200 5421.211300 5678.485800 6165.738600 5480.496900 5843.809200 5531.169500 5454.230500 5695.320600 5584.776000 6160.270600 5646.671600 5521.263800 5570.592900 5143.898900 5977.245100 5619.040300 5627.196400 5580.545800 5681.148600 5657.036800 5479.768300 5736.309400 5585.155900 5628.056700 6066.461500 5716.525300 5549.014500 5828.121900 5395.140200 5891.657800 5587.535300 5413.644300 5651.659500 5464.720500 5418.451200 5568.327200 4927.243900 5924.733900 5504.692700 5549.490700 5501.536900 5800.569400 5411.258500 5692.377700 5607.708500 5392.680000 5533.899900 5516.296500 6011.798100 5490.724000 5703.344100 5447.338800 5613.538700 5687.712500 5757.496400 5685.227000 5631.441000 5601.972000 5422.584800 5770.138300 5390.255800 5671.193400 5297.144900 5804.661300 5779.874700 5776.515100 5765.744000 5399.984500 5970.998000 5431.052300 5875.373100 
5786.117000 5764.157300 6123.621000 6553.174900 5968.265500 5838.817700 6040.918900 6149.181800 5282.451800 6005.072900 6486.411200 5925.003900 5773.430000 6385.904300 6164.931000 5898.372300 5910.099300 6127.022100 6052.608100 5909.057900 6191.583800 5729.792900 5802.719300 5769.018400 6078.113700 6119.316100 5798.609100 6204.122000 6345.156700 5782.784100 6417.471900 5976.826800 6122.176100 6398.795600 5871.022600 6258.142300 5474.059900 6055.027300 6166.304600 6319.233300 5807.450600 5960.155800 6119.311000 6326.276200 5945.636100 6071.371000 6068.420500 5843.260800 5901.531600 6088.158000 6235.311500 5934.628700 5868.530300 5967.206600 6024.276400 6594.961100 5963.918900 6062.825800 6464.922900 6029.759500 6067.672600 6016.802900 6026.917900 6057.145700 5919.029600 6306.579500 6436.458200 6096.058500 6386.858000 6148.594000 6168.461700 5868.437400 6227.215700 6148.574100 6061.895800 6118.460800 5800.432900 6023.767900 6135.144900 5792.183200 6303.040400 6162.754100 6299.463700 6076.418800 6294.010100 5994.604800 5698.959400 5740.444800 6087.150600 6006.386300 5852.237000 6060.727200 5742.004100 6067.071000 6315.367900 6093.763500 5874.114200 6085.680600 6166.530800 6354.582900 5851.624300 5957.103700 6147.545400 6186.710700 5913.759900 5797.176200 6231.120700 6211.861700 6021.960400 5703.696500 6375.904800 6278.507700 6203.806300 5877.227700 6288.992100 6333.466500 6115.050000 5955.115700 6308.468300 5867.953100 6192.120100 5857.603400 6179.332500 5904.654400 6074.802900 6619.859400 6131.854100 5942.748100 5949.084900 5961.836800 6130.285500 6568.899700 6050.038600 6251.121000 5892.639500 6060.651800 6111.271900 6033.479600 6407.980300 6278.397900 6101.525400 5999.422400 5553.711200 6454.443400 6278.462300 5909.868300 5932.880100 6457.554200 6235.839200 5900.595000 5914.908100 5915.483600 6197.939400 6398.703700 6242.892400 6038.763000 6068.486700 5904.366000 6568.874700 5817.572000 5790.238000 5878.376700 5978.890800 6034.788600 5879.855500 5314.408000 6431.438300 5853.066800 6110.383700 5752.949800 6358.346300 6014.041000 6095.879500 5598.622400 5875.202600 5836.327600 5873.437200 6480.491600 6240.084300 6148.859800 5855.158100 5725.412900 6057.858700 6317.776800 6311.210500 6326.281700 6018.738700 5864.287500 6282.605300 5620.655200 5948.553300 5801.432400 5980.234800 6212.772300 6307.443900 5997.751900 5752.970100 6396.121800 5892.811500 6410.126100 
5751.865200 5665.140600 6249.030300 6476.037600 5831.754300 5932.385800 5999.819800 6372.139800 5436.652200 5910.234200 6430.502800 6078.717600 5860.562500 6511.030300 6110.460200 5868.192600 6143.587200 6303.392700 6226.253800 5955.021000 6211.808800 5742.888600 5893.388000 6170.764000 6062.785800 6002.428000 5799.384000 6115.700900 6201.787400 5649.793200 6430.582300 6163.640800 6083.802100 6330.507600 5743.766900 6087.544900 5615.040900 6095.541400 6171.596900 6251.630100 6014.959600 5871.388000 6187.562900 6440.246000 5958.306500 6076.855800 6000.343700 5743.434400 5866.696300 6115.222900 6162.508700 5859.225800 5954.013800 6222.115400 6380.865800 6647.331300 6046.500600 6135.919500 6626.354700 6012.501100 6350.436300 6046.760200 6159.749000 6082.796100 5830.018700 6206.283400 6486.550300 6085.109200 6288.304200 6118.221200 6282.617600 5896.769700 6311.412800 6104.107700 6111.889200 6057.090900 5717.267600 6204.861900 6050.263900 5910.339200 6244.184800 5843.694800 6071.628400 6238.572300 6275.226800 5949.991200 5882.875400 5809.758800 6003.106000 6033.840100 5823.981300 6042.245000 5891.228600 6046.459000 6276.307000 6092.603000 5905.605500 6320.793900 6093.214700 6080.641400 5899.342800 6206.565800 6320.422300 6203.881000 5875.396600 5846.250900 6028.387700 6186.403600 5847.879500 5754.634500 6439.490100 6233.951500 6300.510900 5918.603900 6093.602200 6440.787700 6160.360100 5950.298500 6235.215700 5804.296400 6231.301300 5910.424700 6072.110800 5847.289300 6036.400400 6473.340200 5892.506200 5930.021000 5753.953500 6107.666500 6112.308600 6416.289500 6020.231300 6405.778400 5985.034300 6068.388300 6170.179800 5921.826100 6624.601200 6171.022800 6026.239200 6160.958500 5595.108800 6520.973200 6355.651900 5837.700600 6086.394300 6333.769900 6169.983800 5843.608500 5892.454800 6084.258100 6234.237300 6562.416900 5917.780900 6195.473900 6144.578100 6038.258800 6421.807400 5912.368800 5701.656500 5964.061400 6061.999800 5964.214200 5957.702300 5329.277800 6360.076300 5808.512800 6044.308000 5965.071600 6270.142100 5925.029900 6223.211500 5885.690300 5890.558800 5811.793800 5985.961700 6468.904900 6337.425000 6318.698000 5697.360500 5821.226400 5960.513400 6287.086900 6474.141400 6395.920700 6326.127700 5860.171500 6229.763400 5710.870100 6253.724400 5775.937900 6184.790600 6087.623200 6347.570800 6133.068300 5654.064600 6294.879700 5858.563700 6418.752800 
5834.938700 5817.699300 6340.860400 6745.985100 5943.271500 6007.938800 6006.562800 6420.780300 5324.537400 5906.090200 6623.904800 6136.012300 6099.179800 6489.546600 6244.938400 6154.751900 6201.457100 6382.726800 6098.577300 5854.947200 6447.674500 5788.916400 5995.633600 6225.943100 6223.104500 5997.486900 6151.142100 6226.883200 6417.804000 5903.872900 6591.798200 6412.543100 6297.938800 6582.580400 5912.409400 6311.445600 5829.805700 6119.421500 6264.888100 6209.646000 5724.905800 6141.758100 6340.685000 6484.076100 6188.087000 6208.224400 5964.220200 6151.961800 5982.527200 6194.286200 6487.345300 6044.665800 6107.914500 6440.791200 6480.225200 6530.354700 6031.091600 6221.015700 6714.924100 6110.578400 6319.459900 6250.679400 6228.987700 6466.432400 5964.682900 6436.279800 6600.024300 6001.728600 6308.131300 6342.752700 6181.851700 5878.442800 6394.538800 6260.584500 6167.595200 6130.109400 5979.193000 6225.829200 6324.366500 6176.274000 6320.513700 6144.006400 6293.965000 6467.890900 6430.849000 5828.673000 5983.790900 5943.236400 6149.187900 6049.224200 5674.753500 6275.634500 6236.758500 6182.179200 6662.333400 6089.534000 5993.820200 6256.057100 6256.708500 6375.254900 6246.037200 6115.348800 6456.957400 6059.596800 6003.896800 5806.345600 6124.366800 6393.164600 6188.758900 5648.240500 6342.569700 6628.240400 6386.450800 5963.199200 6578.184500 6376.602400 6340.613700 5815.907700 6414.003300 5934.914200 6339.275500 6110.985400 6352.049900 5956.545900 6291.829700 6633.238000 6063.850500 6201.705100 5834.638400 6044.524700 6226.607200 6633.840100 6167.490200 6651.378400 6100.724400 6009.622300 6325.688100 5960.767800 6645.909900 6425.165100 6268.621300 6322.670300 5665.759300 6608.552600 6423.269300 6062.982600 6069.728600 6516.584800 6169.821300 5800.976200 6055.233300 6337.992300 6142.361800 6577.299000 6145.501300 6207.440600 6406.762000 6054.068900 6644.063600 6183.181100 5901.132200 6115.390800 6164.496200 5891.282400 6240.341700 5602.733400 6675.250100 5944.872200 6370.762600 6068.015900 6478.902600 6205.920000 6486.779800 6137.604800 5911.781200 6104.838000 5997.846400 6668.680800 6246.705400 6299.191900 5937.424900 5885.368700 6273.642900 6451.019500 6368.050200 6112.067600 6253.436900 5970.940500 6276.678800 6069.654000 6160.437800 6050.176100 6277.073600 6335.552400 6558.873300 6220.042200 5900.207900 6599.320200 6172.721000 6214.414200 
5645.945900 5308.702200 5958.732500 6049.840700 5769.830900 5654.995100 5747.017300 5858.501300 5133.964700 5817.761100 6240.813800 5771.410100 5622.654200 6263.184000 5787.630500 5607.153200 5711.283500 6012.733300 5781.715600 5556.279300 5815.775300 5481.009100 5518.307400 5814.655800 5938.594300 5748.194200 5422.918200 6001.635300 6048.312000 5429.137100 6174.494200 5856.262600 5870.384600 6106.707100 5768.208800 5975.051900 5514.155800 5922.750500 5898.141200 6121.485000 5575.742500 5674.939400 5998.649100 6427.862400 5718.236900 5849.320800 5764.875600 5649.555100 5759.631800 5884.154600 5630.825300 5646.919400 5654.894100 5899.527000 5915.009700 6345.833400 5771.045500 5940.486200 6246.292500 5651.351200 5912.091000 5799.559100 5908.707500 5969.767400 5549.353600 6098.538500 6205.734000 5855.925900 6152.467900 5873.879600 5903.901300 5598.571800 6156.759900 5793.134300 5838.984600 5831.368600 5555.245900 5792.985200 5838.150100 5832.263900 5949.125500 5729.655100 5974.952600 6076.501000 5994.265900 5578.268000 5679.798400 5626.939900 5931.665100 5833.519400 5465.825500 5828.596000 5666.437400 5997.527900 6010.694500 5769.693400 5801.222500 6033.363000 5945.602800 5854.181500 5718.715000 5772.867100 5966.505900 5827.590600 5733.130600 5313.965600 5789.880600 5902.491100 5881.950600 5513.771400 5947.845600 6255.604000 5766.621900 5702.278300 6095.084200 6061.274100 5867.599900 5630.917400 5943.273700 5630.302900 5967.484100 5482.238000 5973.092400 5686.697800 5856.217800 6101.585400 5585.450700 5709.031900 5390.275500 5844.790300 6118.909000 6204.537400 5733.065000 6156.625600 5760.521900 5728.900000 5908.975800 5707.689900 6149.487700 5995.859100 5869.345800 5606.200100 5254.662500 6236.831300 5968.556400 5422.256400 5621.583600 5960.934100 5939.833100 5577.776400 5737.405800 5698.846500 5938.836300 6314.821500 5739.054900 5951.736200 5949.010500 5671.259100 6219.942800 5748.154700 5435.040100 5730.538800 5707.180600 5668.495400 5631.239500 5130.463500 6091.702900 5624.767400 5710.432600 5504.473800 6121.846900 5874.714800 6093.655200 5509.325900 5653.838000 5541.122400 5584.632800 5984.150400 5941.028900 5723.499800 5667.367800 5599.885800 5750.744000 5974.314500 6146.298800 5963.284500 5907.360200 5770.472700 5952.694900 5738.056100 5726.700000 5663.442000 5871.530800 6033.299700 5997.591900 5886.627800 5628.139400 6296.810300 5641.390800 5989.435300 
5765.353500 5548.981800 5890.721300 6375.492000 5881.907500 5589.579900 5748.083700 6141.975400 5143.148900 5711.830600 6287.124700 5877.454300 5600.867200 6427.998500 6121.270500 5802.463100 5808.194000 6193.929700 6014.792800 5700.834800 6059.439500 5739.279500 5622.813100 5941.241700 6006.606600 5832.186800 5896.537700 6265.877200 6183.360300 5630.876500 6384.212300 5992.439000 5830.988400 6254.996100 5561.474300 6040.836400 5453.666600 5863.853900 6269.609600 6106.502500 5515.680700 5834.020500 6074.788500 6256.573500 5963.401400 6066.928000 5911.228800 5807.300100 5704.823700 5793.608300 6033.234900 5798.740300 6020.746500 5904.214400 5952.386700 6366.525400 5821.312800 5903.521700 6412.664700 5848.652400 5985.729900 5928.601400 6068.003300 6086.906400 5966.294600 6115.878400 6332.138500 5845.990300 6124.060300 6040.618500 5898.455500 5827.126600 6076.295000 5968.606500 5853.890700 5970.773400 5688.198300 5935.103100 6056.425000 6010.798800 5984.910900 6243.339900 5952.344400 6177.613500 6225.118900 5690.508000 5591.004000 5653.320200 6133.257800 5889.354600 5713.602800 5876.897700 5822.741700 5821.348600 6222.069500 5893.922000 5759.287200 6150.614400 5948.628200 6107.288300 5809.696600 5952.999100 6130.056000 5976.165400 5661.437700 5780.872300 5910.068100 6213.261200 6058.744800 5539.001100 6168.748300 6363.869000 6178.132900 5766.244900 6286.129900 6168.491100 5956.148500 5630.166900 6060.309200 5673.625300 6080.316200 5672.959400 6022.674100 5752.811200 5990.974700 6413.563200 5748.931700 6000.742300 5759.332500 5645.559600 5915.253800 6369.683400 6005.249800 6222.997100 6062.913900 5778.717500 5946.892500 5896.350100 6374.685900 6231.497200 5900.108500 5881.142200 5389.247200 6146.538300 6166.439000 5671.449100 5862.642400 6307.664300 5955.743900 5522.197400 5897.023400 6031.318900 5979.548400 6323.503100 5892.088600 5893.703400 6131.628100 5773.587100 6369.132400 5805.914000 5654.887500 5941.239600 6073.967600 6005.134900 5861.178500 5107.684500 6251.740400 5588.438300 6013.676700 5649.242600 6053.821400 5893.097000 5831.478600 5754.402100 5762.297400 5933.303800 5803.012100 6431.925200 6038.538100 6069.568500 5841.867200 5698.806200 5949.250700 6214.806100 6322.701600 5931.565000 5883.439400 5756.345800 6031.794000 5742.532500 6060.172300 5459.782100 6101.500400 6190.986900 6314.812700 6014.619500 5664.903800 6356.948200 5800.214200 6160.207800 
5672.736400 5571.800100 5999.281700 6332.389600 5827.898600 5775.046600 5815.929100 5990.518800 5272.501800 5837.619900 6332.307300 5916.084600 5989.985900 6301.483500 6103.784700 5791.576600 5894.336800 6089.320100 5958.131200 5651.048400 6024.842100 5713.692900 5664.708400 5705.318200 5909.675000 5989.462000 5734.562700 6148.183900 6174.058500 5535.600000 6404.024700 5966.249800 6029.047600 6447.390300 5526.605900 6038.515800 5270.898900 5829.707900 6007.278900 6310.534400 5709.203000 5870.621400 6086.819200 6193.367000 5870.748100 6078.375600 5936.758200 5854.092800 5765.387400 6000.750600 6022.946500 5859.068000 5807.262600 6027.686600 6129.719400 6354.238200 5846.987200 5903.141500 6403.199700 5826.723400 6116.442500 5882.000800 5942.582700 6078.915200 5814.594300 6284.400100 6329.009000 5834.905300 6254.862100 6125.218900 5990.013500 5776.112000 6099.552700 6050.638300 5926.222300 5759.102700 5635.244600 5771.609600 6084.396000 5881.409000 5893.751800 6052.847100 6319.856100 6120.149500 6103.278600 5948.321200 5641.656100 5698.236400 6119.397000 5772.280200 5702.183900 5975.806000 5917.684900 5838.728100 6431.664900 5869.667900 5860.172400 5979.549300 5839.361400 6043.256900 5780.293600 5878.880600 6248.209200 6143.226500 5719.960100 5632.924700 6127.557500 6076.817400 5918.496200 5579.154600 6029.582600 6309.499800 5914.077200 5914.264800 6271.674400 6092.257700 6261.416700 5638.382000 6195.921100 5722.288500 6074.897000 5752.741700 6130.241100 5746.804200 6007.005400 6198.817400 5869.129000 5937.578900 5580.953500 5753.072900 5953.558300 6483.876500 5853.983200 6032.796000 5879.806800 5735.508100 6150.140700 5913.397200 6523.812400 6157.000800 5758.631500 6075.481100 5253.044400 6292.494900 6036.660800 5760.312300 5995.605100 6259.931000 6120.944000 5770.962400 6025.459500 5842.878300 6006.438200 6452.631600 5995.002000 5976.728800 6065.031800 5809.648400 6313.872600 5834.153100 5622.446700 5778.773100 5793.270900 5792.676400 5878.375700 5200.248800 6357.285400 5822.149500 6207.412400 5787.255500 6195.417600 6021.687600 6004.189800 5635.946000 5791.767600 5767.667200 5829.747900 6390.049400 5994.309600 6128.545800 5715.197500 5702.461500 6049.167900 6157.585700 6209.593800 5839.343100 5806.475200 5888.704300 6114.765800 5611.464300 6083.956700 5569.562800 6093.944200 6186.356500 6243.578000 6181.783900 5769.900700 6244.053900 5851.254200 6209.735300 
5842.199800 5637.652700 5991.465900 6506.612400 5866.204500 5747.173900 6029.093300 6199.715100 5532.483000 6074.713900 6357.591800 6091.571100 5978.103000 6426.377200 6202.084900 5930.930500 6025.644500 6237.935400 6276.913800 5808.866800 6139.221200 5789.167400 5884.452300 6045.729000 6105.817000 6089.023100 5791.452800 6332.149500 6315.183000 5619.735500 6625.299800 6226.397600 6126.928400 6507.488600 5773.021300 6259.823700 5784.834400 6096.200100 6097.806900 6128.305100 5756.027400 6087.778700 6448.247500 6497.403500 5807.450600 6158.068300 6035.428100 6013.777200 6006.755900 6052.390200 6061.163300 6034.260000 6101.680700 6157.465100 6173.471000 6573.587000 5915.243100 6221.425700 6725.104100 5732.247400 6092.285000 6098.501700 6085.409000 6265.815400 5974.049900 6408.457700 6357.119800 5881.112100 6228.688400 6273.095500 6088.611800 5880.031800 6343.620600 5945.497500 6080.912000 6124.793300 5790.241000 5985.406800 6125.349800 5882.116800 6240.579900 6083.860500 6259.224600 6263.747600 6193.871700 5825.340500 6106.704400 5820.881000 6259.643300 6079.856200 5794.305100 6077.761600 5995.998900 6034.584600 6510.102700 6177.110400 5974.481200 6285.464100 6170.631800 6242.875300 6082.502000 5995.060300 6125.582300 6178.784500 5965.550000 5624.350700 6382.571400 6222.182000 6126.642100 5812.252800 6283.203700 6474.339500 6238.900000 5878.268000 6471.098300 6194.073700 6241.130500 5891.735600 6313.538900 6068.351200 6273.071000 5891.257600 6263.220900 5706.848900 6175.715100 6468.020500 6010.710900 6101.227300 5873.367700 5807.644500 6201.004200 6625.703000 6111.064500 6393.284400 6225.699700 6048.742000 5973.218400 6058.648800 6515.499500 6426.358300 5983.389600 6298.204200 5705.212600 6450.950800 6451.522800 5881.183300 5840.729200 6294.519800 6229.614200 5820.351200 6043.545500 6027.423400 6287.475700 6529.115000 6109.304700 5949.007800 6197.905900 5957.549600 6343.536700 5991.288200 5812.597600 6026.380100 5964.965500 5950.303900 5921.569800 5329.219700 6566.519200 5845.696600 6178.424600 5722.546700 6355.197700 6057.450000 6266.592700 5850.046900 5932.402000 5901.962000 6071.390800 6446.225800 6090.847000 6508.873800 5965.881300 5885.122700 6036.575900 6273.858800 6435.614900 5980.636800 6124.415500 5939.381300 6229.823000 5888.619600 6052.846300 5896.330600 6232.341500 6253.148200 6282.586600 6271.467000 5833.776900 6634.695600 6300.836300 6363.032200 
