200
6527.342200 5837.874200 6300.581000 6114.998700 6193.487300 6193.088600 6027.218800 6289.791100 6324.972600 6042.805900 5960.555600 6328.669600 6008.981000 6617.200700 6110.547500 6075.243300 6596.655200 5872.459800 6012.074700 6477.385900 6229.042400 6321.651900 5661.513900 6080.787300 6043.670100 6564.349400 6026.239100 6249.606500 6220.863600 6472.294900 5970.363000 6191.041600 6339.622300 6293.461500 6334.412300 6281.121000 6305.402600 6140.022700 6369.393000 6059.685600 6288.814100 6018.942200 5851.895500 6062.004400 5927.230400 6665.108300 6337.614200 6282.685500 6034.252800 6338.285600 6357.295000 6342.320200 6356.769300 5989.962000 6322.607600 5811.583400 6034.496600 6234.101100 5746.434600 6399.445300 6016.055200 6275.450700 6472.185700 6357.024000 6425.366300 6271.460400 6084.639900 6109.096100 6219.001100 6028.350600 6638.642100 5946.210500 5847.097400 6366.232600 6298.423900 5865.359000 6168.285600 6144.918300 6524.718200 6157.137000 6098.358400 6232.800900 6452.828900 6170.931400 6286.378700 6303.394200 6143.740400 6607.565600 6231.069900 6518.507300 5965.488600 6050.488400 5977.797500 6166.579100 6178.588900 6333.793500 6284.508600 6292.368400 6518.512700 6368.601400 6006.848300 6136.330400 6037.480400 6150.589100 6509.883500 6257.930100 6132.025000 6049.616600 6048.106600 6170.575200 6217.491500 6158.751200 6533.389900 6016.755700 6218.730400 6273.164500 6113.358100 6371.498100 6512.487700 6153.433400 6304.807800 6092.320000 6230.125800 6608.987700 6545.556200 6146.411300 6078.303400 5775.146900 6349.575100 6220.204200 6168.392700 6256.723400 6590.001700 6155.383600 6411.152700 6170.930900 6430.075300 6224.443700 6123.006700 5751.132800 6229.701300 5424.886100 6355.289500 5888.675000 6167.638300 5988.130900 6171.483000 5760.705700 6499.232300 5997.745300 6365.265800 6264.779000 6034.239800 6040.536500 6224.279200 6292.474800 6239.317300 6168.012200 6313.107700 6205.478500 6004.917000 6188.799100 6099.758200 6426.786900 6569.669700 6253.199100 6258.339100 6671.485500 6000.090800 6111.440400 6189.421000 5982.821800 6268.491700 6000.640200 5952.208200 5657.935300 6332.088300 6063.420400 6357.252100 6026.157200 5902.102400 6242.413300 6384.690300 6340.799500 6213.551300 6477.541900 6082.980100 5834.284900 6066.162900 6109.786100 6125.996000 6296.229800 6088.088800 6334.328100 5975.835700 6475.754900 6354.907300 6070.297800 5866.081300 5890.181700 
6358.248600 5890.066100 6004.615700 6354.488600 6078.676400 5926.673300 6043.689800 6187.436100 6338.401500 5995.784700 5758.761800 6153.009300 5762.600600 6276.305900 5953.838200 5891.036200 6542.857900 5832.497800 5690.305800 6256.807900 5959.013500 6250.225100 5386.965200 5753.677500 5933.358100 6240.631000 5922.895500 5986.616000 6028.887800 6372.286200 5920.842700 5992.429700 5950.844900 6005.585300 6259.075500 6017.839800 6149.097400 6008.437500 6337.853600 5877.222600 5979.814100 5627.776500 6003.593000 5935.227100 5634.638600 6558.734200 6063.165000 5984.297200 6047.136300 6253.908400 6145.639100 6301.809400 6075.739500 5679.790900 6060.839700 5903.745900 5879.608500 5700.075400 5564.032400 6325.110500 5730.683000 6030.811600 6182.341300 6207.532000 6099.868800 6246.079800 5988.263800 5874.723600 6152.174000 5857.357200 6167.915500 5913.307400 5700.262800 6076.480900 6173.557500 5659.506000 5849.850800 6008.681600 6453.606500 5972.638200 5876.262800 6087.952200 6218.063400 6045.952600 5911.259900 6042.721200 5997.401100 6374.528400 5909.672000 6213.844700 5787.780900 6272.148000 5958.331200 5962.945200 5890.854300 6188.335100 5936.730600 5908.556000 6257.114400 6106.638900 5771.325100 6020.663100 5830.090200 5938.900800 6094.738800 6138.278100 5540.748300 5915.352500 5803.866500 5891.894500 6127.668100 6123.120100 6367.108600 5877.236300 6073.366300 5987.675300 6080.330000 6171.644800 6308.022600 5905.869100 6010.293700 5756.034800 5959.393700 6408.476700 6439.978500 6043.138300 6034.517700 5673.443100 6096.941900 6235.766500 5940.890100 6093.566100 6378.455400 6072.754800 6285.483300 6007.910200 6302.197800 5821.378900 5984.370600 5719.911600 5997.216200 5422.876800 6251.678500 5845.650900 6121.226600 5704.696900 5850.370400 5745.753000 6338.449800 5830.236100 6137.465600 5877.575200 5655.013300 5669.150100 6165.479500 6152.965600 6156.838800 6029.160300 6193.820500 5849.439300 5847.368800 5984.425200 5791.672200 6213.793800 6310.374600 6305.282800 6347.393500 6463.843700 6084.866200 6018.175800 5926.455300 5970.353800 6038.998800 5815.482400 5889.655800 5680.455800 6168.906100 6054.176000 6213.459200 6033.720700 5843.806600 6007.189700 6174.451100 5969.944100 6162.804300 6054.240600 6251.885400 5737.092700 5796.725800 5694.366600 6095.790700 6253.410100 5743.983100 6331.743600 5845.447700 6240.136900 5952.872400 5664.116400 5772.301600 5620.601800 
6565.400600 5846.841600 6205.415800 6582.326100 6339.707900 6076.722800 6262.826500 6231.082800 6256.416800 6037.572900 6097.836400 6205.627600 5893.018400 6422.922100 6022.240700 5958.498500 6358.731400 5944.001900 6042.425400 6605.981000 6228.234000 6275.417300 5737.974800 6005.072600 6129.598900 6269.957000 5955.011900 6352.461200 6326.621400 6651.682700 6153.227100 6191.131000 6295.297800 6179.020500 6392.567600 6242.910900 6349.677700 6274.252500 6267.055600 6204.111600 5986.376700 6109.206100 5841.610400 6043.397800 5728.352600 6735.129200 6292.731600 6144.246400 6010.884100 6466.560000 6369.849000 6594.031300 6313.808600 6089.008200 6355.336100 5871.815500 6083.335200 6153.462800 5701.031800 6417.456900 5983.375500 6188.299200 6576.421600 6166.525500 6262.709800 6159.512200 5902.488100 6274.167200 6204.668800 6205.806900 6498.620100 6075.909900 5713.875100 6568.351500 6383.579900 5762.267900 6270.083700 6014.402700 6511.426200 6054.010400 5997.621800 6327.259500 6272.156500 6124.027300 6080.722400 6361.755000 6182.512300 6552.766500 6139.724500 6544.703100 6066.311400 6127.603100 6127.459100 6345.424100 6249.981000 6208.314000 6125.141700 6133.543800 6478.492700 6139.285000 5965.654300 6109.969200 5968.048000 5987.839900 6457.231100 6423.970500 6302.370300 6380.623600 6043.313500 6219.287800 6287.540400 5976.028700 6616.265600 6001.026000 6294.690700 6066.773800 6253.592300 6233.528400 6533.753400 5781.352900 6162.851500 6067.741300 6352.916000 6341.768400 6572.369600 6189.973100 6048.293400 5802.836100 6416.055800 6318.503700 6246.045000 6285.402400 6766.203800 6120.730200 6387.868800 6038.019800 6393.801100 5883.687400 6046.492000 5666.615300 6172.197700 5409.244600 6225.010700 5854.757100 6291.194200 6046.333900 6079.080100 5667.677500 6366.840400 6122.498100 6185.735500 6055.513400 5680.811500 6074.643300 6082.460300 6348.421900 6250.555700 6073.598000 6285.600500 6276.610900 6162.638800 6195.332100 6097.645600 6074.498400 6613.290200 6235.516100 6273.809200 6649.167700 6163.909800 6037.815400 6137.030700 6003.294200 6411.333500 6050.807700 6139.473200 5728.922000 6270.049700 6102.770900 6181.051900 5925.503100 6105.295600 6136.823200 6423.571000 6239.763900 6030.205300 6341.841400 6302.314900 5921.572000 6090.522500 5841.717900 6091.613600 6498.654800 6148.559600 6357.828200 5971.047700 6587.807300 6289.545800 5946.529800 5820.949700 5822.206500 
6206.083200 5808.763100 6112.450800 6303.656300 5987.092000 5983.163100 5774.256700 6117.952400 6274.339600 5716.362700 5909.263300 6075.114900 5848.857400 6371.066200 6080.357700 5991.613100 6200.195900 5964.070900 5916.908400 6340.093800 5917.049100 6171.883300 5589.035500 6064.098200 6061.574400 6465.780300 5754.393300 6045.746200 6171.564000 6588.863600 6029.956600 6156.202500 6093.821400 5962.282900 6275.524000 6134.239100 6234.040500 5960.510700 6428.226600 5845.044000 6117.947500 5964.592200 5773.494300 6163.765700 5694.916400 6511.306000 6350.381800 6024.429500 5896.447600 6275.523800 6082.839500 6325.448400 6141.602200 5834.973900 6048.424400 5805.591500 5767.044700 5970.882200 5559.524700 6360.261200 5883.845800 6199.388000 6410.807200 6048.421100 6160.570300 6262.272300 5798.620900 5983.253000 6068.976400 5894.078800 6438.265000 5893.584700 5703.033200 6328.933400 6266.825000 5660.967900 6062.084700 6137.715800 6556.558800 6005.144200 5937.768800 6053.872300 6178.163700 5949.502100 6006.717000 6160.911900 5912.734700 6483.270800 5963.586800 6278.638900 5843.274900 6106.957200 6008.855000 6147.605300 6039.441800 6049.423100 6012.819000 6001.710000 6222.825500 6164.659800 5839.139000 5914.981400 5853.387600 6063.099700 6274.149100 6113.072000 5801.549800 6165.503000 5858.404700 5945.711900 6041.314700 5994.670600 6394.697100 5906.446400 6143.035100 5856.791600 6058.731900 6206.570700 6225.608900 5822.604200 6116.117300 5739.605700 6070.649000 6476.593900 6225.953800 6198.294200 5973.214700 5610.936800 6226.414200 6028.282400 6019.869000 6140.311300 6461.219300 6138.643000 6138.744200 5957.862200 6206.053400 5912.228600 6144.698000 5486.361100 5960.410100 5384.958000 6252.465700 5818.633700 6082.736100 5963.372300 6013.318500 5617.195300 6333.571100 5958.242400 6095.983300 6157.310100 5584.101200 5692.069800 6042.306800 6099.434700 6145.527100 5944.580700 6320.204200 6138.706700 5836.480700 6108.173700 5787.100200 6161.774500 6473.401400 6096.582200 6201.689300 6467.879700 5939.243100 5921.667800 5963.992300 5968.032000 6011.470000 5856.605600 5960.456100 5675.190500 6106.343000 6090.465700 6178.346100 5944.682800 5829.256700 6287.697200 6165.622400 6280.451100 6052.811500 6175.485200 6200.708100 5929.759600 5864.840300 5824.598900 6065.686900 6217.053100 6098.712900 6211.834600 5808.698000 6343.897800 6150.102700 5835.342400 5694.733400 5675.997800 
6585.691000 6081.099600 6249.516100 6564.304800 6295.203300 6100.124500 6030.153100 6407.406800 6478.177000 6043.176700 5914.472200 6062.066900 6049.179700 6621.231500 6290.244300 6100.488600 6433.561200 5988.945900 6098.634600 6551.123100 6164.677200 6243.588200 5654.272000 6144.742400 6070.611700 6420.351500 6134.376800 6317.336000 6283.127800 6567.485100 6177.750900 6229.220000 6396.210500 6476.383400 6327.313700 6192.656700 6379.181400 6331.891800 6581.806400 6051.495300 6307.849000 5892.707500 5922.307600 6295.843300 5738.980700 6835.851700 6393.726700 6265.298600 6069.233900 6449.554900 6379.926400 6708.635600 6378.055600 6285.192700 6392.027900 6141.309600 6350.881300 6176.095700 5736.849000 6450.990700 6104.505900 6244.573000 6627.892400 6404.618700 6311.360400 6230.783600 6128.070800 6043.851800 6174.703300 6160.983100 6366.155800 6019.076700 6078.195800 6590.172400 6397.640200 6139.614200 6354.456000 6045.924100 6677.666800 6356.074600 5984.525400 6227.001700 6400.510400 6178.132000 6044.672200 6317.534600 6282.671400 6571.275200 6301.805700 6377.853500 6070.371000 6309.317200 6202.912500 6277.315000 6323.739700 6403.741400 6250.803400 6270.167500 6514.558400 6223.258100 6128.044600 6043.356300 6058.666000 5998.919900 6449.733900 6378.403000 6088.593600 6429.816500 5974.585100 6187.831500 6434.743200 6185.597300 6671.417300 6267.354800 6236.996600 6267.751800 6172.562000 6298.396900 6398.589300 6110.142400 6464.326900 6078.810400 6151.564900 6582.091000 6734.459400 6345.931100 6103.300500 5942.554200 6512.963400 6581.489300 6373.194900 6407.604200 6598.111500 6246.977500 6472.895900 6180.982600 6230.959300 6042.972100 6055.037600 5544.963000 6276.160000 5363.166600 6378.896700 5950.645200 6124.105700 6040.462200 6188.654200 5824.826100 6529.850000 6233.175900 6266.064100 6257.064000 6135.814800 6001.309000 6399.337000 6404.255600 6198.456700 6247.019900 6485.644100 6063.538800 6183.771200 6318.047600 6219.913000 6327.457300 6707.323000 6165.440800 6409.915200 6734.692900 6280.600000 6130.711500 6160.910100 6181.450200 6301.154700 6013.648800 6227.587900 5837.673900 6289.300200 6315.378100 6199.929500 6114.513000 5974.146900 6350.502600 6435.492700 6256.789000 6412.950000 6599.670400 6620.353800 6028.373600 5985.523500 6038.508700 6161.052000 6273.277800 6081.236000 6414.620400 6151.739000 6284.806900 6317.340400 5993.326800 6094.081300 5857.790300 
6310.198800 5963.197500 6191.395000 6328.685200 6336.160700 6232.755800 6118.983300 6236.376100 6401.720400 6161.369600 5897.153500 6186.214500 5851.871800 6614.729700 6280.849900 6165.268600 6596.517200 6071.131500 5930.832200 6542.005300 6261.175500 6261.740400 5739.884700 6094.015900 6101.970200 6504.509900 5973.532100 6393.199100 6177.327500 6411.451400 6152.956200 6282.045700 6199.690300 6209.556400 6464.311000 6268.338000 6414.148400 6382.151900 6619.263400 6374.012300 6200.205700 5995.008200 5903.159400 6055.414400 5904.808100 6820.190000 6401.517300 5957.499800 6233.906600 6320.842300 6471.477500 6664.827300 6402.977800 6087.116000 6263.372100 6000.847400 6203.829200 6005.809200 5688.214000 6297.979700 6098.816700 6383.377300 6489.488800 6318.977000 6322.254100 6296.995200 6068.306000 6322.427700 6151.733000 6085.326100 6537.960000 6077.741200 5888.142500 6431.421200 6386.333100 5921.763700 6215.197300 6170.132300 6695.454000 6240.082700 6275.373100 6293.627400 6538.423500 5991.393700 6156.141600 6227.455700 6330.809900 6570.339400 6291.037200 6386.267700 6074.126500 6209.374300 5963.847300 6261.505200 6314.783200 6163.142400 6213.294600 6471.771600 6399.674700 6334.365100 5995.181600 6284.655800 6035.915800 6085.989600 6452.484700 6204.809200 6062.897900 6233.275900 6235.034200 6043.260800 6216.795500 6127.237800 6478.405300 6221.214300 6448.204500 6170.998800 6093.165800 6239.496400 6569.423300 6035.651800 6291.787900 6176.805300 6401.452900 6536.914100 6617.238300 6268.853100 6076.556300 5756.266200 6273.404700 6367.748800 5987.162300 6453.541200 6565.208200 6148.814200 6463.155000 6164.314800 6324.610900 6049.678500 6112.138500 5759.690500 6199.458100 5361.849300 6214.129800 6057.436800 6168.750100 5957.496900 6183.049300 5727.299500 6570.959900 6006.955200 6175.963200 6205.552500 5906.783900 6089.110700 6313.606700 6464.529300 6349.929700 5946.805000 6443.022800 6035.145400 5953.133900 6386.584700 6258.339400 6112.418800 6768.496000 6303.560900 6481.922700 6434.013600 6208.056000 6078.480500 6162.542300 5995.484000 6263.605400 6058.202200 6180.839800 5747.722000 6296.523200 6083.200500 6205.571600 6181.463700 6039.679100 6084.430900 6342.861600 6362.662600 6180.418700 6452.319600 6249.523400 5859.609500 6067.502000 6029.180400 6235.909100 6427.672700 6022.851200 6207.169100 6112.654000 6479.151000 6392.222300 6051.385400 6024.765700 5828.580900 
6370.397800 5771.325900 6120.006000 6275.818800 6004.413400 6085.996300 5922.361100 6064.231500 6236.520700 5969.173200 5809.084200 5945.728400 5678.064700 6309.333500 5957.710400 5555.683100 6378.231400 5702.014900 5867.906800 6264.842400 5970.175400 6034.778300 5586.163200 5953.733200 5830.387600 6274.444800 5954.584400 5965.396300 6021.802000 6282.073200 6095.067200 6016.099500 6056.348700 5948.314600 6027.451600 6065.071300 6066.521800 5945.371700 6367.123300 5907.734200 6007.558900 5659.949900 5806.490500 5867.164200 5753.727600 6432.339500 6124.819700 5958.302700 5985.963200 6123.356900 6112.404100 6249.317300 6052.465100 5954.264900 6100.498200 5888.778500 6058.133600 5984.255000 5514.017600 6239.292000 5821.311000 5901.463300 6395.567700 6229.083600 6174.666300 6120.875700 5794.997800 5707.417600 6106.743100 5944.189500 6161.117500 5919.279900 5604.177600 6089.189800 6265.317700 5726.767000 6157.200600 5986.375500 6467.297900 5980.579600 5819.659400 5972.374200 6190.318000 6092.884300 5897.415000 6108.000000 5961.501500 6374.844800 6019.647200 6359.815100 5810.207800 5956.771200 5981.718200 6020.863200 6088.036800 6195.091000 5862.980100 6053.658900 6264.414200 5905.913400 5859.493700 5883.035400 5651.725800 5822.313700 6239.171000 6085.494400 5846.487000 6209.866200 5787.336100 5828.175500 6045.853200 5901.641800 6408.554800 5939.050700 5891.329300 5935.624400 6006.459900 5970.037300 6058.370900 5753.405400 5909.201100 5890.958500 5918.382500 6236.283000 6490.706600 6189.073300 5698.828500 5770.961800 6117.456500 6210.683100 6026.608500 6237.580000 6298.484500 5930.256800 5972.327400 5960.088900 6308.314200 5730.160100 6081.067700 5301.482500 6175.311900 5075.798600 6077.599500 5975.249800 6033.282200 5793.157400 5979.483900 5497.213500 6148.193700 5873.443900 5869.897200 5870.759200 5790.220100 5838.901700 5986.356100 6155.281300 6170.282500 5902.994900 6166.720000 6031.222100 5981.391200 6060.493200 5968.693900 6039.855100 6392.289100 5993.823800 6086.723800 6449.165200 6002.126500 5932.162500 5893.091600 5801.888300 6070.921400 5652.042300 5866.389700 5703.209100 6058.652600 6027.372700 5936.014500 5774.980800 5647.586100 6050.597800 6247.954400 6069.736800 5971.768800 5947.425500 6071.011000 5461.877000 5671.710400 5683.999600 5939.582100 6026.141000 5877.866500 6239.242500 5815.913300 6249.540200 6094.744700 5689.773200 5821.714400 5598.235800 
6001.296000 5713.391100 5858.512200 6136.673300 5861.557900 5697.003000 5598.144300 5729.799700 5988.259000 5685.880000 5621.584300 5739.276500 5637.285900 6163.166700 5760.140800 5530.548200 6081.968200 5662.634200 5621.376500 5961.639800 5727.642900 5756.948300 5383.022800 5760.292300 5744.754600 5869.873800 5504.214300 5919.432500 5824.236400 6079.770100 5741.459200 5756.558200 5843.639000 5882.517600 6017.660200 5733.418800 5914.500600 5833.095400 6104.763800 5703.805700 6025.663200 5749.658800 5390.679400 5709.113100 5416.812400 6288.998100 5918.110500 5742.335900 5735.497600 5928.885800 5929.609000 6021.614700 5929.252900 5810.840200 5884.862700 5661.819600 5578.725500 5772.891100 5254.365300 6036.844900 5585.763700 5715.367800 6222.572700 5926.334500 5953.782800 5908.590600 5727.102700 5751.188300 5893.283800 5636.992400 6070.318900 5689.309900 5599.896200 5844.301400 5924.538900 5661.668000 5817.778800 5811.231700 6245.068900 5798.809400 5745.061900 5873.469500 5841.686300 5719.617200 5786.842300 5891.545700 5637.582800 6171.732200 5859.879100 5849.890500 5667.568900 5863.442300 5653.095800 5958.591700 5822.059600 5909.933400 5698.332000 5803.629500 6209.871700 5792.300500 5735.059100 5677.221200 5603.609100 5686.800800 5941.325600 5866.540200 5710.939800 5839.613800 5690.861900 5692.834700 5939.206000 5736.960200 6275.596800 5636.502400 5792.534000 5758.441200 5755.552900 5763.318100 6084.246200 5690.010600 5911.495400 5656.360300 5953.638800 6127.424900 6007.960300 5813.322300 5722.706300 5426.094900 5916.707100 6067.279900 5922.237500 6080.464000 6124.528300 5796.269800 5988.881900 5835.114900 6073.259500 5657.320600 5878.741400 5386.279000 5976.775300 5266.598200 5990.173100 5481.734900 5738.297000 5745.832100 5729.899300 5368.019200 5760.495000 5727.943900 5972.359300 5690.913300 5538.533800 5343.033300 5694.884400 5910.685400 5938.474800 5643.262700 6009.483700 5880.757700 5709.568400 5727.069700 5508.970000 6140.400800 6065.466300 5891.170100 6061.275900 6208.352100 5724.696500 5650.067400 5704.724700 5676.531100 5941.137500 5446.771600 5708.352000 5425.405200 5922.791600 5853.211300 5809.491000 5750.036700 5732.744800 5862.174200 6009.966000 5762.280600 5845.218800 5927.095800 5791.397000 5607.410600 5594.685500 5589.933200 6007.281100 5952.200800 5794.076900 5995.600000 5673.506300 6052.001700 5748.989000 5627.435000 5504.116500 5474.363400 
6547.366100 5952.015900 6370.966200 6568.291800 6483.402000 6053.356300 6230.774300 6363.738900 6600.982400 6013.292300 5981.697300 6230.677200 6101.235600 6507.244200 6207.978300 6010.667100 6569.878100 5998.599400 5908.774800 6612.670000 6244.020100 6350.754400 5758.826800 6181.371100 6258.163700 6604.193900 6143.078200 6398.221900 6462.579600 6581.386400 5950.869400 6307.928100 6467.192500 6451.216400 6563.737400 6241.004500 6490.047800 6474.559700 6538.039500 6344.343300 6293.228800 5928.656700 6001.536000 6240.354700 5787.222300 6817.640400 6479.471800 6000.539300 6145.069100 6460.587100 6332.163700 6601.792900 6459.642900 6024.522200 6213.988800 6285.426900 6115.056400 6271.792000 5737.971900 6558.419200 6016.487000 6216.252300 6710.277000 6279.699000 6265.892500 6340.313400 6000.563100 6250.393700 6378.561500 6090.373000 6450.056900 6304.843800 6025.620400 6459.904800 6506.155200 5926.213600 6207.903200 6286.088700 6663.773300 6279.555600 6050.066200 6335.282500 6441.588400 6159.595600 6363.040300 6413.044600 6280.974200 6772.453300 6240.311600 6664.421600 6181.443400 6463.935100 6292.589700 6378.321800 6285.449700 6345.157000 6275.601100 6296.493600 6603.007400 6193.972200 6123.652200 6015.830700 6024.104000 6218.429200 6607.114800 6453.705900 6100.690300 6510.511800 6154.862800 6148.713600 6436.424400 6292.803700 6690.947700 6141.568300 6411.328300 6450.837600 6171.908100 6424.173800 6636.176200 6097.323100 6301.688700 6072.334400 6464.872000 6578.236100 6774.961800 6317.178200 6000.843200 5904.422200 6408.833300 6469.435300 6254.879100 6398.871400 6645.874600 6255.053900 6426.999400 6186.668400 6482.145800 6117.290100 6173.876700 5559.388100 6126.802200 5589.401700 6529.095900 6014.733600 6024.073800 6045.007800 6300.777300 6048.929200 6587.602900 6264.164600 6468.292600 5946.400900 5834.590000 6152.748600 6360.820100 6379.411600 6309.454300 6134.072800 6471.176800 6242.511300 6152.955600 6255.173200 6246.995500 6431.174500 6764.731900 6201.497300 6449.773600 6589.040900 6128.292700 6290.426500 6296.934000 6124.489700 6297.986100 5992.351400 6315.695000 5728.283300 6368.684500 6356.863400 6241.577200 6263.297900 6027.544300 6261.582900 6609.067800 6284.369800 6299.712000 6425.009100 6357.526600 6007.236100 6156.932200 6089.573900 6051.928500 6505.949200 6219.642700 6502.699300 6268.407700 6468.233300 6368.266800 6092.885200 5861.090900 5807.192900 
6236.580200 5848.009000 6097.719300 6135.051400 6041.719700 6006.461900 5983.493700 6343.947400 6384.522600 5922.663600 5977.184100 6069.106500 5671.303700 6271.539500 5900.835700 5978.987900 6202.115200 5921.009200 5494.092600 6199.028000 6062.695300 6169.303100 5403.219000 5658.041000 5818.166400 6284.381400 5824.689300 6084.678200 6072.134700 6273.474200 5701.921000 6012.706600 6096.870700 6028.616800 6190.817200 6092.082400 6019.664500 5971.311300 6286.225800 5859.094300 6063.884900 5843.816600 5833.185100 5950.860100 5723.667100 6621.314100 6187.004400 6077.455800 5942.012700 6209.062100 6041.825000 6448.568500 6013.255000 5785.900700 6152.500300 5603.954300 6042.780500 5844.145200 5710.717200 6227.942200 5791.987100 6053.298800 6215.118500 6115.178400 6070.567500 6252.921300 5820.772600 5743.473200 6186.323500 5753.025100 6229.494900 6011.540800 5672.436500 6118.582300 6252.424200 5667.151100 6149.878700 5858.719700 6531.172400 5998.286400 5841.671400 5909.140400 6300.203000 5995.604200 5919.699500 6186.439700 5829.936900 6370.614800 5941.084800 6326.577600 5777.800400 6064.635600 5905.948100 6092.203500 5871.957900 6159.068000 5927.473200 6016.794000 6293.751900 6179.890800 5804.458600 5846.092000 5846.401600 5919.903500 6165.384100 6230.423000 5764.120600 6017.733500 5718.889200 5970.474500 6055.755200 5850.628800 6347.072900 5907.026300 5939.765400 5943.026200 5982.546900 6160.135300 6165.601400 5802.933900 6173.790300 5715.129600 5820.055600 6270.129400 6329.462300 5798.434600 5944.688700 5716.622800 6068.216900 6159.481300 5915.146100 6115.725400 6204.436000 6083.682200 6226.603400 5960.039000 6104.740600 5825.383900 6030.416400 5460.011000 5965.975900 5308.597800 6263.928300 5682.452900 5954.724100 5794.954500 5863.552300 5324.743200 6166.476700 5672.716300 6012.123400 5939.793100 5721.651200 5657.861300 6141.868800 6040.997400 6148.289200 6047.381000 6108.831600 5717.754400 5834.961600 6127.213400 5853.013600 5992.849000 6380.055300 6095.842300 6288.707500 6283.029300 6066.374700 5997.384200 5844.109300 5873.114300 6139.304200 5723.144500 5997.807000 5533.211900 6034.442900 5976.713200 6072.351000 5703.353100 5710.200300 5940.799000 6202.995100 6163.274700 5984.166700 6193.275300 6168.267400 5710.601400 5908.009300 5827.105100 5934.813800 6184.812000 5817.172600 6325.926600 5625.031200 6216.194100 6230.523200 5687.137000 5659.583800 5790.066500 
6262.603400 5834.492100 6217.063100 6540.361900 6234.055200 5985.954700 5910.124600 6036.193300 6277.349100 5898.132000 5742.690600 6037.194600 5915.729600 6410.156500 5947.401300 5866.545600 6307.897300 5808.832200 5862.101600 6169.388800 5889.723500 6070.216000 5596.951200 6061.835100 6131.245700 6335.791800 5944.190700 6124.555900 6214.876400 6377.331600 6075.097100 6014.239000 6212.864700 6381.076200 6302.040400 6044.564900 6273.887900 6202.467000 6400.200200 6107.802500 6051.204200 5931.100000 5685.717400 5993.726700 5687.049800 6569.595800 6176.911900 5949.632600 5933.180600 6288.629500 6220.435500 6413.989200 6359.896200 5822.530500 6175.965300 5958.245800 6013.080100 5968.492400 5601.656800 6283.532600 5950.373400 6309.022200 6355.993800 5931.120000 6317.955200 6226.709000 5953.948600 5637.888600 6077.347600 5910.156200 6450.750600 6031.553700 5839.080500 6264.682900 6194.414600 5953.045200 6011.415900 6126.620200 6344.041000 6043.345000 6040.110300 6155.391700 6373.602800 6147.873500 6107.510500 6188.987600 5956.008700 6528.601400 6149.322900 6262.137600 6004.472100 6038.652200 6062.948200 6080.415500 6016.144900 6241.924800 6179.890800 5979.132400 6202.076600 6166.019500 5971.905600 5857.974700 5800.239800 5906.527400 6280.142900 6232.554700 6095.657600 6246.514100 5880.478800 6140.741200 6191.063000 6089.362700 6374.947300 5879.118800 6061.782500 6146.425200 5941.056700 5972.249700 6303.200500 5909.544000 6089.894200 5880.370900 6093.383000 6466.640000 6449.031300 6114.764200 5949.913900 5723.324200 6300.288900 6152.576300 6118.228500 6176.538000 6373.772600 6324.302000 6133.589800 6096.404200 6097.896800 6044.807300 6044.928500 5587.875500 6092.647800 5392.177300 6311.282100 5773.268000 5921.659100 5903.515500 5807.558100 5609.541300 6348.083900 6152.639600 6194.746700 5981.655500 5797.853500 5792.474800 6146.301100 6332.690600 6151.233900 6069.877600 6443.102900 5996.357600 5834.094200 6168.419000 6002.020300 6342.077800 6544.176500 6111.202600 6321.021000 6549.485300 5960.296500 6232.312600 6003.098500 6062.702300 6075.872600 5804.382300 6076.195700 5705.595800 6186.971600 6130.658200 5973.751900 5946.971600 6034.800300 6186.142600 6228.046700 6016.062700 6035.603400 6307.042100 6211.139000 5838.020100 5947.364500 5886.277600 6004.062400 6281.339100 5919.331800 6343.412600 6074.909700 6222.305500 5880.116800 5871.292300 5720.955100 5794.222600 
6157.519400 5986.401800 6135.095800 6316.925800 6205.540000 6078.272900 5938.574000 6260.672900 6281.841000 6051.675800 5971.624400 6145.015600 5721.997700 6363.890500 6188.319300 5829.879400 6280.761000 5963.280100 5947.938900 6266.847700 6066.213200 6217.535100 5743.145000 6087.912300 6052.750400 6297.322400 5946.355500 6312.165300 6117.727200 6468.268600 6019.814100 5859.979000 6276.473100 6279.705900 6167.906300 6086.330900 6312.966300 6246.590700 6599.191400 6186.524300 6170.548200 5963.483100 5683.625300 6155.863100 5855.120000 6736.234600 6280.678100 6054.459300 5900.068800 6273.851600 6289.922300 6302.957800 6244.845200 5933.665500 6192.975200 5861.416700 5997.818300 5823.358500 5657.737300 6239.583200 5915.493800 6149.378700 6291.008100 6258.233000 6059.245600 6323.239500 5904.442600 5960.809500 6008.438700 5925.245700 6417.684800 5836.137000 5562.623400 6303.101500 6409.026300 5860.359600 6137.725900 6048.579500 6516.164700 6206.217000 6255.452300 6136.094200 6355.648600 6085.131500 5890.941300 6230.375000 6018.074100 6624.893000 5987.636800 6322.203100 5920.233500 6126.468800 5919.695500 6387.775500 6094.170300 6029.922700 6226.405300 6203.494200 6229.115100 6248.564400 6007.854000 6111.705900 5905.941100 5922.926900 6310.405800 6260.307800 6068.821200 6431.554200 6079.005600 6071.252900 6253.982800 5950.162500 6562.165700 5866.208000 6052.072700 6004.186700 6148.470400 6073.120100 6318.484100 6033.893900 6271.617000 6026.400800 6076.532000 6306.653100 6382.064300 6088.715900 5884.961600 5678.303200 6127.279300 6183.876900 6068.308000 6185.827700 6369.863200 6168.712700 6180.226300 5966.242900 6243.943200 5866.906400 6149.166500 5662.849600 6291.939900 5274.981500 6222.284400 5908.519900 6005.498900 5927.505000 5833.352400 5414.361600 6271.009300 6219.498800 6257.644400 5883.092200 5757.564400 5719.809000 6207.952800 6245.228400 6240.703500 6079.398300 6209.765100 6021.645100 5976.998200 6340.072000 5978.623200 6397.763100 6619.422800 6162.298200 6207.270700 6614.519500 6110.372300 6124.645300 6095.848900 6112.244300 6313.526500 5905.763200 6168.308900 5468.782300 6205.173900 6045.105000 6129.536500 5977.345700 6103.551300 6044.358900 6327.156500 6387.183100 6007.710400 6355.678800 6164.256500 5829.869500 6144.735600 5967.326800 6007.195000 6296.068200 6094.913400 6249.504300 6139.784600 6353.973500 6133.331300 5825.189000 5667.390300 5694.504400 
6807.995000 6516.454400 6676.917100 7025.897300 6717.499300 6417.041100 6461.546300 6657.169500 6763.368500 6641.975800 6351.763800 6825.885800 6110.734900 6748.814300 6682.538300 6326.220100 6819.503700 6389.565700 6364.439100 6902.910900 6412.040100 6696.398200 6124.460400 6525.110800 6478.854900 6850.810700 6447.635500 6734.848700 6722.433700 6896.914000 6594.153400 6472.601600 6556.905500 6697.005600 6988.123200 6599.714800 6691.151500 6622.723700 7074.938000 6583.166100 6846.857400 6359.352400 6412.913700 6670.221000 6227.303400 7004.703100 6924.126000 6610.747800 6358.319100 6868.765300 6759.605700 7056.349800 6709.897700 6404.514000 6819.282800 6421.897000 6473.160900 6403.587500 6058.474700 6974.868000 6478.329600 6805.393000 6783.178800 6688.402300 6705.811200 6885.702800 6559.651700 6447.975400 6589.473600 6386.602600 6905.985500 6678.337200 6290.677400 6976.183100 6648.686400 6325.419200 6600.350200 6809.795000 7093.683400 6703.626500 6383.783300 6700.813200 6837.936900 6789.867700 6462.967700 6587.825800 6567.960600 7160.866300 6596.444400 6977.696100 6370.739200 6846.766400 6602.917400 6808.415700 6588.656700 6811.616500 6443.178800 6724.212200 6831.926100 6664.313900 6560.399700 6468.983000 6475.653400 6559.017800 6893.234400 6875.117400 6447.684600 6656.287500 6438.801900 6677.318300 6690.924600 6632.070600 7050.535600 6345.842400 6588.707000 6641.666900 6561.931400 6714.287600 6874.509700 6636.416800 6626.539300 6259.819900 6691.264400 6876.196700 7065.888100 6758.859400 6391.548200 6240.911000 6636.422500 6897.538400 6787.946300 6865.807300 6908.366000 6706.543000 6846.717000 6637.746800 6870.669600 6492.679800 6509.527700 6191.689800 6689.011900 5765.796400 6758.976600 6516.829500 6521.703700 6385.418800 6435.650400 6244.776700 6866.679600 6624.228400 6774.750400 6585.072900 6474.319500 6183.500500 6742.267900 6783.375300 6812.476700 6460.948500 6827.923000 6601.817200 6486.576300 6804.040400 6331.863500 6834.916900 7095.808400 6806.774300 6746.882700 7075.294600 6610.507500 6455.905200 6381.038700 6618.205400 6657.329300 6313.345500 6622.679100 6355.939700 6781.813700 6691.349900 6647.554300 6598.305300 6240.140900 6600.828700 6832.873200 6769.266200 6678.703400 6651.001300 6929.884400 6255.873300 6422.056300 6387.168000 6503.021000 6839.064100 6368.552200 6965.009200 6577.044800 6895.257700 6578.152300 6355.481600 6270.893900 6144.059000 
6140.322500 5834.946900 6026.413000 6244.515700 6015.122200 5876.164900 5642.472200 6109.048000 6181.887800 5840.740700 5764.223300 6150.228300 5730.473300 6312.765500 5982.682200 5983.157500 6282.853600 5924.261300 5659.624300 6017.243600 5946.728800 6092.741200 5496.747300 6014.342800 6004.297600 6187.138000 5933.142100 6211.962100 6065.172400 6188.863800 5912.984700 5794.360300 6035.957300 6090.445900 6179.057000 5837.551500 6082.640700 6076.428800 6291.000800 5889.524100 6178.434900 5615.429700 5711.012000 6120.169700 5689.985800 6433.139700 6154.225100 5943.845400 5806.903700 6165.873900 5984.863200 6361.213500 6164.866200 6034.601400 5915.519400 5812.291300 5782.721000 5774.058700 5551.175000 6113.518100 5841.534600 6147.485200 6124.054700 6205.117700 6046.136000 6352.151100 5916.152300 5853.552000 6246.833200 5747.855700 6234.459900 5878.163500 5596.996900 6146.270300 6036.550600 5521.288100 6087.218700 5989.909500 6330.753800 6130.097200 5926.594700 5975.800100 6274.461600 5876.786400 6076.333800 6036.772400 6048.312300 6380.771900 5807.035900 6201.443000 5717.980500 6229.036700 5905.852500 6197.101300 5959.097800 6001.951100 5795.454200 5885.345400 6243.872600 6241.644000 5805.372400 5895.162700 5946.359400 6120.280200 6231.805400 6182.719100 5650.063800 5948.014900 5772.735300 5928.175700 6048.260700 5974.243400 6358.189200 5760.782600 6103.770800 5847.311100 5884.658000 6158.627100 6258.193500 5952.806800 5888.569300 5757.760400 5984.935500 6223.528400 6218.856100 6124.964700 5945.375200 5720.363400 6084.567700 6006.153900 5909.037100 6307.433500 6352.331600 6166.505200 6174.333300 5980.034300 6235.349700 6013.069800 5851.961700 5572.536600 6025.397400 5477.866600 6095.014600 5927.257700 5988.647600 5774.863000 5878.065000 5438.129000 6394.963200 5969.686000 6140.274100 6124.758300 5766.063400 5604.831500 6107.063000 6118.178600 6104.399900 5913.601900 6086.403900 5884.848100 5973.218900 6040.624300 5704.785900 6264.998400 6359.384100 6097.214700 6126.693100 6455.550400 5851.927100 5813.030500 5847.344500 6061.372200 6128.333200 5769.339500 5971.905200 5711.972700 5965.011100 5995.872100 6233.941100 5905.053700 5828.398100 5963.576100 6167.684000 6130.659500 5952.621400 6161.098700 6243.211700 5646.591300 5880.391000 5577.307500 6034.077600 6180.277700 5798.123700 6120.345600 6003.815900 6159.954600 6177.724100 5742.567100 5791.477100 5759.711500 
6343.289500 5804.236000 6214.202200 6353.498700 6151.063900 5872.808200 5907.014900 6140.350700 6496.372200 6043.648800 5810.785500 6211.336000 6079.633400 6287.151800 6140.715300 5980.505400 6436.348200 5858.900100 5824.865500 6291.505900 5939.680100 6339.259800 5507.618200 5945.115600 6146.863700 6349.378000 5978.992400 6340.969300 6119.616600 6307.027600 5905.310800 6150.756100 6206.146700 6080.166800 6178.512100 6198.943100 6299.600400 6215.950100 6455.744700 6186.661500 6069.133800 5771.637700 5682.453800 5919.656700 5848.685600 6730.330700 6335.851400 5962.713700 6135.511600 6415.523400 6262.463400 6383.432200 6285.493400 6125.838400 6027.982200 5869.825300 5993.038200 6099.102600 5545.899500 6342.233000 5998.889400 6148.003900 6417.982700 6149.071100 6253.225700 6229.375000 5981.143300 6006.685500 6126.820200 5995.138600 6299.056800 5952.045500 5762.810000 6178.405200 6256.699600 5754.904900 6085.673200 6221.074700 6586.003500 6130.305400 6077.882000 6303.654900 6122.446900 6147.821700 5954.953600 6189.906200 5959.215000 6594.115400 5960.651800 6397.992300 6029.491100 6183.466100 5818.431300 6287.886200 6049.935500 6319.826100 6064.374400 6304.676200 6278.848400 6234.837900 5969.834800 6115.972700 5806.009200 5978.757100 6349.761800 6390.367800 6117.122600 6411.790700 6088.344500 5912.469300 6273.866000 6099.347000 6391.006900 5937.093000 6020.630500 5941.938400 6174.885100 6164.596100 6407.946600 6107.696700 6278.109900 6059.912200 6270.627800 6330.980300 6517.131800 6270.003600 5908.213200 5615.131900 6252.402300 6255.347300 6145.507500 6300.577300 6527.081100 6235.252300 6342.840900 6069.772700 6326.560300 5995.225000 6048.425300 5567.376400 6002.266800 5391.924900 6309.369600 5886.920200 5886.657000 5861.611500 6045.066300 5774.483800 6312.397200 6029.806200 6109.080800 5838.243500 5806.417500 5906.586700 6297.202300 6495.940600 6258.944400 6078.984700 6278.656000 6108.378600 5915.008400 6194.748100 6022.839300 6261.135600 6609.333400 6092.772000 6227.862800 6698.895400 6154.202700 6043.746200 6186.462800 6116.676400 6269.218800 5845.789500 6072.294100 5746.811500 6200.976100 5913.795400 6104.101300 6053.220000 5966.184600 6142.645700 6307.056000 6287.481600 6154.970600 6190.061100 6277.703100 5672.761000 6008.192700 5813.294500 6128.429300 6287.796600 5930.138600 6235.651500 6096.197100 6356.274300 6238.721300 5858.375000 5838.718700 5804.877200 
6450.976900 6125.520600 6322.504300 6634.423200 6140.881200 6139.432600 6062.082400 6372.068100 6716.491600 6208.059900 6096.441600 6226.135400 5956.690800 6528.424900 6148.791800 6018.362200 6512.201600 6224.611400 6136.903700 6349.424100 6242.548200 6421.443600 5864.391500 6296.974400 6119.453300 6691.293200 6176.350100 6517.938500 6584.735200 6598.363900 6280.901500 6162.932500 6226.396100 6363.168500 6519.727600 6431.651400 6295.548000 6433.073900 6663.856100 6216.041600 6271.042800 6132.663100 6090.266900 6091.109300 5792.798300 6806.331400 6570.478100 6072.972000 6114.992300 6544.032300 6153.049900 6496.805200 6429.485400 6124.114900 6447.574700 6093.929900 6143.179000 6254.926700 5718.461300 6438.671000 6292.443700 6401.596600 6750.986400 6506.338100 6435.549400 6295.361300 6150.419000 6168.259600 6400.802300 6042.780600 6620.918200 6189.739100 5941.374100 6610.148200 6436.736500 6043.242400 6387.589000 6309.402400 6695.684300 6375.660800 6141.131500 6245.499400 6492.324400 6247.330600 6217.592100 6396.790500 6091.067000 6714.491900 6175.042200 6637.466000 6108.194700 6237.278300 6293.752700 6289.972900 6237.205600 6457.585300 6328.647200 6237.822900 6714.134600 6377.516900 6082.036100 6149.768300 6154.194600 6181.589700 6441.703200 6527.812300 6268.577600 6551.490200 6021.043600 6280.072200 6429.380600 6196.398900 6466.158500 6128.555800 6385.389200 6159.748200 6396.373600 6379.005700 6397.279500 6127.109000 6175.209300 5992.867600 6266.182000 6382.566400 6543.864400 6111.766000 6183.506500 5912.538300 6391.399600 6555.705000 6366.101900 6425.568700 6522.237300 6526.150600 6515.166900 6237.679300 6544.407000 6113.748900 6091.718600 5754.143200 6178.805200 5501.207200 6604.331200 6104.937700 6209.239600 6148.382200 6305.112500 5873.753100 6574.601900 6027.367500 6319.538700 6246.384300 5889.228400 6147.123700 6355.344400 6490.918000 6455.643600 6313.277500 6454.517100 6017.273700 6047.315100 6473.539500 6121.907100 6446.640700 6623.418200 6332.886400 6446.433600 6784.744500 6161.273400 6051.118000 6341.385900 6073.310300 6502.879500 6080.045300 6366.375400 5889.164300 6278.210900 6269.809100 6336.494500 6217.794800 6206.260100 6422.036500 6374.459400 6461.553700 6167.453000 6389.607400 6371.820200 5925.716700 6232.334800 6211.762300 6272.727000 6283.292800 6220.330300 6361.839700 6116.803600 6458.301300 6411.969400 5976.997800 5882.926600 6007.458600 
6130.209800 5664.164300 5849.950800 6192.670900 5807.649900 5780.034900 5535.879600 6023.387100 6133.360600 5790.363600 5622.414800 5875.727600 5717.695100 6181.985200 5723.113000 5573.607200 5946.869500 5656.061600 5686.067500 6081.362600 5805.276800 5999.603300 5343.977400 5745.957700 5748.917700 6115.975300 5794.919800 5988.490300 6030.870200 6282.549900 5603.129000 5836.236400 5924.652900 5823.569600 6066.772400 5709.654900 6006.907000 5994.104300 6016.409500 5732.166500 5855.818700 5569.049600 5487.467100 5760.669900 5488.586800 6318.155000 5978.922900 5733.514600 5777.279600 5980.541800 5888.485100 6124.355700 6030.342300 5722.440000 5894.945100 5805.407200 5792.721300 5819.372000 5346.903800 6267.283600 5739.933200 5856.270300 6244.788300 6008.559800 6039.105500 5855.583700 5735.958600 5561.442500 5875.949100 5754.349200 6104.703200 5559.081500 5415.977500 5996.146800 6014.700100 5464.440400 5718.061500 5988.548900 6166.513000 5709.634000 5607.065000 6055.021900 6035.082600 5601.423900 5713.090500 5990.998100 5721.023200 6076.025500 5823.280800 5976.010600 5794.141300 5843.821900 5717.822100 5916.126000 5832.238900 5995.092600 5716.989300 5874.476300 6063.489600 5733.385700 5498.687800 5747.353800 5722.020700 5592.758500 6157.897800 6015.338600 5753.677300 5775.166600 5591.031600 5862.786700 5909.449300 5876.896100 6067.990200 5709.780700 5899.674600 5796.071600 5644.960500 5942.734700 6090.129600 5772.624300 5882.989900 5755.909900 6009.565900 6066.382400 6017.234400 5972.109700 5772.122000 5474.465800 6034.789900 5902.022200 5804.077300 6137.334500 6320.339400 5968.944800 6035.901000 5611.615300 6133.006200 5633.589800 5795.784600 5352.552700 5719.883400 5359.793800 6040.052000 5599.341100 5768.351400 5775.381700 5888.184100 5585.151600 6223.016300 5624.645200 6010.231800 5884.184500 5532.995900 5606.233000 5780.709100 6124.517000 5904.740900 5742.179000 5937.936400 5897.675000 5617.025200 5966.239400 5734.995900 6010.238400 6284.388400 5811.550100 6146.560000 6131.796400 5604.364800 5649.274000 5775.613800 5637.461800 5870.294300 5725.191500 5747.350400 5429.388300 5854.847100 5757.793900 5909.896500 5677.780500 5741.545000 5924.181800 6112.125500 5985.690500 5784.560300 6089.993600 5776.659900 5545.618200 5714.297000 5771.382800 6039.096900 5965.375600 6022.263600 6095.307100 5788.636700 6086.802500 5945.739000 5750.923100 5638.124000 5419.762600 
6013.056600 5685.202400 5940.824900 6097.531400 5911.431900 5656.159000 5861.402400 5975.812700 6023.420500 5668.438500 5766.589000 5802.808300 5403.059300 5853.567100 5661.287900 5542.751500 6137.254800 5662.027900 5544.705900 6097.600000 5892.582200 5969.260500 5365.424400 5720.926100 5663.706600 6122.967400 5666.319400 5967.640900 6040.648300 6104.209800 5845.826300 5747.231400 5941.774600 5941.077200 5982.722200 5868.508200 5872.939200 5901.153400 6168.425500 5827.740800 5858.416400 5726.535900 5516.379900 5729.996800 5509.317000 6313.850700 6058.687000 5740.371800 5647.862500 6017.950400 5959.355400 6149.588300 5908.702000 5639.634900 5788.595300 5535.382700 5677.471100 5541.806100 5289.337100 6101.620200 5761.159800 5742.916300 6170.122000 5855.328500 6002.898600 5862.748400 5817.380300 5723.636900 5803.354300 5679.043700 5934.905500 5590.778700 5485.131700 6050.296500 6013.248800 5596.532200 5757.258900 5715.215900 6136.306600 5835.849200 5563.738900 5854.506900 5948.657000 5720.730200 5683.526700 5727.115700 5898.181500 6188.287100 5845.810500 6119.039300 5734.377000 5903.801700 5800.720900 5964.941000 5668.473800 5905.985500 5841.059800 5758.841600 5920.057400 5917.980500 5787.036800 5578.600500 5527.456000 5616.207800 6021.516900 5960.389500 5833.810300 5947.599500 5695.829200 5828.395700 5866.560900 5849.025900 6120.254000 5652.724200 5854.029000 5729.895200 5864.007600 5863.199300 6066.759600 5733.702000 5801.705600 5550.110500 5902.728200 6009.650700 6336.322600 5803.438200 5606.670700 5482.405200 5985.272000 6103.035500 5865.009100 5864.124100 6354.111600 5821.198900 5976.026300 5892.738900 6016.260600 5696.060700 5676.636000 5434.116400 5806.832000 5116.922700 6020.798000 5580.239400 5788.307300 5555.602700 5707.525900 5407.143200 6011.340800 5866.057300 5787.815600 5730.611000 5524.697900 5726.723600 5776.318700 5909.630200 6031.702200 5824.946700 5973.739500 5848.787500 5587.647500 5931.697300 5625.095900 5876.230100 6333.102000 5952.900100 6122.975300 6227.071600 5614.143300 5828.026600 5732.593600 5925.540400 5827.267400 5548.970800 5736.933800 5414.511600 5984.521600 5817.575800 5817.874200 5731.380500 5701.931200 5674.701500 5893.514100 5882.525400 5690.569100 6011.493600 5933.829800 5541.772400 5806.903100 5677.575300 5857.030100 6011.424600 5820.385800 5975.438800 5583.165500 6158.040400 5834.837900 5524.269100 5490.881400 5608.742400 
6563.648600 6337.434400 6493.161100 6917.626000 6440.546700 6385.022500 6367.232900 6519.636000 6684.940600 6256.445000 6399.173100 6508.065300 6271.530800 6842.757800 6313.052300 6281.434900 6845.745600 6284.861600 6370.183000 6702.393400 6144.498700 6559.901200 5959.161300 6470.216200 6293.573700 6816.502900 6203.956200 6494.664600 6744.817100 6932.695700 6597.011100 6596.063500 6568.014700 6444.003100 6621.448600 6453.054400 6498.225500 6517.974400 6694.915500 6119.171900 6614.034900 6239.191800 6184.186600 6648.478500 6141.486700 6940.540400 6729.193700 6328.098600 6405.808900 6794.057900 6406.678400 6785.576800 6562.562100 6371.770900 6504.464600 6378.913500 6448.084800 6281.941900 5971.476800 6623.571200 6206.092500 6601.606800 6719.628100 6627.184000 6512.869500 6666.797300 6318.236600 6332.183700 6411.708500 6344.762400 6701.552500 6550.291500 6105.974000 6642.662900 6659.896500 6111.873000 6341.934600 6542.243600 7077.409400 6594.395900 6424.913900 6460.810200 6731.552200 6297.044300 6416.227900 6489.819300 6274.596900 6752.943200 6353.412400 6803.939500 6124.998800 6584.628400 6483.629900 6391.007300 6453.861300 6543.014800 6304.279000 6380.610200 6823.210100 6494.546600 6286.505000 6277.684800 6162.803100 6365.465600 6585.313600 6596.016800 6121.709800 6475.221600 6195.999600 6384.235600 6776.829900 6331.981900 6750.143600 6437.675100 6523.140600 6328.790900 6595.092600 6560.290400 6703.908400 6177.428200 6494.910000 6110.812200 6370.399200 6812.640600 6710.807400 6584.236800 6395.089900 6075.394000 6441.609600 6590.523600 6244.351000 6716.424300 6746.387900 6526.077000 6594.109300 6354.218800 6678.278900 6192.365000 6526.808800 5952.303000 6516.389800 5878.085400 6665.520800 6173.068700 6421.863300 6113.797600 6429.277600 5997.907600 6641.961200 6259.289600 6552.387100 6458.010000 6069.374100 6044.636600 6411.575200 6559.594000 6387.221600 6416.838000 6781.924100 6471.378900 6343.954600 6606.806400 6296.053300 6587.410600 6998.148200 6606.446600 6585.211600 6887.071000 6603.638500 6190.463300 6312.906200 6308.970400 6364.078500 6171.410800 6302.180300 6013.802000 6539.878000 6519.003300 6572.987600 6299.492500 6235.726500 6451.066300 6537.288800 6633.858600 6397.663500 6489.551500 6639.624900 6132.904700 6311.774300 6332.759700 6247.814300 6716.257100 6299.929900 6697.954800 6270.815600 6616.698400 6525.464600 6076.109300 6140.604800 5930.781600 
5976.936500 5682.866300 6052.619600 6286.755800 6061.067000 5971.908100 5834.336300 5924.403400 6127.929600 5815.423800 5659.653900 5873.879100 5710.181500 6314.546300 5858.919300 5637.933900 6309.441800 5804.542500 5603.053600 6287.430900 6068.279200 6082.384000 5471.868800 6042.092600 5937.467100 6288.315600 5757.915400 5933.580600 5972.398400 6162.777500 5959.768200 6047.369100 6036.652600 5957.695100 5989.676700 5956.497500 6298.470200 5876.927700 6317.436100 5845.228300 6098.926600 5667.698900 5586.991800 5809.620400 5589.904000 6220.004300 6109.781100 5957.479000 5676.300100 6043.418300 6068.974400 6304.897100 6085.172300 5662.961600 6024.093500 5867.630100 5761.045800 5811.917800 5352.322700 6152.955000 5963.432400 5945.148300 6149.999400 6003.030800 6115.955200 6192.264700 5726.762600 5905.021100 5991.448400 5769.603400 6218.596100 6031.028500 5431.676600 6149.600200 6196.502800 5576.776500 5988.894300 5959.720500 6411.566500 5948.539800 5872.311300 5924.572600 6145.274900 5974.872800 5669.079200 5979.074800 5855.424500 6385.303500 5851.459200 6344.842600 5947.481700 6073.359000 5725.803600 6148.408100 5892.650600 5924.588100 5713.804400 5877.596500 6048.834500 6026.476400 5650.309400 5862.568900 5825.255500 5889.058300 6227.137700 6024.662400 5806.011700 6024.925500 5686.773700 5987.620600 6062.302700 6013.134100 6238.913100 5795.884800 5940.517100 5747.557200 5827.074500 5982.766100 6284.003500 5717.494600 6036.256600 5797.854300 6003.126400 6209.498300 6132.136900 6199.052600 5760.703100 5537.242900 6048.270500 6062.531100 5823.410800 6181.686300 6404.351200 5834.008500 6173.134300 6080.919900 6201.116400 5882.261200 6054.140600 5668.321300 5970.208400 5248.999500 5962.043400 5814.991700 5907.181500 5756.666100 5776.450200 5529.933400 6246.280300 5679.258200 6121.308600 5848.728000 5591.547600 5855.200000 6072.494400 6110.504000 6084.050000 5997.786300 6082.442100 5894.052900 5671.322000 6149.392600 5796.943900 5879.365500 6474.206100 5958.430100 6189.736400 6259.710800 5803.313500 5730.925300 5871.821900 5936.290600 5915.465400 5657.733800 5985.818800 5508.925900 6069.541400 5981.510000 5913.772500 5931.313800 5630.429000 6060.453600 6262.194400 5973.539300 5820.592400 6287.553100 6089.294800 5612.809100 5956.043100 5608.372900 5834.087400 6317.853700 5951.867300 5995.305400 5878.767800 6184.863200 5967.338900 5814.347900 5626.448700 5663.333300 
5914.672000 5515.514300 5825.448500 6023.366600 5912.608100 5601.549200 5503.204800 5962.561500 5890.248800 5356.952300 5516.677500 5752.828100 5389.430200 6018.688700 5831.314800 5653.180300 5934.752200 5648.927100 5424.953300 6037.556500 5680.084300 5956.470900 5374.698000 5731.241200 5540.425400 6046.465300 5645.599300 5875.358100 6050.433900 6000.572500 5749.321100 5714.074700 5829.069400 5963.508800 5966.175500 5732.401900 5920.668700 5781.539800 6044.244100 5773.621700 5717.365200 5500.870100 5592.829000 5791.152600 5487.383500 6086.664600 6066.160100 5753.278200 5512.244900 5984.676300 5872.012500 6203.511100 5852.356000 5674.661200 5869.887900 5622.461300 5672.899700 5732.284800 5346.735800 5911.698500 5599.716700 5917.650500 5951.040700 5947.061200 5852.115300 6139.489800 5582.141500 5432.217700 5873.247200 5695.920400 6184.255300 5551.511700 5527.009200 5926.484200 5739.297400 5461.503400 5915.589400 5820.647300 6121.192000 5816.775900 5727.260400 5887.176000 6009.176600 5800.661200 5776.161500 5773.617600 5642.914000 5941.690600 5869.398400 6062.413700 5555.839500 5786.064700 5787.376100 5795.914700 5821.010000 5831.177600 5957.137700 5794.162600 5853.624700 5734.735300 5593.567100 5654.900000 5447.287200 5719.286100 5996.110600 6082.332000 5691.371600 5784.185000 5605.108800 5625.334500 5780.781000 5572.974800 6119.474600 5687.225200 5672.657300 5703.546500 5951.881400 5939.169600 6121.905800 5632.027300 5900.662600 5390.407800 5814.770600 6037.062100 6043.030300 5870.565000 5691.905900 5434.225100 5905.707400 5821.948100 5586.560100 5927.166800 6114.256400 5861.052200 5991.304600 5463.125300 5912.258900 5601.357100 5877.065300 5154.766700 5790.594800 5098.074700 6009.421500 5694.649100 5699.210700 5596.364800 5693.828200 5259.960500 6025.817400 5793.882100 5742.549700 5778.223300 5452.235100 5630.939200 5994.129600 5901.664600 5973.413600 5672.116200 5951.969300 5715.816000 5643.561000 5870.100300 5577.452800 5831.685700 6365.896300 5957.411400 5787.272500 6137.961900 5884.116000 5649.025900 5679.934700 5614.745300 5783.949000 5561.627600 5824.249400 5589.171400 5858.683100 5429.839900 5965.830700 5628.945800 5805.047600 5808.403400 5848.458700 5871.129900 5813.145900 5934.073400 6008.922100 5643.360500 5727.044100 5281.330700 5656.714700 5823.680500 5667.854500 5901.885700 5717.007500 5930.234600 5973.825500 5671.236200 5499.383200 5406.750400 
6389.789000 5974.529900 6091.068000 6521.173000 6289.357100 6046.904900 6055.221700 6228.016300 6424.145400 6265.629800 5914.240200 6384.712900 5832.597700 6265.215100 6029.808800 6209.687100 6605.057400 5929.884900 6065.753700 6448.098700 6054.700400 6356.356100 5796.397100 5943.588200 6129.704800 6317.703300 6154.046400 6315.601400 6219.508800 6641.225600 5992.662000 6122.738000 6313.647400 6205.243200 6374.392400 6248.315800 6373.395800 6272.778400 6544.659200 6085.618600 6294.381200 6172.948100 6001.046200 6274.802600 5944.373200 6772.994600 6354.697000 6180.155500 6131.951500 6424.087200 6357.950800 6485.611600 6122.371100 6176.183300 6282.787300 6101.822100 6105.913200 6297.334100 5645.340300 6420.069300 6003.935100 6412.873000 6375.303400 6268.195000 6275.983000 6319.304800 6175.319400 6036.712900 6142.570300 5929.625500 6463.551400 6072.429200 5613.563900 6488.342000 6252.509600 5801.329400 6187.653000 6267.012300 6530.684000 6344.536200 6026.462100 6201.033100 6452.450600 6335.455900 5993.493800 6259.667600 6168.283100 6621.669000 6067.380800 6389.249700 6006.429800 6242.518600 6257.696400 6292.989700 6019.764200 6294.883400 6161.621500 6315.999900 6360.660700 6227.245600 6137.782400 6199.625600 5986.959000 6077.905900 6626.192400 6490.210000 6115.986700 6373.810500 5985.361900 6112.135900 6259.899100 6068.036700 6650.912700 6052.200900 6230.539200 6241.351400 6287.248900 6260.212200 6540.638800 6004.655400 6115.604300 6035.538600 6389.729000 6352.626900 6691.840300 6132.468200 6062.820400 5828.358700 6310.891200 6292.509800 6247.266400 6258.316300 6616.534600 6167.241500 6232.960000 6081.922200 6458.205300 6081.484500 6203.945300 5936.518300 6166.258300 5531.253500 6286.951700 5972.939800 6146.194600 5957.208600 5917.558600 5733.634600 6449.268200 6165.849000 6456.717700 6160.439300 5750.346000 5747.096500 6183.507600 6437.283100 6070.324200 6116.926500 6419.064000 6184.884100 6022.915900 6536.996900 6019.850800 6414.223800 6561.779100 6148.028100 6439.817500 6505.964900 6372.920000 6488.042700 6000.519200 6031.926800 6175.127400 5995.298600 6206.849700 5770.381400 6334.348900 6245.724200 6168.947500 5966.847500 5950.407200 6129.729200 6585.888900 6448.411300 6160.547800 6220.753500 6231.636000 5986.089900 6195.644400 6044.483100 6152.143100 6325.353300 6012.741700 6385.481400 6235.005500 6474.470900 6272.777100 5929.883000 5961.716300 6103.143300 
6437.877900 6138.685200 6253.553800 6354.086000 6352.867800 6242.650800 5964.696800 6445.475200 6542.569500 5903.621300 6026.454700 6375.503400 6044.328700 6600.265400 6099.031500 6003.527600 6763.062500 6131.743600 6046.396000 6426.199500 6370.979500 6367.220700 5521.701200 6165.934700 6170.390600 6604.306600 6233.355000 6450.535000 6373.672100 6465.816600 6168.928000 6299.042800 6261.598500 6234.988900 6446.229400 6219.906800 6301.997000 6266.693000 6504.699000 6226.501900 6218.744600 5984.812600 6050.569300 6103.968500 5946.824200 6736.309100 6533.312800 6213.572900 6222.565700 6451.733100 6392.708600 6534.347000 6297.595100 6141.210000 6224.251900 6122.057900 6064.991500 6152.691800 5767.770900 6434.218600 6061.566400 6199.327300 6530.810700 6328.259800 6422.063600 6345.504500 6177.959800 6130.511300 6438.934900 6125.327800 6518.843100 6134.866800 5964.753200 6292.815100 6444.756300 5752.611000 6259.473600 6495.606600 6758.148300 6045.374000 6044.428000 6398.585900 6407.871700 6338.927500 6401.347400 6337.689500 6210.655300 6721.531900 6324.268100 6583.419200 6110.418300 6342.408300 5996.859200 6300.421000 6000.271600 6389.535100 6158.648900 6210.003300 6527.299500 6185.453800 6092.472300 6169.148300 6071.203400 6080.449000 6596.150200 6698.070600 6088.895100 6242.766000 6252.387100 6027.908700 6325.382500 6286.720000 6527.614100 6048.011400 6287.436400 6252.432700 6244.602300 6218.760100 6558.529200 6261.918900 6379.560800 5962.983100 6088.218900 6464.781100 6776.170500 6334.849000 6314.190300 5894.581800 6276.179600 6533.333800 6103.456600 6341.389800 6581.770300 6255.423600 6448.113300 6136.826300 6584.094600 6061.847900 6088.714500 5884.419000 6174.516700 5507.823400 6595.132100 6165.129100 6125.139600 5914.659000 6157.241900 5776.511000 6492.529300 6129.659600 6368.328500 6192.826200 5838.923900 5968.673000 6411.897300 6468.202200 6454.239500 6166.244000 6364.664000 6243.413500 5996.372300 6261.250200 6244.000200 6322.011800 6572.862100 6020.361100 6544.306300 6713.120700 6216.062000 6130.871100 6200.161700 6059.415500 6473.975100 6009.675400 6447.865900 5890.963900 6319.752000 6212.774200 6339.445700 6204.671200 6142.135900 6232.576100 6420.190200 6400.389000 6227.866700 6249.588000 6357.123800 5723.199100 6111.495400 6044.132600 6093.151300 6511.916400 6035.533400 6397.074700 6156.162000 6546.224600 6228.431400 6098.116600 5975.004200 5882.706700 
6675.963500 6297.172800 6540.998400 6872.281900 6571.265900 6249.096100 6247.260800 6360.488200 6661.082900 6280.338800 6093.735000 6578.711700 6333.305400 6783.297400 6304.859400 6439.696700 6984.604400 6283.890200 6439.957600 6790.382400 6448.513000 6730.615600 5882.135600 6321.845600 6521.792500 6757.575900 6411.689500 6611.664500 6772.316200 6973.294200 6398.501800 6683.873200 6604.736200 6393.401800 6795.816100 6516.326300 6601.192400 6425.345000 6672.576300 6483.635900 6482.892300 6370.990200 6060.901400 6185.964200 6198.080700 7005.222300 6733.880800 6399.849700 6400.474100 6842.839300 6498.609600 7026.915000 6466.773200 6347.532300 6735.807600 6294.306900 6412.588400 6381.610700 5874.960000 6786.868000 6284.479500 6696.139300 6767.012300 6673.168700 6646.866000 6615.496200 6288.761000 6353.787700 6493.054200 6337.381300 6792.146800 6355.042900 6024.726700 6830.517700 6752.756300 5973.694700 6516.667800 6563.592100 6925.747900 6391.085700 6209.306400 6535.544100 6696.513200 6444.708900 6317.340300 6594.006400 6407.279100 6886.716800 6330.427800 6922.360100 6345.985700 6538.619400 6305.231200 6593.946600 6507.060600 6440.463800 6457.448800 6515.679300 6731.321400 6427.236500 6185.082800 6366.519900 6217.582900 6215.374900 6785.573600 6739.858900 6414.712800 6632.372400 6329.028000 6498.669300 6465.513600 6493.941100 6751.783400 6230.187900 6637.731000 6438.844700 6541.455400 6409.194300 6817.657800 6383.381600 6523.992900 6115.047100 6394.080300 6677.762400 6816.449800 6739.931800 6233.590300 6141.646500 6716.359100 6645.492200 6667.955800 6509.311100 6955.049900 6345.801000 6698.523300 6344.791500 6626.057000 6288.696000 6440.395000 6022.892300 6525.235400 5713.718400 6626.621900 6179.319200 6419.220200 6270.011300 6239.754100 6023.162500 6739.125000 6405.113900 6589.969400 6488.358600 6078.830100 6217.809600 6495.059000 6624.905200 6461.958300 6460.916200 6623.020700 6452.332900 6312.896900 6713.509500 6316.164100 6586.244000 7021.765700 6587.247400 6667.648400 6833.469400 6540.201800 6486.519000 6303.397000 6366.752200 6687.166900 6247.689100 6683.008800 5897.417900 6545.067500 6586.803100 6447.680200 6401.059700 6251.103300 6423.655400 6857.786200 6733.828700 6636.098500 6578.407600 6684.648800 6059.099500 6284.929600 6121.096600 6418.961200 6764.375800 6397.043000 6572.871700 6507.344200 6706.015700 6495.742800 6364.187600 6141.615100 6285.499400 
5893.250300 5335.366800 5857.574000 5887.626400 5985.414700 5828.127500 5684.186900 5804.308200 5854.879900 5593.548100 5714.158700 5865.902900 5394.786900 6100.628100 5763.060800 5656.313000 6051.324000 5601.173000 5612.646200 6080.333600 5789.184500 5908.175200 5256.437900 5719.841000 5825.471500 5889.577300 5581.689700 5974.362000 5852.456500 6000.330500 5813.864000 5874.811600 5940.349600 5900.313400 6160.262400 5674.888200 6020.076100 5882.190200 5964.395700 5748.473200 5853.533400 5526.948400 5452.876200 5653.496400 5449.915200 6262.431300 6032.786200 5813.133600 5640.655400 6055.347100 5816.196700 5932.095600 6146.881800 5640.301900 5774.350000 5635.618100 5700.138000 5694.226000 5356.365800 6088.121900 5719.830100 5694.067200 6199.597300 5811.799500 5930.614700 6004.663900 5753.953300 5567.157400 6021.011900 5622.594100 6002.675700 5594.195700 5478.189300 5782.540900 6128.924200 5471.998800 5665.228000 5668.605300 6038.130700 5707.291300 5684.502000 5884.093900 5900.957100 5867.282800 5746.712000 5893.771600 5778.922600 6232.798200 5920.181300 6140.236700 5406.920700 5854.302400 5842.560200 5819.639300 5668.677400 5812.450200 5767.202300 5690.588700 6022.498000 5890.909500 5596.240900 5653.316000 5680.519300 5530.860400 6238.515000 5983.130700 5676.199400 5764.834800 5653.610700 5681.573700 5646.262000 5824.274500 5975.572500 5526.771400 5876.413000 5803.237300 5833.408800 5819.731600 6085.426500 5682.568200 5963.991500 5587.262500 6037.022200 6106.881700 6063.480500 5722.391100 5736.397700 5362.432000 5911.795800 6026.863800 5902.180400 6143.695900 6145.164100 5653.026200 5902.444200 5738.924400 5848.645000 5547.616400 5682.439200 5316.246500 5915.594900 5019.385300 5981.633800 5655.818900 5717.562900 5388.560100 5746.680700 5361.962700 6063.273500 5767.611900 5999.718200 5663.555700 5557.985800 5602.127600 5869.113300 5940.315700 6029.168100 5729.311300 5917.340900 5643.616600 5427.654000 5797.450200 5725.464400 5873.396400 6235.641300 5767.510400 5874.959700 6221.819100 5634.749300 5794.257400 5770.735900 5513.643700 5957.260400 5575.581800 5641.250900 5407.717800 5775.717700 5900.676300 5829.304600 5906.867200 5779.943700 5804.234000 5916.728400 5832.764600 5658.890000 5818.145000 5882.792600 5396.078600 5745.949900 5714.320400 5648.191200 5826.758300 5591.581100 5957.614000 5675.040800 6147.922400 5829.294300 5699.647300 5524.310400 5418.099600 
5725.773600 5224.152900 5833.392800 5840.128000 5719.326400 5532.324200 5360.271100 5636.990400 5953.598400 5675.093000 5456.443500 5802.095900 5516.547200 5845.234200 5641.478900 5582.504800 5800.626900 5433.614300 5445.627400 6210.467600 5548.382700 5664.061200 5215.154100 5583.540700 5595.017300 5935.453700 5437.495600 5560.958100 5590.958200 5873.513800 5526.017300 5628.312100 5740.402400 5771.944700 5977.881400 5912.163500 5867.672800 5627.282400 5930.056500 5686.512000 5620.735500 5372.749000 5467.553500 5769.147600 5423.116300 6091.404100 5867.119400 5536.155500 5557.183200 5903.941200 5643.167600 6041.802300 5587.788900 5555.698400 5664.448600 5428.418900 5431.982600 5701.446400 5208.717300 5835.425000 5611.762800 5760.375000 5817.778700 5930.528300 5708.288400 5847.821500 5485.606100 5513.204600 5729.606200 5321.505500 5925.774800 5542.245000 5334.525400 5865.605400 5782.922300 5218.541100 5666.365300 5847.420800 6042.670800 5652.986000 5465.820300 5804.971500 5680.547000 5739.700200 5548.465800 5756.408900 5565.212200 6007.447200 5348.520600 6045.035700 5473.135400 5652.873200 5586.866700 5673.803200 5636.398100 5598.956500 5583.403900 5588.198600 5781.954700 5743.356900 5494.783600 5518.840200 5491.375900 5580.221900 6079.616300 5919.229600 5334.281600 5782.560500 5453.580500 5612.622500 5858.771800 5670.095600 6020.399100 5656.560600 5775.292400 5462.968200 5433.783600 5645.555100 5876.061500 5544.304200 5734.901000 5421.954800 5590.919800 5979.185100 6053.592200 5628.090600 5535.934800 5608.231100 5857.598500 5680.302300 5497.918400 5715.184800 6085.871900 5708.613500 5882.985300 5704.026900 5798.250700 5493.424500 5697.609500 5270.633700 5702.673300 5021.515800 5862.471200 5560.655500 5591.862800 5148.542000 5714.708800 5254.226900 6064.377400 5652.258700 5847.160500 5468.817700 5254.493200 5587.742800 5640.462700 5900.197900 5540.068800 5569.020700 5854.980600 5615.141300 5462.814400 5765.180100 5479.110700 5623.052000 6050.170300 5658.802700 5972.304500 6024.593900 5692.634500 5911.373600 5627.337300 5530.388800 5718.736700 5366.380000 5692.960300 5367.099600 5745.127700 5633.236700 5744.160000 5283.183200 5513.899500 5530.088200 5919.342100 5718.077100 5644.203500 5743.245700 5692.767500 5429.522500 5604.713500 5465.804600 5682.124500 5861.327800 5428.169200 5681.660000 5552.945700 5806.308000 5662.185600 5265.533000 5350.046600 5139.314400 
6383.634100 6151.909400 6301.641200 6658.825500 6329.687500 6292.647800 6084.541000 6558.406800 6588.236200 6115.292000 6166.661700 6285.685800 6021.138500 6748.664900 6276.257300 6204.025400 6801.995900 6265.648600 6116.278900 6405.769000 6291.754000 6495.301800 5817.791100 6285.177100 6300.051600 6757.121200 6130.826000 6462.082700 6413.969100 6667.155500 6290.999200 6335.797400 6311.680800 6357.016500 6552.462900 6330.553300 6362.399000 6364.072700 6669.100400 6292.199100 6436.869600 6109.787400 6041.334100 6302.174700 6007.791800 7013.080800 6634.960100 6302.172500 6315.296300 6495.159900 6452.329900 6604.139200 6485.079900 6122.126500 6211.999800 6264.123700 6213.249300 6225.106000 5755.079300 6429.279600 6056.234200 6525.513500 6455.208000 6517.377000 6548.047900 6615.938400 5994.218600 6291.699500 6495.644400 6069.407100 6561.415000 6045.378100 5885.264000 6568.747300 6462.307600 5851.963400 6207.101500 6440.616400 6836.776700 6345.331400 6307.124600 6380.787400 6724.333400 6092.396500 6295.807600 6433.745000 6106.770400 6638.417100 6282.659300 6554.274100 6208.298000 6438.835200 6062.560400 6272.366100 6236.473200 6304.576500 6203.701200 6312.969400 6633.464300 6293.567700 6294.965800 6232.076100 6215.982800 6205.666100 6472.620500 6390.663500 6173.494200 6424.719600 6211.550800 6350.209500 6533.802800 6351.545200 6553.750000 6204.940800 6265.771400 6104.025700 6284.325900 6279.988300 6502.952600 6265.230000 6150.068500 6093.983300 6198.292100 6745.599500 6516.796900 6373.424900 6229.748400 5921.512400 6303.540100 6495.916900 6210.462200 6474.676700 6526.526500 6365.596900 6437.393100 6338.997500 6712.364400 6243.299600 6264.313000 5831.120600 6233.932300 5686.665300 6522.899400 6047.768900 6405.889300 5952.596400 6131.903500 5811.275800 6660.475100 6182.745200 6302.618200 6341.212800 5881.565600 5961.820900 6178.831300 6476.793200 6344.241800 6448.391400 6592.056900 6324.993300 6135.223300 6475.974000 5983.767900 6473.023200 6637.325900 6367.911500 6686.813500 6709.773600 6236.393300 6068.602000 6084.108700 6286.258600 6452.083800 6162.173900 6396.346100 6052.353700 6370.747700 6232.125400 6244.175700 6194.018800 6167.707500 6322.268100 6520.908700 6449.174700 6411.947400 6559.118500 6450.918300 5882.106700 6057.156400 6290.802100 6455.575000 6558.106800 6244.197600 6388.596200 6196.761800 6487.451400 6309.963900 5980.847600 6000.177300 6089.852200 
6276.918100 5915.670900 6223.644100 6443.687100 6268.453500 6094.939900 6076.783600 6228.233100 6237.485200 5966.737100 5980.099200 6362.265700 5894.423300 6422.364000 6065.870300 5986.642900 6613.245300 5964.677000 5929.438100 6554.690900 6084.361500 6347.741700 5630.027600 5968.227900 6148.495400 6470.606700 5969.884200 6231.006300 6360.559400 6385.457400 5990.155800 6231.228000 6227.285800 6231.353800 6528.268700 6181.214700 6406.588600 6085.575500 6407.141600 6185.098400 6282.687300 5771.078700 5863.380100 6202.269400 5917.301000 6577.555900 6345.098400 6055.753000 6127.171000 6294.305900 6225.088000 6547.869800 6342.287700 6001.640200 6153.970800 5979.943600 6110.673100 6060.162800 5600.106900 6282.204400 5877.940300 6225.034500 6372.000800 6294.244000 6159.456500 6176.072200 6017.125800 6048.702700 6158.758800 5929.887300 6486.367100 6160.924200 5883.553800 6310.475200 6426.618000 5690.659800 6168.419800 6149.688600 6545.764800 6032.873100 6136.074100 6240.079600 6462.241800 6313.487400 6053.669500 6143.863200 6054.435400 6514.725800 6109.269100 6408.079400 5947.701100 6190.006200 6075.075400 6157.202300 6336.114400 6094.794600 6087.981600 6347.821800 6288.817600 6193.358800 6044.118800 6024.025100 6003.116200 6102.875700 6425.465800 6168.448700 6046.234700 6257.604600 6012.102300 6056.587500 6183.110400 6083.777100 6467.740300 6124.585600 6205.618600 6148.946800 6184.390600 6382.586400 6628.507200 6025.242500 6241.454300 5989.726900 6338.520300 6359.224200 6513.427300 6249.076800 5998.739100 5764.565400 6244.619000 6324.636100 6055.713000 6229.713500 6540.235500 6020.445500 6375.460600 5956.098300 6418.296300 6033.442500 6227.336400 5672.339700 6229.134900 5393.721500 6159.826800 5888.894600 6029.231700 5957.793200 6086.941300 5551.717800 6420.507700 6086.497400 6149.228900 5984.439100 5751.296900 5972.226200 6195.695100 6334.075500 6324.743600 6247.413400 6199.766200 6011.079100 5798.257000 6333.732800 6056.938100 6314.254300 6817.750400 6084.889200 6335.465300 6397.323000 6149.413300 6148.851200 6035.286500 6170.063200 6180.460300 6029.995600 6159.801400 5758.486300 6331.410200 6114.011800 6164.276400 6108.235900 5965.510100 6154.906500 6371.524100 6173.789000 6137.387500 6223.050500 6393.370200 6011.183800 6094.492500 5994.721400 5977.676500 6533.793300 6080.434000 6502.585700 6160.676600 6383.300100 6258.694600 5836.577900 5858.826000 5851.598200 
5715.689900 5459.385500 5740.483400 5956.229700 5697.658900 5518.167900 5481.266300 5709.917400 5853.342300 5457.634700 5475.169100 5808.794400 5414.337400 5751.112700 5757.865800 5391.236200 5837.638300 5647.415500 5403.066100 5726.061800 5631.161100 5691.543200 5067.469700 5588.129000 5639.482400 5897.660500 5496.873200 5827.851100 5949.219300 5961.331800 5627.998600 5609.857100 5688.076400 5685.520100 5965.631300 5623.707700 5695.339100 5718.576800 6169.871900 5692.037900 5630.148300 5503.110000 5343.086200 5636.047000 5551.479100 6176.010700 6016.511800 5506.612700 5485.019700 5836.035400 5708.104200 6060.816800 5967.315700 5334.680600 5770.307500 5475.410700 5437.548500 5552.040400 5280.957500 5735.586800 5300.507600 5768.397200 5838.054800 5700.317200 5806.852200 5926.102500 5302.919100 5468.573600 5714.745600 5553.536500 5779.040100 5575.052800 5360.643100 5902.806200 5664.987800 5267.224200 5652.042700 5614.118000 6281.699800 5712.528800 5587.603700 5849.037800 5752.688700 5766.863100 5527.505900 5597.588400 5498.626000 5916.876500 5590.072700 6001.866200 5451.356400 5852.520800 5647.619700 5940.881200 5665.161800 5616.119800 5611.463300 5537.636700 5745.360500 5522.006100 5685.204700 5560.114800 5639.657000 5538.458600 5865.667800 5912.300000 5521.692800 5792.253700 5596.933300 5626.461400 5842.890400 5801.118900 5774.903700 5506.149400 5415.481000 5745.677800 5627.652200 5695.450700 5850.735300 5474.028100 5681.500300 5488.844800 5605.590000 5959.329300 5949.020900 5807.298300 5382.532100 5403.865500 5695.230900 5770.273500 5735.941600 5769.530400 5973.838900 5787.153800 5816.226600 5653.105900 5765.084600 5635.695300 5649.905200 5104.458400 5835.820300 4893.233700 5781.639700 5337.591400 5506.450000 5325.659600 5485.229300 5174.190200 5863.165600 5772.606200 5728.428100 5561.614600 5242.432500 5470.750400 5577.530400 5810.698700 5792.038400 5654.034100 5918.123900 5489.788100 5625.470600 6075.269800 5496.032900 5795.211400 6172.431600 5733.049800 5846.950500 5961.931100 5724.646900 5667.656100 5382.833800 5518.541700 5986.049500 5354.075400 5872.250800 5131.442900 5648.011900 5702.335600 5555.894200 5495.724400 5610.444600 5638.325100 5881.321700 5764.110100 5707.723700 5752.889400 5782.400100 5410.943500 5687.820200 5434.690200 5567.738800 5650.738800 5553.782500 5810.183700 5455.313200 6030.745000 5611.198400 5469.502400 5280.380000 5226.642600 
6357.242900 5826.710400 6279.134400 6289.099100 6406.745600 5913.707500 5952.171400 6386.007700 6339.461300 6069.476400 6056.193900 6134.763500 5890.233000 6352.813500 6178.783300 5934.528500 6220.987800 5906.744600 5881.622200 6299.715900 6217.441300 6210.272100 5483.511800 5911.414600 5823.320500 6366.392300 5823.131600 6175.911400 6126.767400 6265.365800 5943.249100 6140.839600 6068.958500 6160.022000 6329.927100 6200.975300 6221.916200 6217.901300 6438.631000 6114.748800 6037.519900 5853.714000 5797.029100 6145.064800 5879.531300 6552.193600 6409.001500 6109.625100 5861.290300 6240.858600 6235.173100 6590.839900 6224.564100 6019.129900 6067.599000 5840.968200 6054.689100 5948.134300 5635.712700 6446.294800 5849.379500 6133.913500 6483.301600 6093.348700 6168.367400 6179.224900 5831.904900 5970.764300 6236.388900 6031.035300 6465.057300 6068.618900 5736.461100 6255.993200 6226.041800 5900.236100 6156.310500 6264.296700 6502.176000 6111.819800 5898.261000 6129.480200 6297.287100 6114.151100 6098.521000 6316.950500 6105.927400 6561.708900 6180.058300 6444.821100 5987.335100 6068.658900 5937.729400 6284.651900 6229.816900 6198.530200 6127.367300 6213.428200 6138.945100 6047.363400 5899.521500 6022.987200 6012.481400 5977.950300 6232.283400 6400.541100 5956.110300 6157.664600 5914.033400 6032.586600 6275.176700 6138.646600 6310.773500 5894.443900 6002.022600 6089.332600 6243.944200 6406.334800 6348.965300 6000.759200 6209.473100 5752.578200 6210.029400 6291.274700 6502.656600 6120.987600 5944.835500 5734.291100 6114.863300 6350.114600 6180.392300 6016.189400 6454.270300 6192.642500 6413.065100 6030.640200 6327.840000 5866.792300 6168.450900 5434.879500 6149.667900 5161.664000 6303.652200 5904.995300 6035.627400 5850.189800 5968.035900 5803.539200 6450.576500 6172.097000 6148.606300 5929.818100 5740.079300 5928.215100 6214.711900 6266.586900 6091.253100 6176.890100 6339.617700 6240.028900 5901.324700 6393.658200 5963.116700 6211.803400 6512.286800 6089.858100 6234.802200 6471.270700 6039.570800 5990.475400 5822.096300 6020.972900 6333.254100 5845.104800 6144.670400 5523.981800 6125.115900 6063.104600 6226.494700 5917.165000 6038.082600 6187.430300 6235.626500 6337.534000 6260.020300 6421.953300 6349.741500 5801.320400 5928.857500 5966.955800 6055.828100 6084.515300 5895.447400 6318.662500 5994.465200 6124.464200 6222.374100 5922.766000 5847.447800 5593.593200 
6052.050700 5519.086900 5762.219000 6152.896600 5862.930400 5721.264500 5764.903700 5744.835900 5944.275300 5695.427800 5467.528900 5873.212300 5671.955200 6280.936000 5777.826700 5720.310100 6122.645600 5599.305000 5621.558100 6168.644200 5754.993600 5919.172200 5308.299500 5588.240900 5518.834500 6151.344500 5794.486900 5886.316800 5783.247300 5939.634000 5745.563900 5947.250800 5823.120900 5833.035100 5949.803200 5724.429900 5885.814400 6010.556100 6039.909100 5781.834100 5867.020600 5588.257300 5582.071000 5754.036800 5430.577700 6066.822600 6054.146900 5636.715700 5648.522300 6020.629400 5966.543800 6305.482300 5985.118900 5648.619900 6026.637700 5474.600500 5719.633200 5606.186700 5300.753700 5884.169900 5559.500800 5705.499900 6215.796800 5930.912200 6016.455400 6025.710200 5611.319700 5711.092500 5854.075300 5784.714200 6173.840500 5777.489400 5550.001500 5873.943600 5960.834300 5534.588600 5740.456000 5788.714400 6095.911900 5722.684300 5823.797000 5996.793500 5886.005800 5794.463700 5997.387100 5841.204500 5810.160800 6050.403700 5585.720900 6160.347900 5690.487800 5708.931500 5571.339500 5801.724000 5918.852000 5931.529700 5807.257500 5810.822600 6193.517000 5742.870500 5773.494600 5627.616000 5610.634600 5613.757800 6094.112600 5942.240700 5689.126000 5720.444700 5647.115100 5916.560600 5781.854000 5876.892800 6139.609000 5723.097100 5810.554000 5711.136500 5940.026900 5851.554700 5953.982700 5800.358100 5692.060800 5506.670300 5951.881700 5990.582500 6186.811900 5803.353500 5811.905100 5596.965100 5949.950500 5944.005600 5936.488600 5974.183400 6051.056400 5744.016800 6291.675800 5765.501000 6069.838700 5592.361200 5899.060600 5472.219500 5760.173700 5187.958800 5912.680200 5656.436500 5713.483400 5551.452100 5858.482300 5403.270500 6074.391500 5728.265600 5807.728200 5857.590900 5526.613200 5572.909300 5912.619300 5911.917900 5855.876900 5729.927100 6126.598600 5866.693000 5545.403700 5924.359500 5582.797800 6005.447300 6184.961300 5870.310300 5963.701600 6285.717900 5757.596600 5671.292300 5690.415100 5651.246100 5928.384800 5595.171100 5626.159200 5502.430500 5876.163800 6000.362500 5959.042900 5671.452000 5776.467000 5680.644100 6027.400200 5797.131900 5897.666600 5912.217300 6007.463800 5292.467400 5516.134000 5540.625800 5716.863700 6065.213000 5627.785700 6131.226000 5588.840600 6203.876200 5797.178800 5653.086100 5659.588800 5445.657400 
5886.373900 5613.744000 5847.601300 6183.325900 6063.275300 5858.487000 5745.765000 5868.875400 6088.131200 5713.271700 5491.731500 5902.780100 5580.495700 6179.768300 5920.008700 5647.161000 6257.779800 5484.931800 5828.532900 6256.632200 5956.919200 6075.417400 5560.156000 5861.564500 5867.233900 6327.666800 6027.188500 5969.601700 5960.851000 6048.597700 5993.689800 5855.204700 5907.518400 5974.045200 6059.827400 6003.391200 6040.196500 6082.652000 6296.994800 5857.810000 5868.137800 5604.086700 5660.771700 5914.256200 5578.448000 6384.892500 6140.876100 5888.901300 5674.489000 6161.021200 5971.079000 6237.518800 5829.939900 5945.398600 5797.240300 5696.151300 5871.524300 5996.092600 5427.751700 6193.933600 5727.780000 5952.201300 6237.830100 6127.115600 6097.087900 6055.963300 5803.318700 5687.956900 6029.059100 5734.544500 6205.619900 5921.997500 5493.481800 5977.738100 6060.258500 5579.577700 5803.926500 6075.630600 6438.796000 6053.724100 5889.564100 6073.564800 5994.022400 5839.529200 5864.845800 5982.082500 5859.389100 6284.176200 5974.259900 6234.726300 5722.652600 5987.504100 6002.681800 5987.499200 5912.387600 5991.122700 6014.061100 6040.156900 6112.273200 5862.596900 5760.264000 5870.531000 5771.996300 5805.694000 6102.379400 6042.483500 5919.140500 6058.688800 6008.310000 5927.560400 5789.011300 5894.661100 6265.083500 5789.544000 6088.382600 5872.762900 6069.455400 5922.387500 6119.856700 5813.510000 5992.027200 5783.392900 5799.641300 6234.719800 6271.034400 6035.149600 5712.616300 5589.925100 5924.026000 5954.226900 5840.945200 5928.792500 6227.469700 5748.622800 5954.989800 5820.275400 6231.082900 5802.455900 5845.590600 5423.636500 5708.716500 5151.018500 6067.154000 5752.853100 5706.999900 5806.647300 5721.924900 5449.966300 6275.858100 5753.697400 5901.590400 5771.923600 5523.249900 5707.794400 6035.587300 6000.493200 6064.120500 5760.015700 6091.603000 6039.909800 5757.043200 5890.902200 5844.411100 6073.350700 6259.144600 5877.149900 6082.779700 6367.309000 5904.354300 5913.097900 5858.136300 5751.848500 6020.470400 5715.556000 5979.950800 5501.009700 6110.018400 6016.838000 6012.025100 5921.475900 5766.129000 5956.048600 6059.280500 6169.964300 6004.499800 6029.913200 6012.221700 5528.976400 5771.413800 5771.242400 5767.380100 6015.104000 5795.997500 5979.665700 5920.670600 6362.470000 5978.689700 5854.252800 5767.196700 5531.050400 
6465.986700 6142.048100 6492.077800 6538.843800 6354.420000 6323.436000 5994.861200 6532.501100 6431.873100 6155.945700 6082.043400 6249.836700 5987.800500 6547.033000 6354.751500 6083.780800 6656.969000 6134.063100 6137.714600 6604.596500 6246.740600 6313.279600 5750.426500 6142.396700 6242.587600 6600.300100 6190.860600 6368.626500 6469.946100 6467.054600 6271.508500 6363.295800 6486.389000 6300.240900 6711.350400 6333.060500 6548.153900 6259.548900 6563.203400 6346.814200 6403.215700 6156.398000 6183.947200 6322.249300 5959.864100 6841.395800 6542.192100 6405.058800 6164.658900 6510.807000 6385.453200 6810.356800 6663.728400 6118.236200 6472.966100 6136.654000 6095.497200 6059.676800 5932.710500 6651.055800 6138.432700 6446.830400 6568.078000 6437.806600 6429.378300 6452.559600 6076.109900 6193.913700 6300.515800 6133.549300 6662.654200 6203.854500 5991.853800 6462.343400 6585.678900 6057.517700 6178.011500 6459.940100 6582.227600 6233.745200 6124.916500 6333.230000 6373.233300 6330.609100 6147.949400 6233.221100 6163.834300 6525.235800 6144.615500 6775.095400 6221.139700 6377.283400 6190.827200 6236.116000 6251.890400 6503.180500 6263.645300 6218.424800 6543.399100 6490.303700 6323.437600 6040.309700 6173.124600 6133.457300 6560.128400 6461.088000 6143.629600 6366.987200 6064.729600 6389.217500 6496.494100 6170.951400 6646.244700 6397.306500 6224.082300 6244.569200 6201.663800 6330.235100 6396.342400 6067.334800 6304.407300 5972.215200 6384.962300 6580.743600 6789.846600 6290.346200 6183.676500 5959.315700 6503.783500 6412.025600 6164.701600 6535.213500 6607.638900 6299.691500 6409.518400 6167.503500 6420.643000 6082.396600 6285.488400 5802.040600 6395.637500 5575.444800 6551.464200 6076.804100 6285.585800 6095.292100 6175.829800 5754.296800 6554.504300 6200.147000 6401.242000 6301.098600 6242.912600 5943.879400 6337.362800 6426.863900 6486.093900 6269.608800 6465.263700 6277.288500 6113.334000 6540.106300 6168.166200 6505.258500 6744.121300 6495.923500 6544.358400 6648.766300 6246.180300 6217.081700 6090.013000 6116.788000 6436.602700 5923.041400 6390.542700 5939.062700 6397.507800 6335.356800 6246.555100 6068.933600 6093.879300 6168.996000 6560.629600 6434.830400 6283.606300 6340.298100 6401.024900 5993.277200 6244.332600 6030.039500 6248.820600 6323.631900 6133.410800 6502.918800 6306.372800 6565.478200 6338.517800 5902.367900 5904.682800 5954.516400 
6135.177600 5918.995600 6127.307900 6460.149400 6213.743000 6085.892600 5803.482500 6220.898400 6248.407700 5759.997300 5840.822500 6100.209500 5668.786900 6206.049600 6054.331000 5922.494900 6361.860300 5788.312600 5969.525200 6393.208900 5954.292400 6299.157600 5662.078500 5895.092300 5863.970300 6225.846800 6091.892000 6155.911200 6240.685400 6366.453200 5928.479100 6262.253300 6111.236900 6078.193100 6177.069300 6145.402900 6231.114800 6205.729700 6452.546100 6043.001500 6103.000200 5971.248100 5601.094500 5979.109200 5898.233700 6344.363500 6228.556200 6070.419100 5858.454700 6367.808900 6063.174900 6468.406000 6188.778600 5915.961200 6132.019200 5855.996700 6054.041400 6049.252300 5523.044400 6384.125300 5878.611200 6121.451600 6350.544400 6132.733800 6077.756800 6151.781400 5913.431500 5976.475800 6163.878700 6115.744300 6368.928900 6028.236300 5744.686000 6311.995700 6314.823400 5612.804700 6197.711600 6081.533000 6401.027800 6215.845700 5898.347600 6269.184600 6275.104200 6104.066800 6069.141500 6041.338000 6016.390200 6526.092300 5945.575800 6440.774000 6058.547000 6067.859900 6050.445300 6103.852000 6250.904800 5975.791500 6046.395200 6228.616100 6119.362400 6138.007700 5806.527400 5911.741300 5784.458400 5914.189100 6393.113300 6257.548400 5989.171800 6132.361700 5799.635500 6132.322900 6079.624700 5956.499200 6379.256600 5915.938600 6160.610600 6004.980600 6101.297800 6198.573100 6252.697400 5922.999100 6107.790700 5851.546000 6136.615500 6234.921600 6388.105000 6256.209500 5800.158900 5794.766500 6281.507500 6176.327100 6131.189200 6069.245400 6543.028800 6017.959400 6250.281900 5775.661600 6417.411700 5981.443300 6123.465400 5563.421900 6060.874400 5314.281500 6195.608100 5827.126900 6015.559700 5924.940600 6106.653500 5620.954500 6217.020700 5978.603700 6187.836500 6156.887600 5660.766600 5763.446400 6161.549800 6246.682400 6309.615300 5982.411400 6151.764500 6190.872800 6007.541600 6289.740800 5862.275800 6314.118800 6635.125400 6078.332400 6285.444300 6418.672600 5990.789600 5943.612000 5908.885000 5925.925200 6013.749000 5757.336600 6161.532700 5612.198300 6182.658400 5967.829800 6198.192300 6014.927700 5928.684600 6051.001500 6359.997900 6305.680600 5947.051600 6297.532700 6287.622200 5822.641500 6029.043600 5717.053500 5971.869600 6361.324100 6032.861800 6187.971600 5977.662100 6368.818200 6224.401600 5771.215700 5741.699700 5623.536500 
6155.707300 5885.643400 6156.274800 6205.317600 5992.443600 6054.530700 5871.538200 5916.629100 6326.400700 6034.480400 5739.127900 6059.786700 5795.117700 6459.940300 5809.771200 5801.967800 6477.617700 5927.168200 5913.909600 6280.796600 5816.260900 6167.144500 5586.096700 5971.999700 5962.198600 6359.462300 6106.505600 6142.918400 6174.689100 6208.258600 5922.837700 6095.250400 5900.413900 5884.936300 6182.306500 5987.933900 6147.109900 6098.775600 6265.843200 5845.687700 6001.500100 5824.970100 5667.255100 5858.217800 5608.238300 6469.835900 6149.145100 6007.480100 5983.511200 6147.884900 5906.917500 6307.927200 6050.963500 5763.177400 5955.691000 5955.563200 5993.272000 5951.867500 5476.821700 6179.289400 5717.976700 6171.729200 6227.571800 6114.639800 6104.893800 6050.971700 5833.458200 5856.015900 6138.068700 5867.718300 6286.740600 5846.884400 5897.238000 6065.224700 6094.643200 5745.141400 6087.860600 6139.535700 6547.308400 6070.034700 5756.442800 6096.234800 6243.155000 6050.160200 5955.978700 6131.582500 5886.853600 6311.059700 6039.582800 6395.298600 5931.810300 6148.269400 5891.650300 5906.783200 5843.514600 6132.539400 5910.665500 6148.963300 6357.206300 5944.415300 5956.929700 5692.226800 5876.925900 5879.407000 6269.724500 6310.423100 5881.236500 6083.482200 5818.226200 5793.946300 6093.513500 6073.336400 6442.229800 5895.771000 5984.926800 6054.060800 5931.171600 6084.644800 6235.487300 5902.613700 6089.944200 5797.840800 5991.618300 6239.929500 6266.527900 6202.935700 5982.302200 5610.006700 6107.763200 6318.589100 5985.190800 6222.320900 6340.201700 5998.704700 6144.219200 5813.392100 6299.244400 5954.235900 6042.958000 5470.017600 5867.157600 5213.700100 6248.588000 5859.145600 5830.245600 5810.735500 5943.475100 5516.608800 6267.914000 5933.925500 6145.941800 5997.470400 5739.701300 5777.373200 6061.665700 6221.502400 5981.000300 5991.919000 6230.741800 5892.239600 5964.290700 6220.347000 5858.399300 6097.405500 6509.666400 5862.776700 6285.515100 6389.080200 5937.338700 5797.962200 5928.420500 5886.794400 6031.177600 5835.745600 6073.696800 5516.714700 6155.337300 6071.657200 6035.728800 5938.868300 5730.935500 6157.698800 6279.515600 6132.704600 6151.445400 6082.010500 6167.253600 5564.653600 5678.976600 6007.215500 6021.962200 6044.620400 5771.856200 6221.760300 5883.875300 6326.160200 6161.019300 5958.477100 5806.833700 5536.070800 
5922.387600 5760.094500 6027.000200 6079.619500 5965.795100 5873.562000 5775.080100 5974.392000 6294.402800 5691.960000 5812.739300 5956.966100 5718.600000 6233.318800 5811.306400 5598.745600 6365.226600 5703.881900 5649.938900 5961.526900 5667.266400 6029.085200 5508.677000 5872.574700 5833.857300 6147.516800 5968.696500 6010.873900 6022.348400 6174.209000 5775.953600 5839.135200 5882.074100 5960.880300 6045.985800 6016.627200 5970.897600 6003.968100 6119.799500 5897.589300 5911.820000 5765.262900 5536.543300 5886.431900 5525.843800 6506.785000 6053.312100 6006.582800 5763.844000 6155.965200 5923.752800 6239.422200 5994.480200 5705.510900 5775.081400 5928.187100 5831.619700 5778.235900 5356.165800 6135.702500 5757.085200 6072.953200 6205.179900 6043.249300 5900.469400 6135.480100 5724.578900 5736.953400 5915.216800 5626.526300 6032.001600 5695.894900 5567.789000 6145.579200 6025.389000 5672.188000 5963.327800 6142.806600 6225.150300 5920.271300 5789.764900 5939.251700 6076.448200 5893.570700 5997.948600 6014.328400 5670.655800 6283.205000 5690.630700 6085.077600 5873.065600 6082.669700 5631.176900 5974.713000 5849.791000 5945.994000 5896.263300 5933.315200 6187.706400 5975.995500 5769.516000 5834.750700 5742.713900 5816.823300 6135.630200 6204.921900 5656.750600 6147.171100 5650.284700 5898.414900 6152.024000 5769.972700 6210.724800 5721.231000 5848.144200 5765.791600 5781.987400 5998.167900 6108.374800 5972.031300 5952.186800 5648.170400 5880.077900 6240.289800 6165.134000 5835.440700 5838.770300 5662.705700 5872.058200 6137.278300 5748.897400 5975.192800 6249.994200 6108.607000 5963.099500 5754.991800 5916.332600 5854.837400 5800.266400 5286.330100 5798.226100 5146.338700 6150.721400 5795.689400 5717.920400 5776.288200 5687.788600 5419.843500 6132.470500 5876.701700 6145.255000 5976.403800 5565.837400 5697.765400 5844.973500 6121.159500 5695.629200 5737.598500 6188.079000 5774.024400 5763.521900 5989.713300 5626.184800 5883.461600 6352.140200 5829.003400 6152.511000 6277.209400 5968.682800 5761.553300 5796.148900 5825.036800 5900.107000 5833.705300 5961.651500 5520.605900 5983.420300 5867.261600 6065.414500 5838.623800 5687.864400 5932.164200 6012.927400 6153.957000 5888.254900 6063.634000 6030.209100 5698.080500 5720.102800 5920.006900 5890.596000 5874.308100 5732.752600 6157.573500 5773.041000 6078.651100 6107.556600 5709.184800 5791.378800 5530.123600 
6033.376200 5705.074600 6009.151900 6186.503600 5853.516900 5653.758700 5509.714300 6016.947400 5960.798200 5692.946500 5698.908700 6068.562500 5430.566400 5894.848500 5945.539400 5653.134200 5974.162000 5657.884700 5687.605900 6059.036000 5868.822200 6028.294300 5429.682900 5550.514300 5774.084700 6149.637300 5716.356800 6001.918800 5901.836200 6126.982600 5880.989200 6039.606300 5818.476800 5827.375100 6130.044200 5983.610100 6174.481900 5900.741400 6251.869100 5881.394800 5701.224400 5804.948100 5610.420200 5721.498600 5729.014500 6335.195800 6063.913200 5808.775100 5708.031900 6073.046800 5871.914000 6128.803900 5955.375200 5609.196000 6096.679500 5632.067900 5693.331700 5894.006700 5434.254600 5952.647600 5638.749300 6157.335200 6152.171000 5919.313300 5840.467400 5905.270900 5624.183000 5604.199900 5889.189100 5734.088600 6297.263200 5809.705400 5338.902200 5940.595200 6047.852300 5362.131500 5800.185900 5758.732500 6342.065200 5832.168600 5841.422900 5884.021000 6012.669900 6111.038200 5789.033700 6029.912300 5598.490900 6088.208700 5884.673800 6405.428200 5749.712700 5943.044200 5864.592200 5939.802700 5888.051700 5864.348400 5879.226300 5955.424600 5906.539700 5775.271800 5698.802900 5932.369000 5652.463500 5768.317700 5915.445900 6257.936600 5756.690400 5731.010400 5644.103400 5857.062900 5902.366700 5798.119400 6241.605500 5563.052200 5757.752000 5784.584400 5962.020300 5819.926200 6126.745600 5721.542300 5854.247800 5637.195800 5797.835600 6021.643700 6277.349800 5988.372100 5751.613900 5602.707000 5832.803800 5957.647700 5836.218700 5915.548700 6281.887800 5848.075100 6246.885500 5881.038400 6039.176100 5747.940000 5754.463600 5318.096400 5816.012300 5091.856600 6019.657600 5624.636000 5634.825400 5573.959300 5605.188400 5415.770900 6108.388800 5658.961800 5908.290100 5862.114900 5438.608600 5549.170100 6033.642400 5930.813900 6053.988100 6047.776300 6023.932600 5693.320700 5679.558900 6061.593900 5685.227100 5971.463800 6346.291100 5851.618200 6152.129600 6148.846600 5887.294100 5734.499600 5713.396400 5767.346000 5991.010300 5667.190000 5854.732900 5376.003200 5846.778100 5943.397600 5806.810100 5837.325700 5834.697600 6000.424600 6173.999700 6031.825700 6004.974600 6070.527900 6074.130800 5654.140900 5766.999200 5434.639200 5925.413400 6031.633600 5703.283500 6015.578500 5595.706900 6224.058100 5840.934000 5797.351500 5634.656700 5594.644300 
6272.282800 5960.767200 5982.931800 6292.043200 6228.713800 6091.495600 6077.035700 6126.993200 6345.346000 5879.475700 5760.710700 6099.530900 5899.178800 6345.975500 5910.054900 5763.172000 6325.077300 5847.595400 5946.766300 6485.180100 6044.102500 6378.021100 5593.321000 5977.010100 6102.231300 6398.063600 6101.740400 6303.063600 6226.819000 6460.394100 6022.249100 6068.288400 6285.332300 6148.029000 6423.014300 6016.263200 6161.915100 6241.502100 6400.460800 5950.354200 6082.539700 5895.213800 5786.532300 6084.226100 5676.778300 6722.771900 6393.369300 5989.484100 6132.687000 6370.956500 6201.096100 6416.056600 6203.171200 6071.567800 6001.434300 5898.420300 6074.650000 5920.352800 5546.171400 6275.131100 5792.902400 6103.468600 6404.123100 6165.373400 6206.203200 6193.431300 6069.172300 6036.727200 6050.939700 6069.848500 6219.470800 6109.994900 5769.459300 6256.389500 6242.749300 5823.204400 6080.729500 6190.882700 6520.460600 6080.769500 5861.473700 6162.442800 6203.542200 6135.002000 5961.257100 6217.230100 6155.129600 6487.875000 6183.999800 6419.151800 5942.083900 6236.964800 6061.596100 6063.211500 6134.942000 6224.373500 5995.977800 6209.213400 6442.413100 5985.196500 5993.783200 5970.719500 5927.905600 5907.674800 6192.466300 6367.632200 6000.992200 6239.863000 5862.607900 6083.535400 6114.195100 6108.326300 6548.645000 5995.196600 6129.809200 6038.437700 6268.109800 6001.837700 6446.980200 6047.350800 6131.325800 5770.862900 5960.037200 6444.443800 6586.299200 6011.804000 5851.249600 5597.215000 6124.325200 6280.812000 6051.784100 6224.051400 6357.268100 5976.623500 6356.824500 5937.750900 6269.209600 5901.211700 5893.325200 5701.110500 6025.430600 5513.042500 6381.638800 6056.910900 5956.282100 5870.054500 6001.154500 5770.698300 6476.949600 6148.282900 6158.893400 6048.008600 5815.020400 5832.806500 6337.285700 6352.869700 6194.139700 6082.172400 6269.393000 5892.024700 5885.220700 6110.794600 5974.974000 6389.735800 6545.696500 6031.993100 6304.560000 6513.527800 6075.654100 6094.745700 6300.235700 5816.662000 6248.937600 5950.169600 6245.714500 5596.326400 6292.622400 6291.026900 6035.563000 6081.151900 6150.979900 6181.690000 6351.756800 6118.633900 6329.390200 6211.091600 6198.331700 5768.888300 5998.541200 5944.741300 5883.474100 6408.732500 5878.496300 6260.370900 6097.576800 6404.063600 6027.432100 5886.826100 5876.812400 5661.335600 
6640.732400 6267.622400 6581.164400 6784.069100 6467.532700 6381.696100 6326.327100 6466.465600 6503.270100 6305.048900 6284.430200 6482.652500 6080.329100 6779.035400 6241.468200 6350.844800 6864.111100 6078.230000 5999.243600 6701.083700 6461.482900 6800.023000 6048.880800 6338.172500 6372.897500 6737.603300 6220.503800 6427.496000 6581.707400 6774.886800 6308.639500 6453.370900 6627.695800 6424.687500 6772.411400 6570.863200 6532.364300 6440.838400 6715.017600 6383.409100 6479.791800 6239.165500 6128.349600 6461.726900 6188.479700 6910.553400 6671.676400 6413.422600 6241.952400 6634.769200 6609.673200 6878.989400 6591.389000 6192.778300 6560.047700 6448.109500 6304.136600 6254.800400 5828.381500 6472.961100 6183.108100 6527.387300 6866.449600 6584.270600 6504.645300 6607.512100 6218.332900 6308.531600 6530.687000 6300.202900 6762.341600 6363.155700 6099.366800 6602.273400 6571.572100 6229.019400 6398.746200 6309.579100 6831.851200 6467.273500 6336.494500 6359.993800 6762.589700 6416.935500 6507.523500 6634.575800 6306.357800 6762.554400 6416.231600 6679.829000 6281.796800 6471.788600 6259.238400 6469.659300 6293.935800 6585.308600 6438.453900 6306.313300 6740.580100 6648.111100 6451.652200 6222.759000 6179.850500 6413.189700 6603.200300 6427.112500 6227.733500 6468.481900 6316.996700 6289.668000 6484.491000 6396.627700 6898.438700 6275.193300 6330.723800 6451.673700 6382.078500 6431.816800 6664.170200 6285.018000 6498.749000 6113.544500 6414.071000 6583.930500 6750.170300 6273.027500 6355.997800 6111.583000 6591.000200 6544.359200 6431.928000 6589.341900 6808.958100 6398.682100 6676.522000 6352.081700 6548.351100 6305.947600 6348.279700 6033.783000 6477.527000 5701.439600 6575.912100 6213.837300 6315.002000 6234.087500 6375.162700 5826.376000 6770.574400 6268.344000 6428.476100 6570.130100 6203.418300 6118.031900 6444.336200 6506.216600 6329.210900 6320.195600 6581.057200 6350.537800 6188.598400 6590.564300 6413.675900 6488.991800 6909.667800 6449.394700 6743.596700 6808.609700 6356.546900 6377.047200 6448.943600 6342.062300 6535.497500 6130.744500 6406.623600 6044.749500 6568.190400 6325.107900 6409.387700 6287.200300 6258.366700 6474.243600 6715.378500 6528.623000 6590.580000 6613.878100 6550.033600 6229.222800 6309.759000 6220.806100 6388.088100 6500.675300 6227.044100 6532.490500 6487.231900 6571.184100 6603.590800 6184.737600 6094.172100 6112.570700 
6951.824700 6703.846000 6695.171100 7078.137500 6736.896800 6716.216100 6647.373500 7067.609800 7014.660400 6670.505600 6720.717800 6795.005500 6573.552500 6994.207100 6808.761500 6553.033400 7198.319400 6664.391700 6475.379200 6961.979400 6684.074500 6712.808900 6232.567200 6513.349800 6750.370300 7198.258400 6592.607400 6889.644700 6789.399100 7102.522400 6772.703800 6724.077100 6803.698300 6910.020100 6985.320300 6513.108900 6950.141600 6945.657800 7218.314500 6888.609200 6597.345900 6641.752700 6526.016900 6699.044400 6278.072000 7351.802200 7028.600100 6810.688600 6687.394100 6952.157600 6704.322200 7002.815500 6821.988700 6496.421600 6867.746500 6475.621700 6622.570600 6553.755600 6302.990400 7016.608400 6880.542900 6957.721400 6912.469400 6776.510700 6852.021900 6852.540400 6702.129500 6608.345100 6851.302800 6671.494000 7105.151500 6625.381500 6379.323000 7067.502400 6930.566600 6453.999400 6605.843300 6820.394300 7163.847200 6595.719700 6698.958600 6720.604400 6886.651100 6774.795400 6471.464100 6806.630000 6659.508000 7259.127600 6668.606800 7201.881800 6504.943200 6791.305000 6578.744800 6850.898500 6766.169500 6953.232800 6706.949600 6887.463100 7069.034600 6661.031100 6744.539000 6453.102300 6471.960200 6566.888800 7124.752600 7161.194800 6579.756800 7100.702600 6488.559600 6705.446300 6876.122400 6712.660300 7306.685000 6697.822700 6764.701200 6690.015000 6606.986800 6817.957800 7255.680600 6738.913800 6857.439500 6597.370000 6872.344100 7144.643900 7106.579500 6910.469200 6548.321900 6278.987400 6978.971500 7057.001500 6695.747900 6945.990200 7224.253500 6786.249300 7089.288100 6642.567700 7058.093100 6406.971700 6801.395100 6188.905300 6747.199500 5924.896300 7007.989000 6669.906100 6724.830600 6542.543200 6522.774400 6272.388400 6954.243000 6802.559000 6817.825700 6704.627300 6473.687100 6519.051100 7010.964800 6987.337000 6898.806100 6605.681400 7019.692900 6701.724400 6697.348200 6957.381400 6533.245800 7014.488300 7234.603900 6756.988700 7023.177000 7330.333700 6703.987300 6651.895100 6633.329800 6758.185000 6831.748300 6478.603500 6991.358700 6026.420700 6787.876900 6720.743600 6877.257300 6762.477400 6474.688900 6672.323600 7124.250000 6874.548100 6823.789600 6937.654600 6856.521500 6301.725800 6652.984400 6543.847100 6723.369400 6965.745200 6542.326500 7035.137500 6518.378500 7110.669300 6787.113900 6702.005200 6327.396700 6566.526000 
5940.987300 5527.379500 5735.776600 5858.292300 5729.122400 5899.513500 5605.094700 5813.569400 5951.688500 5441.153800 5631.915600 5953.207400 5599.357800 6094.470700 5794.225200 5622.997600 6122.382100 5625.279400 5553.959000 5857.118700 5714.426400 5941.204500 5320.963600 5608.872600 5721.666000 6007.954000 5598.040800 5998.807400 5890.769000 6270.281600 5676.379900 5703.480400 5969.016500 5861.271000 5960.419300 5879.203900 5987.990500 5838.415500 6090.128000 5799.888400 5903.084800 5600.250100 5439.607100 5718.005700 5665.123100 6271.762300 6133.455700 5847.878300 5765.905100 6084.680000 5920.769700 6047.336800 6107.819900 5655.204600 5676.896300 5579.533400 5626.694700 5602.965300 5329.261400 5963.419900 5525.782200 5939.849700 6184.874800 5927.514100 5816.622600 6008.642900 5662.369200 5630.480500 6012.341100 5681.434200 6035.246400 5551.067200 5361.174200 5900.573600 5991.813700 5448.916600 5693.960500 5764.129100 6325.872600 5708.982500 5676.104000 5831.412800 6047.688300 5631.904100 5797.287500 5859.349900 5631.673900 5971.284500 5863.076200 5914.027800 5611.008100 5940.530600 5734.568200 5829.044200 5852.858900 5867.201300 5753.193900 5757.499900 5966.918100 5644.193700 5670.992700 5883.919100 5519.512200 5604.709600 6016.105400 5730.663400 5660.925400 5881.887000 5814.998200 5806.412800 5800.119400 5750.374500 6049.612600 5671.870500 5784.599900 5756.874100 5702.889300 5870.103000 5984.507400 5692.597600 5776.805500 5688.391800 5647.695400 6223.743600 6092.826800 5968.137100 5727.525600 5409.418900 5810.079100 5977.180500 5689.155600 5879.714400 6088.242700 5931.577000 6010.693800 5785.715200 6060.072000 5598.914700 5638.887800 5328.876600 5760.613600 5082.658100 5948.908500 5480.257400 5683.776700 5596.267500 5539.383900 5385.164600 6107.031700 5690.745500 5862.576800 5786.501100 5483.645100 5356.467800 5767.426700 5860.593300 5999.200100 5710.885900 5892.766400 5702.846200 5463.130600 5978.105700 5595.903800 5967.319800 6404.685000 6004.199600 5981.672500 6270.617700 5770.601600 5715.698800 5779.640200 5795.777600 5870.231300 5398.955700 5917.541500 5498.048100 5832.426200 5725.664100 5747.145900 5813.884200 5804.819000 5817.984300 5905.659000 5919.194700 5756.919500 5893.436600 5847.625300 5549.996000 5708.332100 5546.469600 5736.705300 5877.414900 5706.728300 5860.222500 5644.280400 6276.190400 5977.421900 5532.500400 5559.105300 5444.688000 
6059.866200 5770.963200 6045.449800 6157.683200 6143.562400 6007.565800 5718.193800 5848.758700 6083.998300 5802.917500 5665.675600 5938.935600 5562.097500 6134.907500 5949.611000 5747.569300 6105.582800 5811.436900 5836.166700 6061.787300 5921.006100 6059.828200 5354.330200 5737.141100 5813.542500 5999.339700 5859.773100 5972.296000 6000.207900 6207.791100 5810.678800 5869.297800 5821.835300 5952.160700 6187.915600 5714.283400 5902.244600 5947.203000 6126.022800 5756.098500 6021.660400 5503.283900 5632.288800 5889.759100 5528.991000 6246.642900 6095.931500 5971.131300 5716.588200 6077.126900 6067.694500 6314.222200 6084.411400 5735.298900 5975.365300 5775.899400 5820.916600 5739.153400 5420.780100 6170.598200 5857.469100 5918.502100 6195.283000 5848.983000 5917.305600 5940.643200 5813.590400 5842.459900 5859.575100 5662.299100 6142.828500 5896.380500 5317.005800 6019.979500 6118.009700 5640.694900 5782.237800 6167.713300 6011.019500 5752.305700 5718.705800 5853.822000 5961.556800 5909.927700 5675.476500 5827.978700 5946.077900 6274.670200 5763.727900 6121.134300 5664.511600 6089.916000 5847.725900 6153.693700 5887.140400 6108.962000 5684.662000 5727.853600 6141.597600 5963.281400 5732.668300 6046.938500 5898.018800 5756.384500 6302.992200 6015.055900 5815.802700 5975.938000 5743.937400 5637.230900 5880.177100 5983.310200 6243.338800 5780.435000 5719.193100 5813.889500 5908.727300 5918.710800 6065.650900 5695.931900 6012.117900 5585.918000 6061.888800 6294.068400 6219.676600 5916.582100 5772.861100 5623.543500 5934.369600 6017.417100 6034.490100 6113.693800 6164.301900 5963.784300 6044.453700 5929.141200 6024.327000 5697.191300 5924.572600 5555.780600 5838.008800 5109.133500 6107.259700 5681.655700 5771.222700 5708.649300 5793.616400 5626.170400 6109.780500 5859.011400 5970.065300 5914.682100 5688.164400 5601.244800 6059.413400 6042.512100 6028.242100 5971.468800 6024.643400 5872.713900 5700.496200 5954.384300 5650.018400 6101.896400 6280.145600 5888.425900 5955.126900 6310.015800 5838.279200 5865.047200 5733.505700 5833.919500 5935.668400 5464.274100 5963.050000 5640.635400 5914.167500 6006.692200 6008.418300 5989.023700 5660.549400 6053.581800 6239.795500 5931.783300 6012.611800 5980.600100 6026.771400 5393.873500 5823.845900 5583.167800 5722.773300 5977.902300 5805.906500 6144.899900 5763.082500 6194.439700 5784.801700 5518.041000 5483.219300 5661.482800 
6318.977000 5746.448300 6148.978700 6278.279300 6218.951500 6086.674800 5731.441300 6167.691200 6328.634200 6123.999100 5848.719500 6197.717200 6023.771700 6367.637900 6120.852700 6018.220700 6342.689700 6099.087800 5814.304900 6382.405200 5960.485400 6172.918600 5502.405500 6161.605900 5976.421600 6454.416300 6116.294800 6097.813000 6077.084600 6426.680300 6025.744300 6014.593800 6131.455500 6069.520400 6213.767900 6173.914700 6183.191500 6128.821500 6208.945400 6082.964400 6158.696300 5715.693400 5868.682600 5976.251800 5679.787500 6665.329200 6301.797600 6177.420500 5803.920600 6394.766200 6234.726500 6788.095600 6183.873800 5931.572400 6287.048800 5974.306000 5987.267400 6016.016700 5659.133200 6376.545800 5987.200900 6079.966400 6462.418400 6205.075100 6203.865800 6235.273200 6146.786300 6096.952100 6170.421100 6054.718900 6356.882300 5912.313400 5909.838700 6295.458000 6212.114600 5756.341800 6195.083700 6137.251400 6578.182100 6043.295400 6007.668900 6337.469800 6356.636400 6212.303500 6074.636400 6247.748500 6072.862700 6331.518200 6150.525700 6389.130100 5896.414900 6183.679300 5886.483000 6292.988500 6006.114600 6110.666900 6016.680100 6089.618800 6426.110300 6168.680600 5953.769100 6003.547700 5672.287800 6051.168700 6361.822300 6416.651600 6010.744900 6295.190900 6072.420600 6184.146600 6030.710400 6283.161500 6615.028100 5897.816700 6173.081800 6004.586100 6171.700700 6124.857000 6325.110000 6099.178800 6103.303600 5791.567300 6118.822100 6404.525400 6457.101800 6153.893000 6060.103800 5866.045400 6214.303900 6171.265800 6071.219100 6235.171100 6454.880300 6049.896400 6338.020100 6084.870200 6235.521500 5819.624500 5943.701500 5662.352500 6225.839200 5314.040700 6169.311200 5834.410800 6102.417500 5774.464500 6141.861300 5654.433300 6525.106800 6046.280200 6084.464700 6172.488800 5873.993400 5840.406300 6155.847400 6153.738800 6141.364100 6036.571700 6307.503000 6053.414200 5972.557700 6077.259400 5995.775800 6439.133500 6506.774300 6415.910500 6295.514900 6683.460500 6053.333800 6036.670400 6103.887100 5955.274000 6216.818000 5794.546800 6136.041500 5586.462900 6313.840500 6058.290300 6100.048600 6102.332700 6069.195800 6147.312800 6366.357700 6273.652100 6115.872300 6180.698200 6293.287600 5775.948900 5913.739400 5796.280700 5971.528700 6358.598100 6034.041700 6231.411300 6035.560300 6468.504100 6106.047600 5778.739500 5773.294500 5576.682600 
6010.809800 5789.630400 5903.717400 6056.816200 6027.498900 5801.819200 5794.284700 6133.662500 6094.616700 5766.796400 5859.863700 5959.122000 5621.132300 5997.828300 5769.054500 5840.417800 6208.882100 5629.558600 5875.223300 6365.003400 5873.612300 6038.708500 5411.750000 5865.519700 5692.166700 6079.685500 5898.539700 5971.870400 5877.616600 6156.007200 5723.038900 5902.836800 6062.261900 5817.524000 6219.815000 5926.932700 6068.977600 6003.492300 6044.830800 5835.189900 5900.640200 5688.303000 5683.310800 6162.637900 5525.588900 6333.528200 6150.826600 6047.103800 5783.062900 6223.827700 6060.211400 6183.276700 6042.760800 5933.161900 6076.910800 5827.753300 5809.417600 5914.310300 5565.569000 6248.733100 5688.166800 5939.612000 6302.585100 6041.202500 5935.098100 6216.143800 5800.649300 5687.464600 5938.123200 5768.195500 6269.500300 5757.065000 5507.767100 5853.878300 6095.716600 5505.919700 5937.264000 6161.546600 6274.568000 5846.187000 5830.665400 5988.730200 6142.480300 5857.608300 5903.584000 6261.637700 5760.986400 6259.688100 5999.196700 6069.849700 5644.906100 5966.919300 5789.004100 5899.367200 5899.878200 5914.718900 5826.828100 5985.270200 6041.137500 5922.614400 5821.075000 5964.415900 5752.799300 5730.360100 6021.736000 6122.139200 5715.219800 6023.340900 5680.089200 5808.804800 5940.920800 5932.785200 6332.974700 5777.896500 5967.808900 5752.791600 6001.859100 6139.565500 6156.772400 5908.317900 6119.772100 5548.016700 5917.945900 6256.353000 6274.374900 5880.004100 5795.852100 5618.150200 5856.813400 6051.054000 5772.639500 6025.009900 6312.725900 5989.966900 6064.852200 5742.568900 6127.526100 5566.698200 5876.912400 5497.837900 6258.425100 5239.721000 6021.506000 5657.915500 6055.095900 5583.265600 5834.826100 5555.389300 6251.600800 5740.808700 6060.448100 5802.344200 5615.307700 5682.393000 5795.315800 5945.780900 5968.607200 6032.849800 5967.143500 6012.083300 5808.602000 6061.755800 5689.322600 6075.624100 6308.570100 5941.146100 6028.876600 6244.037600 6049.519400 5700.691800 5793.449600 5573.771600 5959.664300 5498.277200 5814.289400 5406.123500 6109.335800 5941.255200 6041.061800 5942.763800 5743.562300 5981.563100 6016.839600 6082.622800 5854.858000 6054.783100 6191.776700 5600.020500 5922.381900 5772.300600 5907.700700 6064.806100 5681.693900 6066.119700 5835.755400 6211.900100 5911.494900 5673.399300 5642.329500 5562.866600 
6492.690700 5895.786700 6354.075000 6443.867800 6323.527800 6118.206100 5942.994200 6350.879100 6281.393700 5903.670000 6010.395500 6139.120900 5727.483400 6425.042500 6206.521000 6074.235900 6309.212500 5860.858300 6093.703800 6526.948800 6167.654500 6434.624300 5755.337400 6005.716900 6083.113100 6352.059600 6080.854200 6322.753600 6197.979900 6567.830500 6194.888800 6157.762100 6289.257000 6107.795100 6541.798100 5970.793600 6357.962700 6261.270500 6585.900900 6119.593100 6167.001300 5889.260700 6001.469600 6339.702000 5712.251100 6704.423400 6434.610700 6105.810100 5875.717900 6378.242000 6382.754600 6530.273300 6311.779800 6102.928400 6118.899000 5986.999400 6033.338300 6061.028900 5713.662200 6457.516100 6020.493000 6261.158800 6557.261500 6262.776700 6133.730700 6361.531700 5946.692200 6064.386100 6101.566500 5973.712400 6584.975400 6075.602500 5770.449900 6217.246200 6373.138800 5929.039200 6096.307000 6192.975000 6455.604900 6079.641100 6134.074100 6181.507000 6426.618700 6070.792100 6065.880200 6346.718600 6160.614100 6564.065600 6174.996000 6503.323800 6034.024400 6130.925200 6077.359700 5986.383500 6221.351700 6243.366700 6106.929700 6332.088800 6333.160900 6231.079200 6188.042600 5826.974600 6187.365900 6189.675500 6288.589800 6470.209000 5950.700200 6066.810200 5958.571600 5991.027800 6375.255200 6046.989700 6678.880200 6011.629000 6152.149900 6077.087200 6058.034300 6277.612700 6502.024900 6105.968000 6293.123900 5946.267500 6082.697200 6615.476800 6625.678400 6229.177100 6044.524400 5756.797800 6218.748800 6370.032100 6043.423700 6355.680300 6610.694600 6191.393400 6210.962100 6044.850500 6311.833600 6030.793200 6120.400200 5540.413600 6046.613000 5271.198500 6176.552800 6015.385000 5972.283300 5966.223500 6035.605300 5686.138500 6413.617200 6294.479000 6220.442700 6196.431700 6091.898300 6024.336800 6403.173600 6106.873600 6285.410100 6109.826900 6352.878200 6100.676600 5955.915700 6162.630400 5986.236000 6324.211000 6749.433000 6158.245000 6473.002600 6495.867000 6131.923700 5974.699400 5987.095700 6126.103900 6121.293400 5819.870600 6219.919000 5690.741100 6300.515600 6191.824700 6286.264200 6009.721800 5901.340800 6239.732100 6436.943300 6277.160300 6411.057300 6361.476700 6417.734500 5766.917900 6051.707700 5911.006600 5947.599900 6433.642700 5875.329300 6370.661600 6234.387200 6501.458900 6157.910100 5928.261900 5860.493000 5749.601700 
6295.593300 5637.558600 6074.631600 5996.626100 6122.959200 5924.633600 5665.068100 6205.230200 6073.858700 5804.262500 5694.880600 5815.082400 5820.103700 6111.400400 5877.116100 5770.931900 6200.195300 5781.104900 5629.538200 6105.165200 6026.612200 6044.435000 5494.584200 5786.510400 5802.390600 6227.361600 5990.224900 6135.310700 6082.944200 6139.658500 5771.921400 5827.098300 6040.331900 5925.955100 6163.422300 5960.645500 6257.555300 5904.570100 6241.574400 5994.683400 5847.682200 5768.927400 5758.161500 5880.516100 5603.434900 6504.977500 6096.379800 6013.991900 5815.474300 6050.208300 5952.941300 6168.279000 5967.727400 5770.648300 5843.118500 5686.011500 5955.735400 5781.245300 5313.578600 6222.914100 5724.112300 6111.383200 6232.172100 5951.294600 6018.124000 6024.416500 5887.247500 5641.460500 6124.268000 5751.619700 6313.655700 5759.344500 5442.535800 6017.609300 5999.072200 5729.230900 5895.614500 5831.559500 6187.780200 5871.929300 5785.148800 5913.104500 6120.479800 5953.425900 5822.379100 6055.520900 5838.242700 6380.342900 5945.479000 6189.993500 5710.610400 5971.113200 5963.224200 5912.226400 5712.982600 6106.492800 6056.292700 6058.355500 5938.921100 5985.106800 5805.902400 5824.630800 5882.686100 5742.426200 6187.881700 6249.196200 5792.711200 6009.378900 5634.053200 5780.082900 5896.111700 5870.846200 6235.595000 5813.799800 5899.649000 5931.518000 5869.957400 6076.511500 6257.649900 5969.540200 6070.436900 5815.690800 5969.589500 6135.158200 6371.200000 5806.031200 5791.207100 5462.226200 6064.259200 6167.430900 5954.026500 6061.390800 6253.812000 5929.734800 6163.573700 5929.491000 6064.761300 5533.126600 5906.703100 5527.157000 6020.088700 5033.827300 6146.059700 5585.055600 5910.892000 5683.590700 5678.699300 5557.734300 6187.731900 5943.109500 6083.132800 5863.236400 5669.530500 5610.329900 6011.211600 6054.231700 5891.598900 5911.387900 6127.510900 5962.759100 5672.563300 6154.486100 5904.597400 6050.944100 6221.800200 5979.312800 6330.287800 6284.812100 5851.016500 5943.229000 5906.642300 5781.876700 5879.514300 5621.855400 5923.882600 5553.502000 5897.424400 5784.557400 5901.913500 5871.089400 5859.524700 5894.014100 6161.528100 6036.894400 6152.409400 6165.734000 5960.558000 5623.809200 5844.358300 5690.911800 5963.551600 6028.038500 5848.564400 6100.539100 5835.914700 6042.395600 5977.929600 5654.143900 5521.619800 5668.439200 
5880.680600 5475.854200 5765.768200 5819.477400 5807.707900 5879.877000 5584.077200 5734.894600 5795.131200 5574.318600 5611.930700 5778.915700 5513.732600 5952.376800 5677.282900 5524.878100 6033.188300 5634.653800 5420.472600 5880.546800 5656.026200 5692.215100 5230.390200 5713.777000 5653.022000 5782.317900 5566.776800 5832.586900 5691.264600 5872.771100 5446.757500 5834.001100 5765.654600 5768.778900 5968.583000 5765.643000 5843.074900 5846.484900 5812.526500 5633.797200 5824.749700 5605.949900 5195.803800 5599.520200 5352.954600 6259.725300 5879.240300 5897.160100 5424.511500 5847.651300 5725.293200 6033.078700 5957.999400 5570.658000 5753.595000 5557.875600 5717.109100 5625.544400 5261.354300 5889.931700 5594.121900 5773.080000 6048.376600 5901.998500 5678.922200 5754.759100 5408.753900 5424.634500 5839.221100 5701.932500 5991.675800 5889.745200 5353.338600 5905.240500 5891.932200 5387.166700 5728.056700 5764.440500 6073.546700 5636.493100 5566.066900 5598.926100 5793.242900 5854.343200 5500.787100 5832.707700 5642.519800 5982.135100 5739.394000 6043.554700 5628.676800 5746.819000 5533.246600 5670.945000 5696.077200 5958.288000 5730.088200 5660.263200 6040.185500 5738.665600 5513.246900 5703.859200 5548.937200 5446.858600 5974.582000 5858.775400 5634.985100 5794.543600 5497.890000 5798.851800 5674.559800 5601.268700 6092.305600 5651.364400 5603.799200 5611.855200 5661.817400 5773.906900 5877.603300 5575.605900 5781.033400 5636.824200 5715.643200 6005.081200 5900.437500 5561.604300 5547.648500 5314.292600 5876.039900 5908.689400 5644.602200 5843.763300 6079.115600 5702.070300 5850.981900 5643.798000 5850.789400 5494.659800 5594.425000 5327.606500 5783.265500 4986.044100 5856.982300 5456.834500 5703.587400 5480.687900 5664.713100 5403.564400 6013.892500 5454.785400 5867.724000 5805.196900 5407.511100 5478.181100 5864.867600 5811.251000 5774.576800 5625.639600 5811.641400 5683.145300 5399.936000 5748.119400 5717.866800 5873.372100 6133.812400 5880.048300 5884.174500 6109.843100 5632.652700 5663.097300 5633.316100 5596.489200 5888.469400 5481.120900 5515.330200 5292.028200 5936.417200 5589.303800 5595.103200 5506.457900 5571.602800 5806.969400 5972.302600 5703.509700 5705.306100 5904.666500 5820.112200 5446.387000 5546.494600 5757.792200 5651.928400 5726.308300 5551.135200 5946.397200 5708.128100 5908.009200 5712.137900 5370.861700 5275.583000 5264.232200 
6444.541100 6131.909000 6383.301000 6489.697700 6262.588900 6338.173600 6109.653100 6241.074400 6278.217100 5863.995800 6047.878800 6286.065700 5967.788100 6408.378600 6180.558500 6030.772500 6558.760500 5972.867300 6173.789600 6736.211900 6053.426500 6436.497200 5809.680300 6131.668900 6194.064300 6501.893000 6253.525600 6462.223300 6477.352500 6431.569500 6143.402100 6266.762800 6391.072600 6348.130000 6438.619100 6155.521300 6536.066600 6455.866200 6495.834100 6324.599400 6409.200100 6078.122300 5988.685500 6098.262400 5862.867300 6765.435900 6533.280700 6369.002700 6010.138300 6564.220100 6347.330700 6670.414400 6350.817500 6163.268300 6487.759300 6110.139200 6187.161400 6055.679600 5795.381900 6530.030000 5902.222700 6496.586500 6566.286900 6347.713300 6464.244600 6416.987400 6110.082200 6156.860000 6500.486200 5994.291700 6724.755400 6223.730000 5846.660000 6556.670800 6477.867300 5948.208700 6177.547800 6331.018300 6702.758400 6322.670000 6182.743300 6387.521100 6501.205100 6265.229200 6169.682600 6351.587500 6121.923500 6625.643900 6194.964600 6660.732200 6142.639900 6466.969300 6257.676200 6320.233700 6146.493900 6345.609100 6370.000600 6282.026000 6472.136200 6166.535100 6125.605100 6148.842800 6003.882000 6218.189600 6531.786700 6481.504600 6115.470800 6361.179800 6187.743400 6341.550800 6486.241500 6139.900900 6698.343500 6205.190200 6405.704900 6221.357100 6235.173300 6347.505900 6433.280500 6330.663600 6150.723600 5970.132800 6100.983000 6555.857600 6812.767700 6263.019200 6081.584700 6091.671000 6510.590500 6441.724100 6234.234700 6415.857700 6493.340200 6372.068000 6547.641800 6231.838900 6466.917000 6162.617100 6177.944800 5957.873500 6289.229900 5535.004000 6541.691100 6039.108000 6223.199900 6072.171100 6303.488400 5805.799500 6334.286000 6289.539400 6382.273300 6092.776100 6090.147200 5944.270000 6296.608800 6341.105800 6598.488400 6185.977000 6404.903300 6142.235800 6055.675300 6459.914500 6082.297000 6368.534600 6578.355200 6476.393300 6595.438100 6637.550400 6174.801100 6254.530800 6240.807300 6063.310200 6152.927500 5929.655800 6415.496200 5902.266500 6429.949400 6263.863400 6176.408100 6126.797800 6121.617200 6317.935400 6454.299900 6219.546200 6288.795000 6379.101400 6484.876100 5936.191800 6164.933800 5984.758700 6123.364400 6429.102000 6128.424000 6383.430600 6137.577400 6622.883600 6287.643300 6093.201700 6030.256400 5908.811500 
6028.590600 5745.424500 5944.753700 6245.052000 5985.108800 5672.368500 5853.780200 5929.122900 6052.577100 5790.819000 5545.801600 6059.105300 5448.542600 6060.527200 5910.237900 5677.155600 6233.986700 5754.426600 5566.296700 6024.296200 5898.489600 6060.893800 5437.536100 5681.803100 5734.552000 6180.866700 5893.026300 5965.616100 5814.113600 6230.661700 5667.138700 5749.095800 5847.954900 5974.655600 6073.865400 5906.227100 5932.328300 6041.224700 6164.159500 5755.627500 5960.060400 5598.999900 5667.415100 5827.646400 5603.999300 6323.062900 6101.011200 5776.822800 5637.146700 6108.008500 6038.572900 6054.517000 5908.844200 5792.645200 5972.598900 5777.244600 5554.449700 5869.716200 5422.563800 5978.119100 5840.480300 5828.799300 6151.127300 6049.931100 6003.006300 6047.622200 5838.213700 5781.054000 5720.957600 5540.907800 6036.863000 5750.715400 5500.497100 6145.137100 5947.070200 5425.866200 5535.539200 5912.147300 6136.822900 5846.444700 5730.631200 5878.876900 6060.428400 5806.504600 5731.866000 5946.392600 5693.245000 6358.547300 5889.768800 6140.876200 5650.772300 5858.375500 5772.453700 6128.382300 5746.513300 6079.383400 5836.496800 6047.420700 6184.260200 5801.831100 5805.080300 5862.218200 5863.187500 5827.436900 6020.562400 6093.762100 5919.840300 5961.261400 5840.273300 5832.869100 6018.496300 5958.058100 6271.549600 5798.302000 5839.633700 5738.351800 5866.866100 6070.165700 6228.520300 5637.496400 5771.566500 5641.114000 5980.117100 6192.401400 6135.042300 6015.827300 5752.400400 5660.450500 6010.120200 6046.466400 6068.156500 6058.960500 6153.299300 5864.247000 6041.659400 5827.512400 6055.070500 5805.733400 5753.513200 5541.191100 5857.212200 5215.913300 6176.575700 5753.935000 5700.392400 5767.674100 5684.322500 5562.852000 6304.867700 5995.617000 6121.516900 5855.837000 5507.727700 5672.343700 5865.588400 5914.594300 5831.018400 5957.842900 6114.060900 5960.003600 5760.995400 5837.286800 5628.015300 6094.075600 6331.022100 5828.955300 5926.208000 6349.578700 5856.708800 5743.811600 5915.747700 5840.040300 6039.649400 5725.069700 6007.047600 5495.244100 6005.146500 6045.163000 5976.489400 5854.025700 5627.909700 5860.557400 6256.373200 5884.212800 5871.210400 6206.534500 5901.818700 5578.253300 5778.043500 5616.325600 5858.417200 6083.905400 5675.509200 5890.896700 5698.534800 6276.232500 5851.822200 5675.925100 5566.762900 5628.567900 
6132.226700 5505.492000 5825.869200 6039.960100 5835.355800 5710.364800 5803.850600 5737.963600 5943.129000 5648.590800 5453.347700 5970.312500 5699.301700 6023.119700 5713.403400 5730.953400 6111.302200 5671.362400 5662.516700 6103.800700 5707.086700 5944.312600 5335.769800 5660.890100 5903.421500 5984.755400 6053.531500 6004.061000 5844.330900 5945.685000 5710.232900 5673.415600 5891.014100 5810.942300 5826.734400 5849.600900 5936.412900 5826.092700 6070.167600 5623.911100 5846.709400 5513.241300 5463.966100 5709.055300 5415.974400 6218.788900 5934.919400 5658.179000 5661.150100 6138.233600 5824.090200 6031.870700 5884.607400 5832.429600 5861.837100 5649.572300 5702.875300 5738.563100 5200.556000 5863.821100 5501.108600 5930.213800 6130.014800 5794.721500 6033.562500 5994.284800 5770.793900 5745.409700 5971.288000 5718.705000 6023.967200 5739.819800 5365.733300 6077.900100 5827.083900 5497.058900 5677.135100 5725.286900 6186.378500 5824.728400 5731.118400 5820.884400 5920.684000 5958.691100 5684.075600 5859.532900 5632.667900 6342.073100 5675.267600 6212.728800 5823.218500 5759.048500 5576.122500 5879.934100 5759.858500 5897.076700 5947.140900 5769.247600 6037.420100 5724.241200 5660.560500 5824.280700 5602.341800 5725.629600 6074.181200 6085.569100 5805.356900 5931.596300 5752.177600 5843.747500 5874.441300 5747.182400 6273.099200 5632.936500 5803.967400 5580.994400 5955.918000 5837.419900 6075.395800 5796.722400 5952.458200 5685.576800 5795.739400 6107.682400 6344.465300 5920.495800 5622.940000 5449.455500 5927.516500 5961.000200 5952.788000 5889.337400 6139.503300 5804.119100 5910.075600 5706.701400 5973.420600 5727.809700 5761.330800 5263.757500 5866.579300 5068.518500 5781.949700 5430.772600 5702.573300 5511.020600 5531.646700 5388.482600 6144.954800 5848.711300 6054.649400 5878.776900 5546.641400 5423.879800 5878.373100 5860.523300 5640.968900 5819.212600 6101.540000 5833.923400 5592.231900 5748.490300 5635.905300 5938.117400 6471.326000 5776.729900 5806.386400 6268.206900 5713.034100 5726.450900 5691.527900 5757.519000 5810.216200 5586.027700 5692.161100 5441.164800 5940.658600 5867.931900 5702.133600 5714.351000 5673.938700 5760.733300 6079.234700 5947.222800 5931.832800 5982.847500 5965.120200 5321.676000 5521.972400 5525.504100 5566.886900 6025.578300 5578.260100 6156.153000 5758.755700 6078.376300 5732.511200 5691.542400 5696.514200 5420.146100 
6409.825100 5856.026200 6369.615300 6524.573500 6195.330600 6015.847800 6116.515500 6309.628800 6385.090700 5982.701900 5996.925300 5985.536400 6085.878300 6387.325900 6066.887700 5799.901700 6416.510500 6051.207100 5970.879900 6438.312900 6078.968200 6338.908500 5767.688500 6074.769100 6268.350100 6406.310200 6129.796900 6223.595900 6471.093100 6374.256000 6059.210000 6274.065500 6287.390300 6143.422400 6447.822800 6133.787200 6221.003500 6326.056800 6378.259800 6151.155700 6120.990600 6020.993200 5926.512900 6267.218600 5770.436700 6803.097600 6367.655500 6205.244500 6104.889900 6343.791400 6253.010500 6439.001400 6204.593400 6156.291700 6189.059600 5831.210400 6134.092000 6248.070400 5777.293400 6343.390700 5823.791900 6254.964600 6474.820100 6280.225400 6222.650900 6258.044600 5968.077700 6146.104300 6236.514500 6108.237000 6470.277800 6089.190700 5920.421700 6242.332800 6283.475200 5714.730500 6121.228200 6370.099400 6627.194800 6037.262500 5916.570900 6223.911600 6212.847800 6094.163900 6238.697400 6275.574000 6026.107000 6596.388000 6051.426900 6617.588200 5969.152000 6212.853800 6058.566900 6344.886700 5946.265800 6398.836700 6230.678200 6008.173300 6328.115700 5990.015200 6107.341500 6102.468600 6006.542600 5913.041200 6365.074000 6442.073800 6037.430200 6373.127600 5934.136500 6198.481000 6305.611300 6119.170000 6508.554500 6030.363100 5999.266800 5978.367300 6051.139700 6242.028900 6441.675600 6116.838800 6232.894300 6004.287300 6194.447600 6460.840900 6839.454500 6306.805600 6088.162900 6074.596100 6201.146800 6398.242100 6157.702500 6112.500800 6399.235300 6159.466900 6387.048100 6136.252000 6496.565700 5997.335500 6170.607900 5461.356600 6218.363900 5366.869900 6322.912500 6080.451200 6046.789400 5968.135800 6088.138400 5810.671400 6503.901400 6207.884700 6351.932400 6260.460500 5687.553700 6060.814300 6272.871500 6266.911800 6175.410800 6236.362800 6453.432200 6001.780700 5932.941600 6159.146900 5977.778800 6122.384100 6608.241600 6293.379400 6443.751200 6674.509200 6067.823200 6048.911000 5841.263100 6006.227600 6223.647400 5978.391500 6144.450200 5936.520200 5941.857100 6152.934500 6266.206400 6017.822500 6068.358500 6169.131200 6388.096100 6343.622600 6254.036200 6520.382400 6383.897500 5767.521800 5827.171800 5972.212400 6278.520300 6140.663700 6080.089100 6306.185900 6022.750200 6333.799700 6222.080900 5914.870400 5886.410400 5795.001800 
6899.048300 6604.220500 6904.568900 6958.346200 6783.263700 6612.011200 6591.708600 6781.785700 7003.056600 6597.363400 6545.956500 6893.311300 6547.849100 7260.301000 6752.363000 6523.865800 7121.628600 6371.615600 6405.734700 6994.198100 6761.110500 7057.622600 6271.889600 6543.353200 6616.813400 7074.394000 6606.023100 6802.186700 6754.038700 7049.698000 6686.945600 6659.440200 6755.784800 6837.328000 6901.332300 6550.705600 6974.074800 6794.431300 7078.889500 6917.816600 6685.607300 6552.185900 6242.363700 6652.432500 6428.345700 7180.949700 7048.773400 6767.942200 6656.186000 6895.220800 6930.541100 7013.427100 6786.813700 6594.797400 6792.015600 6628.960700 6535.958900 6511.404600 6262.955100 6933.629900 6592.931500 6914.679500 7073.215700 6772.938200 7020.018500 6920.305000 6405.327400 6721.355400 6912.276300 6474.410200 7199.243900 6598.159000 6363.047700 6797.413300 7065.686800 6480.236200 6585.915100 6863.194600 7115.485500 6587.581300 6703.772400 6744.695500 6951.202700 6739.063600 6717.715300 6779.674600 6620.457800 7098.457800 6773.982800 7197.105100 6461.370800 6730.945400 6391.153800 6713.086900 6662.614400 6978.562400 6726.712600 6823.498800 7108.497300 6603.454800 6720.378100 6415.354000 6605.215300 6631.161900 6845.230700 6751.323100 6717.693600 7024.801000 6651.949300 6499.734900 6777.864600 6783.294400 7119.525600 6643.501900 6782.265400 6575.261100 6699.222700 6720.210500 7133.366600 6715.807800 6791.511300 6459.694100 6735.176200 7044.805900 7125.131800 6892.590800 6796.044600 6160.039200 6799.735700 6884.355400 6714.078300 7026.213800 7045.754400 6667.342900 6908.435000 6721.817900 7232.871000 6653.985600 6740.894800 6109.116500 6880.648600 5963.948400 6973.057400 6615.379700 6624.853000 6432.008300 6561.535100 6225.367700 7138.137500 6740.206300 6768.359700 6733.801000 6343.806900 6548.646100 6835.997000 6968.476200 6913.784000 6728.401000 6923.191800 6845.959800 6656.275600 6912.592100 6649.676000 6798.569600 7219.471500 6701.763700 6871.751600 7117.143700 6511.497100 6794.925600 6558.615200 6645.108000 6674.879300 6368.108500 7013.864600 6198.745700 6833.514600 6620.896400 6789.023500 6739.013300 6449.509800 6939.453200 6898.832600 6794.349400 6900.756000 6834.811600 6725.636400 6304.926600 6597.194000 6532.860300 6721.464300 6884.277800 6556.718100 6844.785800 6669.364000 6983.994800 6733.906800 6602.270300 6257.365200 6315.584900 
6392.078500 6111.993700 6418.756400 6481.168500 6090.731700 6010.611100 5834.164200 6304.034700 6372.262800 6023.998400 5772.761900 6254.571200 5962.614500 6503.494800 6036.650100 6065.744500 6270.993000 6011.177600 5870.027400 6232.274500 6012.418100 6130.524900 5600.121500 6063.049200 6203.650900 6597.269200 6237.061500 6340.734800 6347.351100 6437.480100 6033.282800 6072.202400 6086.118800 6159.607700 6496.367400 6158.268900 6314.083000 6220.975600 6549.551200 6087.482700 6290.563200 5826.135000 5890.276400 6120.380100 5776.617900 6689.495800 6376.147800 6088.829400 5958.701300 6175.564700 6116.788000 6507.266600 6449.222600 5847.258900 6149.371500 5900.521900 6089.791200 5867.928500 5728.643400 6454.803300 5951.170100 6319.355500 6360.998600 6414.700800 6440.900300 6336.471100 5981.172200 5959.347300 6187.422500 5981.822400 6359.512600 6038.031300 5784.361200 6362.776900 6247.591200 5965.750000 6071.017000 6196.776400 6646.697600 6208.661800 6085.056800 6387.920400 6356.255300 6266.023900 6104.707900 6128.216500 6036.532600 6614.768600 6063.484600 6526.879700 5957.753300 6265.957700 6088.059700 6266.389500 5971.436300 6341.347900 6217.744900 6185.489300 6349.792800 6298.751200 6086.143000 6013.717000 6182.042800 6247.475600 6313.459200 6548.947300 6018.848900 6145.159200 5965.231500 6047.615400 6259.528700 6292.998900 6419.365300 6114.408200 6142.539000 6091.962500 6195.895900 6227.406000 6288.030700 6112.934500 6109.360800 6001.246800 6125.990700 6454.043500 6487.054600 6277.590100 5963.787100 5752.399000 6211.766600 6300.054800 6231.935100 6187.938600 6496.251600 6405.825000 6394.178400 6138.252900 6376.725200 5934.615300 6200.313900 5646.406900 6097.908000 5319.062000 6477.100900 5923.402000 6007.708800 5967.724800 5902.800400 5658.144100 6535.121500 6098.332000 6259.427600 6075.495300 5967.070400 5987.910100 6226.381300 6248.756100 6107.029700 6176.231500 6395.381200 6066.957400 6126.085000 6352.959600 5881.708800 6370.627500 6595.604600 6121.672500 6479.013800 6530.498400 6147.888900 6075.054900 5879.158800 6041.455600 6276.322700 5883.433600 6119.843700 5641.279500 6083.755600 6125.202100 6078.817800 5989.143400 5949.807200 6222.503100 6273.942200 6352.163100 6259.742700 6475.366800 6182.016400 5746.302800 5950.750200 5882.426100 6116.495400 6468.627400 6063.048800 6218.787100 5925.262700 6362.146500 6244.439700 5729.928000 5836.416500 5895.737500 
6211.682100 5868.597600 6107.090100 6209.617000 6165.556000 5736.327000 5789.724100 5994.310900 6287.681400 5801.287600 5647.365100 6067.314000 5847.873300 6272.764800 5820.645700 6018.414600 6418.858800 5895.638200 5790.394800 6217.739400 5855.381500 6211.215300 5419.218900 5849.684200 5855.965300 6293.496200 5937.671700 6209.461300 6155.360000 6340.486500 5938.912900 6056.880800 6109.463300 5986.424100 6214.117000 5887.738600 6132.696700 6066.963800 6311.626200 5987.799000 6030.088800 5758.174100 5905.570200 5800.045500 5673.221500 6597.563400 6324.520800 5866.974200 6175.062500 6276.485200 6251.547800 6438.339200 6180.472200 5962.180100 5982.354400 5964.173600 5851.189300 5800.352300 5528.937500 6306.040700 5885.038800 6045.647100 6301.668500 6150.074500 6310.552100 6209.901500 5832.123300 5771.459600 6089.006100 5932.393200 6329.068300 5931.119100 5620.884000 6185.558800 6171.868300 5598.984400 6051.613800 6236.591600 6324.772600 5902.503700 5767.199300 6070.077700 6308.641700 5896.639500 6070.649100 6065.487800 5947.334600 6341.710400 5895.884400 6254.106900 5892.090100 6111.074200 5788.331800 6070.549000 5954.605600 6321.061500 5769.938800 6104.566800 6201.222100 6004.366300 5866.602300 5785.100100 6035.127000 5911.999300 6290.092900 6225.085300 5873.111300 6213.721800 5986.425600 5910.195500 6105.440100 6116.905300 6224.291800 5950.445700 6057.124900 5951.302900 5922.117700 6068.571800 6200.109700 5757.421900 6040.278200 5735.007700 6181.255700 6401.886900 6520.333500 6089.792300 5939.739500 5820.679200 5985.090300 6294.136200 6044.234600 6221.155400 6353.904800 6236.057000 6044.225600 6052.141200 6367.696100 5847.877100 5905.291100 5519.772900 6036.297400 5298.827800 6114.718000 6024.706800 5969.121000 5890.561800 5755.981800 5451.916100 6395.005500 5915.396600 5938.775500 6065.816600 5610.311700 5770.412900 5989.990900 6285.770700 6094.078700 5954.942700 6237.268200 5784.619900 5865.951600 6090.412500 5785.994200 6114.209800 6408.003400 5867.900200 6369.827800 6323.140500 5866.908200 6104.158700 6044.905700 5777.739300 6076.534600 5735.300600 6035.517500 5671.780100 6013.384400 6156.432400 6062.961100 5995.595200 5735.184900 6132.513600 6213.992100 6071.820100 6201.773900 6038.581800 6156.106600 5635.791300 5797.882000 5711.304500 6021.055900 6125.271700 5944.990200 6109.573300 6024.461200 6284.922100 5988.619400 5688.870000 5825.618000 5586.753900 
6223.801700 5701.973000 6106.639800 6366.298600 5938.035600 5752.618200 5697.011800 5943.862600 6084.552400 5867.845700 5644.949700 6025.481200 5674.600900 6214.490100 5983.190600 5536.489100 6326.672500 5682.857200 5716.314800 6315.899300 5993.585500 6088.111200 5533.404000 5746.746100 5674.013700 6177.338600 5821.525000 5990.528500 5966.178500 6286.667200 5711.710200 5821.935400 6113.216900 5955.526300 6195.058400 6077.444900 6119.423800 5941.627100 6276.654300 5959.169300 5944.423100 5757.436900 5808.331900 5877.159800 5842.689700 6443.595900 6104.620200 6163.652600 5992.769600 6202.628100 6085.415300 6394.394600 6107.189400 5791.310100 6067.095100 5788.906800 6035.894200 5894.374600 5465.133500 6196.916400 6011.884200 6068.907300 6215.562100 6184.262400 6077.600200 5974.170600 5803.218500 5726.758800 6131.409700 5702.696500 6152.170600 5766.557800 5655.486800 6244.748400 6220.519400 5542.730200 5960.319700 5985.786300 6480.752200 6106.705800 5792.975700 5932.159400 5991.183000 5967.769900 5859.893400 6070.316800 5799.449100 6295.420600 5834.047300 6269.913600 5726.286400 6064.915800 5902.076000 6068.303200 5800.211700 6116.925200 5939.430600 6155.648300 6004.432300 5875.237300 5820.100200 5893.472700 5783.891500 5838.628700 6108.389700 6205.676500 5878.044000 6155.589900 5918.100300 5883.607100 5956.837900 5861.993700 6418.313000 5911.785900 5901.274100 5969.851400 5900.379200 5990.727700 6319.428800 5878.013600 6000.347800 5812.314600 5814.627600 6264.807100 6144.173700 6113.333000 5780.460900 5675.550500 5993.364600 6156.011100 6037.419800 5961.085400 6338.570300 5915.607600 6058.275200 5889.821400 6088.163500 5800.790800 5908.401400 5460.282800 5953.981700 5121.303100 5977.334000 5642.440800 5895.222300 5762.099700 5954.918700 5515.215500 6238.359900 5926.721800 5966.202700 5748.328900 5550.055400 5697.607200 5947.902800 6096.766400 6055.888500 6037.965500 6030.891800 6003.073900 5753.382300 6040.509800 5887.186500 6151.868500 6415.601400 5915.135400 6207.402700 6529.853200 5865.168300 6061.016900 5843.708300 5872.668000 6095.195800 5753.959500 5965.748900 5680.428200 5959.370400 5807.596700 5922.796100 5851.685600 5904.993700 6205.625500 6098.577000 6062.205400 6062.339800 6051.013300 6203.593100 5802.522300 5792.317500 5728.669800 5975.328800 6101.235600 5995.745800 6019.367500 5832.405500 6203.108500 6048.458500 5624.829500 5656.846600 5737.775200 
6392.006800 6202.315100 6199.732500 6541.805200 6142.767000 5996.599800 5994.360400 6246.111300 6421.204100 6080.139400 5983.449900 6351.786400 6008.760200 6453.538900 6163.841500 6062.749100 6591.495900 6045.387600 5834.783200 6384.626000 6075.230800 6189.492900 5772.959600 5932.008000 6145.871200 6569.042300 5981.210700 6267.026400 6149.152700 6341.696800 6086.760900 6041.017500 6218.100900 6228.300200 6172.199100 6233.611600 6300.541900 6307.783100 6441.179200 6200.932600 6332.599000 6048.145300 5721.198100 6203.035800 5890.365500 6709.365600 6471.683000 5923.219300 6088.495900 6124.855100 6267.468300 6366.377100 6351.198900 6169.453200 6271.652200 5993.948200 5959.542500 6305.799900 5627.300900 6473.405700 6029.940900 6330.266700 6343.965700 6194.756700 6413.241900 6317.264100 6005.021100 6089.976300 6278.522900 6000.806600 6483.881800 5986.404200 5727.275300 6466.028100 6413.631500 5789.942500 6140.967600 6262.313700 6641.725600 6324.177400 6154.641100 6341.331400 6361.380300 6085.475000 6111.891600 6193.950100 6051.870600 6468.927800 6114.003000 6480.260800 5981.773000 6162.592200 6167.270700 6478.611500 6091.012800 6273.388500 6037.229500 6241.901500 6376.052700 6262.378500 6147.553800 5911.051400 6042.525500 5994.924200 6522.345600 6250.426600 6202.339200 6430.682700 6030.083600 6135.514300 6234.385000 6119.629500 6459.266300 6172.591400 6054.994200 6104.876500 6192.694800 6323.463100 6482.190500 5974.919700 6386.494800 5973.501500 6289.527200 6575.759400 6442.305400 6248.289600 6018.148100 5725.819100 6124.778300 6428.214100 6050.728800 6283.044300 6605.956200 6242.421000 6386.246600 6158.827200 6494.781200 6090.250400 6124.565500 5639.304200 6170.651700 5440.753300 6271.545500 6073.317400 6047.125800 6159.129700 6041.779900 5729.603200 6555.806200 6128.025200 6287.583400 6132.186800 5810.873600 5889.648800 6315.706100 6368.682800 6240.008500 6319.340000 6440.937500 6087.734600 6132.694800 6441.865200 5974.579700 6378.061800 6749.314000 6217.343000 6436.903900 6520.825400 6221.657200 6439.332900 6089.033900 6254.936300 6193.876400 6072.555200 6207.189700 5770.568900 6299.774400 6214.057400 6119.917900 6026.337400 5925.624500 6266.202500 6386.278600 6277.997400 6203.315000 6284.989300 6247.020900 5925.598100 6130.241900 5970.090900 6202.640400 6331.886000 6061.316700 6189.880600 6035.463300 6419.946800 6332.830000 5958.448100 5815.585300 5959.665500 
6234.827600 5930.950500 6060.707100 6202.134900 6105.142200 5808.779600 5654.421200 6130.754500 6311.799000 5917.670700 5802.835700 6162.522100 5674.306000 6331.295400 5970.215100 5910.300600 5989.215200 5887.105700 5760.571600 6173.664900 5845.428100 6199.597400 5555.527800 5871.882100 5872.557100 6266.453700 5773.352500 5949.850600 6017.118400 6226.551900 5749.774800 5891.041600 6162.707500 5963.674600 6119.052600 5927.466000 6192.126000 5981.501100 6234.069000 5926.969400 5875.691200 5782.131900 5753.643300 5919.692200 5740.473100 6618.523600 6145.836700 5767.055700 5883.128300 6222.700500 6271.763800 6245.924000 6064.964400 5861.622800 6065.330600 5847.032100 5801.078000 5807.806500 5462.635200 6203.277700 5726.504200 6174.266700 6107.908400 6013.065500 6119.146600 6139.132100 5841.691800 5834.237400 5988.274800 5759.522800 6347.631300 5739.564000 5546.172200 6223.958400 6185.617700 5557.515900 5934.651300 5992.093500 6179.878500 6011.745900 5939.918900 6039.988100 6532.230500 5813.725900 5988.510700 6199.091300 5925.770600 6413.075200 6007.935700 6310.715000 5876.729100 6046.217800 5900.236000 6012.422800 5925.188400 6032.436100 5955.881100 5996.064000 6001.625600 5941.162600 5904.286300 5786.877500 5832.048700 5886.731200 6160.148300 6138.139700 5902.718600 6102.334300 5946.042100 5826.760600 6005.858700 5878.242500 6434.056000 5875.458800 6004.596300 5931.870700 5981.036300 6061.473800 6241.845600 5888.422200 6032.884100 5727.535800 6084.503100 6325.637100 6288.271100 6117.396700 5966.508800 5748.900300 6208.529600 6194.997800 6016.868300 6066.434200 6215.026500 6139.813800 6070.954900 5903.811400 6153.548100 5843.739700 5977.024400 5294.289000 5960.372400 5301.173500 6124.687300 5784.964400 6002.620000 5767.911100 5859.184600 5588.230100 6239.191800 5948.904500 6058.589500 5801.115800 5538.729400 5707.447400 6058.907000 6061.504100 6091.118000 6130.073900 6155.944000 5872.827200 5760.529300 6275.644700 5890.469700 6102.251500 6487.769000 6087.171800 6095.959800 6477.599600 5918.084200 5983.750900 6105.345800 5964.401100 5851.056300 5829.150500 6148.935600 5535.634500 6058.740500 5918.324800 6090.114300 6030.539600 5823.215300 5974.521800 6294.564300 6007.152600 5805.457200 6223.762600 6056.390800 5612.382500 5962.863000 5866.292600 5829.555700 6087.402400 5791.880000 6046.943800 5789.770700 6033.932200 5995.292500 5505.531000 5700.522000 5664.731900 
6425.339600 6174.045100 6249.606300 6434.985600 6340.760000 6044.616600 5896.459100 6131.427400 6558.761900 5969.443900 5824.826400 6216.386600 5947.993800 6682.758300 6106.453800 6141.764200 6427.173900 6038.002100 6085.258300 6578.410500 6061.984000 6162.479500 5637.403600 5952.179600 6188.578300 6534.445100 6029.199200 6050.777100 6166.032100 6468.700700 6148.496500 6157.907100 6225.875800 6421.608300 6380.375700 6282.086400 6460.217500 6142.519500 6478.212100 6163.672100 6308.688700 5887.882000 6088.175100 6236.156000 5726.349900 6582.304700 6524.949100 5970.597300 6143.144900 6209.016200 6327.266500 6685.270700 6479.207600 6136.186800 6292.746600 5913.171100 6030.925600 6020.105600 5772.354000 6334.662500 5951.425700 6178.272700 6496.901400 6421.482800 6224.999600 6186.415600 5954.694400 6056.197400 6437.390000 6193.930700 6574.186300 6176.909400 5911.396300 6434.700500 6241.585800 6059.889900 6125.913600 6325.162000 6626.014200 6266.016000 6138.275300 6345.064200 6351.639600 6212.830100 6287.581600 6132.488800 5946.381000 6523.741500 6174.494900 6831.559200 6052.664700 6085.914300 6188.166900 6269.146400 6145.685300 6385.377000 6274.391000 6182.743000 6532.512300 6227.535300 5994.450000 6197.468800 6009.749400 6111.539600 6326.828700 6335.791500 6000.958700 6119.458900 5957.517600 6051.776200 6301.179800 6032.726000 6552.203500 6030.778900 6392.730300 6220.494900 6350.739400 6174.369000 6412.350700 6076.325000 6347.276100 5969.888100 6013.822200 6488.180900 6715.012000 6174.076700 6197.006400 5954.143500 6418.815100 6522.747600 6254.099600 6282.459200 6382.625900 6320.274900 6370.872800 6275.913400 6464.963500 6034.914000 6284.749200 5606.628900 6180.272600 5499.628900 6524.835500 5868.079200 6075.952100 5818.958300 6112.822000 5817.756400 6457.850400 6077.217100 6220.598800 6244.231500 5821.693200 5809.564900 6389.593700 6270.150400 6236.394300 6144.136600 6419.790500 6108.209100 5839.220300 6115.559700 6075.541200 6350.636800 6715.013400 6149.786400 6332.972800 6509.401400 6264.450500 6189.582100 6000.055700 6011.072300 6359.759500 5855.493200 6291.986800 5893.859900 6075.760900 6294.383500 6147.678000 6157.218500 5908.169600 6236.692600 6266.761800 6300.091900 6305.977800 6445.452400 6268.428300 5853.518900 5985.702700 5865.824400 6096.323000 6314.864700 5970.041600 6389.472100 5986.259800 6412.755400 6219.831700 5891.067000 5890.669000 5771.105600 
6368.559000 5938.512700 6173.034300 6325.333200 6222.159600 6040.927000 5996.323400 6065.214300 6301.357700 5996.431300 5870.149500 6082.675500 5811.817800 6207.806000 5951.739300 5813.016500 6467.901000 5813.773400 5900.706900 6102.634700 6159.402200 6525.115700 5569.727100 5843.206900 6018.798600 6291.178900 5834.098400 6422.241300 6253.221200 6465.333400 6051.795700 6097.415300 6115.551900 6112.973300 6215.816700 5916.044300 6257.875100 6297.832900 6488.791900 6135.658500 6077.399700 5807.044200 5815.580400 6043.584700 5881.588500 6612.530900 6288.139800 5961.217900 5976.324100 6162.904100 6147.934500 6315.036700 6431.489900 5860.020400 6108.834300 5894.128300 6133.003600 5979.520600 5645.880400 6335.422200 5854.064600 6200.482300 6384.336100 6149.665900 6109.418200 6236.284600 6078.098200 5930.056600 6078.295700 5881.681700 6463.071500 6043.900300 5696.821600 6217.678700 6420.777400 5722.006900 5922.741400 5972.018000 6369.754000 6162.548800 6141.402600 6055.845900 6410.189700 5911.545300 6008.035100 6077.626200 5898.291000 6584.328000 6038.857300 6205.902800 5812.008900 6117.441900 6059.115900 6367.227000 6000.651900 6234.338400 6150.700800 6110.663400 6192.550400 6066.751400 5883.630400 6178.027700 5994.406500 6008.541400 6278.725900 6398.240500 5840.749200 6163.227000 5880.068500 6016.422000 6268.522300 6002.072400 6365.167900 5943.829200 6099.692100 6030.381600 6099.821100 6375.960300 6401.215300 5994.545800 6156.188000 5840.032300 6255.452900 6379.767800 6391.220700 6162.521600 6107.998200 5753.851200 6251.971900 6187.485600 6100.297000 6169.741300 6455.880100 6152.733400 6360.818200 5910.652200 6258.446400 5881.623600 5988.422400 5538.328200 6017.900800 5367.372400 6344.667200 5866.732800 6000.136000 5690.083600 5905.256200 5718.677800 6292.310500 6018.072100 6168.570100 5851.798900 5841.494100 5860.522400 6284.104000 6363.571000 6267.214000 6164.251900 6155.115300 5805.962100 5908.746500 6332.995000 5974.547400 6174.520700 6365.318700 6111.471400 6183.569000 6600.280300 6070.871100 5848.057500 6103.291000 6109.026000 6095.235900 5849.283700 6023.356700 5687.575200 6135.664800 5952.250900 6002.972900 6007.092000 6149.621400 6141.646200 6328.829100 6186.494100 6161.276500 6266.662100 6094.227600 5646.041900 6120.344300 6066.495200 5930.155600 6214.163300 5904.809800 6099.806100 5910.464900 6302.946200 6071.033700 5836.357100 5819.958400 5829.545200 
6635.314000 6099.572200 6541.860600 6745.794100 6264.418200 6148.524500 6086.281000 6218.517900 6651.284200 6200.184800 6058.827600 6298.452900 6129.739700 6499.282400 6235.153900 6140.234300 6618.107300 5999.998500 6030.962700 6520.853000 6139.488300 6537.898800 5749.126100 5954.335300 6256.803300 6658.655600 6248.869200 6294.262400 6338.913900 6698.983600 6173.547000 6447.012100 6388.479100 6264.485100 6635.587700 6411.944500 6261.974200 6380.550700 6783.351400 6305.596600 6460.479700 6116.885900 5991.632600 6202.708300 5995.164200 6790.836400 6571.643600 6308.763800 6354.593600 6470.803700 6335.654400 6697.572100 6539.972000 6050.104500 6401.709400 6090.040800 6155.759800 6199.049400 5941.335500 6615.790600 6106.665500 6541.051900 6737.528800 6327.070800 6482.388600 6422.914400 6078.560500 6244.332700 6496.487600 6062.770600 6716.602900 6334.863900 5907.443200 6723.348100 6337.874400 6003.440100 6269.913100 6434.889600 6783.734300 6458.801700 6004.847500 6473.058400 6213.911700 6405.486100 6094.693100 6413.336300 6101.815000 6654.748500 6356.060600 6624.769900 6289.895200 6195.879700 6104.052700 6447.351000 6282.178900 6652.117900 6275.288400 6186.988400 6540.911900 6344.622300 6121.555100 6317.680900 6295.464200 6228.483100 6516.890100 6557.725800 6058.740800 6464.088100 5943.415200 6147.795100 6422.796500 6233.930900 6616.421000 6278.896900 6181.610500 6341.108100 6230.430500 6216.027500 6396.871200 6180.365800 6384.015400 6111.644200 6305.436200 6740.764500 6739.537700 6379.414700 6215.944000 6058.570100 6429.312700 6475.255900 6384.455400 6549.902400 6662.897700 6372.608900 6690.527000 6339.541400 6702.033400 6200.705500 6200.049000 5817.987000 6185.154100 5473.978600 6621.630800 6041.000800 6143.766600 6337.029200 6166.776400 6082.699800 6629.037100 6103.491500 6393.842700 6318.694500 5999.826200 5993.011300 6525.944200 6490.282500 6299.475700 6171.856300 6587.782500 6317.064700 6269.912100 6482.247200 6175.659600 6503.738800 6717.504400 6501.984300 6600.644900 6682.055000 6320.242200 6296.935700 6249.956500 6139.313100 6344.998000 5947.811400 6301.808300 5852.828200 6493.379800 6222.241300 6382.516800 6217.727000 6023.551300 6380.206500 6586.404500 6579.655200 6457.886700 6493.657200 6517.704700 5962.805000 6031.168900 5880.492000 6277.426500 6424.026700 6118.659600 6593.013700 6335.796500 6535.179700 6440.759300 6024.710600 6101.518800 6043.729000 
6471.010200 5879.105400 6311.745700 6623.483600 6380.442900 6280.295800 6193.496800 6158.197400 6547.124800 6216.237400 6010.959700 6329.758400 5968.698000 6659.175900 6309.737800 6142.399900 6661.046100 6133.212800 6081.599700 6627.205400 6319.153400 6461.679400 5672.059700 6327.898100 6257.659200 6471.495100 6089.045100 6312.004500 6256.326500 6646.145400 6043.164800 6326.105200 6212.113200 6321.466900 6316.257900 6177.998600 6400.531300 6356.258500 6822.195300 6051.690600 6227.933700 6035.033100 5820.474200 6068.841100 5957.974800 6658.390500 6390.987600 6141.053800 6164.096600 6627.207200 6442.203800 6611.225500 6482.599900 6258.793900 6315.648100 6144.725000 6363.920700 6150.656900 5711.039300 6519.770900 6087.009200 6289.047600 6627.975000 6328.607200 6484.244600 6274.932600 5940.830600 6308.208200 6192.406700 6112.221800 6453.876200 6259.684700 5812.683400 6317.385200 6525.312200 6022.008100 6139.640700 6373.616700 6730.923300 6289.992800 6144.371200 6355.317300 6364.777800 6223.448800 6116.277300 6343.231500 6252.221900 6590.589500 6227.999500 6631.137200 6183.684800 6212.969100 6105.701900 6295.087800 6334.536200 6548.977900 6135.351200 6361.641800 6551.532100 6294.565300 6063.484600 6341.737000 6216.978000 6103.889700 6523.663300 6323.650000 6120.570000 6394.599800 6045.025700 6197.311600 6299.912300 6400.656900 6631.011100 6215.508500 6197.021100 6145.233000 6287.015500 6389.596500 6556.101900 6105.453600 6179.871900 6200.398600 6368.762900 6445.443200 6688.036400 6489.576800 5955.671700 5902.244000 6506.631800 6415.707000 6341.460600 6499.076100 6666.491500 6234.720200 6367.914900 6216.553500 6511.344500 6139.473900 6350.681400 5757.694900 6187.689800 5607.889300 6406.956000 6195.862400 6195.309500 6152.342300 6264.451300 6027.213800 6485.402800 6291.427400 6464.727300 6166.279600 5829.198300 6030.360000 6360.241800 6514.141900 6289.913600 6264.509400 6312.767000 6373.917100 6063.127100 6336.985100 6126.944600 6387.104600 6552.234900 6363.373800 6436.369200 6730.543400 5982.914100 6182.738100 6259.608500 6112.124300 6256.850000 6174.031800 6244.138000 6027.669900 6412.461300 6337.652000 6305.283400 6126.394000 6121.227600 6278.210900 6716.059100 6370.098400 6280.269300 6466.367000 6236.905900 5762.677400 6183.684600 6088.676500 6264.973600 6278.650600 6221.887100 6709.639300 6209.313600 6589.935900 6302.250800 6061.316700 6038.990700 5937.985500 
5787.813300 5215.628900 5684.423700 5915.567100 5701.544900 5522.288600 5378.437400 5835.009600 5695.304800 5361.679600 5314.357800 5555.723800 5365.600800 5673.842000 5561.105500 5396.803200 5832.761100 5505.999700 5365.957600 5572.474100 5322.432200 5614.573200 5212.806600 5514.504600 5681.324200 5697.869200 5335.489300 5739.745800 5647.350200 5816.905900 5584.486400 5643.648200 5521.446500 5612.615200 5876.111000 5412.932100 5679.234800 5579.605600 5831.121700 5482.850200 5571.911900 5360.640700 5207.737800 5472.267200 5277.363800 5951.722100 5922.449700 5344.952800 5400.219000 5692.400500 5443.408500 5798.773400 5659.317700 5456.852700 5608.213800 5247.969500 5383.321300 5410.729500 4996.555800 5727.127000 5190.264800 5705.795000 5654.687300 5641.994200 5450.688100 5589.276900 5332.960500 5414.601200 5662.631200 5544.475300 5887.912100 5482.138400 5172.978000 5770.492500 5698.203500 5253.782300 5635.972100 5504.556100 6040.602900 5428.992000 5456.461000 5654.921600 5762.782500 5673.263800 5541.868000 5635.918300 5415.344500 5905.036300 5587.958000 5962.428800 5513.133400 5703.053100 5365.651300 5526.914300 5492.950400 5478.597700 5746.247800 5420.182400 5644.525100 5425.538500 5587.459400 5408.649000 5393.904100 5433.303300 5686.648500 5749.715700 5387.052100 5566.041400 5242.780900 5596.591200 5417.995500 5393.367400 5683.470600 5402.590500 5565.094500 5439.451900 5501.917000 5602.042900 5818.310500 5465.376800 5429.237900 5549.171000 5631.065000 5786.179800 5760.264300 5599.916000 5346.009100 5338.524600 5658.365900 5639.559400 5424.657100 5612.841400 5926.692400 5556.635400 5793.342100 5470.277000 5897.444100 5313.585200 5517.984900 5094.254800 5598.943000 4872.810100 5663.142700 5315.790900 5433.567700 5251.664000 5429.214300 5327.890900 5719.733900 5437.906000 5618.356300 5422.337400 5063.796800 5356.748800 5607.757100 5558.965900 5678.700300 5488.809500 5758.221500 5682.966500 5187.019600 5762.319600 5420.541800 5650.786300 6085.820100 5500.727400 5741.517700 5795.327900 5577.190000 5501.250900 5345.712100 5470.157200 5674.498700 5317.711900 5519.263300 5129.631100 5500.737100 5624.614800 5472.507900 5422.485400 5330.275700 5569.107500 5620.006900 5706.392300 5610.919200 5578.444400 5709.192800 5278.647400 5433.020400 5254.407800 5434.300400 5823.234100 5443.012600 5773.909200 5369.143500 5675.722500 5582.407800 5306.647100 5186.111000 5138.537200 
6088.104900 5715.225600 5993.815800 6232.981700 5907.297500 5957.253800 5778.383500 6097.359300 6111.724400 5643.733100 5637.641600 5767.022800 5781.287500 6209.055200 5920.757400 5601.791100 6098.807400 5746.900000 5680.292700 6039.112300 5822.479700 6004.396800 5446.227000 5793.018500 5866.746300 6315.541000 5819.729000 6081.036500 5911.512000 6335.720000 5971.026600 5959.539700 6054.079400 5932.106900 6119.378800 5864.788300 6107.635500 6099.585000 6323.541100 5908.904300 5777.014700 5820.529800 5678.898600 6017.739000 5471.909000 6587.512900 6212.587800 5899.001300 5827.888600 5959.244900 5870.017100 6250.044500 6115.903600 5685.894200 5933.088800 5832.040800 5983.391800 5697.943500 5360.241600 6058.217600 5786.165000 6023.998500 6193.686700 5984.403500 6027.201400 5977.090200 5696.205100 5850.197700 5980.361200 5890.133900 6189.034700 5741.052700 5640.457000 6184.121800 6209.232800 5618.916700 5961.281700 5749.798700 6464.652100 5995.422200 6007.918100 6016.740700 6104.356800 5911.586200 5834.306400 5986.243000 5903.871400 6283.864600 5789.337200 6243.645200 5757.446900 6033.984200 5774.095300 6112.967300 5927.902100 5925.864000 5875.472400 5946.035700 6157.593500 5839.395300 5844.868900 5745.114400 5760.503000 5800.100600 6214.314000 6109.449400 5763.260800 6169.776200 5721.266000 5877.130700 6035.257500 5709.913900 6253.377900 5867.062400 6067.013100 5791.634500 5831.709600 5929.416700 6064.142700 5758.996700 6055.784400 5844.488500 5882.018600 6384.387400 6254.696000 5989.104300 5823.079400 5629.972900 6244.722500 6084.267100 5765.444200 6207.078500 6255.108100 5798.634000 6157.775900 5634.284800 6023.757200 5795.994100 5939.951700 5426.126800 5885.078400 5196.739000 6101.574400 5591.138600 5727.615200 5774.163300 5860.833600 5362.310900 6134.027500 5855.482600 5758.821400 5700.940900 5634.645900 5872.045500 6168.654800 6013.272500 6139.046900 5861.783500 6033.038200 5815.682900 5644.422900 6082.434900 5848.009600 5969.027300 6379.854600 6037.841800 6300.577200 6403.993300 5931.665800 5663.983600 5808.533700 5800.136200 6124.337300 5690.152900 6070.640300 5412.722900 5897.026900 5940.876900 5908.133600 5792.748100 5793.140400 6082.711800 6022.863500 6125.361500 6078.418700 6054.614400 6129.855100 5687.569400 5623.702100 5715.211400 5824.692000 6147.805800 5856.275300 6169.432300 5572.025100 6178.162400 6112.219700 5753.897700 5645.466300 5635.639600 
6483.100400 5914.987900 6269.138700 6455.872600 6281.779600 6191.176600 6164.627200 6045.018000 6405.715500 6164.834000 5963.144000 6326.097600 5967.735500 6514.783700 6070.878200 5987.636200 6513.983700 6040.224500 5924.682800 6223.284500 6217.317800 6275.088100 5687.758800 6032.055600 6129.108300 6449.776400 6075.602900 6364.395000 6343.828600 6561.447100 6003.443500 6004.243700 6295.760600 6343.792200 6408.330500 6213.648000 6372.961500 6352.493300 6647.407800 6314.034500 6372.010200 5986.138100 5775.191400 6196.636400 5840.953600 6752.832900 6474.695900 6142.171500 6112.622900 6327.780000 6204.398100 6370.404800 6398.240600 6029.239900 6199.800400 6035.711300 6153.252600 6046.826000 5523.439900 6468.058000 6163.128400 6306.967700 6620.065900 6383.472800 6480.000300 6458.839400 5913.482300 6002.864000 6365.145600 6011.787300 6700.931000 6096.339000 5879.904800 6416.266000 6288.010400 6061.243200 6377.596200 6181.027100 6586.609800 6167.070900 5974.867100 6340.783600 6373.434600 6196.129300 6213.148800 6162.050700 5936.616300 6516.320400 6245.277500 6562.194000 6177.236500 6188.297000 6063.486200 6243.202800 6129.107900 6428.961100 6196.381800 6275.515000 6626.117700 6058.499200 5915.770200 6002.990500 6066.282700 6034.070500 6508.385000 6448.933200 6062.852300 6302.699000 5965.990700 6305.453200 6315.173400 6232.191900 6697.455100 6064.812800 6298.955700 6119.531300 6092.066900 6210.147900 6400.289000 6105.555900 6228.726300 5970.970100 6420.420200 6490.055500 6644.477900 6218.919900 6073.953700 5757.203200 6425.941100 6481.616900 6309.534300 6401.080800 6607.549100 6342.027900 6427.966100 6076.370600 6353.304300 6180.159000 6060.477900 5570.266800 6138.821400 5489.261000 6458.292100 6112.468100 6006.698300 5937.752100 5997.596800 5675.514200 6564.996800 6233.679500 6412.300600 6160.597800 5886.225900 5871.175000 6246.007200 6554.398000 6221.207500 6068.432500 6409.643800 6098.869600 6059.866200 6282.258400 5836.363700 6303.055200 6639.678800 6173.067400 6397.564600 6691.901400 5939.212800 5923.022300 6088.748000 6144.353800 6291.571100 5709.659600 6197.758600 5934.531800 6082.919800 6236.395200 6188.909200 5909.805700 6168.201700 6253.900600 6444.661600 6285.521600 6118.891300 6342.531600 6443.684500 5821.341300 5950.138600 6056.273500 6225.529500 6302.899500 6100.544400 6453.112800 6207.583700 6453.782500 6180.231100 5885.024400 5978.365800 6017.693500 
6250.667100 5895.034600 6158.897000 6426.148500 6244.719000 6079.854900 5901.086200 6196.712000 6379.333400 5860.809800 5994.037400 6030.469900 5927.886200 6367.404000 6057.699300 5851.697100 6366.068500 6002.248800 5914.785500 6479.088000 6011.665800 6075.168100 5732.607600 6054.089800 6125.644800 6410.731300 5835.604500 6219.101900 6383.321600 6628.767100 5961.974100 6198.091800 6283.330200 6265.004400 6450.782500 6044.558900 6436.125800 6199.237900 6481.881100 6173.562200 6143.475700 6066.072000 5866.083300 6284.898000 5940.749900 6690.983500 6262.835900 6191.227500 6159.582700 6334.125800 6216.453300 6506.090500 6317.586300 6047.521400 6332.679800 6022.130400 6158.013400 6142.777000 5844.673300 6616.008000 5997.977600 6204.472500 6360.723600 6373.523400 6239.824800 6168.611400 5933.135900 6014.654100 6221.248900 6092.358100 6433.118100 6199.195700 6061.256600 6295.239000 6277.068400 5685.758400 6173.077500 6087.232700 6680.662600 6178.577600 5925.673100 6191.709800 6413.214000 6177.726300 6006.081000 6261.562100 6177.548100 6494.857600 6116.414200 6403.097000 5922.404600 6140.485500 6110.014400 6268.588000 6203.525800 6235.141700 6113.025400 6271.774900 6388.675300 6247.000400 5895.769800 6158.446000 5945.934300 6030.677200 6285.424100 6306.432700 6097.689900 6241.617900 5774.271900 6193.944800 6142.447700 5995.739800 6473.845400 6105.854400 6403.410000 6106.668800 6076.628400 6061.485500 6401.441800 5876.150600 6177.028700 6119.647500 6431.668200 6404.073100 6574.424300 6325.211300 6078.054200 5948.065600 6359.202100 6247.567500 6189.285900 6270.587200 6524.871500 6169.148100 6315.116600 6227.676700 6367.645800 6022.275500 6130.557600 5692.477600 6088.898500 5472.931800 6322.871900 5840.185900 6109.452200 5946.515400 6015.802100 5758.749000 6504.047300 5975.583100 6355.729700 5974.029600 5793.246100 5778.396300 6307.928400 6433.597500 6334.876100 6023.505500 6218.622700 6105.835200 6077.106300 6273.308900 6197.490200 6415.459900 6692.679600 6214.187800 6290.431900 6594.723200 6096.393700 5998.969500 6062.886900 6116.136000 6126.765700 5857.130900 6129.942800 5580.257000 6384.650700 6123.014900 5862.032400 6034.691900 5883.972100 6103.792200 6321.755000 6406.949300 6108.374700 6442.603000 6213.649100 6132.647900 6239.650500 6024.908800 6150.397900 6344.090500 6168.484000 6207.056600 6075.473700 6568.742900 6279.686400 5947.380200 5926.459900 6019.423900 
5927.046000 5529.763000 5802.828900 5847.051400 5682.009100 5461.996000 5377.650000 5705.640600 5859.505900 5605.417600 5503.962800 5554.083200 5525.131600 5806.356900 5619.997300 5332.500700 5765.140200 5705.656100 5286.587900 5877.165100 5627.210200 5715.930000 5299.456700 5566.087300 5491.589500 5905.331700 5526.725500 5774.097700 5635.082100 5828.297000 5383.247400 5620.057900 5766.564800 5622.077400 5718.613700 5731.973600 5679.132800 5715.999200 5869.476200 5545.500300 5544.778400 5469.224200 5304.877900 5671.193700 5377.288300 6039.523000 5844.392200 5615.742500 5528.625700 5855.459400 5861.685400 6050.372000 5684.889600 5474.294000 5657.317500 5537.230300 5489.176200 5626.450400 5364.873500 5830.414700 5512.198000 5738.904600 5956.308200 5562.746500 5712.860600 5742.496300 5587.487600 5535.965500 5618.104700 5467.199300 6038.121500 5465.049100 5175.418100 5786.727100 5660.437100 5358.050000 5634.849800 5784.381100 5804.264100 5745.106400 5599.039400 5682.270100 5858.744000 5624.021900 5625.898700 5958.330400 5551.804100 5940.390700 5542.798400 5813.382500 5495.350600 5722.731100 5490.438900 5616.343000 5697.846500 5721.325200 5705.464900 5588.616900 5938.743700 5715.364900 5523.086400 5428.542400 5469.980400 5598.162600 5670.552300 5915.684100 5591.147400 5818.874600 5351.489200 5478.725400 5747.152600 5800.275000 5981.667300 5609.814500 5567.543000 5596.910800 5680.429500 5618.876300 5891.172900 5491.221900 5647.242100 5339.962900 5805.239800 5932.956300 6026.782200 5659.204100 5470.959300 5389.901500 5778.504700 5735.902100 5699.842600 5666.880200 5889.697400 5699.811300 5813.221300 5729.708900 5796.529100 5469.368300 5534.035900 5108.489400 5545.333200 5047.470400 5684.398700 5658.504600 5440.013600 5383.775000 5440.572800 5309.406100 5798.651700 5607.417500 5722.767200 5609.482400 5455.578800 5381.549100 5852.901500 5835.489300 5665.760900 5727.238800 5774.591800 5571.386000 5597.670100 5745.804800 5554.116000 5820.218100 5949.668400 5606.897200 5668.384800 6101.660500 5434.485600 5531.601200 5742.299000 5461.767400 5520.244000 5448.095300 5563.227900 5349.411000 5776.188800 5549.936200 5582.380400 5506.467500 5567.081700 5621.232500 5998.844100 5872.375500 5809.845400 5996.614100 5770.009700 5405.926100 5518.290100 5353.960400 5751.243200 5818.682900 5551.549800 5804.846000 5660.820500 5712.304000 5700.512700 5316.517900 5289.827600 5441.508800 
6427.514000 6069.825300 6063.944600 6432.840300 6142.631500 6183.453400 5827.013300 6237.718500 6309.860400 6044.532700 5949.158900 6220.484400 5803.820900 6259.547200 6167.681800 5938.766000 6393.277500 5784.567600 6008.497500 6454.459100 6207.243800 6356.559200 5692.960600 5873.241600 5999.527200 6335.458700 6217.054300 6226.910200 6287.780700 6476.405400 6084.212500 6216.845600 6299.457700 6136.918800 6394.726600 6069.020600 6309.063500 6218.075200 6660.717900 6120.912900 6175.900700 6093.755100 5867.615400 6015.009700 5917.539400 6730.714300 6290.467800 6138.750300 6062.948100 6348.824200 6243.371400 6445.699000 6272.296700 6080.184000 6335.254900 6098.250300 5966.180800 6098.852500 5514.545200 6344.251500 6034.755400 6400.941100 6383.926800 6435.515400 6296.186300 6166.667500 6039.002600 6015.155600 6151.432800 5943.824900 6462.358200 5959.961100 5714.223500 6358.399000 6307.120200 5918.622500 6263.886400 6180.187500 6470.833300 6112.240600 5889.117900 6155.167800 6201.633900 6169.731100 5894.145100 6259.307300 6153.554000 6427.122300 6025.539500 6474.432400 5983.512900 6164.255400 5977.483000 6270.450600 5994.207600 6236.326400 6151.641800 6210.479000 6232.253700 6179.308000 6253.998100 6091.979500 6028.328400 5991.153500 6381.368600 6452.719900 6110.456700 6304.796700 6193.016600 6116.332600 6275.444200 6173.794000 6541.385300 6281.145600 6071.884700 6007.045800 6095.175300 6142.928000 6349.172600 6020.403700 6239.515200 5894.568600 6055.075700 6313.672600 6382.291000 6064.353000 5930.101100 5864.171900 6263.363700 6225.493500 6089.852200 6142.849300 6475.744600 6232.649700 6424.410100 5925.602000 6458.580800 5933.471700 5995.236500 5761.766000 6072.124400 5335.615900 6448.144500 5997.829400 6047.961900 6086.924500 6213.237600 5777.453400 6476.656900 5946.446500 6214.198600 5989.737300 5838.045400 5971.663500 6091.927600 6444.711200 6166.459300 6398.930400 6284.449200 6119.728400 6118.276000 6542.099700 5822.417200 6337.795200 6706.491000 6077.541300 6463.199900 6438.152900 6213.581800 6144.325200 6209.910600 5960.819600 6282.824200 5934.910000 6390.182400 5648.335800 6244.679600 6134.636200 6079.252100 6113.477500 5918.458300 6277.117500 6331.035900 6209.529300 6293.819500 6266.987200 6230.471400 5887.206900 6213.271900 5886.461900 6035.803700 6254.956900 6238.604300 6303.635100 5977.402700 6496.103900 6260.478500 5863.010600 5825.290600 5817.017200 
6476.136600 6034.882000 6438.158900 6407.128600 6224.960200 6283.862500 6033.550200 6102.504700 6586.343700 6039.013400 5848.789100 6265.794700 6149.476100 6519.810900 6241.684100 6173.063800 6439.130900 6089.325000 6087.225800 6466.027100 6092.397800 6187.168200 5770.153400 6168.077400 6079.159800 6778.036700 6260.949900 6309.078900 6115.789200 6345.919700 6249.241700 6239.084600 6389.719100 6310.961000 6320.191400 6366.540700 6373.150000 6253.865200 6610.573100 6116.936900 6299.812100 5846.646900 5832.194400 6040.532600 6004.441200 6841.052000 6602.419600 6337.806800 6115.069300 6444.501100 6283.195900 6599.124900 6491.743600 6097.336900 6189.928800 5985.642600 6015.328700 6009.533800 5775.515400 6407.203400 6252.565900 6442.122400 6601.395400 6176.493600 6409.506500 6379.625800 6111.097100 6207.490100 6311.534400 6061.656100 6622.445200 6303.239400 5951.218300 6459.892200 6442.272100 5817.631700 6288.041700 6264.286500 6631.545200 6294.874200 6123.947900 6314.129100 6540.849200 6250.254200 6208.026100 6390.466500 6090.420500 6681.722800 6180.089000 6550.090000 6006.800100 6293.193700 6236.188100 6572.183400 6161.264800 6411.819700 6197.177300 6150.680000 6303.213200 6263.274700 6040.175200 6128.232400 6092.292500 6186.830900 6452.423300 6343.358100 6067.772400 6355.705700 6235.710300 6123.763500 6351.272700 6217.509000 6753.717900 6194.241800 6206.516000 6147.759600 6090.999500 6270.414700 6531.687500 6210.596600 6428.750800 6050.210500 6151.896000 6644.105600 6560.789300 6169.859900 6176.684500 6166.369000 6472.515100 6493.725200 6170.325700 6265.592000 6490.614800 6366.998300 6510.599500 6366.915700 6525.763300 6240.235100 6227.833900 5633.171300 6224.211200 5432.729000 6406.816100 5988.788600 6152.413500 6021.397600 6184.830700 5914.833800 6500.547600 6232.317500 6297.961300 6226.425400 5887.344900 6051.172000 6184.508000 6338.603000 6178.198700 6259.834800 6465.399800 6151.163400 6002.551700 6447.529900 5980.608200 6243.848900 6688.026200 6390.283200 6419.901400 6644.749900 6213.647800 6167.785300 6248.339200 6130.502500 6246.674400 5953.174500 6295.815400 5781.127600 6296.583200 6182.665600 6172.777200 6051.659900 6015.357100 6479.033500 6345.245800 6287.493600 6241.298400 6481.482100 6237.771200 5948.472000 6104.334500 5950.062700 6082.956200 6488.731500 6157.608900 6409.109400 5852.848000 6451.764900 6261.456600 5937.131500 5986.474400 6017.151100 
6262.866900 6327.636200 6217.243500 6655.648900 6200.850900 6109.381300 6046.844700 6392.274500 6483.843100 6153.957900 6113.842800 6224.378700 6071.776000 6531.511800 6328.160700 6050.905500 6494.989600 6106.775100 6137.870700 6569.448300 6196.271700 6470.047000 5756.068300 6300.510100 6208.837100 6550.061500 5971.277200 6469.822800 6458.471000 6595.710500 6247.669700 6232.313500 6267.226600 6350.883000 6429.985300 6218.458000 6449.056600 6175.187400 6736.252200 6163.125100 6367.656400 6171.943200 5944.098100 6368.417700 5910.989600 6845.403500 6646.185800 6186.008700 6115.490200 6454.782100 6392.212900 6687.027000 6542.832500 6129.203500 6335.729500 6133.142000 6192.808600 6228.884100 5782.531900 6620.331200 6241.944100 6501.905100 6596.687800 6238.119600 6327.373700 6387.426700 6129.115600 6011.687500 6160.032800 6100.973500 6505.093000 6090.769000 5979.161800 6470.953300 6429.945900 5984.187300 6316.053700 6369.800500 6737.731700 6283.969400 6181.258800 6398.530400 6341.321400 6212.672900 6184.661000 6286.801100 6086.840600 6628.840700 6299.850300 6662.937100 5983.806500 6510.846000 6014.271300 6279.916700 6444.109200 6498.465500 6241.156000 6318.861900 6524.033600 6445.194600 6213.738700 6094.480800 6112.868700 6188.645000 6450.771700 6493.252300 6026.173200 6315.255600 5997.587400 6153.784400 6446.244300 6237.792200 6580.227300 6085.185400 6159.271000 6240.129100 6299.596500 6452.000300 6590.046500 6128.810600 6229.773200 5985.996000 6263.829400 6523.295200 6599.917000 6617.750500 5999.305400 5716.459700 6411.054500 6220.913200 6295.008000 6602.897800 6676.912600 6232.072300 6339.675600 6144.981400 6374.566500 5922.741400 6270.563900 5667.997800 6281.111900 5657.228900 6545.055800 6065.090900 6180.500500 6025.319400 6187.230800 5891.085200 6492.412900 6228.311300 6396.400900 6229.628900 5920.541000 6017.727200 6437.359600 6549.973100 6386.011700 6398.587100 6584.168200 6230.890000 5967.783500 6649.967300 6017.415300 6553.493200 6649.832400 6182.769500 6338.460500 6662.799500 6140.078100 6173.003900 6182.729400 6201.994400 6287.181900 5960.389800 6296.842000 5804.990500 6229.526600 6195.408300 6262.205700 6151.550200 6109.802500 6310.675000 6501.901900 6156.215700 6296.246400 6431.094800 6322.557100 5896.623900 6134.274200 6062.944400 6203.582800 6465.045500 6398.176700 6549.812400 6196.580000 6346.043500 6190.302000 6009.977200 5990.099700 5826.337000 
6396.641600 5847.022700 6373.423000 6703.432100 6234.551600 5980.980200 6062.724100 6241.350500 6398.776800 5998.991400 5929.203100 6189.813400 6061.282500 6550.934400 6129.276800 5951.641300 6539.604500 6014.821000 6010.916300 6379.933500 6197.552400 6372.725000 5745.353100 6144.005900 6015.429600 6392.800200 6204.592300 6178.420700 6233.254900 6706.339000 6076.926600 6108.864200 6408.921100 6278.911700 6347.429200 6189.178300 6345.247700 6275.839400 6621.520700 6119.555100 6254.883900 5861.088300 5935.637000 6015.490000 5813.930800 6540.316900 6507.111500 6011.875700 6162.865500 6411.537400 6192.293200 6612.193900 6281.660200 5900.694600 6292.650300 6176.326600 6059.897800 6005.873100 5650.141900 6265.804100 5975.670600 6124.735300 6413.588100 6427.261000 6181.351900 6334.278500 5925.306200 5823.545900 6116.501300 6030.268600 6560.128700 6014.239800 5721.551100 6338.413400 6335.234900 5889.972000 6129.856200 6252.240800 6627.990900 6076.039200 6074.691600 6229.082000 6498.958300 6082.255100 6018.524100 6379.948800 5832.422700 6564.334200 6034.221200 6568.682100 5910.339600 6220.574900 6022.192100 6254.975100 5944.635100 6326.541600 6134.629500 6160.296500 6342.061800 6180.239500 6080.822800 6141.368900 5942.649900 6022.280800 6308.774700 6341.284300 6000.254900 6393.718100 6118.108100 6051.102500 6340.693100 6165.423000 6610.921500 6105.010700 6094.728400 6060.404100 6263.574000 6308.800800 6372.334700 6076.891200 6268.597500 5858.979200 6054.340200 6384.076400 6320.251600 6141.384000 5925.789800 5801.432600 6200.486300 6359.893600 6095.226100 6289.933500 6644.088900 6313.845400 6430.421100 6117.808200 6259.659200 5913.404400 6039.384300 5634.361500 6111.716400 5414.446200 6362.091700 5852.678200 5958.839200 5859.211000 5990.893600 5600.237100 6554.855400 6061.195600 6089.574500 6200.248100 5913.013400 5931.870200 6229.191900 6383.548200 6348.367000 6229.045800 6201.724700 6189.987700 5840.444400 6339.170900 5866.700800 6372.973700 6697.695200 6099.476700 6252.943500 6554.947600 6038.943100 6040.759300 6142.682800 6036.926800 6369.607100 5839.872100 6234.939800 5719.218300 6104.249500 6340.685400 6385.059300 6122.425100 6003.644400 6088.650000 6461.788700 6254.064200 6213.158400 6337.904800 6241.678200 5590.380600 6178.504900 5893.836800 6068.027500 6242.139000 5969.605700 6450.006800 5941.682000 6449.292800 6196.018400 5912.303200 5720.557500 5891.368500 
6604.110200 6386.221200 6460.905600 6748.688800 6644.161600 6292.212800 6190.944900 6558.629300 6724.303100 6311.589000 6201.198500 6605.342900 6015.958200 6877.494700 6449.217800 6387.074100 6710.772500 6248.666000 6119.759400 6736.485100 6387.614400 6639.075300 6072.295800 6370.769100 6441.914400 6609.700700 6312.346200 6506.299800 6390.995600 6855.799600 6354.700100 6497.086100 6470.228700 6518.090800 6805.922900 6456.613200 6571.993400 6440.297200 6674.422500 6415.564500 6514.450100 6163.603300 6012.397100 6314.495200 6014.662300 7046.419700 6622.163000 6303.547100 6303.393200 6678.076800 6532.142100 6737.668900 6597.211600 6235.931800 6548.595700 6300.000400 6370.138600 6127.495300 5864.033800 6728.998200 6323.034900 6507.511400 6727.758200 6575.454300 6481.578800 6662.899600 6327.908600 6396.794300 6434.277700 6387.529100 6718.001400 6393.668800 6020.479700 6758.213200 6763.837000 6222.441500 6493.073900 6345.232600 6908.856100 6287.760800 6521.225800 6555.344000 6549.735800 6436.649100 6391.421000 6334.349200 6521.461500 6801.986900 6209.477800 6719.677100 6416.979400 6596.590100 6146.176700 6482.509500 6332.414500 6343.640100 6591.242900 6483.056600 6911.868800 6518.583900 6301.107900 6439.839900 6371.819500 6307.131000 6527.135300 6530.383100 6190.670300 6490.583200 6265.888900 6553.523500 6468.046600 6314.017500 6857.964200 6224.258100 6465.276200 6226.898400 6589.876400 6517.520500 6634.752400 6328.732100 6336.300600 6193.312200 6423.596400 6677.513700 6856.298700 6303.442700 6353.664900 6033.591500 6603.463600 6728.681000 6375.707700 6615.861700 6890.409600 6464.154900 6686.649600 6400.899800 6534.287300 6261.022700 6379.738400 5985.109200 6421.385300 5691.620800 6639.709300 6341.072100 6331.895000 6067.691200 6386.757800 5755.809100 6801.012800 6197.344500 6469.561600 6360.069300 6068.318700 6162.248700 6536.422900 6527.806600 6552.260200 6345.490700 6584.015100 6398.585600 6272.754400 6592.242100 6273.044600 6562.258000 6868.575700 6464.705300 6765.646500 6725.621100 6461.946700 6356.607300 6153.071500 6215.977300 6592.650700 6130.923600 6392.034100 5987.043400 6606.744000 6569.395700 6457.422900 6464.933300 6383.320600 6452.778600 6639.075300 6502.751800 6365.753200 6648.625000 6433.732100 6018.731500 6275.251800 6110.392500 6270.569400 6626.467000 6347.915100 6698.216000 6358.242700 6591.730400 6447.346400 6015.305700 6044.503900 5965.961000 
6503.357900 6103.096900 6450.073800 6445.758700 6414.490300 6280.196800 6049.697800 6294.466900 6396.337800 6048.209000 6069.460600 6143.364600 6112.321100 6553.184200 6335.652300 6142.486000 6606.774900 6135.270700 6160.119300 6548.364500 6216.991000 6515.587800 5783.404000 6363.147600 6251.768200 6532.163300 6258.348500 6373.581000 6374.222800 6672.707200 6228.777100 6392.308000 6481.636000 6408.786400 6548.813700 6458.511100 6369.390700 6330.927500 6636.482400 6160.621900 6307.904200 6044.970300 5957.775600 6156.904500 5861.489800 6757.578400 6571.735900 6072.961900 6223.429000 6688.812800 6467.574700 6812.286100 6489.390500 6235.476500 6252.387100 6282.509400 6110.128000 6193.216400 5849.227600 6525.440500 6071.304800 6395.149800 6650.561300 6491.980300 6347.215200 6449.550500 6073.763800 6195.098000 6436.595400 6174.691200 6568.453800 6169.455400 5962.880100 6532.870100 6349.925300 6127.369600 6321.033800 6290.158200 6744.967800 6230.027900 6187.916100 6319.124400 6646.937900 6119.854200 6241.313900 6304.476100 6264.824200 6606.102700 6290.646300 6602.480400 6185.883200 6492.227200 6230.754800 6330.403100 6091.619600 6356.419400 6263.178300 6366.263100 6787.343700 6190.438500 6228.011400 6098.004900 6175.384600 6214.479300 6556.512900 6255.633100 6003.627400 6328.974400 6061.777900 6172.049100 6250.252300 6188.043300 6716.888000 6201.640900 6320.450800 6245.938200 6397.112500 6448.857200 6465.467200 6126.528800 6107.984300 5882.970700 6334.444600 6612.942600 6721.250200 6175.572100 6070.967700 5956.287000 6371.268500 6541.925300 6171.528600 6403.950000 6616.715600 6292.295600 6460.921200 6072.175400 6466.561600 5984.092200 5997.791200 5728.564900 6269.505200 5455.269500 6613.973400 6148.232000 6323.362200 6221.578700 6114.127200 5887.762200 6851.669000 6165.163700 6363.056700 6411.589700 5863.745800 6008.231700 6383.570100 6384.701100 6326.766700 6339.812700 6540.031800 6279.823200 6107.090700 6435.753400 5972.129300 6351.768500 6847.378100 6421.819200 6353.595300 6663.419300 6395.985700 6206.064900 6175.812800 6086.115300 6356.236600 6045.577200 6514.656100 5970.339000 6197.445600 6382.659700 6364.029600 6156.011900 6135.283200 6290.232100 6667.669100 6429.101000 6310.774100 6444.168400 6511.310600 5952.709600 6047.901800 6029.517300 6195.820300 6168.840100 6079.309100 6394.714400 6310.508700 6713.804900 6344.717900 5962.044800 5948.853100 5963.646200 
6650.017900 6054.995100 6596.553200 6672.057300 6590.876800 6278.928900 6233.008000 6538.912900 6737.703000 6133.394200 6359.734300 6507.434500 6286.091100 6662.120400 6325.887900 6117.978000 6683.810400 6127.884200 6158.174700 6758.753000 6353.184500 6544.719500 6018.683600 6214.075300 6305.852900 6359.452900 6415.159300 6544.061800 6698.055100 6864.333000 6260.120700 6386.246300 6587.993000 6471.424300 6725.788300 6524.591100 6476.026800 6396.976700 6639.714200 6492.208300 6363.342600 6394.505100 6249.979900 6317.570700 6034.420000 7043.027100 6619.846300 6438.577100 6266.979100 6806.910800 6684.691600 6858.108900 6486.239900 6077.558600 6610.236000 6378.978000 6261.859700 6298.928900 6013.840100 6679.077600 6108.770900 6385.461500 6850.852000 6463.819000 6442.842200 6677.773800 6133.079300 6376.193000 6380.724000 6142.491000 6819.815900 6158.472000 6001.125000 6577.515100 6636.392200 6074.585400 6474.267300 6569.780100 6944.605700 6376.158200 6361.224000 6533.982000 6640.772500 6359.802500 6490.594700 6562.119100 6429.024500 6730.570000 6131.590400 6839.423300 6285.646500 6470.080500 6200.692200 6425.062200 6426.317400 6525.382000 6561.503300 6348.073000 6866.501800 6425.858000 6243.618500 6297.200400 6203.317000 6304.430400 6699.313000 6630.539800 6483.064500 6600.377700 6156.413700 6511.621000 6498.720800 6360.461800 6812.667700 6143.701800 6468.766000 6214.805400 6441.654300 6489.618800 6653.129200 6433.602000 6320.955800 6216.279700 6531.688700 6856.919400 6965.385000 6432.970000 6427.854000 6225.178500 6518.662600 6603.437500 6405.832200 6599.768600 6715.151400 6464.909200 6643.972700 6428.867100 6516.606700 6223.343600 6345.869600 5871.986000 6508.076600 5514.753500 6483.514600 6158.996400 6309.547500 6112.425900 6317.675900 5739.644900 6784.900400 6381.492900 6512.139500 6417.546700 6123.159500 6237.214400 6491.870600 6398.779000 6801.107500 6395.565300 6753.329200 6355.439200 6378.564500 6468.030500 6303.252600 6652.015900 6908.756000 6624.339200 6758.446100 6912.904500 6398.426800 6561.075800 6243.691400 6390.343800 6418.069700 6168.637100 6484.518200 5956.120500 6466.170500 6459.303200 6526.799700 6426.870300 6411.303400 6409.138500 6751.881300 6611.794200 6425.703000 6652.900000 6761.908000 6002.152100 6261.542800 6338.303400 6318.500600 6436.422700 6133.604000 6725.180800 6246.878200 6706.573100 6521.838600 6190.043200 6159.231800 6045.433300 
5995.630900 5747.255300 6030.797400 6035.503800 5942.204500 5955.684300 6004.991100 6129.084100 6114.231200 5734.085800 5819.905800 6018.601900 5654.067900 6192.258300 5805.287800 5850.807300 6314.630600 5757.512600 5636.189700 6152.295000 5929.322100 6186.368800 5504.824900 5859.992500 5782.347000 6070.330100 5912.670400 6144.677600 5971.297000 6090.461100 5796.190000 5961.377700 6012.705800 5887.214600 6228.507100 5873.760200 6026.961000 6167.690300 6154.797600 6033.654600 5939.658500 5875.816500 5564.685900 5835.305000 5620.703100 6427.233200 6190.292200 5719.298000 5769.000600 6025.252900 5993.795300 6194.527800 5962.486500 5742.946000 5994.230400 5673.066600 5875.245700 5562.255600 5385.937700 6128.055100 5630.762400 5900.649400 6047.752500 5849.241300 6078.462300 6014.949300 5753.124400 5960.640200 5995.713600 5694.770900 6109.408000 5633.203200 5548.119700 6072.061200 6019.196800 5536.942200 5905.603100 5997.953800 6348.600100 6006.579700 5790.845800 6018.658500 6275.457100 5823.744300 5988.371000 5832.824600 5946.697000 6333.414100 5901.789900 6204.183900 5739.266800 6178.377100 5814.042900 5831.549400 5701.802300 6178.375900 5841.804400 5827.511900 6202.396000 6069.879000 5798.113500 5785.122400 5768.932200 5839.377200 6252.473800 6042.062500 5713.672500 5958.116100 5657.972100 5614.584100 5968.195000 6043.473100 6209.151000 5949.487000 5861.725100 5891.303900 6008.367900 5974.541100 6186.500200 5855.379400 5900.926000 5680.835100 5950.420700 6132.929900 6304.396700 5993.613900 5841.388200 5577.029100 5940.609600 6076.000100 5956.617400 6034.437000 6289.713400 5831.981400 6134.513900 5839.360700 6227.345000 5947.933900 5940.937300 5456.765800 5934.844800 5253.141400 6241.993400 5828.886100 5942.177600 5682.328700 5746.737500 5487.578500 6141.884700 5944.253700 5942.581100 5946.372400 5570.460400 5801.628000 5983.713500 5974.480800 6045.708400 5881.804600 6102.007300 5822.500200 5842.582700 5876.016900 5864.541300 5854.780800 6370.898400 5968.872600 6277.739000 6286.024100 5746.923200 5758.462700 5852.388500 5840.959400 5892.910300 5667.466100 5900.107300 5527.809900 6097.692200 5934.890900 6099.094800 6023.977800 5653.802400 5922.545600 6051.561100 6006.469000 5992.601800 5911.005000 6074.931800 5631.823300 5969.663700 5576.557000 5902.440800 6050.699100 5849.610800 6153.760200 5824.008100 6158.017100 6019.676900 5568.174300 5513.822900 5576.490500 
6126.697000 5847.492900 6082.339700 6194.790200 5933.563900 6093.302200 6002.464600 6145.957900 6355.521500 5892.627200 5905.090600 6232.915300 5697.788500 6199.695800 5969.639800 5871.823000 6433.248800 5758.280900 5772.349400 6102.297800 5940.412400 6312.762800 5513.464800 5822.441900 5852.679400 6259.116600 5964.957200 6257.596700 6000.602800 6267.032500 5999.229200 6028.546100 5850.551100 5991.377100 6063.015800 6022.597000 6144.080800 5981.555000 6288.592900 5984.502400 5812.671600 5628.911200 5764.036700 5908.840600 5686.187000 6548.957000 6155.285300 5857.771300 5823.367800 6226.688000 5997.357600 6154.653200 6103.352000 5795.295500 6058.937900 5823.337400 5778.921400 5863.875800 5568.568100 6003.308800 5619.106300 6077.198000 6313.524500 6218.289700 6126.327100 6171.256700 5553.138200 5883.721100 5922.803700 5859.024200 6192.112700 5769.290400 5500.584800 6018.756700 6175.000600 5574.876400 5928.352700 6038.323800 6341.247400 6085.476600 5978.431300 6095.760000 6279.903500 5992.912300 6062.993200 6043.065400 5767.155500 6522.712800 5925.597900 6341.636200 5887.598700 6153.347500 5691.103000 6075.309800 5878.079500 6039.379300 5837.811400 6029.824700 6159.367000 6014.357900 5926.790700 5858.891800 5966.259000 5875.563000 6045.502200 6218.833500 6032.795400 6181.439500 6027.743500 5826.040800 6128.222400 6050.787400 6427.135300 5958.785700 5816.628400 5750.510300 6025.085400 6027.366400 6196.613500 5638.752800 6021.499000 5734.241800 6026.333200 6250.179100 6152.801000 5918.841800 5840.166400 5747.996800 6031.503900 6051.433600 5944.991000 6079.927800 6471.646900 6089.015200 6205.956000 5831.826200 6265.935400 6033.870200 6103.444100 5514.113700 5943.583600 5092.391600 6158.021300 5898.664400 5864.047200 5753.172900 5854.653000 5540.192200 6210.046400 5714.008200 6051.488000 5974.699700 5654.447500 5779.274800 6048.760100 6149.768000 6254.141900 5994.574400 6256.291900 5944.573900 5927.437400 6177.737300 5625.704900 5874.635900 6380.813300 5879.154400 6351.602500 6304.116800 5845.583100 5821.965400 5890.321900 5857.678700 6017.033600 5941.171700 5951.007600 5797.126900 5978.999200 5977.085600 6257.449400 5884.699700 5729.902000 6100.285900 6130.642900 5988.583900 5951.399800 6084.936800 6221.784400 5539.803500 5959.349500 5659.463500 5969.655700 6185.843900 5748.828400 6018.002100 5783.884500 6421.707400 6145.719000 5579.611700 5677.101900 5603.509700 
5923.656400 5501.975600 5885.850800 6040.037100 5806.576000 5789.354100 5690.980700 5834.622200 5863.385000 5577.738200 5599.549000 5899.293900 5544.464700 6145.714000 5811.397700 5774.209800 5995.055800 5751.576100 5518.942700 6167.720000 5756.749200 6023.742300 5288.783800 5737.150700 5710.010800 6151.460700 5813.935600 5822.110300 5825.351900 6247.768300 5673.625500 5785.613100 6147.992700 5800.024500 6002.532800 5782.066100 5808.821200 5947.430000 6021.737400 5908.876800 5907.300800 5560.218900 5591.410000 5821.601900 5440.893800 6273.206500 6001.358200 5743.895900 5561.725100 5969.877700 5760.112700 6139.900700 5875.106400 5669.524200 5891.224600 5801.987500 5603.273800 5682.779800 5500.814900 5987.630800 5559.965900 5834.459800 6118.081900 5925.367100 5975.826500 6144.778100 5672.650500 5694.589100 5978.519100 5433.965300 6331.310800 5606.573700 5441.381600 5871.628000 6010.747000 5605.874300 5700.092600 5778.744700 5991.467800 5856.780300 5722.211900 5724.863500 6129.418800 5746.848500 5795.151200 6045.304100 5965.656200 6018.279900 5692.284300 5962.843400 5623.580200 5812.816000 5676.753000 5915.941900 5839.154800 5809.178300 5821.921400 5755.164700 5990.809300 5733.591000 5659.485600 5760.147900 5698.974800 5702.294600 6085.528500 5798.225800 5688.059500 6002.608800 5822.282700 5651.659200 5785.992100 5982.379000 6214.893000 5580.935500 5939.797300 5804.123000 5892.539900 5868.947400 6024.465700 5693.072400 5796.037700 5443.981900 5735.340700 6323.132700 6146.533000 5759.184400 5947.952400 5527.115300 5783.527600 5865.599100 5719.772400 5947.210100 6132.451200 5755.393000 6082.221400 5706.308700 5976.342100 5685.953600 5716.019600 5461.368700 5759.676600 5280.361600 6002.473100 5650.328600 5943.017300 5612.531400 5905.600300 5351.342900 6283.427700 5722.192600 5906.899100 5764.932900 5477.284700 5531.711900 5853.984600 5870.817800 5851.020400 5921.308400 6120.323700 5813.938600 5551.492000 5797.103500 5635.864500 5846.690900 6290.743600 6000.279500 5940.366600 6310.583200 5709.305700 5864.854500 5656.246500 5737.784000 5933.427900 5599.139700 6011.873600 5305.371400 5996.323100 5815.850800 5975.553000 5681.242900 5630.195800 5859.988700 6030.809200 5842.882000 5772.853600 6011.299000 5682.767500 5487.028300 5650.125700 5713.263300 5898.042900 5926.681900 5703.084300 5938.417400 5601.560500 6085.956500 5916.142200 5603.772000 5658.949900 5496.518900 
5994.991200 5604.003200 5933.552200 6127.884700 5841.503000 5979.702800 5565.714100 6049.136300 6136.973900 5768.068900 5543.207100 5940.613000 5509.452500 6073.055200 5694.967900 5755.803400 6191.010600 5619.500200 5524.106800 5949.832800 5855.324800 6190.587100 5346.623000 5844.382600 5714.960400 6112.819700 5629.588800 5837.699900 5719.248200 6217.141400 5770.804300 5943.893500 5723.157600 5892.507900 6052.212000 5855.673900 6138.333300 5709.516400 6438.167600 5734.854100 5854.220600 5541.433100 5502.360000 5805.915700 5621.178500 6269.496200 6076.953100 5629.604500 5890.407300 5976.543900 6049.047000 6253.752600 5907.451600 5498.209100 6074.552100 5722.943800 5665.968300 5674.168700 5473.783800 5830.242600 5596.010000 6050.812900 6016.937400 6034.573400 6095.517900 5934.895500 5670.453800 5691.975100 5684.038900 5686.558900 6138.804600 5671.670200 5665.919300 5743.903100 5928.214500 5534.994900 5812.169800 5832.230400 6374.564500 5772.766400 5698.734100 5984.073500 6238.609500 5971.693500 5815.600800 5864.302000 5564.871300 6072.712800 5798.515600 6026.495800 5662.657000 5788.007700 5616.368900 5840.566400 5786.966300 5740.321200 5721.157700 5895.354700 6025.009500 5940.044200 5771.245100 5638.469100 5739.438500 5667.952000 6149.473200 5994.527300 5713.117000 5809.613300 5492.516600 5683.121300 5802.513100 5900.183100 5950.390200 5646.926600 5768.613600 5808.653600 5907.262400 5833.515000 6142.872100 5852.462600 5882.011800 5606.435500 5851.994600 6073.674100 5921.550200 5816.148200 5581.800200 5473.879000 5976.032000 6000.833100 5751.094700 5892.537100 6161.010300 5872.201500 6048.144100 5664.363000 6144.163100 5679.743000 6020.274500 5443.966100 5835.084500 5237.058000 6111.345900 5545.462700 5939.657700 5641.793200 5588.376900 5400.095300 5993.197000 5601.943400 5836.227400 5710.991800 5589.756300 5621.542400 5890.297200 6027.649700 5888.734200 5868.019500 5796.570000 5792.805800 5640.415300 6144.044500 5596.335600 5993.650600 6163.343100 5575.308400 6214.897900 6040.404200 5953.112000 5881.178400 5860.576100 5781.375800 5823.557000 5626.177600 5766.723200 5362.638400 5901.251200 5748.098000 5761.088800 5725.830100 5626.025800 5903.495300 6080.290900 5896.513400 5987.353900 6065.657000 5797.179100 5601.758300 5820.076800 5650.988600 5740.622000 6110.623500 5639.342400 5987.768900 5522.208000 5996.855500 5761.165300 5637.927700 5522.407000 5547.579500 
6745.730900 6123.595200 6434.007100 6791.845800 6568.242800 6319.236800 6080.254100 6521.808000 6674.722200 6240.536000 5937.176300 6350.596700 6307.944800 6399.783700 6307.712300 6272.986300 6892.983800 6203.713600 6222.770000 6541.192300 6486.117700 6510.639400 6049.842600 6231.472200 6399.172500 6845.451500 6253.560700 6571.324500 6572.152600 6784.744600 6337.617200 6442.288500 6622.065500 6496.974200 6581.846600 6421.722500 6539.053100 6639.701500 6956.383700 6401.106200 6274.065700 6255.637600 6092.386300 6270.472300 6147.402500 7014.112700 6729.320900 6345.573200 6402.185700 6532.635300 6534.293400 6627.457200 6521.143300 6264.783900 6371.011000 6282.535400 6334.398500 6403.265400 5706.517300 6672.578800 6293.345600 6438.903800 6800.276500 6408.536700 6543.479300 6744.476300 6383.627500 6199.467800 6381.148600 6470.762200 6832.696800 6331.272700 6175.535400 6760.952200 6710.151700 6067.496900 6321.183200 6534.881600 6769.926700 6387.646400 6277.937200 6583.052000 6575.979200 6409.702900 6388.116500 6414.856800 6387.451800 6860.509700 6533.748500 6689.682600 6249.754000 6367.053100 6272.338600 6421.323600 6368.785900 6550.593200 6530.313600 6431.745600 6636.533300 6458.134300 6289.744700 6285.214400 6169.361300 6329.699400 6626.653000 6640.102000 6316.989100 6636.597400 6145.009100 6347.151700 6415.970400 6493.016800 6822.536900 6425.744000 6239.665500 6387.946500 6399.782900 6587.736000 6759.136300 6269.174900 6586.875200 6347.060600 6675.374900 6821.714700 6931.848800 6538.929400 6259.443100 6135.040300 6619.308800 6633.884800 6408.133600 6417.391300 6793.702500 6571.911900 6714.778500 6319.017200 6650.788600 6278.484700 6373.647000 5833.577200 6379.261700 5813.856200 6684.287200 6276.535000 6321.419600 6140.419100 6343.697400 6183.393200 6671.079300 6406.792500 6492.493000 6451.164400 5865.884100 6172.454300 6492.637800 6724.550800 6517.851300 6314.276800 6514.849600 6428.214700 6269.757100 6498.836100 6127.324800 6658.251700 6939.798500 6508.041200 6554.507200 6922.767000 6319.381800 6355.139400 6364.597800 6307.064100 6551.373600 6134.512100 6450.457700 6101.262500 6357.938000 6395.746700 6407.765200 6388.522100 6285.752100 6471.130100 6631.750900 6571.133100 6655.910300 6620.793100 6544.392000 5880.603000 6437.178900 6185.098500 6356.887400 6587.053400 6239.538300 6609.624100 6190.991100 6702.751300 6361.776600 6442.433400 5923.283700 6296.502300 
6447.855000 6075.933000 6299.485100 6513.687200 6326.772300 6148.833100 6201.025000 6449.362200 6660.779400 5845.218500 5940.185100 6243.121400 6054.293500 6620.376400 6155.555400 6216.180400 6506.422600 6134.268100 6220.154500 6489.884800 6087.843100 6183.056300 5800.503100 6094.475900 6186.454800 6515.803900 6261.693100 6431.441400 6231.387800 6745.376400 6171.266000 6315.586200 6451.007900 6312.795400 6523.257000 6318.671900 6543.291000 6310.934000 6511.986700 6249.869600 6257.120300 6176.255200 5996.392700 6344.026200 5825.464200 6986.412000 6482.014200 6164.202000 6189.101800 6545.520900 6233.382500 6469.721500 6375.046000 6273.190300 6332.703300 6019.497600 6232.230300 6392.417600 5745.539300 6551.006900 6173.760400 6292.431100 6678.980600 6370.790600 6441.673600 6355.683900 5981.292600 6012.639200 6424.109800 6272.305100 6698.322600 6093.695500 5820.793000 6482.298200 6416.034000 5835.343100 6161.391800 6246.553000 6707.068600 6112.378000 6216.760500 6410.063500 6534.623600 6207.483100 6215.178700 6453.367600 6040.638400 6700.535400 6169.018000 6604.061200 6116.256900 6204.263300 6187.419800 6336.348500 6283.310500 6317.829500 6269.889000 6277.654200 6530.666600 6292.928200 6119.141900 6159.097600 6146.393600 6008.956500 6482.187500 6568.879100 6151.365900 6271.812700 6009.008000 6286.080700 6278.203000 6173.068300 6591.596400 6320.026200 6463.431000 6152.128600 6424.924400 6251.563200 6558.436600 6150.963300 6372.466700 6098.727100 6485.825200 6565.063100 6621.831500 6297.161600 6123.857800 5893.327900 6309.345000 6386.475000 6315.390600 6423.448300 6721.428000 6431.016000 6455.308700 6338.779600 6331.561300 5876.832800 6363.842000 5698.667400 6239.271400 5537.497800 6297.738500 5884.128800 6315.554400 6053.617100 6150.769200 6012.255100 6556.378600 6153.346400 6514.788800 6145.801500 5922.555400 6096.794000 6281.813100 6365.436900 6447.569100 6391.383600 6492.244500 6156.155000 5911.095900 6410.852700 6065.075900 6552.005300 6916.758300 6249.079800 6394.302800 6740.466400 6285.698400 6304.081400 6302.979800 6054.132700 6429.336700 6154.748400 6074.615900 5682.942700 6222.206100 6408.913000 6387.266100 6240.784800 5955.292500 6162.244400 6467.407900 6313.513700 6152.445000 6486.141200 6467.735900 5945.641500 6305.881600 6074.543000 6107.243800 6395.239300 6055.586300 6585.320100 5997.193500 6466.874200 6333.984900 5783.323700 5908.777100 6012.690700 
6460.155500 5944.937700 6178.853400 6543.126300 6158.006600 6156.076600 6133.156100 6174.772600 6326.977500 6211.269800 5890.021100 6216.478400 5947.681700 6586.727400 6205.452800 5805.598400 6458.977700 6048.223700 5959.029600 6517.306400 6141.409700 6366.637800 5741.542400 6038.289900 6092.064300 6365.043300 5970.739500 6216.298300 6355.814000 6472.659700 5964.083300 6160.242700 6125.494300 6269.281200 6422.072800 6178.643800 6440.213600 6269.442700 6495.399600 6243.683000 6317.790900 5968.724500 5894.900900 6012.837600 5878.004000 6702.264500 6562.109900 6036.125200 6062.117800 6266.070300 6338.002800 6579.113300 6277.275000 6013.988600 6315.751400 6018.752500 6047.379400 6181.696900 5625.199100 6413.101300 6086.802800 6190.787800 6520.704900 6360.077600 6332.278200 6418.789800 6034.782500 6063.618900 6133.004400 6059.668400 6579.090500 5909.165800 5747.934400 6403.947400 6377.227900 5827.547600 6040.540300 6184.403200 6530.601500 6413.343300 6142.803600 6358.814800 6509.045900 6106.320800 6230.801100 6186.733300 6010.918600 6386.658200 6160.670200 6574.699100 5993.976400 6094.582500 6061.600800 6076.508500 6374.522100 6110.691400 6112.437300 6173.075500 6472.122200 6273.961700 5904.148700 6069.337200 5959.673700 6004.693300 6489.784300 6175.376600 6156.085800 6304.096900 6017.260100 6011.271500 6103.479900 6210.281300 6506.490900 6013.942600 6149.062000 6151.275100 6095.908200 6172.774500 6435.207400 5913.924600 6126.926500 5937.829000 6208.732800 6410.002200 6328.044700 6243.449900 6063.012700 5823.520200 6233.450400 6341.284300 6252.453500 6342.404000 6621.339100 6099.772100 6267.757900 6172.602600 6479.170300 6108.394900 6235.114700 5530.560100 6474.361500 5621.631000 6360.449500 5912.041200 6098.655600 5873.038700 6078.853300 5748.947400 6416.359100 6120.589800 6073.587600 6167.138700 5981.838200 6035.600900 6140.294600 6344.016200 6274.687100 5984.819400 6286.479000 6194.271200 5964.469900 6278.722200 5848.941500 6339.815900 6583.254300 6219.389600 6391.448200 6459.576300 6042.998500 5993.584400 6265.773600 6089.083900 6239.470400 5960.021500 6094.023100 5685.601900 6329.693400 6093.763800 6206.728200 6038.818200 6014.422700 6140.652400 6519.173700 6220.201800 6274.031800 6468.291700 6271.098500 5760.981400 5906.873500 5833.636300 6189.636700 6651.366800 6140.301100 6295.360600 6117.450100 6377.480100 6253.018900 6087.714900 5900.703000 5782.113200 
6228.295900 5780.812800 6235.596200 6247.404600 6199.757500 6130.754400 5851.874300 6358.950000 6442.292800 6010.313800 5847.332600 6255.701200 5795.748600 6380.798600 6189.228300 6164.729400 6524.421100 6000.915100 5991.900000 6407.788400 6164.777900 6351.750000 5556.082700 6063.865900 5908.142500 6446.488200 6047.066300 6290.683800 6164.671700 6267.573600 6119.098100 6216.731600 6108.570500 6256.155900 6327.788400 6143.958200 6371.061000 6041.368300 6515.640400 6163.865300 6155.928900 5920.179900 5743.946400 6135.866400 5978.835000 6749.718400 6421.547600 6205.124900 6004.519600 6267.569400 6214.892900 6477.968600 6243.850000 5861.751700 6114.796200 5989.370300 6043.327900 6123.187300 5592.645700 6312.281300 5947.137600 6329.614300 6326.358900 6217.396800 6408.247900 6383.557000 6005.885400 5953.278500 6068.066300 6021.472000 6496.235800 5981.009200 5748.252700 6221.316600 6249.033100 5812.184400 6101.540500 6163.292500 6630.577100 5973.210200 5946.790200 6314.398400 6380.492600 6124.780100 5995.346200 6143.437600 6046.271400 6329.019700 6267.025500 6353.989900 6071.147300 6257.913900 5822.172300 6282.142200 5967.624900 6094.428900 6071.377400 6150.466400 6296.010600 6060.894000 6020.077800 6024.362500 5951.473900 5829.489000 6374.960700 6296.640100 5974.085800 6280.441600 6054.476400 6010.843600 5974.857200 6257.874800 6328.622100 6046.826500 6039.316900 6070.838400 6019.018300 6205.931900 6379.363500 6086.255800 6228.806200 5892.535400 6163.543400 6458.764200 6442.391100 6258.490800 5848.958000 5720.301100 6199.103000 6339.731000 6137.100200 6143.066000 6520.738200 6241.815700 6276.423100 6047.481700 6395.401500 5912.034700 6181.518300 5683.021800 6080.443100 5300.384300 6272.990400 5948.505900 6169.560100 5832.637200 5991.413200 5793.817400 6260.782400 6045.782200 6299.801400 6084.706900 5795.074400 5787.774000 6123.706700 6440.329100 6163.794300 6153.557900 6270.429000 6038.469300 5830.999200 6414.972700 5733.225600 6209.437300 6482.403900 6291.051400 6383.171800 6501.450200 6088.721700 5938.159600 5960.013000 5908.768200 6331.609200 5782.659600 6147.202700 5870.023000 6173.649800 6174.169000 6073.412300 5985.085500 6023.546700 6154.911100 6429.813100 6354.906500 6136.492000 6361.444800 6085.190200 5726.975900 6044.253100 5978.924400 6060.822900 6298.964700 6149.685000 6270.034700 5885.372000 6420.325800 6172.954300 6062.494200 5709.673000 5877.874400 
6496.530700 5727.674700 6065.963700 6521.148800 6153.854300 5887.032400 5917.186500 6094.314800 6443.371600 5897.217600 5757.818500 5955.469600 5899.508600 6347.300600 6063.971700 5917.295500 6600.648500 5971.136500 5797.829700 6112.276400 6156.062700 6105.107400 5606.673400 6034.109900 5990.538300 6546.271700 6003.625100 6189.614800 6316.962000 6394.495100 5989.935100 5996.948900 6144.084400 5995.144200 6167.921200 6173.394600 6129.610800 6236.596900 6419.791300 6010.413100 6028.477300 5815.951800 5764.032400 5977.996200 5694.093200 6565.973400 6209.829400 5890.714800 6002.029100 6302.650700 6196.451500 6467.039200 6318.301900 5850.475200 6023.446700 5927.915800 5962.236800 6032.834800 5424.515100 6332.569900 5987.945300 6165.423200 6543.060000 6089.428200 6191.162300 6474.048600 5951.337000 5850.577800 6242.235300 6036.132500 6405.445100 5918.725300 5584.707600 6334.334000 6174.296900 5598.105000 6068.112600 6180.423300 6424.765600 6143.969400 6108.715500 6136.659600 6228.269900 5801.876200 6095.131200 6107.551000 6027.416900 6367.690100 5922.958800 6224.761800 6010.020900 5957.158300 5899.279700 6112.396600 6049.157100 6207.678000 6210.446900 6060.467100 6274.939000 5997.758200 5880.645500 5878.266200 5963.790800 6067.032600 6378.859500 6325.999200 5909.271400 6207.254800 5909.046000 5900.933000 6313.182800 6090.203600 6375.294900 6128.087000 5985.367100 6080.722600 6103.778000 6309.693700 6392.382100 6013.233500 6080.891800 5964.773700 6154.707100 6593.174000 6506.957000 6128.265600 5897.554800 5874.532200 6316.123200 6330.923200 6115.981900 6332.273800 6375.926900 6263.059000 6239.045400 6012.545100 6219.908000 5821.678700 6174.849800 5514.618800 6119.057800 5293.639700 6058.400000 5999.355400 6063.439600 5810.343200 6013.817400 5548.256200 6290.365700 5962.327700 6070.919300 6089.310800 5744.834800 5946.428500 6107.571300 6222.543500 6065.647000 5892.011200 6241.326700 5995.253000 5885.639500 6138.186500 5976.061100 6150.040600 6383.542700 6157.079100 6374.830700 6522.928000 6004.443000 5938.360200 5957.997400 5845.070800 6095.435300 5876.471800 5956.768900 5662.822600 6029.887600 5946.909200 6180.387500 5864.263800 5857.680000 6269.147400 6189.067100 6268.862300 6013.037700 6288.354000 6097.815000 5745.801400 5873.919000 5831.913200 6001.248600 6203.354100 6116.629100 6218.816500 6137.822300 6158.631900 6179.567000 5881.077000 5934.168700 5648.922800 
6104.914900 5789.034000 6071.412600 6316.392000 6133.747100 6052.374200 5782.566400 6054.742700 6111.060600 5833.062100 5791.550200 6259.842900 5692.122900 6207.899900 6133.074600 5944.404000 6310.696400 5806.749800 5725.417100 6363.562700 5900.851500 6143.040500 5622.408200 6013.682500 5908.390000 6344.864700 5942.604600 6155.345600 6021.063800 6428.764300 5965.590000 5923.172200 6002.752700 6030.748100 6118.519300 5859.428700 6230.925500 6120.261600 6465.467100 6021.186800 6011.304800 5861.885300 5577.741700 6009.514000 5744.523900 6362.953700 6230.529800 6080.517500 5803.383600 6214.010600 6184.151400 6319.337900 6212.251400 5824.519100 6109.289500 5762.565800 5853.969400 5785.975200 5637.647900 6105.248400 5679.635500 6079.907500 6281.191400 6009.741300 6084.652800 6095.767600 5748.078200 6135.750300 6039.856000 5955.097000 6314.721500 5855.187800 5684.897400 6033.807400 6068.360600 5881.202400 5931.803000 6030.805600 6405.851500 6061.865600 5938.399600 6081.121000 6228.819000 6029.369100 6088.517100 6002.321900 6009.257300 6205.274800 5952.991200 6384.595700 5738.740600 6043.889700 5843.835200 5929.527800 6161.404700 6212.053300 6130.135900 6151.098200 6292.954200 6040.246900 5993.224200 5915.517400 6012.936300 5967.452800 6169.276100 6065.788700 5987.564900 6013.259600 5744.520400 6015.300200 6159.065400 6031.126100 6420.625200 5901.208700 5960.984500 5941.737200 6019.050600 6087.949300 6205.336600 6026.636600 5928.018300 5713.644600 6020.278400 6266.999000 6319.563700 6128.337200 5851.834500 5685.098900 6207.722700 6098.979000 5874.642600 6233.209800 6392.537200 6086.728800 6266.045700 5824.735800 6266.068500 5797.145600 6033.183300 5542.275400 5965.663700 5282.036400 6145.499200 5800.193900 5979.175900 5721.535800 5877.838700 5760.417000 6254.140000 5984.172600 6138.687400 6105.666000 5932.650300 5852.190000 6200.414800 6107.415000 6227.091900 5877.461600 6068.738100 6176.539800 5890.254300 6175.652600 5796.022800 6172.841000 6507.598000 6027.023900 6244.137500 6477.081600 5791.211700 5912.515200 6003.245100 5928.132600 5944.686700 5819.128700 5936.050600 5726.837100 6150.693300 5915.977100 6011.131800 6016.967100 5924.006100 5851.376100 6115.227900 6114.379900 6126.928300 6228.546500 6024.363000 5663.388800 6022.341400 5770.571700 5891.784200 6265.547800 5848.076700 6254.025300 5841.943100 6349.634000 6053.195500 5919.231300 5763.420400 5652.730800 
6449.499700 5811.442000 6109.306800 6293.744400 6095.034800 5934.789700 5862.884800 6105.497000 6152.704000 5901.876600 5949.865700 6018.506400 5930.293100 6240.333600 6176.010100 5866.687200 6363.441900 5803.057200 5781.933900 6343.552900 5936.015800 6309.080400 5328.966500 5994.639700 5963.965200 6381.883700 6087.234600 6200.514300 6184.523100 6313.977900 5954.156800 6159.510300 6056.489500 6163.243400 6340.695900 5954.062900 6145.216600 6192.078300 6327.299900 6046.056600 6008.492800 5929.726300 5858.216500 6043.191700 5786.136300 6460.991000 6390.780400 5949.968600 5990.989400 6144.081900 6063.750800 6446.975600 6256.918400 5890.572700 6136.166900 5842.549500 5957.510700 6009.953100 5681.316000 6232.013500 5898.309300 6058.111200 6381.971800 6110.462600 6255.491900 6154.655100 5845.490700 5881.158000 6305.758600 5852.318900 6545.941400 5933.509300 5680.681800 6227.990000 6077.487900 5859.026300 5937.434100 6185.830400 6317.298300 6020.572900 6011.879400 6142.424800 6058.785400 6014.542800 5896.944100 6073.206500 5888.729700 6401.737300 5903.313100 6285.576400 5888.995400 6198.289800 5816.684500 6054.098400 6012.515800 6272.075800 6247.182400 6196.904200 6416.784300 6047.011000 5935.154600 5821.679000 5978.777400 6033.408800 6243.417200 6240.581000 5808.726200 6221.356500 5873.230100 5891.330000 6054.365300 5948.630400 6225.305100 5945.669300 6076.744400 6009.714100 6103.501400 5965.110300 6370.595400 5898.859500 5964.944400 5896.858500 6100.327800 6458.269400 6286.950300 5974.120200 5852.374800 5762.491500 6130.859100 6067.724200 6119.941500 6207.192300 6616.430100 6001.505000 6308.987200 5838.287500 6430.574100 5941.887200 6119.223800 5556.113300 6301.734700 5264.901500 6289.308800 5802.361200 5845.201600 5938.883800 5774.932900 5578.575100 6369.474800 6009.600200 6173.969600 6258.160300 5804.062400 5853.401300 6332.412900 6343.919700 6234.750400 6031.273600 6382.099300 6147.251700 5742.274700 6230.638000 5882.923300 6413.999100 6520.725900 6202.331600 6357.980700 6562.381700 6060.907800 6072.578600 5857.094100 5815.564400 6113.953100 5821.888900 6124.690400 5668.825400 6031.996600 5970.373700 6160.930200 5915.885800 5941.350100 5925.532300 6246.773700 6146.898200 6140.385300 6082.348200 6286.970400 5670.659300 5948.428900 5896.080900 6008.384900 6227.655700 5950.090000 6407.892200 6044.166900 6341.428200 6107.976200 6029.329800 5676.397300 5697.155600 
6549.295400 6083.613800 6278.760600 6665.164900 6138.036400 6219.575600 6197.173800 6296.092700 6415.900700 6315.985700 6169.382200 6342.653300 5986.762200 6533.998600 6258.497200 6017.131400 6380.381800 6162.790600 6052.992600 6481.852300 6134.266800 6390.566600 5533.480600 6070.394400 6161.498900 6569.086900 5884.553100 6362.641800 6453.144500 6680.683000 6259.564400 6283.132600 6289.284100 6292.153400 6655.274600 6219.851000 6289.119100 6346.286700 6531.211300 6214.461300 6213.140800 6004.904700 6025.960400 6152.113500 5984.476100 6751.603500 6490.164400 6229.159700 6166.261200 6550.725500 6398.662500 6688.676800 6491.416800 6128.021600 6426.612900 6100.253100 6197.188400 6253.661900 5954.359300 6571.073000 6013.321200 6492.195600 6774.183800 6270.555600 6532.080200 6422.983200 5984.155700 6135.518000 6231.010300 5917.495500 6744.061500 6314.642600 5777.941000 6319.307500 6496.189500 5827.939900 6243.559500 6403.694900 6649.260200 6370.476300 6181.175200 6308.042300 6339.780100 6493.402000 6133.574100 6559.100200 6148.808600 6678.384500 6400.212200 6415.481100 6116.423800 6353.401200 6063.974100 6318.793300 6410.489000 6470.791000 6201.337100 6230.508000 6408.162000 6213.832500 6146.069900 6175.033000 6254.616500 6262.056700 6402.235400 6520.787000 6052.053800 6484.482100 6125.948400 6337.191400 6384.965300 6347.258400 6583.339900 6227.376900 6338.142400 6102.406900 6353.068500 6226.146100 6464.093200 6168.126500 6226.883100 6011.261900 6357.267300 6703.855900 6608.434600 6165.912700 6212.369100 5837.755500 6374.841900 6393.865000 6335.607700 6324.505400 6527.546800 6193.094200 6414.333400 6243.894100 6637.392600 5969.159200 6234.861600 5769.131000 6365.166600 5472.333400 6477.636800 6038.123700 6141.212600 5884.772800 6138.637500 5853.605900 6543.940000 6134.043300 6351.915900 6084.952200 6010.113000 6067.510800 6296.729700 6579.951500 6402.084800 6311.326000 6393.680000 6309.468500 6010.157500 6625.607900 6183.909100 6348.399800 6559.255000 6267.682100 6521.945300 6866.968200 6251.117300 6228.068500 6094.197400 6051.353400 6341.309700 6084.204200 6322.847800 5788.728800 6340.363100 6223.274400 6216.189000 6029.494700 6105.484400 6442.684400 6464.242500 6335.450300 6335.273900 6223.554000 6480.571000 5853.128100 6184.617500 6211.710000 6273.300500 6477.659600 6057.794600 6404.184600 6202.813100 6374.287500 6195.474200 6128.184000 5952.545500 5768.239300 
6769.813800 6327.993800 6581.758500 6858.118400 6685.928600 6600.119200 6299.317200 6475.452300 6622.041300 6212.317300 6171.012200 6516.009900 6340.392100 6820.554400 6533.961900 6433.442500 7048.226200 6355.689100 6318.226800 6659.814900 6495.285700 6521.791300 6094.367700 6405.593700 6636.260400 6709.560000 6439.446900 6776.001400 6767.963000 6766.047300 6466.338100 6522.184600 6642.240500 6455.534300 6621.412500 6398.969400 6824.218000 6739.605700 6859.319000 6570.846300 6539.655300 6460.797700 6076.278600 6337.920900 6190.297200 6980.644600 6894.380500 6508.270800 6414.641900 6767.822300 6636.114400 6830.544000 6653.916100 6370.179500 6657.424300 6347.650600 6211.794500 6531.863000 5830.537200 6695.716700 6275.726800 6653.705600 7100.951600 6580.703900 6485.025200 6572.943900 6493.077800 6590.645400 6737.691800 6550.114700 6780.084700 6346.832000 6250.617700 6709.154500 6658.476500 6260.322100 6670.724700 6517.430900 6879.096500 6372.695600 6175.730100 6637.853400 6691.891200 6703.037900 6511.967100 6561.573300 6483.618300 7058.662100 6524.000000 6893.796400 6564.470400 6631.629000 6458.193900 6745.039400 6559.914400 6632.554200 6726.190200 6269.135100 6762.453300 6500.909600 6470.983200 6563.444800 6355.775000 6374.974900 6827.306400 6716.912200 6455.814700 6619.096900 6447.392200 6510.854400 6628.760100 6632.368700 7126.855000 6298.466200 6458.946400 6583.216600 6439.637500 6565.114600 6825.885900 6382.130800 6465.780400 6308.693600 6696.324700 6807.638500 7035.587200 6503.141100 6440.965800 6266.046900 6566.955600 6809.849600 6625.651900 6547.115900 6967.674400 6494.196900 6806.237400 6611.043000 6595.053900 6492.591700 6405.752700 6074.761900 6440.387800 5612.480200 6485.916100 6263.317500 6509.869400 6378.876200 6367.220500 6073.585300 6781.761700 6451.026900 6658.985300 6617.940900 6144.478900 6399.045300 6651.820100 6607.903500 6739.750000 6543.147100 6780.402900 6423.019000 6333.612100 6651.442200 6444.735600 6749.125100 7040.315400 6461.213500 6803.560600 6865.881000 6296.357300 6496.140100 6451.857300 6243.892500 6782.826300 6225.643400 6485.615200 5958.621800 6583.736300 6747.193200 6553.501300 6581.368500 6440.898600 6373.748300 6723.599100 6582.675500 6490.773600 6600.464300 6615.939100 6245.986500 6394.246600 6212.087100 6658.462400 6508.300000 6461.649900 6593.228100 6389.037200 6965.104400 6518.702000 6352.503000 6266.036900 6221.981400 
5933.763400 5746.070400 5863.950800 6046.195100 5947.518500 5711.389800 5701.336800 5910.599400 6065.866500 5886.112300 5623.604800 5842.061300 5521.298600 6171.193800 5794.629700 5703.361200 6235.372100 5744.759900 5588.373400 6156.692200 5817.575400 6078.935300 5377.598900 5714.061400 5690.662000 6299.230100 5706.799900 5907.234300 5826.217500 6145.658700 5862.869000 5719.482600 5841.186300 5977.147300 6186.009200 5874.309800 6056.969300 5816.322400 6293.559400 5768.795600 5842.434400 5658.894400 5643.075500 5723.100100 5543.561700 6399.508800 6080.552400 5753.286400 5934.464500 6266.704200 5810.678000 6188.865600 6010.349400 5799.433000 5772.333900 5767.367400 5771.359300 5589.759800 5311.572700 6020.596100 5899.610500 5967.787000 6233.644900 5870.526200 6043.933500 5936.564600 5747.450800 5588.448400 5852.041800 5646.112900 6045.469900 5665.332900 5667.424000 6083.823700 6063.691800 5655.055400 5771.353700 5972.406300 6414.101300 5868.171900 5597.024600 5862.810600 5894.448800 5876.084000 5749.282600 5606.038900 5660.159000 6167.224300 5899.880800 6089.385000 5808.263500 6016.677800 5667.949300 5741.815200 5649.523100 5977.500200 5629.025800 5904.607100 6181.193800 5994.325000 5859.577700 5689.547000 5661.673700 5763.895200 6156.681400 6090.801600 5600.589300 5807.660400 5737.988200 5705.571000 5804.883600 5922.036100 6108.223900 5662.577600 5934.226900 5789.369900 5988.628200 5756.406300 6122.437800 5767.908000 5821.862500 5487.854800 5928.540200 6061.381100 6119.148200 5813.075300 5732.470100 5423.310600 5900.175700 6052.792400 5930.745700 5931.633500 6143.007000 5736.742600 5981.687100 5691.636000 6059.380800 5585.792900 5724.272200 5408.133800 5897.496200 5059.460100 6202.926600 5757.054000 5679.560700 5722.935900 5558.755500 5445.736500 6248.015000 5866.239100 6012.795000 5858.846600 5518.137000 5483.147900 5949.022500 6192.048600 5781.575400 5936.455200 6172.806100 5858.373500 5557.282200 5987.386600 5704.387700 5923.710200 6292.422300 5684.650700 6038.953200 6363.679800 5775.172200 5684.745900 5770.932400 5710.023400 5974.626200 5615.086700 5885.748500 5600.476400 5962.949700 5959.827300 5808.653900 5813.722700 5730.356100 5878.542100 6176.413800 5914.080900 5833.985200 5932.811400 6029.501400 5446.754500 5702.331500 5757.955600 5803.939200 5954.568800 5704.053900 6205.688800 5846.880500 6182.262600 5784.957300 5650.991900 5504.098700 5500.387600 
6245.770600 5968.528300 6237.152200 6401.170700 6221.015800 6051.073900 5963.555200 6299.601800 6376.455900 6083.945600 5986.860600 6311.948300 5936.616500 6371.064100 6178.526600 6028.404200 6419.071600 5814.335500 5764.558300 6344.679100 6019.383500 6254.343400 5576.190600 5849.810900 6023.661700 6439.394400 6139.009800 6347.238900 6137.130900 6429.027600 6091.760000 6036.767500 6238.969000 6155.500100 6380.757300 6091.104100 6163.205200 6100.047700 6448.745800 6067.339400 5961.067600 5850.248100 5820.791000 6055.110700 5742.447000 6592.132700 6183.585000 5929.825900 5960.709000 6294.103500 6323.483300 6456.412200 6250.753200 5979.899900 6306.238000 5948.975700 6035.366000 5976.758700 5851.041400 6287.476800 5701.532500 6143.585800 6427.624100 6252.546400 6135.605100 6253.648600 5847.529600 6034.528100 6105.455600 5851.113200 6479.018000 5999.630700 5919.138000 6188.589800 6102.825500 5657.585800 6081.558000 6041.730200 6443.695800 6206.507100 6055.158700 6301.769700 6364.683600 6074.923500 6002.445300 6255.996700 5965.012000 6615.465000 5956.417900 6499.274300 6016.476000 6110.147100 5873.249000 6146.005100 5974.463800 6161.273900 6040.209300 6323.994800 6328.782200 6106.147300 5949.726400 5968.578000 5941.322000 6089.254000 6156.325800 6308.725300 6013.263000 6250.669100 5891.145700 6116.427800 6285.925800 6195.937300 6572.314200 5899.319900 6102.762700 6060.751100 6245.008000 6396.678200 6368.312600 6004.366700 6150.195800 5827.258800 6143.907300 6365.887800 6508.061400 6069.074000 5904.692200 5879.638300 6318.958000 6303.712300 6103.848700 6281.642800 6353.304300 6246.978600 6441.728100 5948.336100 6334.527800 6079.942900 6129.484500 5675.760200 6169.455700 5323.235700 6130.423800 5889.582700 6115.637700 5744.230200 5934.635000 5659.048300 6442.818100 5957.631500 6198.110200 6000.624400 5798.323700 5909.211500 6091.434700 6290.032700 6288.145700 6023.792400 6400.106600 6039.798400 5836.519300 6285.673000 5953.469100 6293.722400 6474.299200 6244.905000 6201.616200 6607.747700 6037.782800 6014.653900 5798.073700 5886.859600 6094.204500 5727.620800 6096.486600 5830.455200 6129.818200 5940.259600 6201.864500 6045.971700 5948.905100 6158.566500 6336.380500 6216.069000 6014.021500 6123.193800 6298.225700 5770.341300 5901.556300 5811.922300 6208.851700 6321.593200 5814.721000 6325.308900 5951.807900 6442.883700 6270.323800 5758.608300 5862.051200 5782.819500 
6247.780600 5901.686200 5953.710700 6198.754100 5859.263300 5825.751500 5681.317300 6071.579500 6192.797700 5904.737300 5898.981500 6218.208600 5606.318500 6291.359600 5918.721700 5787.689300 6097.242000 5709.524100 5644.314900 6170.307600 5776.692500 6101.287400 5519.677900 5901.841400 5866.448300 6199.454000 5802.520200 5979.076200 6066.763900 6303.496700 5711.226100 5933.760900 5984.366200 6096.579800 6163.283400 5949.965400 6065.347300 6080.676500 6218.185000 5843.861200 6089.101500 5791.107100 5520.576800 6002.323200 5651.435900 6348.291400 6163.325600 6006.277500 5803.473200 5986.391200 6118.993800 6129.750400 6090.593200 5866.906500 6153.621800 5679.024500 5761.850000 5919.103200 5560.899900 6220.354000 5790.999900 6078.018900 6002.431400 6104.652400 6271.589600 6349.283700 5784.759000 5880.219300 6135.389800 5603.688100 6232.655700 5941.755400 5433.966800 6306.487000 6005.892100 5568.148000 5953.974600 5948.397300 6273.350600 6025.053500 5839.891400 6084.997300 6270.988600 6058.040000 5776.501800 6144.224400 5891.613300 6322.700600 5941.813300 6232.089700 5823.971600 6044.153400 5861.864100 6062.393000 5772.901000 6059.136100 5865.834000 5997.016900 6194.722800 6014.302900 5908.164000 5733.743100 5835.575600 5852.707300 6312.002900 6213.371800 5998.786500 6089.565900 5820.788100 5898.916900 6037.479300 5906.444900 6337.632500 5763.078100 5844.017000 5964.680700 5830.059100 5947.297300 6165.345600 5798.076900 5964.851700 5797.248400 5985.193800 6270.904500 6219.831200 5970.740100 5902.289500 5670.872300 6135.615500 6109.492200 6032.289400 6094.316300 6330.961100 5942.208900 6178.220400 6043.895600 6239.786000 5920.147900 5690.349100 5546.684700 6084.875000 5317.686700 6137.068000 5899.036400 6050.792200 5773.433600 5773.801200 5457.904800 6225.751000 5843.773700 6114.453800 6010.490800 5750.568800 5729.309300 6065.688600 6096.864500 5959.096500 5854.611300 5999.767500 5964.641000 5991.609800 6192.937600 5846.476000 6249.909100 6370.996900 5956.080800 6046.521800 6292.207800 5988.026500 5920.844100 5788.314300 5705.535500 6072.263500 5856.010900 6065.814600 5441.994500 6172.849600 5799.829200 5894.952100 5915.986800 5787.034200 5986.607300 6149.492100 6153.889400 5896.141100 6235.507200 6034.459500 5777.003500 5867.459500 5709.965900 5941.953400 6197.181200 5876.678300 6087.432200 5903.030500 6228.535600 6001.760200 5727.379800 5684.208100 5796.093800 
6446.306200 6197.632100 6310.108000 6495.638300 6249.946400 6110.162300 6139.092600 6409.700400 6237.422800 5939.081500 5884.660500 6343.662000 6027.361400 6399.924300 6234.142400 6120.185600 6762.369100 5992.125900 6039.733300 6332.895600 6075.028600 6348.196500 5781.120200 6082.505100 6026.579600 6692.533300 6176.568200 6267.388600 6401.854600 6694.514200 6088.961700 6153.003700 6342.316500 6374.468600 6408.065600 6302.076600 6250.114600 6226.904800 6475.319500 6033.840300 6194.923600 5918.585600 6162.164600 6167.826800 5816.637200 6578.321500 6369.312700 6322.584100 5922.515000 6763.873500 6278.881300 6554.111700 6574.811200 5964.678900 6169.111400 6028.732400 6127.922300 6138.657300 5612.196900 6457.217100 5891.346200 6371.913200 6684.220600 6241.044900 6305.957400 6364.367700 5992.966700 6003.957400 6419.066900 6246.755400 6545.193400 6019.622600 5810.879200 6593.112000 6382.065000 5972.815000 6005.797600 6115.051800 6566.122200 6365.739500 6146.376900 6299.867100 6480.176100 6213.288100 6258.792300 6300.093100 6171.423000 6571.429300 6368.429900 6700.697900 5919.561300 6403.964400 6212.670400 6123.034700 6259.024500 6381.236000 6329.427400 6124.548700 6433.698800 6229.354200 6205.320100 6131.170400 5973.627200 6142.213500 6320.996200 6280.013600 6014.893000 6201.540700 6280.584200 6284.200300 6152.260700 6211.976000 6681.404700 6121.146600 6393.610200 6358.653700 6338.305100 6222.421700 6395.511600 6118.126400 6070.261600 6073.378700 6130.289900 6488.554500 6848.284200 6354.361100 6033.804800 5916.027300 6330.997700 6294.839800 6322.724900 6474.136300 6654.562800 6250.802700 6498.157600 6222.682600 6571.841300 6066.530800 6257.508500 5686.390400 6301.211100 5435.568200 6406.951800 5864.823500 5971.746500 5978.264800 6158.813300 5829.057100 6584.767800 6311.548500 6391.605300 6146.155100 5944.034300 5979.196200 6398.636400 6279.992200 6523.734400 6320.757300 6458.127100 6257.108300 5986.825100 6431.892800 6010.388600 6663.916700 6653.708200 6404.409600 6315.712900 6851.221400 6094.442400 6094.274800 6092.310200 6212.080600 6375.910600 5947.837700 6122.675300 5899.315300 6383.950600 6117.735500 6318.699000 6242.428400 6079.329200 6270.251300 6390.549800 6208.723600 6291.675200 6403.290000 6486.178100 5817.389700 6025.344100 5911.951600 6051.256400 6499.277300 6045.293900 6362.516200 6136.275300 6278.739400 6401.490100 5959.905200 5796.663600 5935.588900 
6583.012900 6092.153700 6498.537500 6673.435100 6284.661400 6455.618100 6192.969800 6449.299400 6574.566600 6179.141400 6066.471300 6462.330800 5994.742200 6561.594700 6333.544200 6204.571200 6666.010200 6070.948500 6191.383900 6557.161300 6382.433100 6343.377200 5823.276600 6173.521400 6293.002400 6625.536800 6233.901100 6554.856900 6301.958000 6742.180900 6429.464700 6387.502600 6463.760000 6326.446500 6599.222300 6541.721800 6524.095100 6359.098600 6671.925000 6344.996400 6390.969100 6049.100500 6081.301600 6168.838300 6076.701700 6737.511700 6388.158600 6242.030500 6295.588600 6424.891900 6493.224800 6880.400800 6547.321000 6064.906800 6450.256200 6120.883300 6065.548900 6295.130200 5937.209900 6355.354100 6099.690500 6448.948100 6550.057000 6501.488800 6362.870900 6434.684200 6260.974600 6240.221300 6242.834300 6215.479600 6715.229300 6235.850300 5978.440600 6588.787100 6527.745400 5896.612300 6259.149600 6316.730200 6955.962000 6421.912900 6260.069100 6346.812500 6805.446400 6432.603400 6163.179300 6274.865500 6243.512500 6890.155500 6170.048500 6715.236100 6202.485100 6401.235200 6332.219400 6535.599100 6270.982400 6294.904900 6381.629600 6520.012700 6604.698100 6427.999200 6279.530200 6281.880100 6097.468700 6199.179500 6600.601000 6558.403900 6274.708400 6237.144200 6229.084800 6250.457500 6477.411100 6214.513500 6706.009100 6180.055500 6213.559500 6405.623600 6455.514400 6532.650700 6535.178800 6305.785600 6370.192800 6173.673400 6396.145000 6605.824700 6793.864700 6604.386100 6157.561400 6132.923300 6633.434500 6560.158300 6295.924100 6464.844600 6760.842100 6268.227900 6658.908200 6313.460000 6522.001300 6265.007100 6402.096800 5816.234100 6374.137400 5635.329200 6471.585800 6120.618700 6258.542400 6077.931700 6145.182800 5841.690500 6625.296400 6140.219400 6582.731000 6259.742200 5999.282000 6215.856700 6410.079300 6431.132700 6397.271400 6308.637600 6652.906900 6253.133600 6220.386400 6517.288400 6211.430200 6409.678500 6877.737100 6487.301700 6550.836400 6764.387500 6533.297600 6393.512000 6073.150400 6337.415300 6421.757400 6134.553800 6476.311000 5789.769800 6357.822300 6405.200500 6448.480000 6398.023500 5974.728600 6220.754100 6714.812400 6522.130100 6334.479900 6420.926400 6452.286400 5996.699200 6105.741500 6107.330300 6320.268000 6433.415100 6062.124500 6536.419300 6212.384000 6583.752800 6538.622100 6194.541600 6172.053500 6066.755400 
6224.076200 5790.425300 5934.332700 6073.995700 5854.615300 5718.551200 5507.125000 6158.073500 6098.917700 5648.040600 5685.461400 5892.854200 5773.655200 6140.356300 5960.657100 5813.967500 6244.117900 5736.170800 5743.395300 6200.742400 5958.382600 6209.568700 5290.645000 5630.278300 5874.848800 6183.212400 5968.758300 6087.647100 5960.304500 6241.423700 5774.163900 5864.000200 6044.132000 5897.398000 6097.283300 5859.674800 5932.778600 6075.232100 6337.657000 5945.037200 5793.532100 5757.446400 5666.513300 6039.078000 5652.660600 6384.313100 6173.215000 5901.632100 5793.424600 6041.552300 5995.278200 6207.806200 5959.382200 5841.827800 5865.673700 5688.941400 5818.888400 5800.099200 5546.892900 6171.516800 5912.099300 6136.569100 6333.058800 6236.631800 5999.904400 6045.464400 5864.458900 5711.606600 6308.911900 5638.573900 6223.181400 5763.582300 5584.095100 6107.325500 6208.273900 5681.909800 5789.943100 5962.750700 6328.750600 5768.983400 5796.125100 6001.260000 6019.256800 5929.600500 5928.496800 5981.725400 5815.048600 6208.098600 6021.064300 6287.138100 5624.890100 6095.138400 5693.234400 6120.969000 5829.635100 6010.236900 5882.708200 5948.141000 6188.738000 5842.489200 5826.205600 5634.883000 5892.491500 5887.376100 6116.258300 6188.588100 5735.290000 6138.764700 5769.723500 5914.508500 5974.647000 5813.576400 6352.832300 5864.000500 5921.466800 5866.233600 5932.263300 6112.504600 6367.981000 5889.414500 6168.771500 5666.442700 5818.262400 6212.395300 6213.722700 5947.888000 5883.697700 5685.905700 5912.824500 6110.151000 5752.222700 6040.738400 6438.318000 5754.518200 6108.153200 5713.457900 6201.715000 5804.347300 5809.049900 5478.347500 5732.550100 5091.535500 6125.483700 5857.903600 5897.820100 5730.006300 5750.646100 5318.575300 6168.068700 6006.926800 6021.170000 5859.696400 5573.499100 5648.116700 6161.922900 6059.836100 6033.110600 5993.203000 5966.720300 5910.434100 5755.135300 6004.800400 5795.045600 6165.396800 6381.795100 6035.741800 6006.890500 6248.155200 5822.673500 5803.718000 5779.521600 5858.869300 6053.052400 5733.665200 6115.615400 5488.379800 5959.872200 5820.507300 6053.929200 5839.234700 5871.662400 6074.750400 6125.405300 6177.446400 6026.008200 6171.577400 6077.192400 5742.615600 5929.635100 5794.896300 5807.087200 6064.589800 5889.210200 6068.504200 5925.787100 6231.709400 5933.742000 5872.039000 5627.981900 5766.414400 
6560.486400 6053.463900 6174.928200 6666.601700 6263.838400 6113.906000 6144.001000 6200.493900 6460.560100 6154.219000 5973.967800 6257.396500 6065.131700 6421.696000 6025.978000 6044.236400 6538.707100 6062.003400 5997.133600 6572.285200 6209.122400 6333.372200 5654.884300 5966.518100 6127.841500 6579.372900 6177.429400 6338.462200 6268.801300 6426.648900 6056.561900 6121.645600 6279.158600 6265.746600 6178.207000 6151.237000 6254.239100 6086.670700 6671.891500 6193.209600 6292.006300 6062.185800 5778.854400 6297.939800 5949.466200 6752.333000 6405.068800 6227.529400 6064.806300 6346.215500 6177.884500 6584.922000 6349.279300 5999.671400 6291.166500 6115.187900 5980.709800 6134.994800 5693.431900 6332.986000 6079.668200 6234.470300 6464.504100 6234.182300 6441.224700 6257.763200 5913.585200 6085.748200 6207.501600 6195.555000 6494.422900 6084.327800 5803.595200 6377.096600 6366.377700 5964.304200 6238.564300 6258.076300 6643.648600 6261.188800 5835.015800 6310.752600 6204.117900 6184.268700 5981.407000 6235.470400 6066.270800 6499.147900 6018.237600 6733.200600 6133.288200 6114.176200 6104.325900 6512.855500 6102.802100 6455.649300 6180.070100 6061.537500 6482.607600 6261.955100 6037.256000 5956.969900 6005.967600 6037.028000 6361.163300 6370.380600 6147.880300 6521.215800 6076.609500 6123.683100 6496.181900 6167.588000 6522.979800 6076.204200 6064.624000 6188.202500 6326.414000 6195.469900 6435.206200 6024.365800 6463.662900 6020.858400 6171.390500 6361.978100 6513.650100 6185.182200 5984.532900 6055.211400 6330.133800 6470.779500 6408.417700 6404.134500 6555.273700 6300.890300 6439.218500 6086.368900 6350.321200 6225.440200 6329.073100 5674.174500 6296.856600 5354.884200 6245.511100 5978.537700 5966.234700 6077.921800 6103.636300 5585.408300 6444.323600 6254.766900 6295.540400 6094.108500 5833.592900 5852.269500 6270.574600 6474.577900 6339.929000 6242.033600 6320.609200 6021.377500 6181.920100 6568.263900 6005.660600 6331.580800 6640.271700 6280.515300 6270.907800 6503.467400 6095.998100 6146.273900 6083.897400 6102.055300 6192.283900 5912.567700 6300.155300 5771.450200 6181.443200 6386.068100 6244.398000 5976.446500 5813.812300 6090.423200 6457.967900 6374.409600 6216.513000 6386.430800 6288.470500 5875.410400 6296.354700 6007.906600 5964.903400 6454.349800 6130.541900 6525.957500 6003.462000 6457.034500 6362.162700 5988.193900 5990.449200 5911.489400 
5988.740200 5558.497500 5821.256100 5875.188500 5892.380200 5739.236400 5515.548100 5853.863500 5967.768000 5766.610300 5538.800300 5894.730900 5493.271500 5948.362100 5676.309800 5471.147500 6100.219600 5533.279000 5426.660800 5788.734200 5635.732300 5864.620900 5271.664800 5643.569100 5534.214300 6210.000300 5652.920600 5849.559100 5683.319600 6199.182400 5686.775000 5736.676800 5682.210700 5690.193300 6072.648900 5750.362600 5909.185200 5909.820700 6041.027000 5735.529600 5686.513000 5613.072100 5430.311300 5625.922100 5452.809400 6358.725900 5918.688000 5996.331800 5606.446300 5973.407300 5942.203800 6110.897500 5802.584400 5493.751600 5785.498200 5543.827700 5607.490200 5730.818200 5258.858500 6047.592300 5504.890800 5774.138500 6058.003900 5891.922000 5803.247500 5953.474900 5641.406000 5699.893700 5712.341800 5614.841000 5948.222900 5609.482900 5538.337400 5811.375600 5907.345900 5290.807900 5812.931000 5808.095900 6223.572200 5697.339300 5526.752700 5653.995500 6008.506000 5747.235900 5656.716800 5886.288500 5665.683300 5907.650800 5742.349000 5996.508900 5592.687800 5816.184100 5616.575700 5925.509300 5640.172300 5846.744100 5640.941400 5874.400500 5884.814000 5877.977700 5605.513400 5623.372000 5494.856000 5626.084600 5863.093400 6048.301800 5527.051600 5716.862500 5720.629600 5730.175600 5789.740000 5710.561700 6053.313800 5512.480400 5697.540600 5681.210000 5581.811400 5691.275300 6022.321800 5657.762900 5752.567200 5660.739100 5625.275400 6156.585800 6061.331900 5723.172500 5656.521500 5544.302900 5806.782800 5877.745700 5551.647100 5755.522900 6081.874800 5856.590700 5897.429900 5575.614100 5936.824200 5596.649600 5584.927700 5441.164200 5820.321700 4857.297600 5955.407100 5560.553700 5575.297700 5434.428400 5608.716600 5380.212200 6132.385600 5722.731700 5809.232600 5623.175800 5596.317200 5540.887100 5781.275900 5936.020100 5897.037300 5618.373000 5918.259600 5774.552700 5577.357900 5856.060200 5518.601600 5842.889600 6196.246400 5699.618200 6042.764400 6134.026200 5669.694600 5612.060500 5717.721200 5696.856600 5804.137400 5494.689400 5827.232500 5311.977100 5820.309400 5686.585600 5870.783800 5774.698000 5712.128100 5903.887300 5849.445100 5914.325700 5797.047700 5859.848200 5972.850500 5482.537400 5525.113000 5515.673800 5674.082800 5982.210300 5612.667800 5858.137200 5719.229200 5971.687900 5845.073900 5583.227900 5474.153000 5350.432500 
6168.258100 5713.357100 5994.553700 6245.336800 6075.297400 5876.180000 5720.638700 6013.471300 6209.821800 5829.964100 5597.393500 5911.705300 5786.025000 6238.970500 5939.081200 5915.783700 6247.937300 5791.279900 5766.820300 6291.963100 5948.584000 5989.101400 5339.784400 5893.290600 5931.683500 6149.095800 5938.814300 6122.654500 6168.228500 6223.152600 5830.531200 5834.903400 5910.818600 5968.017400 6299.224500 5957.793200 6089.289400 6048.509100 6325.874300 6041.152500 6039.176300 5654.574600 5819.320500 6156.134600 5694.907500 6551.006600 6186.449000 6046.130400 5954.772800 6010.677700 6099.738600 6411.335100 6024.636900 5745.097000 6141.442900 5874.955200 5882.057000 5917.353800 5602.334100 6317.665900 5758.609500 6062.766900 6111.481700 6117.881800 6072.177400 6183.433700 5921.930700 5729.442100 5940.752500 5762.202700 6214.465700 5890.864000 5830.835000 6024.334700 6066.255000 5564.605700 5788.681100 6015.600300 6412.841300 5837.733100 5681.033800 6075.964300 6101.328800 6091.331000 5940.566300 6005.567000 5783.958300 6177.219100 6016.717100 6401.395500 5744.243200 6146.970900 6000.333000 6142.780800 5874.903100 6026.869700 5994.617400 5878.121200 6238.135200 5995.631800 5863.096200 5927.343300 5873.007600 5727.596500 6098.372800 6151.019600 5796.867400 5946.843900 5697.820300 5901.458800 6011.153300 5910.497900 6305.197400 5913.970000 5930.379400 6051.083700 5983.498000 6138.335900 6214.766600 5837.201600 6019.267800 5568.856000 6077.970000 6301.300700 6311.273900 6202.558300 5885.709400 5770.903200 6038.956800 6327.495200 6069.199300 6057.787700 6272.717100 6137.061200 6214.151700 6036.720000 6087.837400 5785.251100 5975.988400 5673.979200 5970.496500 5260.025800 6142.141500 5860.851600 6020.703500 5896.776100 5650.874200 5679.480500 6429.259900 6022.006300 6044.556200 5829.794700 5644.103300 5648.870100 5938.330200 6208.289700 5969.201700 5935.748100 6170.424900 5810.803500 5809.393000 6096.114700 5728.777200 6133.506900 6423.187900 5988.276800 6297.720600 6293.624100 6117.502800 6031.406300 5812.441800 5928.076600 6045.581100 5732.301400 6053.940700 5416.917600 6020.245700 6147.870800 5776.016500 5823.100600 5770.404800 6046.562900 6218.997300 6031.331300 5999.214800 6212.560800 6038.232500 5808.585200 5805.729800 5794.983000 5812.070100 6030.445600 5897.068000 6050.058700 5873.133400 6216.148300 5995.579400 5787.934400 5662.302300 5543.900600 
6720.735700 6058.739800 6604.980300 6877.029700 6457.312800 6439.639900 6395.447100 6591.662700 6511.989600 6070.574900 6242.382900 6496.069600 6070.031900 6601.753200 6378.945800 6156.231100 6680.828600 6157.915400 6146.251000 6716.177500 6304.738600 6400.740000 5974.441500 6307.544200 6427.639500 6689.406700 6337.297600 6578.638500 6432.450300 6719.170900 6452.869300 6413.796300 6650.207600 6460.141800 6627.078900 6428.769900 6483.546800 6440.597700 6847.472800 6277.793900 6288.327100 6343.171100 6288.659500 6425.445400 6144.934200 7035.330000 6641.616600 6401.296000 6065.910800 6651.620400 6653.122900 6790.821300 6512.510800 6127.661100 6499.906300 6219.824900 6297.905600 6233.827500 6095.803000 6527.549000 5997.537200 6571.385900 6653.161900 6512.414400 6607.334600 6660.514300 6308.581400 6208.363200 6380.728900 6522.644100 6757.632700 6264.699100 6093.860100 6427.874600 6574.322600 6124.148400 6341.479300 6465.985300 6998.750600 6312.882500 6289.288400 6551.739200 6518.620600 6611.231100 6458.805300 6561.179400 6284.300400 6713.816100 6297.998800 6670.086000 6199.385000 6592.142700 6252.154200 6466.538700 6345.336000 6703.616100 6513.811400 6374.546800 6630.973400 6380.636000 6259.345700 6116.094600 6334.623700 6306.321900 6643.479600 6496.719900 6441.457200 6575.420500 6309.107800 6388.996400 6380.305700 6440.307900 6835.247200 6210.273500 6345.278700 6352.970000 6437.551000 6558.194500 6499.827200 6230.904000 6533.337700 6301.944300 6397.960100 6842.544100 6951.507900 6436.124700 6411.877800 6079.024300 6561.215500 6638.884300 6357.656200 6719.810000 6898.393900 6705.698300 6550.547000 6349.689400 6652.694700 6358.182500 6440.452700 5891.050600 6451.576000 5647.842100 6666.942100 6245.939000 6396.467000 6212.362000 6417.017400 5908.905600 6718.161900 6431.228000 6570.497800 6455.755200 6091.511000 6180.583900 6694.817800 6646.699800 6877.112000 6412.171000 6734.037100 6425.682400 6271.230900 6628.894300 6256.922000 6539.401000 7014.008600 6513.053000 6661.524100 7030.805800 6195.622300 6490.119500 6303.372400 6383.116600 6340.350400 6148.798600 6498.561000 6239.750700 6410.107800 6534.244900 6591.936200 6361.829900 6310.916800 6432.924400 6674.802300 6550.982200 6491.211700 6681.260600 6657.878400 6058.832600 6338.839400 6336.212200 6389.329600 6487.088700 6175.823700 6652.526000 6065.885900 6846.515800 6470.454900 6278.210100 5987.224200 6091.805900 
5871.005400 5677.013800 5818.748600 5858.763700 5654.167000 5922.682000 5721.370200 5939.573400 5897.004600 5635.244700 5667.969700 5757.123800 5379.139500 6008.734100 5699.651200 5649.162200 6064.129700 5601.942700 5544.105200 5791.935500 5600.509200 5816.294400 5215.613400 5853.485000 5622.986600 6002.356300 5556.713200 5798.802100 5847.479100 6282.016600 5666.544200 5720.774900 5671.305000 5725.397300 5964.762400 5754.574000 6025.352200 5842.519500 6099.234200 5624.017500 5675.743900 5545.752800 5453.430100 5740.239000 5375.465300 6207.844000 5917.354800 5638.145100 5608.747000 5870.642900 5895.723400 5913.556900 5842.775900 5610.702300 5852.326300 5462.461400 5679.986100 5732.001300 5227.380300 6057.013400 5503.841000 5860.693500 6070.626200 5875.040000 5794.922700 5933.816800 5563.211000 5538.361900 5849.456200 5559.193800 5923.547700 5610.339900 5408.952700 5910.839900 5859.864800 5319.920000 5744.380700 5676.411100 6202.934500 5721.471700 5705.564000 5699.342900 5993.206600 5778.982300 5680.683300 5743.135800 5782.189000 5917.836100 5712.642500 6151.213300 5555.304600 5838.456100 5503.762900 5708.975800 5800.516800 5853.627000 5458.522400 5779.058800 6051.894600 5834.697400 5575.155500 5659.407400 5660.258900 5648.479700 5985.119300 5683.559400 5613.262800 5630.789100 5346.254600 5712.660400 5763.664900 5746.023200 5988.832300 5774.135300 5709.812700 5768.542400 5852.952100 5729.780900 5906.926000 5469.374600 5564.261200 5560.438300 5766.117600 6040.407900 5912.477400 5655.509800 5652.519600 5529.545400 5756.183100 5796.594000 5715.227300 5847.754500 6013.937700 5766.352700 5827.351500 5794.047800 5899.332000 5568.708600 5680.481900 5336.943700 5792.973800 4954.232000 5892.785900 5516.513000 5743.098400 5439.227800 5629.656600 5255.207200 6001.618800 5520.234600 5684.136500 5745.186400 5330.908800 5482.052700 5810.276000 5872.517200 5738.767700 5819.342600 5981.960000 5688.500100 5552.407900 5721.777600 5619.049600 5922.238800 6127.293200 5861.637800 5887.568600 5927.944300 5655.625600 5645.432600 5747.700600 5552.835700 5762.134100 5463.666200 5673.519200 5119.480800 5806.057900 5708.448700 5785.277000 5837.272100 5667.104000 5647.594500 5806.898600 5792.856800 5592.978100 5856.943400 5864.312500 5470.807400 5762.204500 5536.663300 5540.604000 5862.329300 5699.459200 5779.337100 5511.750900 6148.638200 5882.915000 5349.111900 5424.806400 5574.309500 
6583.816300 6183.930500 6654.950300 6823.747800 6572.066500 6310.027100 6213.714300 6762.706300 6815.390700 6278.379000 6167.967400 6448.397400 6215.500200 6751.749700 6601.185500 6432.797400 6801.181900 6353.997000 6197.043100 6647.636100 6371.741700 6568.862100 5912.105900 6241.992400 6291.237000 6764.560700 6505.136600 6644.940900 6400.310500 6800.804000 6377.454100 6481.685600 6602.243100 6612.656500 6741.852600 6138.175500 6583.928200 6674.550600 6974.431800 6425.468500 6594.645300 6288.958700 6243.861700 6603.095900 6049.345300 6842.423700 6835.553600 6363.952800 6344.404800 6764.836500 6458.959100 6806.009900 6624.887900 6282.608100 6336.572200 6413.918900 6270.752400 6435.402300 6055.416100 6714.507400 6379.226600 6621.948700 6587.192900 6610.739500 6543.354000 6602.028400 6336.946200 6389.252500 6545.812200 6379.911800 6738.753900 6331.923900 6019.943400 6618.685500 6714.615100 6033.950800 6417.243900 6562.960800 6801.490000 6525.403600 6417.410400 6495.088400 6819.261600 6526.887200 6455.829600 6582.911100 6356.060300 6851.836400 6461.905100 6826.101500 6368.560200 6528.658600 6336.052100 6550.477500 6476.048600 6674.892100 6323.810900 6494.813100 6612.418400 6477.883200 6358.462300 6249.450400 6504.018300 6447.497400 6712.217000 6820.415600 6236.107200 6626.593400 6303.558400 6418.162200 6551.510500 6440.277800 6816.582000 6219.042900 6483.658300 6438.382400 6434.814900 6605.389200 6972.312800 6341.850700 6464.149500 6306.824800 6378.141500 6807.495400 6871.581500 6677.264400 6353.860400 6101.658700 6694.375000 6672.259000 6377.859400 6673.714800 7043.015300 6488.115600 6569.749200 6318.634500 6891.396200 6433.361900 6536.382600 5974.744500 6257.555400 5760.328300 6762.857600 6219.759500 6350.329500 6276.511500 6450.111100 6094.637300 6683.176700 6540.957400 6618.264000 6458.099300 6128.925600 6081.756100 6591.420000 6612.089400 6628.238800 6473.592400 6734.733300 6572.830600 6289.921600 6515.811700 6343.827300 6578.427500 6784.009700 6642.915300 6787.622200 6903.211600 6340.573800 6326.065900 6334.974500 6405.007000 6505.502900 6241.850100 6626.916800 6002.394100 6655.540800 6527.189000 6723.587300 6406.641700 6193.378900 6411.752100 6639.680600 6707.788000 6377.457400 6714.929300 6623.075800 5993.329200 6524.977600 6327.313900 6506.366200 6558.726700 6347.889400 6687.857000 6392.803900 6668.818300 6711.460100 6197.760800 5942.214500 6120.739800 
6015.533100 5583.884500 6020.835300 5966.399500 5850.081900 6084.846600 5585.269600 5904.959800 5939.164000 5596.057900 5722.351200 5933.889200 5674.865500 6148.532100 5845.401700 5795.177100 6276.648000 5863.775400 5628.735400 5942.908200 5914.606000 5944.735700 5326.301300 5734.418800 5691.145200 6120.475400 5747.817500 5877.739700 5841.580700 6170.993500 5812.081100 5918.668800 5890.275000 5923.727600 6079.055900 5871.962400 6020.090600 5895.113000 6123.168500 5896.869600 5799.033900 5574.904200 5516.326000 5893.355300 5455.059000 6275.108000 5953.220800 5768.051100 5730.244100 5990.396600 6007.391300 6094.969200 6239.126500 5608.568200 5947.202300 5772.250300 5640.850000 5710.164700 5467.558600 5978.651200 5704.192900 5986.847200 6152.248400 5827.567300 6012.820000 5971.424100 5621.631700 5674.323400 5951.644300 5780.305900 6136.165100 5849.543900 5511.275100 6054.191800 6028.455300 5637.505700 5825.224500 5870.018200 6168.317700 5788.729600 5755.256000 5984.182700 6111.382400 5938.637200 5806.821800 6033.618500 5714.609500 6199.794400 5930.388400 6076.660300 5632.909800 5728.595300 5739.843900 5891.818800 5834.308400 5849.978300 5733.028900 5691.809800 5933.709700 5945.773700 5853.783500 5688.538800 5820.839000 5443.004000 6189.624000 5888.877500 5656.787200 5970.525000 5840.806100 5816.970000 5897.652000 5945.420400 6081.149900 5837.752400 5837.558400 6055.459200 5691.021000 5942.119600 6047.730800 5540.140700 6012.801400 5736.896300 6032.346600 6209.049500 6153.953100 5803.753400 5710.460100 5446.991700 5873.891000 6008.655800 5825.227500 6019.132300 6210.315500 5886.461000 5906.540400 5750.036200 6091.171900 5558.384600 5834.601200 5399.449100 5695.190200 5144.132200 5870.645100 5602.228900 5886.177200 5797.711000 5649.445200 5624.806900 6147.992700 5654.827300 6074.660000 5867.452400 5735.066300 5467.346100 5861.235200 5970.518700 5990.568000 5817.850700 6035.095000 5805.278400 5674.171700 6070.034900 5696.712100 6054.541700 6388.351600 5916.080800 6154.890300 6296.586300 5800.578600 5869.840600 5753.440500 5708.901800 5998.568000 5477.455100 5894.410900 5401.184900 5866.641000 5738.856700 5869.418800 5676.136000 5612.672300 5675.981500 6133.307500 5784.919100 5750.523600 5863.339400 5923.434200 5477.338200 5774.301200 5670.499600 5805.042900 5811.125300 5628.353200 6108.931400 5656.366500 6110.271900 5931.149400 5563.985100 5332.268000 5533.438100 
6231.376800 5967.122200 6312.205900 6577.306500 6277.958700 6179.660800 5924.040300 6353.754800 6444.862500 6059.056700 6036.479500 6055.866600 5787.097400 6388.786200 6359.234200 6114.222900 6482.556400 5973.145200 5906.141400 6549.835800 6064.260700 6413.634600 5823.570100 6194.677500 6267.681500 6399.914300 6070.451800 6383.585400 6244.708900 6548.365600 5982.330400 6338.981200 6267.773800 6100.676500 6443.729800 6148.288600 6207.924300 6195.138600 6750.426600 6063.198200 6114.498500 5942.782700 5880.627700 6086.576600 5865.873300 6673.353800 6490.944700 6333.005200 5955.710300 6287.317800 6232.557600 6704.676800 6493.139400 5939.347500 6169.096900 6172.611000 6253.756700 6078.622400 5789.965400 6510.450900 5946.528500 6241.361600 6511.055600 6228.017500 6106.915300 6264.447200 5938.269500 6189.491500 6331.925400 6190.030600 6413.975500 6176.821100 5790.216100 6537.682100 6375.213400 5933.051600 6083.002200 6140.353200 6609.184200 6032.919200 6136.494100 6268.174400 6434.592700 6052.140200 6058.344800 6355.425300 6077.497600 6552.484000 6208.591200 6459.371000 6231.767000 6430.658100 6016.925600 6339.253500 6318.293600 6171.909400 6189.884400 6255.201700 6292.108600 6176.777600 5934.043800 6182.534700 5995.559900 5933.058400 6292.805600 6286.207600 5991.674900 6306.343500 5825.912300 6258.191900 6170.437700 6118.703900 6522.972300 5873.686600 6129.607300 6062.521800 6189.072300 6298.311000 6235.287700 6139.173100 6121.854300 5872.547500 6207.182200 6430.068500 6369.259900 6260.171900 5985.931300 5806.381600 6249.098100 6338.223600 5917.672600 6275.632600 6587.828200 6348.554800 6309.726100 5986.357400 6418.400200 5968.111000 6248.235800 5579.988000 6089.703500 5123.131500 6260.595700 5998.332100 6239.567000 5942.391700 6150.532300 5846.576000 6458.534000 6095.293000 6222.441600 6047.796100 5818.499300 5949.549600 6281.354700 6284.604700 6439.813200 6298.554300 6359.458100 6054.268200 5860.423500 6481.875100 6172.387300 6270.168100 6601.461700 6278.270200 6517.107400 6554.598900 6308.174400 6137.209600 6110.169900 6039.388500 6195.951800 6080.947900 6227.920200 5831.152600 6169.533200 6183.965400 6048.044700 6153.927200 6000.971500 6342.787200 6456.184400 6256.256600 6257.543900 6374.337200 6454.393300 5894.883200 6172.593200 6022.205500 6114.526500 6323.995400 6080.138500 6547.875300 5995.796300 6302.275400 6286.377500 5898.725300 5872.132700 5668.013400 
6512.826600 6063.857000 6478.661000 6557.288600 6513.024200 6270.191700 6036.360100 6310.510500 6711.347400 6225.643400 6005.586300 6375.600200 6187.892200 6673.881800 6260.894300 6194.927400 6783.130300 6108.927600 6074.570100 6507.371800 6077.009500 6551.651100 5912.987500 6253.625100 6384.873600 6440.813900 6240.475800 6411.383200 6264.694200 6398.277800 6074.044000 6284.740600 6346.717900 6274.241600 6527.019300 6297.528900 6419.334200 6251.667700 6600.844500 6323.205500 6284.258800 6048.565000 5857.838500 6387.724800 6099.867600 6803.500300 6512.886600 6138.722400 6300.780100 6549.914100 6376.565200 6693.407200 6524.089500 6191.776800 6366.794800 6167.491500 6184.805800 6201.644800 5842.403500 6474.336900 6040.229300 6534.550600 6473.641100 6491.128300 6477.721000 6438.936700 6100.003300 6216.975300 6409.583100 6179.972200 6558.197100 6254.132600 6098.546300 6494.747700 6439.135200 6041.848500 6296.668200 6323.950000 6819.908600 6200.397900 6201.857100 6474.610200 6572.112900 6331.431800 6335.195800 6409.817300 6187.537900 6755.264700 6335.317600 6470.483500 6083.826900 6491.741200 6135.954300 6441.616700 6248.189400 6343.376700 6292.571900 6533.624200 6457.009900 6230.489600 6301.170400 6290.919000 6202.132600 6239.554600 6306.425600 6466.830800 6103.135100 6560.830100 6100.470700 6204.146000 6336.099800 6262.939100 6729.091100 6136.383400 6297.301800 6325.952500 6288.141600 6488.073300 6641.831400 6243.852200 6486.367300 6052.246900 6409.946500 6650.950200 6637.474800 6527.059700 6046.910900 5953.954900 6505.026500 6470.157100 6354.248300 6407.404900 6687.295900 6338.082900 6387.508200 6171.402700 6453.353900 6172.052300 6328.733300 5736.407300 6167.477100 5460.697900 6331.220700 6138.609300 6259.596800 6250.464300 6048.115200 5960.924700 6571.070300 6301.222100 6483.996300 6078.381600 6014.442200 5934.848700 6269.668200 6486.851600 6230.202900 6168.550700 6476.224000 6262.871600 6096.938700 6472.406100 6273.982900 6343.557100 6697.506000 6201.274800 6458.913000 6675.011700 6293.711800 6160.273100 6308.746200 6219.590800 6412.253400 6019.724400 6235.518000 5836.688300 6401.164500 6290.591100 6115.318600 6144.045200 6018.003300 6329.272500 6514.017400 6443.672800 6455.769400 6518.298400 6394.424200 6074.504300 6036.913400 6121.331500 6289.554700 6451.515800 6025.291800 6405.530500 6190.465500 6548.322300 6396.332000 5939.290500 6143.228300 5908.876000 
6184.898400 5679.910600 6170.266100 6173.731800 6259.057400 6026.920800 5923.106300 6047.381500 6056.376100 5983.290300 5826.585200 6055.793000 5859.718300 6320.651400 5928.001800 5804.027800 6362.452100 5830.554400 5695.328600 6247.380200 6012.956300 6210.261400 5516.325500 5901.553700 6081.114500 6450.155800 5784.620400 6204.074800 6156.385100 6148.822500 6024.578900 6192.062100 6037.818500 6190.223400 6080.382700 5936.622100 6191.060500 6139.657800 6350.419100 5999.073700 5982.897100 5733.139700 5655.814000 5939.800300 5549.805300 6595.478900 6107.887300 6027.959100 5894.600700 6209.324200 5908.328100 6383.537800 6355.953300 5832.553600 6084.444500 5879.961700 5914.476000 5884.416500 5400.425500 6206.465400 5869.865700 5994.289700 6303.104700 6034.595300 6225.536700 6230.076500 5789.357800 5907.716400 6144.531200 5921.561000 6395.573100 5880.915900 5547.482200 6129.629700 6269.297500 5681.454600 6008.079300 5879.080000 6425.976600 6119.267900 6090.794600 6251.850400 6261.409700 6175.302500 5938.517200 6082.644200 5752.647000 6248.427000 5904.150700 6609.239400 5941.179800 5951.288000 5914.346300 6052.359800 5867.007300 6014.911400 5928.145100 5830.788300 6210.991400 6031.574800 5906.484100 5873.495200 5974.560000 5859.399200 6201.977300 6213.463500 5858.087600 6196.689600 5865.070500 6062.678400 6134.026000 6100.489500 6218.669200 5924.302100 5993.303500 5842.343900 6083.513300 6124.999000 6286.182700 5896.754300 5963.428800 5925.893300 6266.810200 6238.655700 6289.327900 6089.418100 5877.631300 5744.755800 6056.579500 6279.685500 5985.591200 6166.859100 6442.466800 5954.405500 6450.161300 5965.852300 6256.671900 5888.371300 6088.645800 5558.699400 6050.684200 5261.358200 6225.456000 5962.843700 5949.604800 5936.574600 5805.553300 5374.189800 6195.375300 5859.074900 6154.874400 5854.422800 5685.590100 5802.503200 6079.770300 6140.808800 6171.681000 6124.292700 6040.589900 5796.609900 5711.672200 6336.552000 5798.400800 6073.339400 6437.917900 6116.840300 6091.868700 6451.180400 5866.792700 5847.572600 5821.366000 5805.912100 6153.307100 5777.792000 6001.759000 5573.769600 6119.762600 6108.228800 6101.141600 5995.568600 5840.620000 5923.393500 6197.788200 6281.639700 5992.275500 6166.209400 6157.016000 5686.451400 5953.527800 5898.110200 5921.834100 6107.844400 5906.871000 6201.516000 5926.853300 6494.745400 6302.558800 5744.832300 5763.433800 5794.832300 
6231.317800 5973.603200 6244.058300 6450.305400 6255.391400 6025.216800 5935.923700 6276.894900 6334.264400 5943.299400 5764.463700 6220.344200 5896.607400 6256.206300 6002.991400 6119.959800 6400.994300 5994.144900 5843.572900 6282.678000 6041.889500 6268.865700 5697.809100 6002.698600 6222.079700 6462.826400 6236.603900 6188.914500 5976.503200 6285.653500 5967.320000 6165.698100 6309.324300 6103.383500 6386.403500 6071.417300 6228.854700 6289.044800 6465.296500 5897.583900 6263.619700 5855.115400 5837.732400 6264.751700 5791.848100 6582.661000 6500.739500 6203.305200 6059.819400 6397.751900 6314.148200 6599.749600 6303.345600 6014.906800 6114.394200 6107.454700 5947.811800 5977.061900 5616.885000 6285.071800 5923.559400 6321.836700 6406.139300 6207.961700 6224.710700 6437.828800 5841.405100 5996.882000 6295.950600 5947.598600 6436.387700 6025.203000 5864.601900 6210.890600 6256.905400 5621.729100 6162.573100 6170.406400 6403.880500 5937.054000 5999.568400 6261.113800 6326.500400 6055.964800 6048.755400 6144.804200 5931.641400 6594.486000 5992.273600 6376.999900 6033.132100 6196.738700 6008.457700 6310.642300 6257.023300 6186.922100 6110.830600 6116.455500 6492.988300 6060.817300 6053.646300 5962.806600 6003.358900 6248.013700 6519.591100 6333.785300 5790.179100 6196.143000 6039.884600 6097.871400 6274.738200 6075.749500 6340.259600 5972.401600 6015.220300 5993.115300 6169.948800 6253.309800 6300.434800 6042.925800 6034.333200 5829.866900 5970.978100 6646.164600 6455.869900 6200.792900 5973.790800 5830.093900 6234.440900 6268.941600 5918.798200 6417.047900 6274.333900 6362.054600 6300.499600 5923.281600 6367.420300 5788.198700 6076.714800 5528.777500 6178.035600 5305.040100 6343.837700 5981.798200 6126.680200 5924.561200 6119.683600 5595.705400 6546.851300 6078.284100 6227.176100 6090.791100 5818.911400 5722.724100 6344.752600 6261.836200 6337.735100 6047.747300 6383.702800 6118.583700 5966.897200 6406.109800 5871.742900 6283.272800 6725.408200 6259.889100 6138.456000 6494.050400 6103.976200 6011.328000 5941.076700 5975.078700 6113.285100 5839.125800 6137.704300 5821.283200 6123.542300 6302.007400 6247.857100 5939.394700 6020.499300 6043.263500 6407.812800 6139.246200 6137.221400 6090.010700 6364.446500 5605.429400 5790.494000 5868.458500 5908.495400 6235.395100 5803.730400 6340.353300 6121.596900 6326.079200 6251.882000 5766.970600 5919.761500 5765.944800 
5781.150800 5577.104800 5776.293900 6059.540100 5857.224000 5581.342800 5496.119400 5756.323000 5890.593000 5529.955000 5427.639800 5812.147200 5427.278400 5968.035600 5726.351500 5547.399300 6131.388700 5629.658800 5488.691200 5945.677800 5637.701200 5873.017700 5161.137300 5451.831200 5768.143300 5927.402000 5722.376600 5753.763200 5669.896000 6060.551700 5591.601600 5699.433500 5846.204400 5644.049300 5900.442500 5711.198500 5950.542000 5837.167800 5930.690700 5607.222800 5767.648000 5522.509900 5519.003500 5629.431500 5338.537200 6184.430200 5807.926700 5664.285200 5606.348500 5993.792300 5736.511800 5989.221800 5770.497700 5564.903700 5773.270800 5603.499600 5716.269900 5646.044200 5265.235800 5892.817700 5678.950900 5830.012700 5875.053900 5891.961200 5872.905100 5749.370800 5749.310600 5457.946800 5850.123500 5497.919800 5842.568300 5685.570900 5363.518500 5918.552600 5837.504800 5371.142700 5644.074200 5577.637900 6030.275400 5677.103300 5618.516600 5757.911700 5801.095900 5878.792400 5669.589600 5802.940200 5613.073300 6145.148300 5707.690000 5930.849600 5612.319200 5838.374300 5684.784300 5716.672800 5740.051000 5674.965600 5631.740600 5810.512300 5806.118800 5694.741400 5462.895800 5605.687600 5622.561900 5743.870100 5942.847900 5879.576400 5589.374200 5748.524400 5492.024300 5729.340600 5855.403500 5761.512700 6172.948000 5359.679500 5724.775200 5656.904700 5648.218100 5760.408300 6082.931700 5603.666600 5763.308300 5484.169300 5815.372100 6137.203900 6029.332000 5804.022800 5619.334900 5343.450000 5737.875600 5897.196500 5781.240100 5672.589100 6115.313500 5597.895300 5953.532000 5638.530100 5744.387400 5560.045500 5635.496600 5392.502900 5546.708700 4938.680000 5662.974800 5371.429700 5646.831500 5579.405500 5607.944000 5260.305300 6157.070600 5663.999600 5928.856300 5882.435300 5432.142000 5505.434000 5811.459900 5780.581000 5606.990100 5715.320200 6025.489100 5618.369200 5483.909500 5690.065900 5560.854200 5820.947400 6073.573400 5772.422400 5876.448900 6014.305800 5572.299100 5742.564000 5675.591500 5519.106700 5805.352600 5519.307400 5849.541200 5274.423400 5776.099500 5827.906200 5829.374500 5647.937000 5462.535900 5727.959800 6112.960400 5813.751800 5809.162600 6015.221200 5911.102700 5355.540700 5672.373000 5517.310600 5811.112200 5759.028300 5531.413700 5812.156300 5636.537600 6032.233700 5631.847700 5478.774100 5434.249100 5441.620300 
6130.349800 5790.946800 5788.863300 6004.889100 5968.410000 5718.098100 5545.758400 5741.402500 5906.458000 5597.780800 5685.955800 5839.409200 5512.815200 5747.553600 5799.226000 5611.354900 6030.183100 5669.725600 5677.919600 6151.557400 5827.421200 5959.123100 5401.186200 5769.373100 5556.978400 6083.901000 5670.179000 5916.902400 5874.601900 6108.547300 5666.697200 5742.690200 5783.477000 5776.304900 5958.817400 5940.106000 6097.708400 5845.714800 5954.015700 5828.363400 5820.786900 5757.139900 5675.507200 5948.214900 5694.769200 6272.624900 6103.946200 5773.552800 5663.264300 6038.782600 6085.549300 6204.652200 5883.543400 5862.034800 5897.613200 5812.620100 5686.573800 5675.194800 5529.307200 5982.094300 5525.979800 5909.416600 6150.528700 5841.878200 5918.464900 6038.648200 5634.272100 5568.391300 5990.102300 5607.273500 6210.470000 5706.407000 5464.630900 5911.584600 6046.028800 5501.025300 5930.052400 5858.626500 6180.446400 5844.461500 5705.964800 5647.079200 6061.641300 5739.003600 5773.771900 5975.071600 5784.209600 6168.383600 5731.434800 6008.068000 5562.369100 6116.351700 5694.176200 5782.577200 5755.617100 5893.384700 5810.441200 5982.693300 6047.022400 5745.411700 5655.185300 5482.945400 5776.326000 5744.186200 5987.493600 6065.805700 5839.134100 5950.247900 5651.090700 5674.424600 5668.208100 5745.590000 6200.987900 5513.418800 5872.840000 5956.014700 5916.084300 6102.046300 5931.081300 5657.173100 5897.904200 5473.956200 5906.280600 6112.901700 6202.965100 5797.439800 5614.017500 5326.882600 5951.373900 6065.298900 5798.729600 5995.015300 6163.274800 5852.548100 5931.481600 5800.650200 5998.286700 5728.621000 5660.180800 5315.783300 5830.222800 5085.491700 5941.205400 5663.677900 5953.723800 5416.253300 5557.722300 5549.001500 5949.385400 5633.122100 5940.733100 5834.822900 5598.278100 5386.586300 5809.138800 5865.593500 5971.894500 5912.745200 5965.828100 5720.796500 5661.022500 6079.244500 5710.220500 6107.963100 6237.025200 5919.744400 5721.337100 6290.991400 5745.604300 5855.600100 5672.295700 5643.282100 5804.332200 5418.932600 5919.353700 5459.680500 5946.361100 5833.907000 5703.075800 5693.275300 5505.000500 5884.631900 6114.055900 6040.325300 5808.595400 5866.691000 5814.321600 5548.024900 5618.993700 5725.649800 5699.228700 5957.609300 5639.742200 5893.944800 6000.814000 6063.241400 5789.433400 5586.655200 5477.477800 5468.905000 
6735.633200 6175.893900 6485.061700 6796.013300 6430.317100 6415.529000 6335.587800 6507.180900 6622.065000 6263.608400 6313.898600 6529.435000 6216.992100 6713.111600 6440.879900 6182.165000 6855.984600 6322.929300 6345.224500 6816.556800 6305.991100 6631.298900 5858.431300 6488.755000 6314.605200 6729.346400 6397.195000 6595.500800 6545.189600 6796.678100 6301.305500 6457.945500 6391.537600 6425.239400 6570.542300 6501.410400 6693.033800 6517.460100 6833.224700 6627.115500 6517.359300 6294.338700 6204.173300 6284.693700 6258.022500 7016.859100 6860.790600 6451.837600 6408.173800 6717.598200 6654.279800 6830.069600 6704.600500 6211.695300 6529.027300 6402.297600 6225.833900 6367.524100 5837.870000 6764.276500 6280.264400 6559.169500 6879.902200 6534.908600 6649.816400 6725.658400 6334.774900 6261.580200 6443.697200 6369.532900 6992.607100 6163.022400 5898.005800 6737.458200 6721.860000 6165.443600 6399.493100 6545.260400 7042.793900 6686.184500 6477.644100 6541.623600 6611.199900 6469.113000 6334.203700 6503.293000 6439.026700 6794.259000 6482.201200 6922.302000 6295.410700 6458.575200 6411.910000 6536.055400 6548.439100 6679.238000 6424.441300 6557.364100 6664.085100 6562.923700 6209.147100 6534.298300 6134.730200 6433.994700 6819.622000 6718.955900 6363.070700 6761.380800 6475.660700 6403.782200 6479.561400 6345.172700 6830.093900 6285.361500 6447.979800 6439.105700 6635.169600 6509.836100 6663.772700 6213.391300 6440.897500 6240.578800 6480.958100 6767.589400 6826.468700 6411.396000 6197.769500 6193.714600 6504.153000 6517.803800 6456.086300 6745.688500 6727.971700 6488.192400 6602.157200 6341.889200 6467.556100 6336.421200 6470.651300 5953.378400 6475.579100 5537.018000 6639.631200 6264.020300 6291.215300 6256.984700 6401.994900 5827.182800 6762.631200 6312.138400 6447.603300 6341.785900 6114.069300 6068.066800 6627.713800 6694.943700 6715.093500 6273.865400 6616.245200 6411.913900 6240.293200 6453.372200 6190.501200 6677.650800 6833.960200 6568.068300 6703.297800 6911.257100 6401.362500 6315.381400 6598.527400 6333.369600 6476.001400 6206.176100 6579.365000 6141.082400 6673.657300 6350.168100 6559.042300 6360.020300 6472.330400 6538.211500 6659.098100 6632.821900 6334.546300 6559.730400 6555.371600 5987.737600 6350.419900 6108.684500 6476.652500 6711.534000 6426.338200 6650.445100 6596.694200 6797.820200 6628.975400 6206.558900 6324.331100 6193.257500 
6029.009000 5684.965800 5818.262700 6420.344200 5964.267400 5735.893300 5681.493300 5900.366200 6087.765800 5827.775200 5623.761900 6081.596500 5738.858800 6198.988900 5952.866500 5835.666500 6323.517100 5786.876800 5756.521000 6224.352300 5990.200300 6104.929400 5474.729400 5931.441800 5732.896900 6243.166700 5849.373100 5986.830600 5914.313600 6326.397100 5931.287100 5877.609200 5995.233900 5801.363800 5979.282000 5973.533100 6042.186800 6183.166200 6259.565700 5864.518600 6026.630100 5842.850100 5553.567000 5955.336900 5817.851500 6310.237100 6196.437600 5918.010600 5616.608900 6095.367300 5961.998600 6318.821600 5962.182500 5734.595900 5894.729200 5745.195200 5857.412600 5949.075000 5341.723100 6215.274100 5765.316700 6104.527000 6346.936500 6233.110000 6033.904200 6131.701800 5861.310900 5640.523500 6093.171300 5725.846400 6167.918000 5681.574400 5466.382600 6115.010200 5983.306400 5473.932800 5834.993500 6033.347200 6432.903200 6072.121300 5816.505300 6069.244100 6080.047000 5947.880000 5827.695100 5883.518300 5744.684800 6204.356100 5912.683200 6289.165500 5678.559900 6011.957700 5851.729800 5984.772600 5970.159200 6044.843500 6075.477700 5979.822000 6158.122300 5899.971900 5738.942900 5832.980100 5726.421300 5866.223800 6152.729500 6095.398400 5758.621300 5969.303500 5724.571500 6099.268800 6106.596400 6053.903300 6253.156400 5823.186500 5939.167300 5788.708900 6100.263900 6102.627500 6096.482500 5774.132700 5792.585000 5559.609900 5886.507600 6019.541100 6182.998300 6102.727300 5839.193700 5519.806600 6218.794400 6088.059500 5890.690700 5918.476300 6316.377200 6069.528400 6089.303400 5702.222100 6166.818000 5804.768300 5898.956600 5627.299000 5918.200700 5235.757100 6167.374000 5772.293000 5765.203500 5715.372800 5869.291100 5493.617900 6342.277700 5910.803900 6048.387900 6069.443800 5504.039500 5706.824000 5946.675200 6239.836900 5983.200500 5919.990100 6074.557400 5905.480900 5767.651700 6231.753700 5713.158400 6078.103700 6338.197900 5921.835500 6094.685300 6361.698900 5879.990300 5820.253900 5929.873000 5870.280600 5894.242100 5790.094000 5893.210500 5652.343200 6018.833600 5966.969600 6091.910400 5903.591900 5936.941100 5884.111200 6237.391400 6089.230400 5835.991200 6133.553400 6191.292500 5544.389600 5986.822000 5667.549200 5897.039200 6071.918500 5801.784300 6023.220500 5914.888900 6215.455500 5989.279300 5824.573800 5699.146800 5581.445700 
6193.654800 5453.501300 6016.615700 6231.283000 5973.437900 5858.743400 5824.397500 6092.072100 6010.433500 5638.124100 5753.783800 5911.777800 5794.289600 6201.617000 5990.538900 5758.649900 6282.673000 5817.152000 5658.012400 6236.216700 6002.693300 6098.309300 5493.960800 5988.032000 5804.695000 6155.528200 5884.414000 5943.154500 5996.157700 6166.064600 5826.527800 5914.344200 6064.299200 5945.357700 5973.770600 5720.477200 6027.008500 5879.624700 6220.960000 5981.210800 5889.388300 5527.359100 5722.042000 5898.698600 5585.598300 6377.239300 5949.764100 5716.084500 5572.443700 6169.343900 6034.371700 6320.925500 6097.811700 5849.721500 5790.719200 5871.837900 5761.419300 5933.774500 5554.807900 5975.577700 5551.729600 5948.249500 6299.244300 5956.616800 6095.623800 6092.557400 5620.193900 5743.346000 5995.199400 5882.226000 6247.260600 5747.701400 5479.578200 6028.057200 6063.942600 5734.827800 5937.169000 5953.735900 6456.121200 5870.024100 5807.065100 6045.553700 6046.791500 5809.610200 5911.550600 6114.859200 5968.303000 6324.559000 5702.433000 6099.207600 5670.221300 6009.397700 5760.982600 6038.015300 5878.928900 6145.763000 5927.886100 5991.785700 6138.988400 5938.331300 5824.065700 5791.597900 5656.054900 5674.550100 6182.522400 5987.773200 5797.932000 6127.203500 5759.634500 5887.314700 6063.013200 5916.574300 6126.719600 5775.324400 5798.861600 5997.426600 6096.608500 6112.341900 6073.817800 5781.985900 5915.013300 5701.874300 5990.627000 6263.076600 6394.436000 5895.063600 5648.945400 5723.028800 6069.283800 6052.325500 5901.404900 6184.016700 6155.891200 5937.248900 6034.077000 5725.353600 5928.411300 5590.148300 6007.355300 5504.588000 5753.253300 5099.399500 5786.256800 5797.322400 5815.796600 5753.844500 5914.111000 5591.896600 6040.058700 6005.263600 6053.258300 5571.364500 5611.944900 5704.690900 6060.496900 6029.723900 6083.935500 5990.403600 6152.908500 5816.492300 5600.660500 6024.387100 5687.903400 6055.695100 6294.086200 6039.247800 6021.803100 6341.281200 5776.528600 5745.026600 5844.563300 5671.754600 5997.479900 5717.857300 5858.641200 5615.293400 5922.687300 6042.338100 5952.248200 5792.005100 5672.261600 5754.644200 6290.049900 5994.990800 6013.112100 5885.668800 5975.701000 5410.230900 5624.555800 5688.800100 5795.692100 6005.337300 5733.164100 6252.119500 5814.478800 6261.447700 5915.685300 5849.034300 5631.170100 5554.076000 
6000.861800 5603.610800 5955.666700 6086.280800 5978.422300 5624.943700 5665.005900 5958.725900 5989.533300 5646.747300 5596.114200 5858.219500 5487.810700 6191.995200 5776.068600 5784.749000 6362.239800 5826.239900 5762.565200 5942.606400 5741.091500 5956.924000 5340.050600 5686.200500 5739.562400 6235.660500 5775.757500 6102.502600 5934.103900 6264.310900 5712.533700 5814.081100 5967.120300 5830.815900 5940.999700 5815.499000 6096.927700 5872.197400 6196.975500 5871.497300 5838.047800 5713.320800 5499.937800 5733.103400 5396.457100 6318.348200 6105.855100 5847.405100 5635.374100 5972.319200 6009.758100 6107.757700 5937.268100 5768.750600 5805.630700 5563.906800 5843.304900 5714.951600 5457.285400 5979.765300 5672.296500 5997.738800 5990.096400 5874.780800 5803.567900 5898.228200 5534.966600 5736.490900 5918.654400 5544.482500 6198.038600 5597.182100 5476.507100 5989.041400 6003.911900 5485.953200 6037.783100 5900.925900 6320.012000 5761.942500 5788.813100 5907.981900 5907.598000 5947.771600 5789.488100 5846.005600 5723.781900 6077.586300 5892.391300 6202.040100 5790.133400 5920.442000 5640.219900 5904.868800 5777.152000 5982.438700 5799.115200 5924.473700 5883.350200 5632.303200 5573.583800 5723.807500 5844.008400 5561.328100 6268.247900 6118.414000 5810.977300 6145.675900 5525.541000 5830.430900 5902.127300 5878.258700 6111.161600 5581.146600 5954.959000 5654.987800 5718.417700 5894.052700 6158.376400 5849.547600 5850.013900 5676.324100 5876.456000 6234.132500 6033.074500 5994.992900 5658.750200 5390.269100 5852.400600 6079.357200 5755.654100 6018.473100 6202.219600 5845.678900 5995.055300 5600.215600 6176.586500 5655.635200 5927.391300 5279.972800 5906.254300 5046.186800 6059.059500 5477.699600 5937.983800 5706.927900 5595.792600 5496.804700 6030.212600 5714.965200 6054.062800 5772.783200 5538.757100 5644.740100 5950.300100 6013.942200 5929.174100 5877.810300 5982.202700 5804.808000 5580.809500 5982.781000 5666.009200 6056.231800 6327.594000 5882.166400 6017.428100 6274.946700 5952.769900 5712.546800 5689.110800 5705.830100 5941.674200 5618.218100 5927.650500 5428.158100 6005.264900 5768.969900 5772.948900 5709.602700 5640.310500 5770.625700 6032.272100 6053.326200 5908.908500 5991.121900 6081.974800 5651.512600 5708.157800 5682.890700 5727.259600 6104.116800 5740.150900 6141.609300 5695.659300 6169.257800 5978.203500 5783.548100 5506.525800 5689.647200 
6153.316000 5823.610400 6073.430400 6121.692200 5977.785400 5928.677900 5686.938400 5990.050300 6154.392000 5715.953100 5675.118000 6126.731600 5598.858800 6229.420200 5744.735000 5740.088900 6245.512400 5685.248300 5735.221100 6255.945200 5866.662700 6085.430900 5432.665400 5788.168300 5687.171300 6248.061400 5689.233900 5951.910400 5926.822800 6368.399900 5764.187400 5849.218800 5950.573300 5907.368500 6078.176100 6033.359000 5876.832100 5894.784300 6030.205800 5758.873300 5872.586700 5591.868500 5703.994700 5856.625400 5760.341800 6149.394300 6058.635200 5778.971600 5786.401800 6122.069600 6094.439500 6193.735400 5902.939400 5612.906500 6025.853900 5751.609300 5888.339700 5732.745400 5457.532900 6095.915200 5660.993200 5927.861000 6220.236800 6010.650400 5974.640800 6049.371400 5555.069600 5745.761800 6006.310500 5855.808000 6237.744500 5861.337900 5357.565900 6258.570000 6007.394400 5519.714600 5922.464000 5778.452400 6102.637900 5929.696200 5708.052800 5856.885500 6117.843600 5726.751300 5931.347500 6139.393500 5798.687000 6285.367400 5870.906500 6200.608800 5644.959500 5865.665900 6055.584600 5868.955600 5968.265100 5964.941200 5670.702700 5934.377800 6099.640700 5891.435800 5632.511000 5729.451900 5671.188400 5785.640300 6111.112100 5936.079000 5667.509200 5897.850500 5564.942200 5778.485400 6151.304700 5888.941800 6231.458200 5806.865200 5890.568900 5827.773300 5919.225000 5801.968600 6054.057300 5818.134700 5918.985300 5617.814100 5788.249100 6157.645900 6439.935500 5967.468100 5642.902000 5844.637000 6020.953000 5946.605000 5839.754100 6182.127100 6203.208000 6002.403000 5957.220700 5891.056500 6042.378400 5676.543000 5868.811600 5373.824000 5677.090300 5081.348800 6052.664800 5804.209200 5741.973200 5504.977600 5812.199000 5419.733700 6211.748300 5800.551100 5955.764000 5946.319800 5618.517700 5733.252400 5827.044000 5946.127400 5762.704400 5936.030100 6236.758800 5868.082700 5923.047000 5981.153000 5952.727300 5940.199700 6271.939400 5813.173100 6084.458500 6248.091600 5947.282500 5990.716000 5817.744300 5734.997400 5718.260900 5595.352600 5948.440400 5700.203700 5902.808900 5822.057100 5918.146800 5779.981700 5676.964200 5987.457900 6152.359200 5910.435300 5841.802100 5927.971700 5966.073100 5681.495400 5727.488100 5573.636400 5861.146900 6170.000300 5558.655000 6029.761000 5779.304200 6079.900300 5960.721700 5475.016200 5800.819800 5572.156000 
6474.942400 5877.979500 6194.359200 6462.376800 6034.711200 6120.458500 6064.811500 6193.351000 6148.775400 5969.546200 5955.917300 6153.221600 5779.514300 6401.145000 6125.355100 5874.854200 6505.266200 5984.198500 5807.360300 6427.612700 6068.688900 6278.351500 5379.813700 5997.368700 5947.086400 6435.942900 5907.591100 6142.164700 6322.811400 6570.878800 5835.250400 6123.429500 6104.592100 6262.462000 6390.778400 6045.146100 6562.090400 6189.263800 6273.795000 6200.296700 6120.603000 5826.913800 5807.817400 5946.812600 5793.208800 6626.901900 6139.745400 6076.205100 5882.407500 6236.290200 6177.616600 6497.606300 6207.519900 6035.833000 6259.269700 5986.617100 6119.339300 6025.316000 5483.927700 6433.176100 6005.212100 6280.141400 6397.623800 6228.601300 6246.190300 6202.962600 5854.804200 5840.518700 6178.337000 5867.001700 6556.383000 5940.305900 5736.654600 6355.453600 6460.485700 5759.951500 6145.437300 6136.797000 6535.928400 6004.051400 5964.003400 6260.632300 6371.073900 6105.141100 5872.390800 6136.005600 5931.354700 6336.537300 6115.460100 6371.385100 5822.910000 6177.443100 5947.761000 6125.061200 6180.882600 6218.498600 6008.746200 6243.368900 6448.968000 6044.766400 5859.433900 5930.154500 5818.812100 6057.628200 6402.940800 6284.033600 5859.552200 5983.191000 5820.157100 6117.395200 6055.994600 6127.071300 6377.053300 6213.144900 6177.155000 6108.591600 5975.055900 6038.932300 6387.820900 5862.648500 6022.536200 5936.046100 6152.380500 6396.550900 6254.438300 6159.359200 5931.907600 5768.681400 6258.785700 6240.782200 6126.002800 6274.034500 6439.360800 6067.588700 6350.094200 5876.954700 6343.580100 5863.120800 5999.376900 5629.977900 6145.688300 5576.463700 6295.300500 5896.643400 6052.541000 6036.492200 6082.202500 5581.127200 6405.703300 6039.277800 6205.708900 6119.910000 5745.616200 5761.802600 6205.521200 6426.890600 6172.883700 6188.291900 6254.470300 5988.067800 5807.729100 6306.092900 6019.496400 6394.088900 6749.740800 6258.393700 6330.007800 6554.237900 5986.915800 5951.439200 6053.015500 5890.714100 6125.630800 5887.735300 6236.130700 5570.428700 6273.177900 6091.281100 6105.790900 5986.406700 5896.282700 6106.787000 6463.160500 6170.328700 6272.868400 6137.479500 6213.018900 5937.745000 5821.414300 5855.803400 6079.265500 6379.689300 6156.452700 6403.923800 5941.682400 6500.038000 6230.006700 5929.205300 5695.957900 5712.977900 
6372.689800 5842.381400 5950.472900 6325.222400 6160.380500 6030.589100 5776.662500 6056.280200 6230.669500 5888.368900 5799.561200 6045.971700 5766.115300 6181.151600 5909.997900 5763.818000 6396.704200 5764.327900 5879.977400 6125.768500 5956.909200 6051.575100 5548.186600 5734.001800 5923.929400 6187.151100 5952.343600 6166.471500 6028.584700 6338.353200 5956.387600 5920.477200 6029.983800 6045.858500 6246.516500 6162.554800 6076.502100 6057.089200 6326.107800 5823.626200 6008.147400 5774.396100 5811.698400 6054.402000 5850.406900 6499.816700 6321.866600 6147.437200 6002.330800 6139.080900 6077.573900 6312.434200 6092.380400 5832.297600 6078.322600 5901.561500 5928.247800 6030.517800 5524.480800 6327.025300 5920.322600 6119.471100 6493.487200 6192.109800 6113.084100 6091.164100 5834.156300 5945.934200 6161.539400 5743.632600 6278.166800 5758.196400 5654.083000 6064.806400 6152.771000 5698.519800 5966.028200 6074.129200 6415.996500 5936.160800 5829.529500 5894.317000 6178.584900 5968.368100 5904.854100 6087.283300 5967.530500 6463.386200 5908.277100 6436.119100 5741.475400 5939.795900 6089.128400 5967.937700 6134.160700 6036.875200 6102.280600 6003.240400 6346.408400 6005.382600 5910.167100 5982.671800 5922.162400 5989.058000 6220.123500 6327.169200 5897.469600 5972.503300 5684.523400 5948.716200 6107.378400 5932.726800 6253.436100 5776.981000 6001.983200 6042.297500 6054.319600 6194.866300 6396.210100 6009.121700 6014.336400 5894.930300 6096.496400 6403.991700 6336.600500 6172.297200 5922.255700 5779.190800 6233.483400 6212.280200 5995.043100 6085.776800 6358.541400 5966.751300 6216.142900 6054.165700 6203.012900 5834.594700 5904.274700 5511.721400 5989.067800 5284.432300 6100.393400 5760.677700 6049.808300 5682.956700 5991.245600 5762.353200 6298.887300 5946.013000 6108.428000 5952.073000 5799.442800 5801.015000 6179.447200 6060.529600 6111.386300 5912.398400 6137.614500 6034.805200 5977.572000 6018.388600 5842.334100 6172.493400 6543.782500 6030.328600 6164.218100 6422.924200 5828.861800 5957.762500 5952.942100 5992.996600 6190.182000 5906.411400 5774.963500 5665.734800 6163.531800 6065.643500 6031.042900 5897.688500 5867.051500 6027.401100 6154.826300 6138.383900 6034.692700 6248.328300 6255.049800 5630.163600 6017.015700 5850.849700 5984.707800 6156.166100 5941.921000 6362.929800 5971.443200 6025.232700 6144.032000 5744.892200 5931.889700 5709.880000 
6729.725700 6288.217300 6421.525700 6934.300400 6600.536700 6425.251800 6427.776900 6793.650600 6853.943300 6409.435300 6257.733300 6551.070700 6315.975100 6837.689100 6521.387800 6423.024600 6970.021300 6311.371900 6436.455900 6754.151300 6399.370700 6785.383700 6137.794400 6512.000100 6624.085300 6845.796300 6483.084200 6708.310400 6609.955200 6785.822700 6464.224300 6604.025200 6581.910600 6681.035200 6699.873600 6583.880500 6632.289800 6721.931000 7016.716700 6588.832300 6590.799900 6223.973000 6232.668500 6327.796300 6079.634600 7065.060100 6698.010900 6694.317500 6440.719100 6725.095700 6596.956300 6837.415500 6719.996400 6375.294200 6598.160400 6247.300700 6418.120400 6462.548300 6017.377400 6802.458700 6467.818600 6571.047800 6858.432700 6583.692600 6706.875200 6567.738800 6406.363800 6443.191800 6524.505100 6532.811800 6917.146500 6482.962700 6240.110900 6815.054300 6858.749000 6301.030800 6553.210900 6545.754400 7017.817600 6521.036200 6417.998200 6624.210000 6617.370600 6594.304900 6478.863000 6477.508300 6614.318200 7049.182600 6560.264800 6830.226300 6403.952900 6480.205700 6421.925000 6707.824200 6569.100300 6678.640000 6591.790900 6653.828700 6678.599500 6505.109200 6350.281100 6387.560200 6351.843400 6429.247700 6828.847500 6830.727900 6562.299600 6853.392600 6438.977900 6550.348500 6754.554700 6476.174200 6796.380400 6320.342100 6635.328200 6539.516000 6569.090000 6724.838100 6895.965200 6528.971300 6737.097800 6425.108500 6695.314700 6816.016300 6984.784500 6690.725800 6496.890300 6084.279500 6625.529900 6840.169700 6621.465400 6740.420400 7012.696500 6704.972500 6945.750700 6397.039500 6654.385800 6432.595300 6492.435700 6172.194900 6477.833400 5793.596600 6715.237900 6348.218600 6393.768400 6455.428200 6403.268900 6178.590000 6904.794900 6422.182400 6717.251900 6370.906700 6124.292800 6419.022200 6761.428700 6844.908200 6612.259000 6408.160000 6763.666400 6471.106500 6416.562800 6738.661400 6455.426400 6648.254000 6934.698700 6473.553800 6776.192900 6897.322800 6626.458000 6520.638200 6663.297500 6497.087900 6588.157900 6377.051100 6640.580800 6017.963900 6757.495700 6608.146500 6700.664700 6422.304300 6350.112700 6534.696200 6732.129700 6798.453400 6475.154600 6794.536200 6613.417400 6176.921800 6465.214400 6272.616900 6392.926100 6930.289100 6369.156300 6706.308300 6650.495200 6727.568200 6487.073500 6422.485400 6227.564700 6245.511200 
6226.064800 5746.647200 6158.302600 6220.679000 5962.762000 5869.749300 5859.344000 6099.852000 6259.071400 5710.462300 5792.272400 6091.038600 5725.191100 5963.575000 5928.586200 5647.072000 6304.530100 5698.560200 5747.753000 6275.509400 6007.738300 6056.529700 5482.884700 5901.197300 5736.174900 6265.853400 5909.896600 6187.107800 6081.609000 6157.449200 5767.425700 5924.832500 6170.886900 6171.089700 6182.576400 6078.025400 5993.294500 6058.379400 6220.524500 5926.204200 5961.610500 5732.618700 5828.749700 5838.082700 5777.346000 6643.690600 6065.809300 6027.429800 5855.792800 6342.188400 6076.347000 6266.928700 6048.720600 5779.583600 6147.429000 5960.452500 5916.146900 5867.618800 5621.904200 6347.909100 5797.438900 6027.090800 6415.611700 6082.394200 6323.980400 6084.705800 5831.278800 5700.010700 6062.312400 5791.976200 6223.013000 5920.177900 5610.159100 6182.410100 6110.575100 5576.518900 5922.922700 6148.391700 6475.132300 6116.282800 5840.796900 6016.918600 6154.171900 6011.215300 5981.738500 6128.310000 5994.387700 6334.339500 6007.175600 6293.163400 5830.856100 5962.363600 5848.396300 5904.505200 5972.732500 6121.887900 6123.611800 6142.152000 6104.867600 6009.369800 5817.304000 5928.329200 5689.857100 5949.430700 6046.026300 6013.478600 5936.308200 6051.576400 5783.615500 5981.543600 6120.430400 6070.562700 6388.728500 5992.183000 6032.246800 5953.964000 6014.302800 5952.038600 6326.394100 5844.481000 6013.282800 5819.951400 6019.552300 6289.268700 6444.289500 5919.222800 5669.292000 5838.940100 6180.535400 6134.563500 6127.695600 6064.640700 6212.762800 6171.972500 6186.257200 5917.454400 6146.620200 5848.291300 5940.602100 5545.909300 5746.372200 5291.700300 6041.009600 5833.539600 5892.397800 5901.171000 6147.666800 5522.483000 6232.339000 5934.539300 6109.044200 5891.714500 5760.390700 5740.997000 5876.414300 6051.211400 6072.096900 5888.128600 6144.582500 6126.205200 6026.174400 6005.323000 5941.446700 6130.618500 6437.414800 6107.609100 6234.640300 6503.350200 5844.794000 6034.489500 5868.140800 5885.245500 6034.502600 5547.940000 5960.563300 5615.193700 6295.140000 5831.777000 5871.361200 5911.859200 5877.852900 6075.224900 6142.493400 6079.974500 5901.899200 6152.411500 6229.446800 5637.576000 5931.546800 5786.103100 5912.552500 6165.483200 5898.205000 6173.742400 5870.121600 6210.635900 5994.747500 5732.159300 5612.803900 5713.084100 
6196.798400 5823.551300 6100.783100 6261.351500 6139.143100 6066.007000 5862.121400 6054.652600 6270.219400 5960.886400 5989.433500 6199.058400 5764.950900 6358.168300 5882.601900 5871.754700 6260.156400 5824.031100 5909.957100 6348.241700 6101.951800 6162.331000 5591.473800 5998.119600 5954.207900 6275.948500 6027.455300 6190.247300 6188.901300 6361.988600 5963.515800 6097.147800 5987.002700 6121.725600 6248.711600 6096.203800 6276.044400 6066.379400 6327.015000 5992.803000 6076.629000 5943.046300 5714.807200 6169.527100 5654.321700 6578.988700 6120.257700 6080.349500 5722.204500 6312.325200 6090.935300 6360.714200 6188.357400 5903.855400 6113.537300 6045.847900 5867.746000 5939.320700 5662.514500 6292.976800 6004.785800 6219.496300 6296.808700 6041.518200 6225.927500 6292.116300 5892.461400 5929.530600 6181.492900 5913.728100 6425.925000 5947.385400 5788.483300 6216.809100 6224.485800 5768.657200 5985.086400 6172.580500 6550.720400 6086.788400 5857.676100 6147.885100 6211.151200 6070.802300 5900.723500 6026.920700 5917.996000 6302.014900 6025.142800 6555.733800 5795.746400 6028.046700 5872.373200 6203.445200 5829.053200 6129.651900 5970.682400 6058.515700 6512.450300 6103.007900 6007.837600 5733.390800 5949.960300 5930.812400 6244.397100 6544.667600 6033.435800 6161.089900 5975.631300 5860.208700 6184.081200 5973.611500 6397.947300 5992.247100 6074.421200 5883.625800 6057.977700 6140.613200 6351.830700 5990.299900 6245.225100 5744.503500 6092.273100 6451.193100 6471.177800 6226.881600 5824.861500 5701.738800 6025.865200 6346.366300 6035.202500 6248.400300 6473.179200 5977.255600 6355.174500 6100.673500 6329.647600 6105.613900 5937.162800 5563.028100 6063.782600 5369.120500 6189.328300 5890.084800 5949.644000 5890.954900 5884.470200 5420.534200 6294.743600 5998.134800 6224.254700 6021.168500 5679.061500 5674.655500 6024.285400 6276.281700 6174.926900 6018.381700 6183.827500 5890.017800 6160.659500 6314.746300 5699.407900 6331.264200 6524.783900 6018.965000 6096.718400 6401.809600 5882.462800 5927.867500 5816.064500 5948.321000 6103.008100 5780.277700 6162.919800 5434.205900 6224.605000 5982.963600 6080.275200 5996.052700 5766.534300 6101.365800 6334.454800 6243.001400 6139.172700 6186.229900 6038.572600 5735.753200 5752.267600 5968.997000 5921.319500 6079.235900 5826.379600 6334.994600 5890.923100 6357.587100 6212.553900 5853.962300 5827.200700 5584.109400 
5885.505300 5637.290500 6060.816700 6120.810100 5820.099800 5615.073500 5746.257100 5980.619100 6016.216300 5684.700000 5637.284900 5947.063500 5706.256800 5946.006600 5773.762100 5682.722700 6011.594100 5798.178200 5391.492600 6150.725300 5715.874800 5969.742400 5514.713300 5968.773300 5713.964000 6059.978200 5651.523700 5881.844800 5925.087600 6098.241900 5618.850700 5856.497200 5965.441300 6016.043400 6005.756400 5909.690500 5848.567500 5889.335900 6048.315800 5645.284500 5851.492300 5537.443700 5526.710300 5814.318200 5373.012000 6124.279300 6071.642500 5669.749600 5722.020300 6008.556400 5937.797700 6192.224500 5870.603700 5656.725000 6003.383400 5604.461300 5723.825400 5666.165900 5303.737100 6044.333000 5645.315400 5796.185100 6127.794900 5830.204600 5885.365800 5922.316300 5790.212000 5598.624700 5911.411500 5843.498800 6010.126000 5626.913100 5504.255600 6133.834600 5879.021700 5652.717100 5820.057900 5795.088500 6155.601400 5849.970900 5638.116700 5959.503600 5895.717000 5788.922400 5874.896100 5864.360200 5730.036000 6299.043100 5877.066200 6166.895400 5494.589400 5926.671200 5610.087200 5844.696800 5837.286100 6154.353500 5690.539800 5568.604600 6040.081300 5910.263500 5802.563200 5715.713600 5660.605300 5817.765300 6146.894500 6045.182200 5731.914200 5941.320100 5656.411800 5758.522100 5877.528600 5801.623300 6091.201300 5653.750800 5804.620600 5799.261500 5905.881300 5837.792900 5995.562100 5766.576400 5765.651000 5588.693900 5800.940100 6021.446500 6246.075800 5943.604800 5730.640900 5440.180600 5802.409700 5809.741900 5782.271900 5943.530500 6180.735700 5898.237000 5921.651600 5752.848200 6018.275600 5580.312400 5705.020300 5324.384700 5901.838400 5239.144600 6265.729600 5588.036200 5728.013100 5509.206000 5844.271500 5569.131500 6118.238400 5789.404200 5835.567900 5842.211100 5419.499000 5743.532600 6063.971800 5990.718100 5957.795000 5874.304200 5832.826600 6036.652400 5704.836200 5883.782800 5721.945900 6012.780200 6255.574200 5816.822600 5934.566600 6290.887500 5776.274300 5869.496300 5916.460500 6007.287800 5978.232900 5541.699100 5706.847800 5442.451400 5816.417700 5825.689000 5927.122900 5698.786800 5783.883100 5832.402300 6012.095200 5852.632300 5806.744300 5804.458500 5948.342700 5461.423900 5836.575700 5502.774100 5923.754900 5994.245700 5693.940100 5935.064600 5585.811700 6023.235300 5914.343800 5565.927500 5476.911100 5484.746800 
5847.080200 5399.673600 5689.365100 6029.862800 5661.262800 5616.093100 5259.909100 5814.224100 5908.441700 5418.265400 5322.984600 5679.570500 5372.087800 5895.856200 5640.022500 5562.785200 5996.167200 5419.316600 5387.849200 5841.461700 5759.711700 5709.761400 5171.980700 5536.603600 5483.278700 5803.877400 5658.785700 5703.775900 5598.960200 6014.997900 5604.150900 5617.161900 5731.446700 5825.192000 5896.156700 5709.410300 5946.065100 5700.804000 5933.223900 5515.819800 5784.562400 5452.557000 5492.745800 5484.065800 5321.092400 5996.262400 5713.608100 5750.214100 5575.261300 5716.684200 5492.574600 5933.442200 5616.528400 5368.043700 5831.552600 5564.710200 5527.949200 5682.551200 5202.472400 5921.208800 5465.301300 5884.423700 5868.623600 5906.588200 5824.614800 5765.496900 5410.146100 5264.596100 5803.524700 5427.938700 5899.199600 5602.926200 5359.077100 5876.582200 5893.335300 5468.651300 5612.662700 5686.042000 6061.290600 5733.727300 5672.694600 5569.697700 5764.979600 5883.784900 5636.157100 5775.648500 5327.080600 6020.394400 5672.469600 6006.264100 5549.597400 5728.942100 5582.829100 5715.906200 5625.324800 5761.693700 5850.218500 5874.424800 5721.924600 5742.094600 5579.661600 5613.070700 5441.175500 5619.926000 5719.928100 5854.496700 5493.133900 5614.519600 5449.780000 5680.947700 5731.554300 5546.740600 6018.076500 5361.739900 5724.046800 5650.359900 5663.381000 5689.788800 5803.934900 5681.932300 5671.358800 5508.293500 5487.992900 5865.872600 5891.510200 5745.741500 5416.853400 5377.442500 5808.236700 5831.479100 5679.383700 5698.878200 6066.554800 5772.702900 5899.976600 5680.088100 5864.805800 5561.941200 5755.497700 5395.357800 5606.530100 5064.901300 5847.638000 5430.337600 5696.761500 5560.591600 5574.055800 5264.795400 5855.905700 5480.477700 5693.109200 5511.656000 5379.629600 5258.731400 5809.627500 5657.592900 5843.945100 5741.493700 5934.407500 5688.516000 5540.108700 5705.131500 5574.531800 5962.868500 5872.011400 5558.870500 5880.671700 6113.811600 5603.144900 5794.663600 5671.310800 5529.164000 5750.362200 5298.597600 5699.560000 5293.128100 5716.649800 5734.483000 5588.661700 5634.088400 5430.225100 5886.647000 5830.078100 5530.935600 5884.922300 5839.068000 5748.360900 5251.145000 5507.604900 5233.975400 5723.856100 5793.105600 5620.562800 5909.223200 5438.594400 5824.406700 5792.059200 5517.063200 5367.625000 5195.620900 
6149.026100 5837.301700 6173.938500 6401.296800 5955.896400 6097.934500 5775.383200 6274.624900 6296.108500 5676.727600 5797.337400 6187.248600 5817.444500 6348.970500 5944.857800 5830.029900 6386.795900 5865.877900 5823.966700 6282.813500 6039.517400 6270.340300 5650.072100 5820.557700 6028.822900 6458.530100 6122.920200 6258.114100 6054.164200 6310.102500 5918.245300 6092.763200 6081.245600 6058.073800 6100.856900 5983.025800 6204.283600 6043.558900 6279.098600 6078.307700 6233.053700 5657.351400 5742.669300 6048.889400 5619.032700 6544.712900 6391.248700 6063.912100 5986.670500 6200.831400 5983.597300 6363.815300 6254.811600 5859.829600 5967.764900 5959.761500 6044.712800 5951.370600 5504.528500 6301.061800 5885.348500 6096.438500 6382.479000 6098.744100 6232.531700 6226.883200 5741.866500 5825.069700 6150.020400 5921.304000 6304.997700 5902.745200 5722.975300 6200.793800 6360.347200 5559.377700 6101.275700 6000.756800 6570.931200 6154.410700 5917.592500 6132.877000 6354.598900 6024.040700 5915.526400 6199.357700 6007.809300 6538.932900 5937.467600 6382.986900 6032.007900 6034.124600 5833.932900 6100.055700 6049.451800 5986.378100 5999.264400 6127.411000 6163.094500 6100.299600 5833.312400 6008.447800 5924.779800 5998.772300 6319.937800 6223.504000 5981.560900 6131.757900 5710.879900 6045.563700 6114.419300 5814.811600 6300.412600 5919.891900 6002.863600 5912.446000 6101.681600 6168.833700 6087.706800 5964.828900 6255.735800 5806.825700 6088.090000 6448.330500 6399.949000 6112.905100 5878.381700 5696.778900 5919.139200 6233.269400 6106.349500 6211.156000 6397.271700 6094.418200 6284.664600 5964.828000 6211.572300 6018.050900 6007.521300 5534.564300 5955.599300 5322.235700 6016.905900 5767.599100 5926.213200 5815.353300 5914.934700 5589.948500 6522.555400 5974.401300 6150.247000 6027.065500 5708.903700 5879.514700 6236.192600 6191.857600 6155.147500 6187.206100 6247.302100 6154.997100 5729.294000 6152.024400 5931.408000 6181.500500 6587.542500 6022.364400 6283.824800 6376.750300 5977.073500 5932.859300 5966.316100 5953.464400 6064.045000 5657.181300 5997.557000 5673.826200 6101.715400 6079.065200 5910.355000 5965.533900 5896.538000 6164.100800 6218.159600 6247.662700 6010.588800 6173.256200 6156.221000 5676.788400 5846.863000 5952.478900 6038.789900 6336.803600 5960.883600 6319.138400 5772.715200 6295.412300 6204.965800 5696.585700 5843.676400 5757.505700 
6197.993700 6065.049900 6349.678900 6484.075300 6324.963500 6110.395700 5959.261200 6126.032800 6232.292600 5771.120600 5808.421900 6060.190800 5944.095000 6349.473400 5956.080400 5876.797200 6386.632800 5946.432800 5805.043900 6359.759400 6161.359300 6121.918100 5657.953500 5896.007700 5951.458900 6374.521000 6017.077400 6263.202700 5999.702000 6229.569400 6173.680900 6226.206200 6242.992100 6096.626500 6238.022800 6247.029700 6482.729600 6183.755600 6430.221000 6229.501000 5933.515600 5922.633300 5844.277100 6200.857000 5852.575600 6728.079100 6321.934700 6026.086200 5843.751500 6185.031000 6179.024000 6690.772900 6287.546300 5942.962100 6193.335700 5918.206600 6013.284500 5789.241100 5787.796000 6235.397300 5967.313900 6122.688100 6499.870300 6144.472000 6220.443400 6143.644600 5875.625700 6038.732000 6124.475700 6025.484800 6496.516900 6041.968000 5873.696500 6263.805000 6359.575600 5821.647700 6175.563400 6191.353700 6524.344900 6040.298400 6099.197200 6188.341600 6299.558300 6158.069000 6202.957600 6355.535000 6222.953700 6441.101400 5911.442500 6442.084000 5967.477300 6139.311500 5954.437200 6311.632800 6117.708700 6279.743000 6127.273600 6174.227700 6529.871300 6089.121400 5843.454900 6032.089700 6010.915200 5999.444800 6205.872100 6244.764800 5833.555400 6249.257900 5977.388000 6067.133300 6162.911200 6064.809900 6620.552700 6103.623100 6115.580600 5987.165000 6017.810700 6303.736300 6376.253400 5933.134900 6192.944300 5966.510400 6310.160900 6489.050500 6516.228200 6336.939500 6031.587700 5864.582300 6316.815600 6241.787400 6105.448400 6230.900000 6629.588800 6212.116800 6552.046300 6135.237700 6302.102200 6047.659400 6226.155900 5554.316100 5911.345000 5440.372700 6405.223400 5922.701000 5957.871700 6016.611100 5955.718200 5683.940300 6270.065100 6021.247500 6224.145900 6006.891700 5753.398100 5884.379200 6220.618200 6210.551100 6279.074700 6014.488100 6245.572200 5950.798200 6111.483000 6256.047400 6094.526500 6172.592400 6444.014600 6175.708600 6264.658200 6623.092100 5967.343100 6057.463400 6179.797100 6099.777900 6276.682600 5816.892100 6090.920200 5803.212900 6006.832700 6151.928000 6113.111000 6093.132700 5925.692500 6212.855300 6414.151500 6334.889800 6196.240400 6437.760000 6315.460900 5802.555100 6035.068300 6001.017100 6042.496900 6413.478700 6049.055000 6195.805900 5955.291100 6472.780200 6318.420700 5827.644500 5610.903300 6006.784700 
6199.706500 5753.952100 5897.314400 6150.808600 5889.683700 5963.669200 5850.115300 5905.838200 6139.161200 5965.529800 5835.006900 6098.803300 5771.043500 6215.444800 5710.735000 5685.566600 6289.356100 5816.031100 5824.989800 6270.343900 6086.267100 6158.094300 5494.681300 6075.733200 5773.696800 6208.690400 5926.609800 6074.099800 6126.539200 6276.729100 6011.220600 5882.862200 5898.551800 5952.684000 6158.369100 6057.598800 6047.507800 6026.628900 6243.140400 5889.377200 5927.890000 5679.972500 5811.787300 5770.726100 5574.797400 6463.403600 6039.747500 5875.784200 5905.245100 6125.687700 6127.746400 6310.226000 5967.460500 5994.569000 6072.146400 5909.942500 5750.698100 5777.271900 5526.918000 6167.200100 5807.954600 6128.289800 6175.088600 6041.400200 6094.670800 6182.692800 5960.408800 5933.300100 5975.365700 5822.044600 6251.913000 5976.455200 5726.801000 6272.334300 6082.511700 5613.484500 6049.744600 6107.400500 6516.382300 6164.633500 5761.191100 5957.571400 6199.750000 6132.037700 5934.384600 5862.629700 6066.698800 6292.771200 6047.765000 6315.441400 5835.889700 6141.260200 5883.490700 5982.672800 5900.412200 6150.565100 5637.502900 5979.564200 6348.346200 6038.597100 5861.116400 5705.381200 5881.002900 6053.577200 6271.910400 6206.632500 5946.596000 6046.069800 5738.001200 5834.253400 5963.843400 5914.765800 6484.086300 5851.624100 6083.673900 5777.593500 5904.782700 6032.269100 6344.012400 5925.804500 5840.340600 5891.613000 5902.176700 6342.352300 6302.731800 6089.516600 5779.524000 5572.835200 6159.497800 6102.732200 5946.770900 6155.434900 6210.878600 5912.660600 6171.399900 5900.287100 6195.066400 6147.022300 5937.806500 5516.032300 5829.415200 5160.844300 6102.632200 5897.321100 5972.880000 6046.925400 5808.422800 5517.818200 6063.582400 5622.322900 5961.893500 5992.740100 5657.859000 5618.274900 6081.289200 6209.730200 6189.157700 5779.871100 5987.061500 5964.171300 5998.183100 5873.987300 5791.712400 6207.619000 6215.934200 6020.918800 6077.268600 6337.657400 5888.221500 5658.226000 5717.130600 5927.070900 5946.583600 5653.810400 6009.799900 5614.377400 6222.519000 5822.092700 5959.871500 5692.421100 5718.639300 6222.404500 6253.430000 6066.791600 5918.548800 6045.849300 6002.959800 5541.027000 5621.911000 5759.808800 5831.725900 5984.726000 5794.956200 6104.866900 6011.037500 6354.606800 6051.607500 5914.885900 5738.529300 5798.705000 
6347.757000 6012.016900 6210.204200 6212.121000 6137.885400 5878.465700 5786.724500 6123.383500 6216.785700 5926.792200 5829.358700 6102.889100 5679.378000 6342.263900 6113.006300 5844.128000 6076.062700 5922.386700 5959.474700 6185.987900 5796.253200 6148.492500 5409.246700 5931.104800 5984.156900 6210.189300 5853.725800 6205.211200 5868.818000 6543.825200 5773.160500 6031.211200 5966.272900 6038.946400 6439.593100 6053.141400 6395.382900 5996.388500 6533.046700 6010.545300 5746.206300 5814.111100 5656.073400 5945.117500 5827.282800 6404.376300 6342.984100 5907.823000 5900.831000 6317.071800 6171.630800 6363.362000 6043.796900 5945.041500 6124.853400 5758.621100 5883.708100 5929.348500 5540.758300 6316.063400 5896.700000 6054.688700 6323.748400 6076.820000 6171.453000 6145.352200 5735.729300 5893.800400 6193.620600 5962.682700 6444.576200 5728.307500 5524.861100 6279.833000 6235.564400 5780.010800 5983.272800 5938.039900 6440.304000 5972.466700 6051.673900 6096.079700 6035.794700 6177.475800 5873.249000 6049.969600 5946.280000 6186.295900 6079.326600 6402.189600 5742.370200 6082.770300 6030.632100 6032.295500 6009.542500 6223.992800 5804.766100 6132.026300 6213.943500 5908.843500 5894.479300 5915.495900 5931.600300 5783.823000 6116.395900 6237.527300 5866.670900 6011.069900 5784.523200 5942.498300 6119.883800 6010.400300 6244.248000 5772.144900 5960.694700 5907.742100 6138.558100 6040.592700 6321.306600 5843.031900 5944.890400 5824.525600 5952.846600 6225.657400 6482.056100 6239.119100 5811.669600 5784.204700 6201.803700 6178.522100 6044.548000 6126.280300 6542.438700 6063.802600 6157.344900 5960.148600 6260.642800 5854.784800 5939.368900 5554.347600 6039.515500 5239.717900 6238.420100 5861.573000 5952.871400 5847.572400 5860.295400 5583.461200 6150.487800 5926.868900 6057.727500 5818.010700 5744.367300 5770.829400 6126.975000 6241.448400 6175.592800 6081.828800 6346.246300 6048.491600 5682.249700 6165.402300 5765.107600 6069.411500 6460.296800 5915.343200 6239.347400 6363.850100 6005.482000 5819.240900 5826.756200 5981.802800 6060.898200 5790.426100 6178.817700 5723.682700 6159.191500 6021.383900 6111.233000 5980.914900 5975.083300 6059.849600 6279.962000 6106.399000 6048.950200 6307.964700 6233.361900 5763.408000 5986.098700 5638.870800 5976.196800 6208.173000 5826.622000 6211.259000 5864.278900 6331.549900 6085.409000 5612.781300 5764.228700 5683.024400 
6374.839200 5903.835300 6269.331000 6371.919600 6329.298700 6232.186600 5775.132400 6289.579900 6594.403900 5876.268800 5747.599300 6240.915700 5826.942100 6294.543100 5970.286100 6108.738900 6530.887900 6020.177500 5820.302600 6320.689000 6173.770800 6218.565500 5668.096200 6001.829000 6009.770200 6533.915400 6027.112900 6421.546400 6245.565000 6412.456400 5994.378900 6128.063500 6172.083500 6168.419600 6212.907900 6021.261100 6202.554500 6281.209300 6395.134000 6152.819400 6295.600900 5914.983900 5899.634500 6147.933100 5935.633000 6601.395900 6259.904200 6084.281100 6026.045300 6441.035500 6140.896400 6508.441600 6360.132000 6009.927700 6097.198700 6170.470200 6021.251400 6020.760700 5775.922100 6407.621500 5919.887100 6095.185300 6437.420400 6277.249000 6360.192300 6363.080800 5938.478600 6010.848900 6306.903100 5918.833200 6529.377100 6151.525200 5894.916100 6246.971600 6155.004500 5570.001700 6153.048600 6222.768100 6603.169500 6243.375000 5913.734600 6148.391100 6492.683300 6056.899700 6039.798200 6296.856500 6164.453600 6647.816000 6115.776400 6250.613300 6033.429100 6227.480600 6279.699800 6200.328000 6030.105100 6258.643700 6087.491500 6222.482000 6487.115600 6357.375600 5924.140400 6201.212800 6100.252500 6166.694800 6379.805200 6436.242300 6040.777100 6318.093500 5967.532700 5949.586600 6453.289600 6212.724300 6489.656200 6030.002600 6083.087300 6177.067100 6297.223700 6343.176500 6270.243400 5936.382800 6214.037700 5770.023900 6325.198900 6398.387600 6515.815600 6066.512900 5993.804600 5849.197700 6255.839300 6407.575100 6064.680800 6273.450500 6474.339400 6186.537400 6369.752400 6102.738100 6410.057900 6021.204700 6120.534200 5817.365000 6008.706200 5271.193200 6383.779100 5975.006700 6053.367900 5966.073500 6036.714200 5714.395500 6454.069700 6099.156900 6278.926200 5974.712800 5886.794600 5938.467200 6168.041600 6269.695600 6335.551700 6049.507500 6190.535000 6087.237200 5950.297000 6359.947500 5912.932600 6261.829400 6498.479600 6108.663500 6326.554200 6606.678800 6178.446500 5915.765400 6138.680200 5892.955600 6244.796200 5942.110000 6083.764600 5764.746600 6215.619300 6130.823200 6174.904000 6247.256600 5853.864300 6352.290500 6375.247700 6442.905200 6153.375600 6147.862100 6354.634400 5868.361800 6138.667300 6026.983900 6019.712100 6155.679300 5930.091600 6282.035600 5941.146900 6493.113900 6326.992600 5880.952300 5802.643200 5837.575300 
6146.119400 5431.376000 6029.781300 6148.132400 6216.071500 5949.908800 5893.019400 6072.413600 6231.115900 5649.722800 5800.400900 5979.308100 5746.039700 6065.156100 6034.064300 5886.241100 6214.067000 5816.209100 5726.312500 6260.423500 6034.867900 6038.479900 5497.810500 5924.101100 5921.451700 6238.395900 5806.785800 6210.050700 5903.231200 6269.124900 6049.267900 5809.522700 6181.929400 6064.253500 6136.956700 5909.343500 6145.904800 5912.935100 6160.097000 5894.643700 5925.340700 5749.775400 5456.068200 5964.976000 5611.763700 6533.115400 6144.405700 5934.676400 5792.967900 6146.775900 6002.715900 6277.784500 6091.903300 5869.265900 5944.415200 5783.706000 5898.614000 5873.145600 5539.232600 6047.259500 5735.451300 5875.162100 6319.018800 6029.182200 6122.968100 6045.630800 5801.891700 5772.201100 5998.022100 5702.190600 6253.101700 5711.940600 5632.278600 6112.677800 6248.722400 5641.896100 6022.571000 5814.655500 6354.124000 5908.938100 5612.195300 6072.390400 6055.490900 5938.259300 5809.471400 5923.495700 5811.314700 6355.217900 5874.303500 6244.018700 5675.534100 5810.715800 5662.513300 5958.938000 5875.902100 5996.812600 5956.416000 5939.801700 6132.909200 5875.903300 5939.974100 5805.018000 5834.903300 5755.806800 6114.353200 6143.007700 5881.040200 6044.434600 5700.182400 5937.102700 5941.870200 5913.960500 6158.831700 5879.337600 5964.720800 5794.836200 6049.637300 6010.937000 6140.646000 5702.098500 5962.540500 5658.725300 5966.224300 6237.544500 6236.328900 5960.911300 5688.539000 5386.864100 6233.743600 6236.623300 5873.834900 6159.065100 6334.079200 5814.703800 6186.616400 5803.857500 6030.835500 5630.275300 5962.137300 5478.284500 6113.490500 5309.170100 6005.036100 5613.672400 5800.154100 5672.680500 5681.066900 5525.262900 6071.842500 5988.683900 6050.629900 5936.929500 5696.300000 5753.525500 5950.777000 6143.084500 6080.725800 5886.262200 6119.215400 5991.732700 5629.804500 6076.960000 5606.627300 5991.558000 6375.058700 5863.337700 6167.992100 6412.861000 5780.896900 5816.678900 5753.034200 5807.589000 6246.645500 5718.068700 5840.107700 5515.991200 5987.654600 6117.246600 5988.726300 5848.684100 5740.404800 5876.950600 6161.106700 6095.191100 5949.879300 6025.206000 6060.045900 5576.481400 5850.351100 5658.862400 5909.502600 6047.036800 5798.299100 6245.313300 5815.216700 6093.178700 5980.088400 5808.080500 5616.969000 5643.595600 
6327.095000 5733.284600 6127.555900 6308.126100 5993.397800 5919.551600 5823.277800 6235.215500 6610.941700 5937.458100 5807.618800 5987.339000 5854.637600 6269.015500 5872.624700 5718.671400 6138.972500 5989.876600 5886.888400 6289.677500 6170.861700 6175.873900 5533.603200 5895.164200 5748.863100 6287.493600 5909.900500 6263.823600 6122.249200 6246.253700 5944.305700 6062.667300 6235.371700 6145.905600 6265.331200 6206.403200 6048.904200 6091.077900 6388.832600 6063.121800 6119.744300 5836.852600 5732.117700 6093.217300 5723.655800 6537.433100 6306.840900 5750.825200 5756.757700 6311.561600 6132.776100 6426.826800 6285.921400 5918.177300 6273.741900 5834.104600 5915.138800 5891.664400 5576.922800 6287.266900 5931.770300 5959.897000 6303.136400 6423.149400 6305.791300 6079.705700 6097.292200 5940.332000 5968.947100 5929.601900 6127.358400 5973.874400 5752.961300 6143.483900 6204.304400 5618.487800 6056.109000 6225.761300 6532.116900 6125.714500 5779.805200 6246.008000 6268.347800 5854.508200 6024.282100 6173.772600 6098.033400 6415.780500 5956.333900 6298.213500 5919.281900 6013.578500 5863.147300 6206.528900 5932.665300 6158.702900 6019.070100 6016.817800 6279.975500 6036.777500 5887.531200 5846.543700 5792.674200 5898.925100 6084.237600 6313.978800 6057.367600 6140.530400 5820.299800 6133.985100 6044.431700 6079.500000 6335.428000 5913.212900 6011.109600 6036.661000 6130.558300 6076.677200 6216.677300 5749.656300 6040.955100 5837.327500 6220.421100 6386.133200 6266.379100 5998.263500 5886.251000 5582.347800 6047.265700 6062.816100 6047.867900 6097.914000 6358.846500 6125.863000 6243.578700 6020.668400 6291.514100 6006.478700 5913.582900 5524.020900 5964.443400 5428.924700 6145.556700 5824.201400 5823.514900 5901.797600 6085.722400 5701.390400 6441.051700 5955.682400 6171.127200 6004.284500 5735.344000 5807.381400 6072.053600 6373.591200 6312.723500 6026.491800 6188.922000 6098.208100 5991.312500 6125.713400 5676.761700 6215.071900 6384.585100 6031.120900 6242.167700 6433.810900 5909.051100 5858.838700 6023.647200 5757.867600 6304.790000 5703.672500 5988.248900 5596.090600 6038.301800 6008.070400 6093.934300 5832.264400 5918.042400 6126.987700 6278.797200 6409.316100 6065.135900 6302.187200 6232.034100 5707.245800 5996.476400 5967.821800 6069.698300 6197.688300 5962.093100 6040.045600 5810.334800 6319.339600 6114.226900 5791.139600 5802.886800 5668.373900 
6338.193400 5827.289300 6158.201000 6463.509200 6220.440500 6162.776800 5915.694300 6202.349700 6261.001600 5734.013500 5889.217100 6031.079200 5864.554800 6356.159100 5850.309600 5946.273600 6321.822400 5836.815500 5814.821300 6182.093100 6002.243100 6157.455300 5601.614600 5903.394000 6168.343100 6280.536800 6101.278800 6472.509000 6337.070500 6360.913200 6027.921800 6066.744800 5984.151100 6183.638000 6425.254600 6069.363700 6139.774300 6209.250100 6342.169600 5922.346800 6003.895600 5999.818500 5889.345200 6155.300100 5834.353900 6555.110000 6306.358100 6131.196500 5948.283400 6195.913900 6072.276100 6324.402100 6178.394500 5868.843400 6130.262100 6026.612500 6017.155200 5874.075200 5512.579100 6257.983500 6058.166100 6280.516600 6285.548300 6050.579600 6147.646700 6157.286600 5931.647800 5681.498300 6109.011100 5929.042400 6337.513300 6054.134500 5725.827500 6231.730900 6188.709500 5814.761800 6059.216200 6013.666300 6379.636600 6053.905600 5981.477000 6172.641800 6364.611200 6210.210500 6024.661300 6174.881200 6059.139200 6333.762100 6156.093700 6487.601700 5970.889000 6131.761900 5989.241000 6194.391600 6123.085800 6296.189400 6168.480800 5998.564400 6260.168800 6052.332400 6115.287300 5941.675800 6133.636600 6037.893600 6105.802900 6334.959200 6072.046100 6225.486200 5753.640100 5976.731100 6244.149600 6066.985100 6351.868600 6161.777600 6121.252300 5992.756200 5987.071000 6054.770400 6451.758100 5958.736300 6154.361200 5965.500900 6113.700500 6496.860800 6333.255600 6243.281900 6056.536900 5823.954600 6105.841600 6320.559100 6072.904200 6295.846600 6324.965100 6300.897900 6362.657900 6054.504900 6417.829300 5855.734200 6083.548700 5610.650300 5815.378100 5283.226500 6269.135000 5763.502100 5818.328400 5928.331400 5935.720500 5588.249300 6372.345200 5996.800600 6189.854100 6088.124900 5773.601700 5822.830400 6057.673500 6228.526200 6200.598200 6116.458200 6310.345400 6086.559900 6006.529300 6349.048900 5972.146700 6241.453200 6566.902200 6236.104100 6497.063200 6386.037100 5986.368400 6068.166400 5896.842500 6030.593200 6052.735700 5768.984900 6208.332800 5659.410400 6112.966200 6066.311600 6157.817700 5873.708800 6010.841400 5982.580700 6338.927000 6022.595500 6055.713700 6177.145200 6224.318500 5842.051000 5992.202900 5840.171500 6007.250200 6281.995200 6088.985100 6428.929600 5704.842400 6097.432900 6306.757600 5692.129400 5721.334300 5823.431800 
6307.745900 5909.027100 5813.345400 6327.537100 6126.934000 6050.121000 6083.230100 6302.364300 6305.681900 5944.590400 5934.539000 6112.898700 5904.089500 6245.374900 5828.162800 5942.205200 6528.543600 5864.704300 5850.088400 6270.841000 6096.437300 6192.049000 5580.750700 5771.174200 5929.179100 6406.411400 5844.662600 6238.495700 5996.515100 6465.101100 6148.343500 6111.960500 5983.308600 6066.414900 6231.598800 6104.462700 6413.736000 6267.729800 6471.321700 6201.233500 5948.010700 6022.838000 5665.842000 5972.553500 5778.380000 6671.371000 6295.866700 6178.424100 5926.621000 6328.327400 6135.605100 6470.221600 6415.306900 5941.122600 6118.263700 5745.464700 6056.657600 5794.714900 5583.419800 6239.800100 5937.767800 6044.471100 6230.716000 6319.695200 6236.020100 6198.740500 6035.633100 6013.343000 6134.377800 6014.454100 6431.645600 5892.808300 5768.234800 6270.607800 6309.020100 5697.409600 5878.533300 6040.052100 6635.744400 5947.830600 6034.816600 6251.550200 6314.347500 5996.090900 5990.187000 6100.789900 6031.141100 6366.471900 6020.618200 6111.513500 5983.260500 6122.855000 5878.863000 6246.177000 6078.176700 6161.851800 5876.667900 6229.765300 6419.158600 6178.052500 5860.969100 5930.106900 5858.289200 6124.860600 6107.713600 6339.100200 5845.890000 6022.711700 6004.725800 6080.743800 6118.924200 6066.209100 6345.397600 6022.545500 6235.110100 5886.484600 6073.780600 6226.327400 6382.885500 6006.748800 5927.168400 6011.270200 6070.818600 6533.048700 6212.569700 6180.427700 6024.110500 5564.672300 6280.224100 6113.297900 5951.849000 6143.760300 6606.779000 6349.880500 6379.551500 6120.249600 6340.688800 5939.744300 5887.452800 5617.330800 6065.051000 5529.901100 6227.574500 5807.604000 5888.136100 5828.833300 5865.948600 5607.880900 6337.572100 5938.990000 6151.109200 6183.502500 5807.515900 5749.410000 6104.368800 6388.204600 6283.462800 6011.678900 6122.500400 6030.090900 5965.394800 6057.465100 5857.459000 6237.769500 6418.908900 5998.797800 6287.483700 6615.285300 5967.967300 5874.818100 6083.097500 6106.484500 6178.615400 5897.130300 6163.184300 5459.117000 6105.455400 6136.505300 6102.570800 5828.073600 5808.321200 6176.840100 6345.673600 6147.749400 6274.058000 6327.869200 6096.576100 5710.956900 5985.392000 5843.631800 6059.299700 6508.671100 5899.404300 6019.567200 5880.055600 6484.814800 6212.878000 5971.236900 5675.697300 5867.262300 
6246.973100 5945.293200 6059.411200 6397.841600 6039.293500 6051.726600 5979.141200 6190.824200 6197.393100 6096.639200 5801.810400 6141.554600 5932.601900 6460.758100 6146.818300 5906.563700 6185.174000 5974.923100 6014.151400 6382.206000 5920.259500 6129.084800 5515.662700 5820.697500 6070.380900 6378.971300 6099.863500 6100.297600 5988.139000 6355.063500 6049.597200 6196.936100 6286.024900 6151.358400 6447.826100 6075.351600 6187.487100 6157.691300 6311.970100 6020.245800 6220.709200 5690.682600 5760.906900 6026.347800 5782.695200 6864.618000 6369.351800 5968.817800 6112.344100 6257.368000 6176.117400 6555.114700 6293.705500 5868.608000 6205.271200 5943.584200 5959.828100 5967.105400 5666.489000 6323.347500 5971.741100 6269.448600 6422.477800 6167.136400 6305.107700 6361.993900 6056.860400 6082.642800 6044.600200 6004.880000 6492.843100 5951.700900 5625.436500 6265.987000 6212.468400 5712.208800 6046.118000 6374.957000 6420.307600 6223.471000 5942.944600 6281.774400 6157.497900 6212.198200 5833.321300 6246.517900 6020.966400 6474.030600 6097.829700 6263.654700 5995.813500 6202.924300 5931.543200 6246.180600 6012.609700 6249.026600 5847.605800 6046.820700 6310.831500 6057.883400 5847.521200 5906.234500 5970.298600 6079.265700 6328.813900 6345.633100 5908.835600 6152.057500 6005.467500 6020.446300 6131.302600 6058.616800 6560.227000 6139.826500 6065.263800 5919.793900 6137.747600 6044.638700 6314.007800 5999.570700 6161.239000 5795.474800 6032.375700 6557.336300 6517.202600 6125.217800 6064.013500 5840.728300 6191.267800 6121.655600 6242.016300 6334.471800 6383.877300 6169.193900 6381.062700 6075.113300 6180.540100 6111.109100 5993.540200 5656.449100 5945.293300 5483.853700 6335.477300 5919.581900 6026.218400 5851.516700 6013.928500 5664.779300 6420.069100 5987.538100 6138.533900 5880.651200 5711.657600 5875.849600 6193.835900 6395.827500 6040.511300 6018.293400 6341.061300 6132.176300 5992.041700 6127.350700 5922.085900 6265.740400 6406.296300 6188.251000 6437.542200 6503.609500 6022.947600 6075.164100 6133.764300 5971.119900 6235.714100 5831.717400 5918.103700 5611.453800 6288.424000 6200.455000 6118.706100 6020.819800 6086.610900 6299.088900 6307.710400 6227.445000 6169.460500 6157.624900 6097.058400 5755.701000 5820.720100 5672.996100 6077.286600 6328.894900 5922.592800 6178.414000 6075.895300 6417.129600 6024.820600 5882.036000 5936.034100 5762.449600 
6231.513800 5922.895200 6181.678000 6615.460400 6206.024700 6150.291500 6125.154600 6516.780800 6463.399500 6107.799000 5814.216500 6249.698300 5912.852500 6599.488400 6312.521000 6163.641400 6766.494200 6189.995300 5997.877200 6502.141500 6216.391600 6401.066000 5835.908800 6144.912400 6239.813700 6605.570200 6280.170100 6362.305500 6264.183900 6565.284100 6236.364800 6203.672900 6450.648300 6264.756500 6386.147400 6185.872800 6241.584400 6340.018100 6567.564700 6094.101900 6332.034300 5936.762300 5992.355000 6195.653900 5723.768600 6753.324600 6471.160600 6141.717000 6212.996100 6390.139300 6432.992500 6507.148000 6246.012600 6127.319500 6182.306600 6029.405300 6270.375200 6363.634700 5715.762000 6354.560800 5948.741100 6506.737400 6523.133500 6185.368800 6303.724000 6292.365400 6074.603500 6282.663200 6276.751100 6223.966700 6466.704500 6222.993900 5765.052500 6535.162500 6509.416600 5973.019300 6238.112400 6232.648700 6637.448200 6301.878600 6240.431800 6334.299100 6405.835200 6339.811900 6352.634800 6276.497700 6092.269700 6506.805200 6127.330900 6526.927700 6074.454400 6409.099400 6042.681700 6231.234900 6075.266700 6282.795800 6130.336800 6209.978100 6420.990800 6194.843900 6076.645000 6008.872200 6272.508300 6087.436200 6594.123300 6221.191400 6088.915000 6561.114700 6135.442800 6223.811400 6198.090700 6133.908200 6552.574800 6101.760700 6109.531500 6127.258700 6199.080700 6316.190700 6480.960200 6116.340500 6312.081400 6145.293700 6437.923400 6441.923400 6681.637300 6421.047400 6071.992400 5857.648800 6239.283100 6401.087600 6227.089500 6501.738300 6782.427400 6271.828300 6456.018000 6149.396900 6501.372500 6046.934400 6434.505000 5771.984800 6247.514300 5544.864300 6297.466100 6178.265900 6293.207200 6021.202200 6285.256900 6067.372700 6612.932100 6177.710300 6453.908000 6042.324600 5728.684800 6004.826300 6377.686200 6452.859000 6421.675200 6337.164700 6523.323700 6167.615200 6040.478000 6419.460600 6105.119600 6382.725900 6619.183900 6187.984900 6507.750800 6674.384400 6148.939200 6347.856700 6121.327000 6287.491100 6133.168200 5845.886500 6136.592700 6015.091800 6340.090200 6312.430600 6106.575400 6147.321900 6009.677000 6357.161400 6491.022300 6335.885600 6341.902600 6419.841800 6251.735200 5870.851900 6086.181500 6083.546200 6192.676300 6399.002300 6100.264800 6520.063000 6144.960700 6331.646400 6357.600900 6037.837600 5781.618100 5956.992900 
6265.126500 5823.194800 6021.506700 6111.030600 6103.694600 5973.111800 5785.082000 6213.724000 6177.408700 5825.760100 5796.111500 6132.810600 5836.213900 6181.301200 5894.302800 5936.964500 6144.350400 5809.666600 5699.397000 6044.265700 5890.633500 6104.844900 5634.361000 5980.403900 5802.294300 6169.355300 5696.054900 6247.277600 6006.225400 6208.794800 5748.819700 5895.067100 5995.952300 5953.133300 6165.801600 5940.506800 6146.164300 6010.844100 6309.924200 5991.634200 6066.236700 5743.280800 5492.255300 5898.997100 5638.926200 6575.344700 6223.595900 5845.710900 5976.604500 6133.799400 5898.129400 6353.820700 5991.606400 5870.029100 5942.082200 5766.907600 5847.423900 5606.049300 5415.957600 6164.736900 5872.497900 5997.564300 6053.821400 6207.693700 6144.890700 6091.719500 5700.743600 6014.086000 6133.107500 5874.558800 6327.044400 5889.765700 5751.775700 6214.884800 6252.765900 5741.842300 6132.757200 5987.197100 6357.078300 5949.556400 5687.964400 5999.053700 6383.152200 5945.798600 6025.425400 5961.704700 6066.809100 6352.998000 6037.284000 6472.340400 5733.810000 6058.227200 5830.999900 5962.053500 5855.047500 6132.596600 6008.727500 6141.157200 6380.462600 6262.360500 5858.343700 5742.148400 5748.593800 6050.714800 6030.624000 6258.251400 5884.762900 6055.443900 5820.276800 5898.416200 5933.866600 5718.064200 6347.301300 5904.056600 6063.223300 5801.783600 6110.054100 6071.087500 6201.532000 5966.534300 5999.226800 5732.592400 6016.714300 6075.946700 6334.960800 6129.062900 5838.242800 5770.090400 6222.100100 6223.620900 6085.311900 6124.124400 6418.417100 5955.894700 6109.191900 5949.715300 6199.112700 5859.854100 5954.574800 5479.630900 6102.488800 5285.146000 6256.950400 5803.147800 6049.464900 5814.375900 5799.495700 5653.931300 6273.466500 6082.772900 6115.439600 5909.857100 5704.750900 5739.096900 6094.457300 6100.257000 5990.490600 6053.344500 6061.491400 6048.865800 5887.856100 6155.167800 5751.616700 6097.167800 6394.911200 5956.505700 6202.314900 6315.938800 5845.518400 5838.338500 5767.377900 5997.312300 6068.143600 5705.420000 6062.941500 5468.142900 6037.757200 6019.475700 5927.406600 5806.085900 5721.658100 6036.549000 6175.201900 6144.136900 6017.376100 6228.154900 6042.282400 5604.771000 5912.907500 5929.369500 5936.893100 6324.890100 5909.391300 6060.160900 5758.609500 6084.966800 5930.372300 5724.300800 5565.113900 5705.912700 
6022.787500 5697.962600 5900.860500 6264.030800 5885.186700 5794.919400 5783.772400 6104.551800 6102.867300 5754.056000 5572.808600 6033.191400 5748.389600 6220.001800 5870.980700 5981.764800 6379.350400 5872.204300 5577.713700 6229.576300 5914.958700 6010.491500 5306.381900 5828.260200 5912.576800 6170.125800 5784.203500 5989.178000 5767.837100 6210.888100 5783.272400 6132.993500 6005.821400 6135.842200 6080.046400 5904.381000 6117.044100 6021.341200 6284.952500 5949.749600 5924.352900 5857.284000 5612.761200 6022.867000 5644.093800 6513.044100 6048.660200 5750.688600 5713.334100 6134.242600 6048.756900 6242.195500 6108.331800 5555.651400 6059.123400 5748.806300 5612.864800 5874.022400 5494.137000 5940.735900 5769.072400 5998.457000 6145.231900 6023.623600 6156.853000 6105.855300 5675.708000 5727.728900 5833.638800 5628.902900 6153.678400 5760.763100 5585.536100 6018.604900 6147.150600 5514.494700 5833.603300 5943.045600 6268.940000 5890.355400 5803.503300 5982.552100 6138.740600 6109.940200 5851.876700 6042.157400 5819.975200 6399.631000 5873.875700 6243.402800 5779.404300 6001.364900 5628.687000 6175.245500 5896.404300 5781.421800 5952.840000 5995.615800 6118.505900 6039.991200 5759.430300 5862.166500 5967.210200 5894.579500 6103.122500 6081.917800 5811.898200 6186.699500 5900.739100 5906.799400 6006.319800 6046.350800 6220.568300 5658.874100 5926.976700 5828.931100 5905.712500 5946.474300 6184.368200 5696.153700 6041.645800 5643.908800 6003.985200 6191.432400 6189.236600 5982.604500 5766.098500 5685.064900 6062.204900 6181.994100 6138.957100 5913.549900 6398.196900 6080.945300 6140.784900 5973.188500 5994.352900 6001.905900 5993.097500 5658.479700 5724.555800 5297.189800 6101.816400 5711.639200 5823.785600 5691.101700 5655.870000 5502.050100 6180.330100 5974.780700 6199.573800 5639.333800 5452.741600 5693.832000 5991.137400 6219.538200 5948.777000 6079.898000 6223.066800 5892.242800 5580.557900 6137.872500 5734.853800 5967.108900 6283.283500 5668.687000 6206.722200 6202.260100 5793.059100 5919.529700 5920.233100 5875.254500 6095.504400 5813.803000 5889.139400 5482.135600 6073.910700 6038.664600 5850.343800 5782.131700 5782.650900 5876.101500 6266.171900 5952.539500 5986.719000 6251.952700 5946.092300 5551.772600 5779.809000 5886.739200 6015.127000 6219.162000 5818.796700 5905.802100 5612.392300 6267.582700 5806.079300 5686.928000 5557.251900 5724.089300 
6105.716900 5816.507500 6173.211600 6248.852300 6075.570700 6063.087600 5761.248900 6059.895100 6186.150800 5855.774800 5746.736900 6146.733900 6033.930400 6267.238000 5942.643000 5929.415300 6390.383700 5775.804200 5780.557600 6191.834600 5942.124700 6211.897000 5607.513200 5976.461900 6152.268300 6308.847400 5995.265200 6131.088400 6183.528400 6401.746900 5990.512200 6000.402000 6073.799700 6172.589600 6228.892800 6025.347700 6064.894800 6084.037500 6358.337100 5858.899900 6095.795200 5742.230100 5696.353300 6005.871400 5740.979500 6579.646100 6321.823000 5949.785500 6008.369100 6151.600600 5893.941800 6300.059200 6190.539800 6028.630600 6041.337400 5970.567800 6080.455000 5802.726800 5614.392200 6294.787500 6073.022700 6100.984200 6470.973900 6213.116200 6069.322900 6311.352500 5849.355800 5935.786400 5993.455100 5956.199500 6307.559900 5960.019400 5690.124800 6441.715900 6288.290300 5851.337700 6030.233000 6242.778700 6491.500700 6061.932900 5980.622200 6072.440000 6277.206900 6067.611900 5920.819800 6171.801200 6020.851700 6451.262000 6049.004800 6298.814300 5769.588800 6082.108800 5831.908800 6107.084200 6028.643000 5981.795400 6058.405000 6227.510300 6410.306100 6215.732300 6057.859900 5896.313400 5876.971100 5991.812400 6248.581000 6115.824600 5851.794200 6120.820400 5773.223500 5839.836800 6139.047000 5967.358400 6412.608600 5967.764000 6087.580200 5818.013400 6049.181800 6242.581900 6338.143600 6110.750500 6120.889600 5788.527700 6265.020700 6423.079500 6426.994000 6177.145600 5968.844000 5658.230000 6172.307700 6277.254100 5965.478000 6276.026900 6381.182800 6213.320200 6228.948100 5853.921200 6302.090000 5753.199600 5976.198400 5589.426000 6083.209400 5315.361400 6225.108100 6017.109800 6076.518300 5793.428800 5891.895800 5630.236800 6341.026600 5842.916900 6240.790900 6008.684200 5611.830300 5654.059700 6103.618800 6194.886600 5964.736600 6069.906500 6207.477400 6184.113200 5965.010300 6214.268200 5884.071100 6223.626500 6583.581300 6175.984400 6285.622100 6343.026400 6117.162800 6009.736000 5893.439000 5948.494700 6077.126400 5732.432500 5896.149100 5612.591900 6093.291600 6099.969300 6121.019700 5891.549500 5784.945300 6112.052300 6426.616300 6227.891100 6091.416100 6236.604000 6078.529900 5717.730600 5779.026600 6032.008200 5873.535600 6181.867300 6006.421100 6404.470600 5796.779200 6321.254600 5922.176500 5786.219200 5649.203400 5782.429400 
6457.887300 5920.117400 6208.768400 6278.743500 5997.442300 6048.537600 5856.606900 6245.869800 6483.970100 5999.029000 5844.066400 6105.148500 6010.113400 6323.701500 6185.834100 5800.552600 6338.275500 6029.131300 5850.636400 6484.038900 6081.135000 6235.052400 5556.753000 6049.575900 6038.258000 6329.061700 5895.936500 6303.279600 6201.314800 6412.832500 5990.700900 6056.813600 6309.625700 6188.353400 6173.076400 6212.396500 6327.182900 6061.231300 6549.952500 6082.845600 6117.635300 5878.030600 5853.177400 6102.483400 5856.776100 6596.056900 6472.322900 5874.927300 6051.853200 6248.758000 6241.092200 6403.460300 6192.707400 5925.755900 6309.318500 5853.933500 6076.147500 5917.360200 5631.912300 6311.476400 5888.776800 6272.596300 6416.450700 6339.607800 6225.623900 6091.197000 5993.967400 6042.905500 6042.370700 5940.136800 6288.273200 5968.202900 5646.559000 6309.892200 6263.888300 5883.452700 6055.991300 6042.824100 6584.234600 6229.772700 5751.186100 6341.909700 6329.506500 6149.810700 6138.168500 6102.681200 6010.161700 6516.659400 5973.467300 6423.967300 5856.069800 6208.833700 5862.765600 6065.093400 5986.217600 6111.103200 6130.619500 6130.196300 6380.901000 6140.194500 6022.900100 5920.183200 5968.934300 6196.838200 6346.412100 6439.098100 6032.753400 6220.100200 5751.772100 6035.705600 6202.433000 6037.621000 6459.649000 6102.890400 5992.944600 6178.145000 6178.424900 6211.947600 6518.767600 5934.363900 6021.256900 5936.483300 5977.606300 6408.674100 6410.096500 6192.409300 5831.817600 5743.429700 6417.685100 6167.105500 6133.034400 6250.332100 6495.569000 5997.660300 6353.494200 6132.326900 6074.219400 6031.381600 5968.708800 5595.088800 6083.094900 5438.596200 6309.743500 6059.374400 5897.558000 5813.597500 5928.715100 5761.758400 6262.374900 6077.590400 6206.891300 6107.477400 5762.483200 5903.883200 6320.433800 6354.602100 6226.161200 6162.701800 6280.187500 5969.580200 6092.513700 6361.159900 6062.980300 6266.276900 6380.927900 6200.008800 6196.831100 6492.421300 6144.099700 6032.341700 6123.247200 5979.546900 6249.997700 5825.522800 6008.139400 5686.142500 6227.126000 5918.342200 6004.792700 5846.430100 5935.580700 6052.412400 6362.093200 6202.994000 5939.604000 6462.332000 6164.397600 5882.823400 5939.032500 5864.759700 5981.920800 6219.059500 5948.967000 6335.535500 5926.269100 6349.026900 6128.236300 5832.184700 5894.123900 5876.664500 
6556.393100 6218.004800 6415.190000 6607.483200 6438.771400 6269.918200 5989.989200 6396.663500 6554.404100 6284.712300 6012.129500 6317.079700 5887.391000 6525.339100 6188.928400 6157.395400 6576.983600 5948.847500 6020.361600 6517.058300 6396.240600 6536.432700 5972.347000 6059.305800 6260.294500 6537.568600 6260.907000 6378.465100 6335.617000 6588.547800 6262.169800 6239.029900 6402.820600 6156.057400 6476.372600 6285.721900 6418.541000 6259.979000 6557.239300 6382.962900 6238.556300 5962.077500 5954.442000 6172.706200 6027.759200 6840.266600 6513.637600 6156.136700 6218.737100 6552.067500 6378.160400 6646.196700 6259.469700 6307.634600 6457.539500 6120.711400 6167.190000 6001.326000 5826.383600 6425.531700 6045.608200 6662.315600 6589.870100 6605.854300 6421.679900 6502.088900 5993.823600 6194.332500 6504.536700 6062.851100 6656.118300 6194.127500 5927.938600 6601.572900 6484.313100 5900.560700 6352.283300 6243.773500 6696.957700 6188.194300 6053.679600 6312.010500 6618.444400 6344.273400 6080.127100 6471.458800 6227.773500 6679.651000 6015.487900 6588.337200 6157.823700 6402.773200 6161.894100 6424.500200 6130.065200 6510.579000 6349.070000 6232.274600 6622.254500 6283.805000 6164.064600 6309.553500 6260.938200 6116.681200 6350.693000 6583.185100 6174.920800 6413.507200 6193.125300 6259.893900 6498.381200 6146.986600 6754.476000 6141.252700 6238.872200 6155.899500 6329.871700 6492.399600 6461.014300 6035.348900 6307.440200 6030.175700 6361.260100 6419.391500 6674.866100 6428.781800 6189.197000 5999.518800 6529.354100 6562.473200 6331.266700 6465.773000 6752.446700 6342.857200 6549.304900 6350.890500 6629.137100 6043.194900 6153.168900 5720.332100 6269.320400 5600.475900 6478.274300 6131.515600 6420.372900 6114.822800 6265.407300 5899.243000 6687.843700 6237.338000 6395.754900 6191.198900 5880.439000 6019.519800 6208.775100 6546.508600 6309.824200 6442.260300 6576.502300 6154.547000 6232.742600 6555.637500 6048.116100 6305.864400 6709.531100 6331.007500 6502.636700 6514.371500 6257.233500 6173.561400 6226.224900 6081.269000 6371.730100 6034.775500 6288.513100 5960.692500 6341.897600 6320.915100 6283.195900 6132.274000 5982.331000 6353.509400 6574.802300 6319.663200 6445.837700 6590.604100 6324.420300 5912.180300 6101.426600 6237.388900 6209.800300 6305.481900 6083.128200 6434.464100 6172.607700 6505.010000 6322.728100 5962.299300 6013.128700 5891.490600 
6458.473800 6077.555700 6406.728300 6654.979900 6334.988000 6298.738300 6145.473900 6458.017600 6483.421000 5941.369300 6063.302200 6211.413700 6018.275800 6624.414300 6285.593400 5959.698600 6597.041700 6145.854600 6043.247900 6515.274000 6247.489100 6368.101000 5761.004400 6111.430500 6279.987100 6529.526300 6210.472400 6496.911500 6479.047900 6664.925600 6124.252400 6248.829300 6327.622600 6132.939000 6337.233900 6384.103000 6425.476700 6394.211200 6556.119900 6091.807100 6374.377400 5991.194100 6071.225600 6291.163900 6071.941400 6869.757100 6599.868100 6412.128900 6190.527000 6447.820800 6483.141300 6684.149500 6420.558900 6108.084300 6220.336000 6181.276700 6169.894600 6279.190500 5833.553000 6476.943700 6162.862700 6314.172900 6786.944600 6375.204400 6335.461100 6469.178000 6015.620000 6133.885900 6531.824500 6364.573800 6435.863000 6219.105500 5787.411100 6532.513900 6535.393500 5956.386200 6207.961600 6316.945900 6742.745300 6418.632000 6135.353200 6329.058900 6535.654400 6236.842000 6304.302300 6431.841900 5996.543300 6578.496300 6124.539400 6538.385100 6155.545200 6306.921900 6236.600400 6416.352900 6389.141400 6327.872300 6252.985100 6306.123400 6686.154500 6294.818700 5995.989600 6003.878800 6192.997700 6297.125400 6566.485600 6492.993700 6308.542900 6424.780300 6060.083100 6220.017100 6518.821100 6088.021800 6562.872300 6171.490200 6216.232800 6221.670900 6222.021000 6391.465300 6507.644800 6184.344400 6429.851700 6080.175700 6228.216300 6536.709600 6588.321900 6457.087000 6305.843800 5888.220000 6356.129900 6536.071700 6237.127400 6462.532200 6723.169500 6354.277300 6403.743400 6194.150900 6439.928600 6204.079700 6382.343600 5640.077700 6169.866200 5427.220600 6510.355800 6121.346700 6194.113500 6152.613000 6229.970200 5892.825700 6491.455300 6211.456600 6365.406300 6218.983600 6043.296700 5996.575000 6545.558900 6344.455300 6544.468400 6352.311200 6436.934000 6106.974100 6243.462400 6353.670500 6351.111400 6393.775300 6849.919900 6295.825800 6513.959500 6789.328100 6291.010800 6248.853200 6239.794800 6242.254100 6257.123100 6091.653800 6300.778400 5990.376900 6375.339200 6121.124100 6240.865800 5987.360900 6139.904300 6445.502200 6467.105600 6532.823800 6317.648400 6635.947000 6550.261000 6075.724600 6161.008200 6103.894800 6197.108400 6423.353900 6144.924700 6551.183700 6130.248300 6545.412300 6512.839200 6119.122100 5892.100200 6018.407700 
6230.883600 5843.305300 5891.669800 6318.191200 6147.497900 6129.654600 5885.725100 6200.118100 6364.793300 5946.821900 5823.272800 6206.960300 5845.742600 6356.515600 6060.909600 6050.525900 6412.057100 5777.999200 5868.178200 6520.092800 6215.157600 6239.756300 5745.463500 5957.775100 5949.418900 6338.254600 6042.309400 6194.908600 6183.585600 6426.215100 6068.870300 6042.185600 6336.865700 6249.593200 6455.749800 6102.080900 6047.931900 6063.270600 6426.304600 6048.093300 6130.024400 5892.765700 5886.866500 6240.137400 5788.818200 6629.383400 6188.438900 6028.446100 5897.169500 6272.184800 6238.219200 6433.164400 6214.964300 5969.435500 6357.034500 5881.172900 6059.570100 6019.725200 5683.882100 6340.286900 5988.078500 6230.090300 6397.220300 6325.259300 6075.145000 6353.795400 6012.503900 6048.162000 6109.436500 5955.357400 6395.448900 6073.242900 5595.987500 6383.047000 6388.042000 5738.834300 6064.660600 6073.661400 6612.925200 6049.935000 5901.208000 6175.371200 6317.166300 6072.751400 5986.758200 6231.219600 6039.395600 6321.821300 5989.227500 6472.127900 5754.995300 6123.350700 6019.669100 6120.991600 6194.073500 6240.736600 6077.888700 6195.067600 6542.235000 6128.973800 6104.312700 6011.191000 5784.323000 5802.841000 6160.471900 6080.520800 6081.510800 6240.098400 5948.609100 6183.668900 5969.375700 6016.159800 6720.956100 6046.417600 6208.086200 6036.121400 6198.234900 6241.165700 6368.100900 5882.555800 6097.024300 5915.263700 6107.520600 6187.626100 6594.485700 6099.048800 5890.141700 5695.469800 6168.435700 6339.618700 5929.900500 6132.238400 6411.582400 6130.793500 6240.780500 5868.548600 6390.050400 5825.088400 6116.875300 5757.301500 6055.342300 5338.248200 6122.179100 5941.500600 6237.185400 5941.557700 6049.575200 5630.541500 6320.666700 5979.522600 6100.819000 5879.260400 5585.285200 5699.831600 6130.142100 6359.408400 6352.067400 5991.257400 6131.677300 5969.643000 5884.680800 6363.944600 5879.385300 6258.309100 6446.115500 6118.538700 6249.158900 6503.326400 6343.745800 6139.165800 5916.756800 6130.893700 6107.173000 5746.111200 6075.005200 5816.084400 6258.232000 5930.479800 5994.011100 5877.442600 5996.435100 6191.867200 6380.585700 6386.914000 6018.636400 6195.433900 6159.811700 5832.834500 6112.988200 6071.132700 5893.322500 6320.853700 5957.293200 6184.097100 6120.895100 6280.206100 6157.843200 5892.893300 5710.116700 5752.430600 
6198.370500 5737.047700 5987.557400 6205.146700 5971.882400 5878.041100 5745.138700 6065.115300 6149.898300 5895.935400 5711.557000 6033.523200 5738.001900 6371.632700 6133.235600 5763.615300 6351.764700 5758.067400 5738.767200 6221.743600 5788.560100 6104.188100 5505.886300 5970.783600 5808.404500 6265.672400 5784.030700 5924.965100 5929.018000 6543.154900 5781.784700 6068.861100 6271.137600 6049.431200 6137.279900 5848.871400 6038.673400 5998.076800 6324.586700 5901.158600 6045.134800 5819.808800 5616.951900 6002.078200 5772.117700 6517.974200 6378.660100 5924.799900 5820.715900 5970.908600 6214.516300 6270.382100 5906.783300 5859.084200 6144.208700 5783.510200 5968.834900 5921.510300 5586.735900 6243.891900 5702.931300 6302.507600 6318.626500 6139.571800 5888.208900 6191.130700 5824.010100 5769.788000 6096.887400 5803.614000 6290.847300 5644.268500 5607.701200 6266.502000 6097.205200 5468.044500 5942.954500 6092.397100 6428.595700 5859.480400 5783.041500 6092.365700 6245.619900 5966.422900 5888.093800 6082.418700 5702.588100 6307.706700 5894.803100 6350.398000 5794.225400 6133.931900 5757.064700 5943.467200 5978.504600 6091.117800 5868.268800 6043.484300 6325.853300 5907.280700 5794.390200 5652.147400 5729.300700 5799.665700 6238.944400 6015.091600 5615.155800 6120.778700 5979.080800 5888.975400 6125.835200 6007.680300 6254.747800 5656.278400 5916.913700 6079.474200 5864.804600 6051.055900 6297.626500 5813.357200 5779.302100 5815.175700 5817.668100 6289.072600 6202.565200 5953.231400 5719.046000 5708.030500 6128.743100 6158.490000 5928.888300 6009.323700 6284.707700 5992.491200 6083.868800 5966.891400 6256.430400 5897.097500 5848.775300 5437.484900 6103.101100 5336.886700 6133.205000 5838.920400 6020.971000 5675.876000 5946.673800 5463.620300 6218.804400 6014.042600 6008.677700 5792.204600 5526.310600 5658.873400 5988.963700 6239.776500 6086.907900 6021.998600 6098.786900 5872.131900 5828.216400 6073.579700 5714.207000 6150.144900 6436.108400 5990.997900 5974.857100 6238.818700 5963.288000 6111.927400 5866.378000 5873.230400 6064.151500 5823.847500 5969.429600 5371.151900 6041.846200 5991.058300 5962.310500 5909.673600 5747.297800 5958.341200 6291.728400 5989.582700 5867.061000 6081.771000 5937.836500 5639.612600 5939.573900 5874.987100 5772.173300 6107.938200 5957.163800 6314.790400 5917.981400 6105.882500 5994.550800 5685.396400 5572.185100 5677.656900 
5982.103200 5479.837100 5697.874700 6129.754000 5806.288900 5768.786500 5583.276400 5857.016800 5896.462200 5637.938000 5496.501300 5879.541100 5433.030900 6212.872400 5597.099600 5661.618800 5994.636000 5526.932500 5478.035900 6040.400100 5760.188000 6044.103400 5265.829300 5573.748000 5649.143400 5889.656700 5523.236300 5957.935100 5917.360700 5969.991700 5597.882700 5775.195800 5884.819500 5722.088300 5979.702000 5800.106400 5929.139700 5683.231500 6069.102100 5756.252700 5783.275500 5537.847100 5633.972600 5678.811100 5543.710400 6228.909200 6109.984000 5680.781900 5725.103800 5986.973900 5768.431100 6006.641500 6072.815800 5383.912900 5762.593200 5567.255600 5681.303400 5604.511000 5378.282500 5865.483700 5545.285100 5982.952900 6156.668000 5892.181400 6049.493700 5893.579500 5454.926100 5606.681000 5925.674900 5806.369400 6075.325100 5643.108100 5435.638500 5839.463400 5800.001000 5464.346900 5614.994200 6047.528400 6378.576200 5725.542300 5486.970700 5934.889000 5995.614500 5734.129500 5978.927600 5782.865900 5665.660200 6106.508000 5651.314500 6013.363400 5772.586800 5806.808300 5559.869800 5805.143100 5840.014400 5852.292500 5893.033400 5931.605900 6153.925900 5562.477900 5525.345400 5651.697400 5709.708100 5576.153100 5958.054100 6011.099800 5698.465500 5809.020000 5507.243500 5778.368800 5886.022800 5875.542700 5904.819300 5764.777800 5815.028900 5590.832800 5800.435600 5931.212400 5993.743500 5719.550600 5844.398600 5690.306800 5768.685900 6228.709900 6129.817600 5823.087400 5588.462600 5364.824400 6028.734500 5943.994600 5915.341000 5905.704300 6069.530100 5959.256400 5896.823700 5617.183100 5884.259600 5646.206800 5707.347500 5290.428900 5772.420900 5004.635900 6009.589300 5564.178800 5568.207700 5512.263400 5800.040400 5366.290900 6173.422800 5769.268900 5960.820700 5681.627900 5363.713800 5509.379400 5974.476600 5982.304300 5890.926900 5800.909400 5879.994200 5688.160400 5580.015000 6011.629300 5684.059500 5956.104900 6218.216000 5758.210000 6120.108900 6224.277000 5655.258000 5634.425200 5772.415000 5551.437600 5843.331500 5623.840400 5695.868400 5570.227800 5676.352700 5827.050400 5878.822000 5614.431700 5721.598400 5839.150900 5906.560500 5716.984000 5855.822400 6138.959500 5949.216200 5522.457100 5675.510700 5704.436800 5791.230900 5884.877400 5546.504600 6062.210900 5629.297600 5866.107900 5752.784600 5654.387500 5512.866200 5365.419000 
6392.617400 6170.555100 6366.917300 6542.595500 6321.202400 6066.405200 6010.165600 6408.423700 6402.969300 6136.157500 6141.215700 6366.137600 5949.599300 6406.794400 6453.924800 6000.068600 6442.152100 6020.820400 6160.874100 6713.539900 6352.282300 6362.494000 5825.222600 6160.767800 6174.143400 6625.234900 6254.656800 6565.855300 6171.717800 6351.265500 6285.443100 6194.847800 6266.222400 6490.929800 6436.433400 6274.125700 6434.671200 6462.920800 6741.728500 6275.227000 6180.752600 6012.177800 6073.123600 6282.004300 6025.849000 6745.345200 6435.034700 6235.761800 6056.381500 6349.266900 6462.737100 6675.539800 6240.385000 6172.450700 6253.200200 5949.148400 6143.361200 6089.341100 5978.188400 6613.427800 6112.544400 6340.799900 6636.007800 6344.146300 6349.665700 6341.031700 6163.317300 6219.036300 6257.544700 6044.299500 6578.541400 6209.328800 5853.481200 6390.779100 6442.611200 6022.632600 6108.952900 6304.074800 6660.289000 6173.628000 6089.722800 6419.983600 6571.398600 6320.898000 6317.891400 6492.170900 6337.255700 6854.291200 6146.802800 6593.442200 6082.014100 6474.598400 6185.643900 6260.451600 6322.719900 6275.826500 6284.479700 6406.721600 6547.185900 6388.090300 6106.634600 6055.112000 6368.981500 6193.483700 6445.648300 6465.074400 6035.186600 6473.953100 6034.663200 6273.108300 6413.592800 6377.236100 6629.547700 5999.815900 6460.564400 6298.987500 6270.958400 6528.685900 6518.242700 6026.906900 6245.869500 6030.560200 6374.469200 6446.596500 6758.110100 6423.660300 6221.031700 5800.587100 6315.542200 6381.778900 6161.714600 6417.604000 6718.375700 6397.865300 6568.352800 6237.107100 6708.095100 6090.462300 6183.989800 5698.540100 6240.929200 5569.063700 6466.142000 6297.754100 6067.799100 6032.687400 6125.599600 5925.513400 6508.197000 6233.590200 6410.038000 6173.120800 5896.374300 6160.910600 6480.007800 6566.883500 6543.614300 6222.040200 6448.319100 6222.040400 6105.614900 6449.828800 6063.644600 6457.374600 6601.848200 6260.462000 6471.767300 6747.076400 6195.593600 6310.213300 6236.385700 6353.800500 6358.857100 6221.214200 6295.858700 5769.107100 6312.400200 6510.293900 6423.482200 6293.758700 6157.435600 6249.121700 6562.269300 6453.218100 6250.927700 6436.054000 6325.571900 5943.425200 6194.633000 6048.541900 6271.423500 6544.464100 6150.825500 6422.077500 6321.119700 6400.891800 6236.427400 6041.123000 5994.146600 5963.897300 
6496.340900 5885.820500 6461.954600 6454.662100 6205.527600 6048.139400 5834.347800 6298.055900 6426.924900 5915.073200 5870.408700 6281.929700 5855.389200 6459.466600 6118.370600 5995.761000 6439.700000 6020.441900 6005.832700 6365.950000 6125.326000 6249.604600 5742.896900 6043.933800 6111.416200 6462.548700 6173.412600 6280.952400 6220.027000 6455.508200 6065.711700 6262.912400 6222.562700 6233.634900 6531.375200 6040.881800 6386.051300 6260.767400 6336.045400 6264.435800 6199.961300 5887.307500 6001.163800 6195.009300 5706.296100 6624.109000 6291.598200 5984.665900 5915.287100 6404.040900 6305.525100 6499.797300 6277.631700 5953.806200 6369.093300 6038.875500 6003.977300 5994.180800 5789.180000 6189.978900 6081.307400 6356.595400 6470.858300 6544.328500 6255.421200 6286.754900 5957.613400 6027.442500 6234.478800 5807.919600 6380.786700 6072.106800 5860.178600 6365.827100 6279.977600 5836.310400 6109.657200 6321.294900 6440.667300 5917.160600 6081.729000 6297.980200 6539.692900 6134.992900 6118.799300 6222.656500 5947.076800 6494.948400 6149.151400 6533.773900 6053.065600 6088.092700 5808.708900 6201.775800 6082.654900 6247.808600 6034.670900 6328.106800 6525.053900 5953.377400 6162.748700 6075.112900 5978.776200 6165.782100 6296.750700 6381.754300 6064.895000 6188.026400 6036.893800 6030.167700 6462.931200 6182.097200 6565.929800 6121.365700 6095.659700 6007.226700 5958.005200 6086.507400 6355.204200 5968.397000 6128.411000 6061.251000 6266.171200 6450.815300 6458.016000 6331.485300 6014.464700 5969.882200 6233.422500 6295.129900 6109.608800 6203.488900 6552.053700 6321.810800 6310.362300 6144.055100 6403.156300 5951.037000 6015.081900 5738.537400 6056.580300 5241.507500 6283.491600 5895.485400 6146.700900 5923.590000 6107.507000 5622.031100 6435.816400 6212.144500 6285.085200 6203.330600 5903.627600 5878.828000 6107.970300 6205.273500 6183.849100 6014.738100 6543.791300 6006.430800 6038.149000 6167.033100 5897.456800 6224.793300 6666.249000 6163.167900 6428.885800 6382.302600 6101.001300 6031.451100 6007.703100 6139.782800 6213.398900 5665.911100 6247.533900 5807.598100 6156.744300 6222.015200 6248.339800 6131.659200 5970.016900 6039.913200 6535.701600 6216.488000 6124.474700 6404.583200 6476.750400 5754.447900 6010.812900 5979.340700 6050.582800 6360.696300 5790.309600 6138.079000 5935.663700 6522.762400 6201.582900 5684.634500 5850.604500 5822.024900 
6088.819500 5592.138400 5848.669100 6222.594200 5959.652100 5789.386100 5640.039400 6048.840400 5993.722600 5766.209200 5491.201800 5707.362200 5646.831700 6324.068400 5865.241200 5636.143000 6171.090000 5647.646000 5570.439700 6149.976000 5629.808900 6100.407900 5409.292200 5692.339800 5735.142200 6110.087500 5620.937000 6011.729700 5874.252200 6210.424800 5755.889000 5850.105900 5956.039700 5877.160200 5985.880500 5780.350600 5940.373300 5775.142900 6295.045000 5774.152200 5904.507800 5596.056800 5612.587700 5883.787700 5386.910500 6420.887900 6004.264100 5771.331200 5818.125600 5984.570900 5859.635200 6176.724300 6140.025000 5747.031800 5793.555300 5758.592000 5887.622100 5714.694300 5435.886200 5991.609500 5649.414500 5869.563200 6124.737200 6094.216200 5924.631600 5996.081900 5655.320000 5551.380400 5955.464300 5744.343700 6143.781000 5784.222500 5455.043100 5904.211100 6135.813000 5699.195000 5821.978600 5974.762600 6266.732100 5672.448100 5677.963800 5996.384100 6134.953800 5696.351100 5953.601900 5871.634500 5731.374300 6064.571000 5714.291100 6140.297200 5825.924000 5818.787800 5596.300700 5748.719300 5897.607800 5877.831900 5820.953100 5803.362500 5977.169600 5648.651400 5805.555100 5747.638100 5600.694900 5585.214300 6072.294700 5830.289100 5649.684700 5886.110100 5742.266700 5752.795400 5726.165700 5717.459600 6080.719700 5788.716800 5757.206400 5812.172000 5816.094600 5941.214600 5972.674700 5628.477200 5798.043900 5577.136300 5790.316200 6123.604300 5998.169000 5683.999300 5761.713900 5519.974700 5776.808300 5984.005400 5819.506500 5970.482400 6296.430700 5869.768900 5922.129400 5754.279300 6245.182700 5626.920500 5829.435600 5390.074600 5861.987200 5264.279700 5941.343700 5737.851300 5782.222900 5683.093800 5651.829700 5468.906200 6132.683100 5843.591100 5873.786100 5712.059900 5578.302100 5499.884600 5879.256300 6199.056600 5780.074500 5851.691900 6009.387800 5861.138100 5497.215800 6258.420600 5651.452700 6132.556300 6303.981300 5957.814300 6097.185700 6198.420300 5734.852400 5747.940500 5655.921500 5622.613200 6079.958300 5606.439200 5813.239300 5388.556400 5936.071800 5914.314100 5899.761700 5695.587800 5688.093000 5800.106100 5988.961800 5852.939600 5963.026600 5963.626700 5797.656500 5484.455700 5782.681600 5700.006500 5816.513100 5959.090800 5764.289800 5976.158300 5760.796200 6090.894100 5874.531700 5601.059600 5473.667000 5409.336900 
6084.537500 5722.843800 5910.133100 6047.805900 5871.285000 5744.184000 5723.228200 5872.129100 6023.561200 5797.439000 5456.350800 5907.566500 5612.404500 5977.586100 5925.828200 5812.852000 6112.324900 5637.744300 5512.208400 6077.070400 5718.713100 5864.949700 5348.122500 5757.981500 5814.071500 6096.059500 5963.042300 5820.733400 5865.455900 6062.531200 5691.111700 5810.677500 5813.279900 5959.671400 5958.104000 5986.709000 5785.368700 5914.530200 6126.695200 5757.125400 5945.502600 5545.784100 5600.792900 5719.615000 5479.377800 6312.764400 5851.997000 5684.385500 5545.084300 5873.706100 5950.629300 6212.726800 5809.175200 5842.839000 5682.804700 5749.313500 5755.236000 5884.953400 5404.021600 5971.573800 5711.931500 5874.062200 5962.130000 5932.532600 5937.361000 5900.087000 5852.582400 5682.985500 5777.921600 5631.663100 6192.977400 5663.734800 5416.720900 6003.674400 5852.755500 5614.485200 5947.707700 5911.055500 6162.504300 5924.515000 5829.263500 5847.728400 5988.933900 5724.801100 5675.232400 5863.406000 5898.145100 6166.474900 5800.483800 6112.823900 5618.777500 5938.774000 5698.480200 5986.219600 5781.558500 5990.663600 5817.913100 5962.602700 5969.747700 5849.499100 5685.865700 5782.531900 5670.077000 5824.487500 6039.018100 5894.971700 5671.304200 5915.676800 5636.731400 5723.982400 5670.075000 5744.482400 6344.607100 5856.407500 5895.861800 5686.361900 5868.274600 5975.547400 6113.844100 5905.358800 5821.439600 5548.448700 5938.367400 6107.674100 6246.014200 5929.844200 5692.992000 5386.990700 6007.345700 6005.347200 5831.676200 5824.231100 6174.595900 5893.494700 6120.064800 5659.022600 6019.184900 5827.066400 5805.138700 5272.339900 5581.683000 5119.892600 5975.795800 5673.143000 5838.339700 5627.651300 5795.450900 5398.809100 6108.374800 5785.981500 5872.857700 5817.137800 5682.958800 5506.124400 5800.270000 5972.854300 5737.659400 5910.270600 5891.467000 5804.121700 5762.552300 5811.327600 5472.232200 5949.487300 6193.091200 5931.633500 5997.300500 6309.540800 5853.219500 5710.900900 5765.717200 5806.444700 5940.585900 5616.608500 5693.764000 5462.601600 5946.882100 5752.624100 5916.419600 5769.189100 5619.587300 5712.722400 6148.568400 6074.625400 5936.963000 6092.067900 5932.446100 5466.321500 5612.058400 5543.505800 5858.376300 6002.780200 5720.805300 6051.148000 5721.389100 6035.575100 5979.432500 5736.166300 5513.634000 5647.545700 
6256.257500 5674.313900 6125.973800 6270.961300 5925.954600 5825.378100 5781.461900 6012.920200 6056.549400 5735.033800 5704.476400 6013.994400 5637.755100 6247.910700 5867.438600 5822.785400 6334.937700 5816.137900 5735.501300 6185.172500 5811.896900 5899.299700 5461.874400 5763.620700 5799.333100 6144.814100 5760.753900 6116.717400 6059.043100 6267.107500 5869.570200 6029.076000 5959.820600 6271.566900 6280.872500 6053.652300 6209.828200 5820.149500 6215.100200 5927.201700 5854.561200 5667.798500 5679.230300 5676.123000 5537.557100 6312.666300 5962.833300 5993.637200 5718.532000 6097.828800 5875.345000 6054.616400 6035.604100 5780.687000 6072.316200 6008.809700 5795.797200 5825.993200 5474.767300 6206.419800 5887.392400 6002.385300 6456.662300 5952.310600 6125.532400 5980.641200 5798.522700 5716.763600 6023.420200 5833.726200 6241.056900 5733.573800 5555.268400 6127.608600 6207.931300 5615.310400 5807.802000 5977.141800 6424.982300 5733.578500 5852.096800 6073.229200 6051.567700 6045.365500 5854.111300 5953.235600 5726.045500 6377.523400 6031.680900 6115.761000 5880.664600 6093.901200 5824.929200 5972.620400 5887.186100 6066.124800 6007.492600 5844.132000 6155.612200 5881.111800 5674.013900 5814.190600 5656.563100 5858.363400 6236.512900 6141.222100 5771.043200 6080.475000 5892.257400 5876.826000 5963.971900 5803.979200 6326.474200 5889.568500 5866.197400 5851.415600 5777.409200 5986.228600 6193.777000 5711.736400 5956.939800 5927.505500 6139.548000 6187.141600 6280.627600 5989.604100 5890.537000 5336.088000 6129.427400 6131.542600 5970.841800 6175.638400 6470.990800 6036.492600 6298.992800 5850.209700 6109.118900 5681.964700 5751.135400 5296.031300 5882.134100 5208.172800 6326.507600 5663.470300 5874.360400 5967.197200 5813.899200 5340.910500 6118.681000 5863.037600 6106.454600 5894.830700 5676.428600 5594.544000 5942.667500 6161.947900 6065.189300 5716.118100 5993.877200 6057.690400 5880.459700 6136.079200 5885.832900 6023.084700 6427.001600 6014.362700 6074.696200 6349.355200 5872.822500 5692.605600 5831.603300 5715.844400 6142.378800 5610.272000 5867.500200 5573.142200 6230.211800 5885.048800 5997.641000 5940.571700 5906.310000 5936.264200 6155.268900 6022.318700 6037.019100 5976.938400 6063.073000 5594.156900 5876.345700 5708.471500 5943.988900 5932.423000 5796.074400 6095.540900 5828.032600 6346.677500 6089.758600 5713.286200 5620.873600 5643.350400 
6062.862600 5775.195100 5946.726500 6224.359700 6061.736400 5779.072600 5755.336600 6146.583500 6067.590300 5745.676400 5808.566800 6011.498700 5518.781400 6230.972500 5907.271300 5778.912000 6234.564700 5629.917300 5736.402600 6153.873600 5756.412600 5953.218100 5590.072000 5684.685500 5588.672600 6010.444900 5623.074400 6024.627100 5832.621500 6283.711700 5781.219700 5814.850500 6043.778600 6001.676900 6058.786600 5959.339400 6078.647500 5863.053100 6133.235600 5926.811500 5952.665600 5661.414200 5827.563900 5908.147300 5551.316500 6302.681700 6156.009700 5761.219700 5812.169800 6015.866600 5938.748600 6132.206600 6059.916900 5684.684700 5970.996100 5797.946400 5746.314600 5746.746100 5357.767500 6193.724100 5685.275200 5918.840600 6031.844100 6287.755900 5714.105500 6081.135900 5690.402100 5802.011800 5961.609100 5926.392500 6187.663600 5807.000300 5432.943800 6211.890300 6109.761700 5572.941000 5742.686500 5738.063000 6233.016600 5857.575900 5692.509300 6015.623700 6415.769700 5940.135900 5941.053300 6112.101600 5644.396400 6441.334600 5941.099200 6229.687400 5622.362100 5927.472900 5854.911400 5861.910500 5940.882000 5844.238100 5930.205100 6051.685000 6159.950900 5912.253600 5700.538100 5627.648600 5782.482900 5737.673100 5970.323600 6106.392700 5781.353600 6040.555400 5734.215900 5793.705700 5920.354800 5765.056600 6403.261000 5869.292700 6032.091800 5711.402000 5990.749000 6119.736800 5954.237900 5649.872200 5960.582500 5594.495700 5835.166100 6198.096700 6266.997200 5911.706500 5679.130900 5487.378700 6014.845900 6184.442500 5803.607000 6050.582000 6363.080100 6003.649800 5951.062600 5809.797200 6164.611600 5698.836100 5812.024200 5405.261100 6061.908300 5308.873800 6202.306900 5847.635900 5873.791400 5719.149100 5582.526200 5571.120600 6363.083000 5872.359700 6016.210800 5777.471700 5520.419500 5657.669500 6011.087500 6040.833000 5953.868700 5921.091600 6019.103900 5825.551900 5711.544900 6008.117800 5658.656200 6150.566300 6455.235400 5907.824900 6040.045600 6297.223100 6009.935500 5867.277400 5905.917000 5911.793600 5921.917100 5682.164700 5962.252100 5611.171400 5955.057000 5837.666900 5969.808400 5672.879600 5683.096700 5828.158600 6126.564900 5961.809100 5933.990500 6139.369100 6085.540500 5660.769300 5899.091300 5701.591000 5861.956700 5999.080000 5582.218200 5885.442600 5822.804200 6152.399200 6126.402400 5468.951700 5583.606900 5564.504400 
6213.451600 5882.502300 6054.007000 6110.593700 6000.746100 6105.058500 5943.642800 6067.795100 6203.747600 5983.634300 5858.995300 6078.599800 5825.524400 6165.459800 5926.348400 5922.568700 6251.541800 5778.857700 5883.608200 6267.113800 5881.357500 6162.653300 5468.882800 6061.924400 6046.752900 6262.742400 6076.165200 6193.108500 6189.697400 6250.492700 6002.184900 5997.321300 6224.365300 6033.433700 6304.717900 6022.165000 6203.349800 6132.563000 6417.301800 5918.890400 6044.179700 5790.856500 5722.309000 5906.554900 5702.417200 6412.872500 6420.454000 6002.530200 5859.836900 6232.798900 6141.925800 6304.960200 6263.223300 5834.252300 6074.974400 5799.758300 5753.323600 5771.214500 5409.954100 6142.209000 5838.107000 5992.911300 6361.561000 6194.989500 6143.851600 6138.974500 5873.659300 6138.318300 6012.338200 5766.079400 6341.632300 5925.387700 5634.745800 6155.051600 6069.155800 5940.469100 5872.488600 6178.639100 6334.969800 5927.584200 5931.074200 6079.567700 6246.227400 5993.983800 5995.555400 6274.977200 5790.413600 6485.134400 5976.633500 6144.323100 5933.959800 6020.094600 5959.811700 6149.945700 5795.355400 6205.702600 5978.058000 5971.437300 6324.728300 5911.163600 5911.020000 5911.737800 6010.068000 5962.917800 6398.898800 6229.041400 5938.618700 6205.594300 5891.093400 5852.320400 6150.529400 6134.599600 6420.885100 5848.165400 6098.059000 5872.689800 5905.364900 6115.940300 6300.111300 6066.921800 5963.714400 5888.675200 5932.367400 6387.522800 6186.202200 5996.606000 5911.696500 5617.212100 6224.139600 6181.815900 5859.069900 6130.825900 6363.450000 6204.332000 6385.998900 6063.109900 6185.259300 5913.691100 5942.309400 5590.045300 6068.695000 5294.403100 6359.863200 5882.033300 5917.398000 5664.204200 5885.269300 5617.863200 6293.423900 5897.568100 6113.441600 6041.406200 5855.735100 5771.035200 6023.048000 6049.563000 6015.300000 5859.627400 6147.414400 6016.514100 5911.403900 6103.224500 5919.667600 6063.349800 6490.367700 6137.466500 6255.995100 6614.549700 6057.202900 5821.106300 6126.691500 5890.079300 6157.068300 5902.010800 6159.925500 5710.615600 6087.022900 6006.779200 6069.834300 5970.811400 5818.062200 6130.407400 6116.620100 6243.808800 6091.665800 6058.869000 6068.244400 5612.092200 6044.574100 5805.261800 6051.632000 6043.592000 5799.259200 6155.592800 6022.448000 6389.454100 6081.420700 5924.462800 5683.255900 5849.787600 
5575.053200 5306.005300 5689.017900 5786.436900 5447.293100 5272.727900 5380.775500 5839.114900 5902.657600 5376.684600 5207.082300 5671.927500 5253.946000 5772.792000 5298.829000 5307.591700 5816.407100 5370.964500 5320.626600 5633.643600 5387.646600 5601.821600 5219.029700 5394.340300 5418.165800 5686.935500 5585.657600 5743.436900 5547.667100 5627.163400 5454.607000 5534.616700 5638.610600 5614.212000 5774.770100 5367.179900 5495.805600 5496.930100 5810.413600 5366.379800 5690.223500 5401.220400 5117.847000 5397.909800 5248.818500 6070.189500 5910.354900 5440.023500 5256.740200 5715.660300 5393.802300 5679.243400 5456.830600 5369.288100 5679.743600 5303.097400 5604.788900 5405.985100 4803.830200 5799.997400 5367.142500 5617.362700 5701.863700 5868.529100 5752.863400 5629.048300 5267.569900 5553.802200 5482.915400 5308.142400 5621.562200 5268.011400 5026.459200 5668.478500 5766.937700 5189.066800 5612.636900 5684.390500 6043.290600 5441.892900 5504.243000 5711.374900 5659.827200 5576.248000 5540.443500 5620.186800 5199.496000 5860.187700 5512.059000 5862.326800 5401.463200 5640.343500 5259.483600 5581.081900 5395.476300 5682.850200 5375.058000 5487.922800 5704.378700 5503.628200 5574.989500 5353.516000 5468.625700 5553.194400 5673.092700 5823.616200 5597.504700 5704.476100 5421.636900 5513.249200 5750.184800 5619.597300 5929.897400 5434.523000 5397.518000 5233.105000 5546.883600 5544.800000 5957.205800 5386.808900 5549.447200 5434.258000 5549.370600 5677.754500 5771.314700 5681.245500 5397.587700 5244.626000 5611.606500 5777.746800 5574.399600 5598.937100 5942.175700 5605.083600 5694.963900 5356.263600 5848.718000 5321.043300 5513.931000 5081.474600 5585.791600 4765.061400 5617.161200 5394.037500 5525.206800 5378.534000 5658.490200 5282.515000 5748.890700 5432.064000 5694.552100 5459.819200 5141.119300 5279.215000 5391.649600 5601.629300 5623.100800 5589.538200 5566.207600 5646.532100 5526.063100 5744.442900 5299.872200 5522.587000 6148.105100 5533.275900 5844.388900 5799.779100 5489.520500 5404.737000 5439.018700 5532.857700 5587.289000 5321.315900 5535.728500 5229.211100 5688.055400 5682.335800 5584.523200 5338.617100 5303.883000 5602.004400 5716.214600 5651.794700 5536.653600 5740.189500 5716.762000 5068.787400 5674.311500 5238.392200 5483.925400 5732.020000 5465.767200 5669.663200 5165.215900 5826.558500 5550.414500 5146.742700 5227.976500 5237.716300 
6036.197700 5846.950200 5982.610600 6139.138300 6009.561100 6025.706900 5908.764900 6122.818300 6195.838100 5600.806600 5919.088400 6105.074200 5657.736700 6364.002000 5844.150300 5772.831900 6292.130300 6001.638300 5824.246800 6153.535100 6024.143100 6148.396000 5590.794000 6035.129600 5884.345500 6459.129400 5785.075500 6131.915000 6195.997600 6270.198500 6011.670800 5878.407000 6109.183000 6102.251900 6319.337200 5981.047900 6256.832700 5990.235600 6168.335800 6044.922400 5982.023800 5680.620500 5859.733900 5948.937500 5613.584000 6543.049800 6169.498500 5896.143400 5937.771300 6244.033600 6042.434600 6250.680200 6226.537700 5878.350100 5987.479600 5943.700000 5809.435300 5789.663400 5497.446600 6157.628100 6036.131700 6177.251100 6135.280500 6060.980800 6198.206400 6249.319800 6020.169500 5786.620400 6182.898300 5797.419300 6239.097800 5713.811000 5570.227400 6346.419300 6324.437400 5711.936100 5881.928400 6039.681100 6452.721900 6178.278000 6145.143400 6026.491900 6144.498500 6008.648000 6079.542300 6165.971000 5949.091900 6407.838700 5782.475300 6426.815500 5917.371300 6058.353300 5876.211600 5924.408000 5758.588600 6172.838800 5912.388900 5992.034500 6412.381500 6055.665500 5856.444900 5885.486300 5745.859200 5925.481800 6286.240700 6291.652400 5901.706700 6240.779800 5944.626700 5907.643500 6245.695600 5847.788900 6248.938300 6110.966700 5931.862300 5873.412200 6135.122600 5913.392000 6252.600800 5933.882100 5822.665900 5784.138000 6057.412300 6210.784800 6332.165000 6151.528300 5947.451500 5797.275800 5987.187200 6167.388900 5841.679900 6051.499900 6272.657900 6042.210500 6245.343300 5936.878800 6157.349600 5872.866900 6092.320100 5544.314400 6100.292500 5398.214000 6189.119300 5757.723400 5980.373100 5764.953800 5935.737000 5569.901500 6230.463300 6049.110900 5928.244900 5801.962800 5453.913100 5851.705000 5999.716800 6078.883800 6055.993300 6141.259500 6211.066200 5908.977200 5855.497300 6065.719700 5741.818100 6173.143400 6520.884500 6111.114900 6120.985100 6423.736700 5952.136100 6062.172500 5944.963000 5943.048400 5978.852900 5738.312500 6143.137600 5600.153400 6063.955200 6039.650300 5925.439400 5920.749600 5929.993500 6058.203000 6207.298300 6194.549700 5793.470600 5866.738500 6095.045900 5452.001100 5977.343800 5725.601900 5858.191900 6268.096200 5898.497500 6286.894300 5804.226300 6341.077500 6192.515300 5639.791700 5741.444800 5710.602300 
6562.988000 6152.257100 6365.282000 6387.768100 6354.274500 6213.339700 6065.786900 6214.427300 6493.946800 6232.514200 5909.546500 6387.794900 5865.759400 6518.200700 6109.460100 6157.749100 6590.617900 6002.209500 6051.361300 6426.764700 6140.339600 6377.970900 5755.274200 6168.956500 6076.195900 6568.795900 6069.248000 6506.512100 6509.746800 6547.431200 6154.672500 6187.269900 6375.015700 6471.642700 6441.002000 6317.689700 6334.660000 6261.459400 6454.936500 6240.686100 6207.460600 5912.015400 5811.676800 6305.644700 5876.110600 6890.022800 6611.011900 6207.925000 6145.750600 6416.000200 6365.806300 6659.579100 6317.427700 6102.893800 6404.666600 6037.579000 6143.827000 6175.878600 5731.822100 6534.977700 6117.474300 6459.227300 6618.076200 6343.098200 6517.895100 6495.752800 6146.216700 6021.533600 6417.382100 6070.545500 6450.706200 6194.216500 5678.026300 6617.559000 6604.154600 5970.122400 6364.619500 6414.570200 6625.007900 6295.995900 6295.844200 6443.853700 6570.598900 6232.358800 6264.472000 6424.652400 6146.507300 6651.493100 6225.598800 6663.906800 6054.481600 6389.070000 6350.835600 6435.113100 6316.414600 6348.788100 6361.010200 6245.765200 6383.001500 6262.996800 6036.280500 6253.887100 6218.734100 6045.372200 6463.847500 6439.776100 6231.822800 6313.556100 6132.227900 6193.055200 6237.638400 6289.838900 6656.645600 6062.963600 6234.875800 6170.945400 6003.413600 6400.387500 6610.113300 6088.567400 6197.609300 6185.985600 6355.168400 6452.080700 6639.335300 6192.016900 6057.778400 6006.717400 6538.893700 6427.904100 6447.154000 6410.432500 6610.856000 6378.078900 6434.213600 6266.645300 6524.171100 6072.032200 6383.576800 5674.187600 6163.240200 5569.243200 6398.104900 5960.396400 6360.072500 6111.795600 6196.575900 5742.020300 6476.566900 6211.833300 6324.842300 6225.234000 6046.576700 5970.552100 6184.995500 6388.106300 6194.014100 6332.184700 6356.733900 6365.029400 6132.829800 6541.580000 6054.233200 6282.083500 6780.127900 6369.856100 6497.946800 6723.635500 6106.520700 6238.831000 6076.144500 6226.072500 6521.429900 5901.857200 6245.501300 5837.144800 6500.722400 6256.187300 6253.670000 5940.144700 6051.533300 6183.149600 6449.413200 6394.343800 6344.640300 6581.045800 6256.047400 5899.575800 6330.299000 6108.799800 6304.457200 6476.746100 6276.922500 6450.642900 6149.507800 6423.466200 6282.307500 6042.565300 5774.756700 5935.036700 
6327.375300 5840.981600 6114.158500 6335.096400 6232.982500 6115.715800 5922.988600 6315.243600 6297.190400 5937.690500 5769.038900 6135.497500 5761.660500 6378.565800 5997.531800 5999.003100 6304.654600 5897.501600 5827.654300 6328.798600 5965.722700 6118.778900 5501.712600 6107.683100 5969.576300 6353.181800 5973.620600 6233.918000 6096.943100 6368.488700 6105.396300 6030.965900 6212.562800 6327.655900 6302.122700 6050.395500 6211.889300 6045.076500 6322.429100 6189.279900 6139.398300 5787.918500 5725.729500 6068.943900 5816.609800 6512.499900 6232.670300 6173.109300 6010.047500 6290.920000 6167.806000 6307.482100 6223.154800 5892.949400 6214.422000 6128.174900 6085.782600 6008.091600 5523.465100 6220.186200 5972.453400 6142.601400 6464.124800 6174.732500 6198.180900 6237.916400 6107.436800 5807.414000 6085.788200 5994.527900 6205.861300 5882.629700 5620.549600 6222.200400 6340.450900 5743.680600 6065.688600 6128.464800 6499.244700 6023.328300 5890.420400 6062.130600 6341.271000 6170.604100 5932.829400 6221.142400 5963.838100 6453.700200 5997.302300 6318.144800 5985.788500 6136.451400 6017.540000 6189.321500 6180.529600 6199.675900 6080.901200 6145.252800 6406.083700 6026.717600 5864.540800 6134.116800 5804.296900 5846.917500 6282.075500 6527.170000 6081.329000 6295.746700 5805.067800 6096.862200 6249.855500 6067.457500 6388.096200 6013.381900 5977.362700 5928.221400 6155.951300 6236.245000 6297.263000 6051.907800 6097.431300 5924.069500 6171.111400 6210.235200 6428.639700 6162.993600 5787.967300 5733.384500 6199.835900 6279.021000 5999.821100 6210.941000 6532.265100 6247.640800 6205.444700 5884.742800 6296.520600 5868.486500 6219.734000 5576.311200 6256.957200 5389.879300 6379.618600 5764.536900 6117.545900 5789.325900 6014.989900 5687.988000 6414.881300 6214.608200 6163.887800 6083.698100 5801.540800 5808.214400 6127.062900 6405.149600 6077.721900 6198.475500 6300.206800 6136.580800 5870.887100 6332.077100 5882.609000 6036.866400 6661.390100 6107.054300 6270.708800 6577.937900 6027.418700 6071.068700 5965.079100 6144.484000 6051.064900 5782.354300 5891.597800 5886.155200 6290.387000 5938.358800 6147.931000 5922.630100 5932.100000 6139.853000 6275.431100 6308.795200 5996.235700 6501.303200 6198.068700 5798.819300 6076.594900 6046.761300 6106.890400 6300.461300 5951.681300 6409.228400 5741.018200 6307.308300 6140.586600 5867.116100 5907.116100 5722.522600 
6339.140600 5678.979300 6097.829600 6265.584100 6065.035500 6011.446000 5913.964100 6060.263700 6188.839200 5800.873000 5658.876000 5965.996800 5687.556300 6241.628000 5857.604000 5810.410800 6249.835800 5855.004200 5654.657600 6202.914000 5817.784000 6050.390000 5496.607100 5943.209900 5807.403900 6279.071600 6045.041500 6198.200100 6143.273300 6197.117300 5772.728500 5928.445600 5991.163600 6043.972700 6097.967300 6063.132700 6280.894600 6083.097500 6313.237100 6068.586900 6096.097400 5634.664900 5666.900000 6053.270400 5694.618200 6327.524200 6361.387800 5880.823900 5752.908800 5986.544500 6068.200200 6349.235000 6079.177400 5735.396200 5989.288600 5730.853200 5755.584600 6024.217300 5481.536900 6111.707500 5816.684600 6060.164700 6242.703700 6119.889400 6176.911200 6318.113400 5753.135200 5814.260100 6086.518500 5755.463600 6433.894500 5875.637200 5630.667100 6191.916400 6142.325900 5529.145500 5920.143600 6056.490700 6485.658200 5909.838100 5906.377600 6238.116200 6304.064400 5840.764800 5950.839900 6067.737400 5840.541400 6362.327100 5855.011000 6232.932300 5820.316200 6089.905400 6008.313100 6190.315700 5955.990400 6019.292400 6115.476700 6058.968900 6187.879100 5959.750300 5829.326600 5968.916700 5837.339900 6051.121500 6268.126400 6197.244300 5917.229400 5970.586400 5916.134500 5902.886000 6006.246400 5942.120900 6296.834600 5894.254800 5944.195600 6134.986300 6034.483200 6139.746400 6228.599800 5805.387900 6091.060600 5874.730900 6160.904800 6244.556200 6246.253100 6074.985300 5684.419000 5768.347100 6242.130500 6149.526000 5991.307900 6171.613000 6266.815900 6087.055700 6328.141500 5896.310000 6157.157500 5856.942800 6042.131900 5497.526300 5899.239500 5300.908900 6036.132400 5762.263700 5911.065300 5768.508000 5847.631800 5506.854600 6289.898300 6036.794700 6076.600000 5829.454300 5592.184900 5771.959600 6081.015700 6039.870800 6042.742100 5808.041200 5993.350000 5975.121000 5865.460000 6169.529900 5925.544300 6067.293900 6494.903600 6020.916000 6047.650000 6339.216700 5874.633500 5709.138200 5888.081400 5750.671200 6169.063400 5745.927700 5884.131700 5406.790400 6260.052900 5837.962900 5963.140700 5728.887700 5841.259300 5842.962600 6184.567500 6261.625500 6068.393600 6285.423300 6053.674800 5629.758100 6002.094600 5595.533500 5791.146200 6284.284400 5963.419500 6119.269400 5878.397100 6307.197700 6138.131500 5701.692500 5727.359600 5742.455400 
6226.537300 5839.877600 6213.471300 6421.525600 6065.534600 5902.403900 5889.560300 6281.238000 6391.670300 6017.960700 5889.681600 6336.931400 5752.546500 6307.141700 6085.498000 6008.838300 6429.063100 5744.970600 5868.664800 6391.712700 5777.876300 6245.857700 5735.448300 5896.488100 5950.103900 6396.232200 5930.446900 6249.347300 6127.721600 6502.376700 5954.337700 6125.398500 6341.929200 6231.299800 6359.321300 6065.727300 6368.968700 6234.671800 6393.743200 6045.013400 6106.118700 5772.138100 5902.614400 6026.594300 5943.336800 6690.136700 6487.541500 6186.333800 5869.169100 6394.445700 6049.327800 6510.488600 6285.100800 6083.196400 6161.936000 5952.130600 6061.405400 5892.847500 5711.068000 6402.773300 5921.660100 6216.427800 6205.399700 6340.300100 6198.370000 6290.343000 5865.388100 5942.274700 6181.347100 6000.668000 6395.655800 5999.256500 5749.225000 6449.036500 6238.149900 5565.042500 6062.310500 6169.210600 6693.591500 6270.236800 6019.060600 6195.601300 6302.322900 6192.275600 5856.054300 6168.365900 6042.218000 6411.553900 5928.196400 6388.722900 6055.069800 6344.338700 6109.238200 6146.781900 5990.270400 6173.476900 6078.516100 6269.320100 6284.354100 6138.853300 6013.687000 6032.225900 5903.910800 6020.950600 6120.127900 6367.608700 6031.866900 6270.939200 5962.208800 6176.715200 6354.350600 6110.073900 6516.928600 6008.236700 6000.093400 5905.107700 6100.130400 6255.526500 6350.268100 5876.867500 5841.667200 5775.646600 6063.421500 6507.666400 6480.129600 6208.730700 6090.568500 5689.642900 6387.525600 6237.319200 5987.832900 6199.220700 6506.015200 6245.974100 6394.981900 6076.959300 6313.874600 6023.018700 5925.811700 5639.970400 6106.871200 5489.847200 6149.741300 5959.706500 6008.582600 5829.520200 6136.108100 5584.376200 6555.819200 5947.264600 6129.210000 6052.289900 5718.570900 5816.082500 6170.608400 6368.677400 6305.582800 6232.742900 6319.003600 5998.450600 6167.271300 6284.885100 5772.475700 6186.115500 6587.164100 6106.934100 6364.791900 6601.770600 6128.440200 6001.202300 5984.270300 5911.321600 6323.879100 6040.700600 6142.397400 5771.844900 6219.243000 6049.028700 6203.976500 6019.317400 6111.545500 6218.509200 6466.799300 6145.606200 6101.541400 6251.774600 6444.462400 5702.892700 6106.671300 5950.430700 6047.700400 6102.997600 5843.393900 6408.596400 5951.306900 6419.333300 6103.684500 5733.311400 5903.720400 5842.231500 
6255.362500 5725.215100 6078.865000 6167.633500 6180.717600 6151.611000 5812.263000 6193.238700 6286.737000 5949.995200 5790.029700 6004.096500 5960.925500 6296.448500 6009.074300 5760.794500 6298.142000 5740.561200 5935.899900 6270.101500 5895.333800 6137.345100 5626.283600 5983.775300 6076.930600 6386.506400 6052.155100 6178.606600 6222.960500 6215.411000 5950.557400 5999.200800 6020.956100 6101.462800 6164.674000 6069.899100 6131.035900 6004.973500 6368.703400 5928.855900 6003.805200 5793.243600 5748.853800 6204.279100 5645.852900 6664.616500 6299.599600 6065.152900 5895.801600 6290.695800 6015.571400 6307.463700 6027.650200 5810.907600 6069.094600 5797.475600 5941.798200 5688.806400 5571.526900 6278.697700 5857.772600 6033.428400 6283.614400 6314.849900 6210.653600 6185.167800 5825.541200 6010.853100 5992.847500 5928.303400 6095.308100 5856.136500 5686.872300 6072.922200 6319.882500 5785.408900 6026.546200 6118.137100 6408.827900 5880.022300 5886.579600 6173.216500 6222.041100 6032.371400 5977.269200 6071.701900 5852.956600 6277.136700 5745.479500 6508.219200 5938.510100 5995.532500 5865.611100 6175.520900 6019.676900 6024.526300 6151.317400 5967.600900 6227.676000 5923.832300 5907.915700 5813.214900 5740.027500 5790.063300 6288.630700 6351.066900 5970.224400 6253.211000 5783.218900 6078.496500 6093.410500 5897.288400 6415.823800 5917.582900 6102.861700 5831.795700 5923.511300 6184.024500 6284.326500 5831.931300 6044.036200 5876.298200 6107.313900 6253.470300 6367.126700 5984.573300 5932.573700 5752.800200 6128.433900 6235.031000 5926.654700 6172.838500 6488.239900 6084.373400 6276.361600 6055.336100 6233.607700 5748.216800 6041.586700 5545.371900 6027.871100 5218.594700 6248.492800 5889.805800 6060.484800 5803.790700 5943.881500 5414.044100 6373.696700 6042.153600 6027.976000 6061.273400 5833.790400 5779.185100 5929.261700 6212.189800 5914.797600 5836.902900 6309.509600 6003.646500 5933.533200 6220.900200 5762.941600 6107.004500 6559.943000 6036.152100 6380.188400 6404.690200 5979.103900 6061.486500 5860.506200 5930.930100 6065.532600 5849.774800 6038.774100 5569.579700 6105.472500 6088.535400 6155.795800 5744.882500 5969.458300 5959.621400 6241.450900 6226.816100 6026.583600 6266.581000 5989.553200 5756.826700 5872.703700 5922.413800 6002.261100 6256.463200 6015.972100 6143.278000 5961.938700 6175.512000 6024.041300 5699.971400 5774.860000 5497.341800 
6324.867600 5849.621700 6151.139100 6453.478000 6056.253500 5998.379700 5926.258200 6261.340900 6306.605400 5987.019900 5772.145700 6247.508500 5850.189300 6425.122100 6011.727300 5968.326500 6512.140800 6001.168800 5766.247900 6414.281100 5912.716800 6293.504900 5753.577600 5936.138600 6041.018900 6544.819000 5868.244200 6214.729000 6184.627000 6368.318400 6009.169000 6021.383500 6058.411200 6255.262100 6195.809500 6298.947300 6292.389100 6180.146500 6548.999400 6108.762000 6398.533500 5976.456400 5842.856100 6021.357700 5900.688200 6561.752400 6339.607100 6131.159400 6028.393900 6243.158500 6232.757400 6381.004100 6217.293400 5983.585000 6100.392700 5884.594200 5984.895000 5951.191900 5694.435400 6299.943100 5946.545100 6161.977700 6501.968800 6318.298900 6339.009100 6237.186700 5931.463900 6198.809900 6099.385600 5918.966800 6343.698500 6087.918300 5894.948200 6320.317900 6210.090200 5772.995200 6199.273800 5955.503700 6831.497000 6145.291400 5976.094700 6192.087700 6389.924200 6044.316500 6093.180200 5959.768700 6155.562700 6581.835400 6168.439200 6337.439700 6091.473500 6290.370200 6084.813700 6112.243600 6188.394800 6124.779800 6117.304800 6088.742400 6229.524500 6220.823800 5875.953700 6032.738900 5987.838600 6172.845200 6474.797900 6438.352700 5924.453400 6377.578900 5922.019100 6243.079600 6248.477000 6119.433400 6261.713600 6034.557300 6431.018100 5933.416000 6029.030300 6130.503700 6392.287600 6226.003400 6152.917500 5971.299700 6276.842700 6513.657200 6568.897800 6309.951400 6162.313800 5758.954300 6231.745900 6311.177900 6169.744400 6277.616500 6419.241800 6204.939400 6270.763900 6289.853400 6371.012500 6061.823900 6021.885200 5639.268900 6111.582500 5435.859500 6454.207300 5969.485800 5924.424600 5761.678300 6007.818900 5700.204000 6497.867300 6193.322200 6350.805900 6094.123800 5964.421000 6078.834100 6207.549600 6280.674800 6140.080100 5935.246900 6238.883700 5971.274800 5941.161400 6277.010000 5999.825000 6257.504600 6611.327900 6180.258700 6466.976400 6486.036700 6192.464600 5920.677000 6179.872000 6041.986000 6151.193400 5912.104600 6143.333200 5787.933800 6278.819200 6192.811600 6228.259800 6046.148900 5937.969200 6159.417300 6385.689800 6236.773200 6163.868500 6338.174800 6287.451900 6028.849900 6105.993200 6025.682200 6109.987900 6401.255400 6031.688100 6361.167600 5975.821300 6419.216600 6160.991100 5887.732400 5983.596500 5795.176200 
6357.488300 5998.176100 6255.413100 6377.407900 6320.210700 6178.927800 6008.867600 6266.734900 6414.759400 5999.466200 5912.883000 6168.460300 5901.575700 6175.562800 5894.196800 6087.315900 6542.544800 6059.455100 5878.609100 6325.290400 6078.982800 6338.114200 5658.463900 6171.723000 6221.997300 6385.667900 6214.289200 6470.581700 6364.858100 6458.974800 5927.338600 6109.568400 6445.114300 6322.888500 6328.890800 6152.133300 6381.440400 6418.916200 6419.124900 6187.697800 6086.774100 5941.169700 5941.105100 6227.708200 5641.439600 6691.644700 6386.275700 6112.581200 6016.887100 6409.787300 6191.027800 6638.316900 6409.695500 5844.723400 6228.011900 6069.758100 6171.377300 5982.203800 5668.158200 6325.945300 6069.262700 6223.420100 6344.728500 6340.483800 6246.324900 6390.394900 6012.268800 5908.964800 6258.790100 6168.017200 6522.390200 6123.166000 5907.541300 6343.515200 6216.536600 5862.756500 6283.034600 6237.631700 6524.437000 6044.009600 6184.221700 6302.574300 6353.940700 6337.726000 6101.021800 6392.947500 6043.585600 6551.035000 6094.193300 6368.712500 6003.892200 6169.721400 6104.268800 6233.574800 5990.623700 6175.049100 6262.506000 6203.954900 6565.114100 6141.536600 5955.612300 5992.297900 6034.783400 6054.299800 6401.620700 6526.485400 6055.664500 6432.343700 5931.329400 6061.186500 6354.593800 6190.445400 6489.070000 6109.839800 6165.928300 6014.781200 6212.423100 6184.502500 6499.169600 6178.798500 6158.889500 6080.067200 6361.192100 6545.092700 6577.632900 6379.476400 5874.659300 5755.760400 6443.236200 6277.610400 6056.878700 6459.218500 6732.523200 6467.451700 6348.267600 6139.449300 6288.556700 5909.984800 6191.307800 5704.388500 6183.870400 5442.957700 6261.816800 6097.616500 6024.804000 5909.583000 5986.695500 5561.505100 6459.521800 6174.068900 6298.575500 6067.746900 5855.223800 6141.162100 6387.148900 6263.056600 6324.367400 6243.902600 6378.908900 5993.489400 6038.925100 6369.694400 6082.155700 6443.230800 6719.155300 6225.615400 6341.270800 6697.901300 6185.134100 6203.541200 6065.756100 6059.036100 6301.008600 5973.329600 6367.949800 5646.401100 6204.487200 6237.759200 6184.506200 5974.241200 5957.170100 6162.932200 6368.500700 6210.105200 6227.522200 6245.174200 6356.406300 5819.173300 5995.805000 5996.066200 5953.662100 6161.053400 5820.613100 6387.021500 6129.266400 6451.090300 6347.128400 5942.915300 5822.080700 5793.037500 
6238.775700 6076.900700 6479.113400 6587.911700 6237.948700 6224.512900 6049.186400 6461.475300 6465.802300 5873.639100 5927.526000 6175.244700 5909.376500 6487.686000 6254.468700 6064.454400 6619.195100 6110.427000 6075.963400 6576.970500 6063.445400 6323.420800 5820.247800 6251.327400 6102.784700 6514.167700 6233.678000 6383.394900 6258.522000 6552.705800 6177.056000 6189.763000 6432.789700 6329.380500 6328.105900 6282.392000 6303.242200 6289.105300 6494.326800 6199.079000 6150.519900 5971.668700 5895.429100 6114.948200 5862.650200 6654.483700 6275.691600 6309.553300 6079.492800 6401.693100 6362.353100 6573.086700 6373.470500 6122.115700 6148.821200 6168.522500 6151.757400 6203.608500 5585.983400 6389.496900 6068.067200 6338.323000 6588.666300 6369.496400 6230.058100 6245.868200 5995.978400 6096.613900 6261.614600 5982.038100 6536.064900 6080.086000 5781.039000 6597.467600 6289.042900 5892.050000 6151.855900 6467.353900 6639.198500 6165.770000 6136.649800 6444.491900 6460.468800 6119.328300 6236.008000 6325.231300 6056.142500 6770.887700 5978.228200 6525.262600 6201.678800 6348.572400 6045.253200 6271.498100 6094.836000 6172.210200 6289.958600 6169.402700 6592.800000 6241.445600 6192.808800 6130.458900 6044.993500 6045.594600 6510.684000 6328.178200 6067.678100 6291.810700 6072.059400 6327.886600 6378.170300 6234.741300 6547.766200 6239.271100 6136.936400 6042.593100 6254.616900 6199.233000 6336.976100 6037.375200 6332.599900 6092.830100 6386.654700 6376.694400 6614.986800 6096.781000 6156.909700 5771.411800 6415.811100 6421.841200 6094.289400 6408.795800 6597.662800 6411.036600 6362.253200 6144.445500 6559.054200 6108.677400 6259.979400 5700.561200 6313.342700 5540.386800 6263.974000 6042.846100 6064.520800 6007.825700 6023.050000 5762.722400 6690.426600 6247.003900 6433.203100 6217.671100 5782.698300 6123.783400 6399.602700 6497.114300 6301.540700 6184.864600 6320.437600 6238.429200 5933.500400 6486.124300 5969.994100 6267.964000 6783.822800 6262.011400 6624.800500 6743.678900 6136.024400 6223.307200 6182.559300 6216.841200 6279.841700 6015.249500 6250.402600 5841.238500 6224.989500 6130.553800 6275.978600 5979.425900 6006.097200 6411.334100 6457.059600 6306.025300 6312.199200 6459.535300 6510.450400 5980.357500 6126.630900 5992.780800 6256.294900 6275.880400 6091.201300 6455.357400 6235.856400 6379.891800 6356.029000 5927.969600 5769.520100 5859.739500 
6404.815900 5875.207700 6188.256500 6489.893200 6285.357000 6075.404200 6147.110400 6341.145700 6429.043800 6246.379600 6114.904200 6255.408000 5876.238000 6399.497600 6026.957100 5882.192900 6487.145500 5860.800000 6053.913700 6341.179400 6200.368400 6064.616800 5842.640300 5949.273800 6086.225400 6302.600900 5973.525800 6337.874100 6051.397300 6387.923000 6165.682400 6219.392800 6129.247500 6118.111900 6347.919500 6102.165900 6301.399200 6338.225300 6381.428600 6223.689600 6135.690000 6112.432900 5734.330100 5931.363000 5888.171300 6695.740000 6279.124300 6188.555300 5986.179100 6373.726400 6189.075800 6314.453400 6202.631800 6084.551600 6165.411900 5869.280400 5989.465600 6145.814300 5701.429600 6401.299100 5913.024800 6165.619800 6380.730700 6164.374100 6294.199100 6316.024200 5964.540000 6129.784000 6283.295700 6026.663700 6456.170700 6087.787800 5762.409600 6155.080700 6313.979600 5733.004000 6200.956600 6089.812800 6569.252600 5917.853500 6005.320500 6157.329000 6359.132600 6158.914200 5915.455200 6148.849600 6184.913200 6518.992700 6173.000800 6431.360000 6088.155200 6337.779400 5974.095900 6342.075500 6129.312300 6326.492100 5996.911400 6069.142200 6538.684800 6210.096300 6031.396300 6029.328000 5968.735200 5988.788300 6509.804900 6392.568300 6076.639500 6250.727300 5933.958500 6149.432600 6227.299800 6080.607900 6546.823200 5972.514400 6054.432300 6126.499200 6154.764400 6132.049000 6326.093500 5839.660900 6105.098100 6046.864100 6306.442500 6405.552500 6595.231500 6295.252400 5906.905900 5813.008100 6368.060400 6211.128600 6129.999900 6362.377000 6732.195200 6098.138300 6217.781200 6163.928200 6385.566400 6048.729900 6107.551800 5574.459800 6220.380600 5418.768700 6343.945500 6086.420800 6090.807000 6019.370700 5986.319100 5694.556800 6294.449500 6093.764200 6355.808800 6092.744000 5842.237700 5993.253200 6079.778900 6383.031400 6278.931400 6045.136500 6492.109800 6067.879600 6077.506800 6162.156800 5971.741600 6178.463800 6516.874200 6199.486800 6330.255200 6543.767000 6038.334700 5974.669200 6030.994000 6077.429900 6290.120100 5994.379500 6107.453600 5501.575800 6256.708200 6279.141500 6148.393900 6122.011900 5921.966100 6010.354200 6341.152300 6303.533200 6162.980900 6291.010300 6094.957900 5796.851400 6097.567000 6124.379400 6230.437600 6195.664700 5895.917800 6287.611600 6019.828000 6472.244400 6375.646100 6145.147400 5891.862800 5840.468200 
6438.411000 5869.337900 6270.363500 6364.531500 6275.611800 6313.330200 5935.323100 6301.718200 6418.789300 6029.231700 5827.255600 6240.933200 6000.867300 6487.577800 6264.928900 6040.344900 6491.014600 6133.106700 6019.561000 6413.740300 6187.022800 6386.698900 5689.574400 6275.344500 6134.771300 6414.996700 6127.164600 6403.670300 6370.077400 6448.938000 6123.513200 6235.478200 6196.765500 6444.770000 6305.074700 6188.642900 6503.874000 6078.934800 6568.812000 6323.596200 6329.204800 5925.955000 6005.882900 6003.775100 5796.466300 6723.042600 6459.917500 6239.758400 6003.132000 6350.115700 6383.860100 6668.705800 6525.259300 6152.422600 6374.182900 6045.407900 6233.430800 6060.448800 5789.572000 6467.587000 6041.970800 6377.393800 6520.636100 6281.506300 6364.207000 6376.898900 5970.562300 6051.838500 6287.231100 5979.224100 6520.942100 5971.909800 5749.273400 6324.247000 6632.468400 5975.034200 6236.109500 6217.335600 6701.558300 6236.030000 6121.993600 6283.802600 6796.314900 6342.575400 6161.532800 6219.333800 6266.460400 6610.483900 6176.542500 6609.296500 5964.279200 6497.183200 6050.881900 6210.585100 6229.682000 6264.852300 6277.497300 6362.350500 6464.956600 6222.594700 6163.503100 6033.712000 6032.433900 6075.727300 6457.220800 6406.709700 6208.324100 6207.356000 6135.671400 6133.583700 6219.101300 6211.980400 6516.476100 6069.208200 6138.979200 6238.481300 6244.511700 6276.675500 6406.155800 6055.908400 6094.362200 5955.641900 6235.062300 6308.396500 6492.607100 6549.385700 6018.717000 5870.669100 6413.064300 6387.122200 6302.478600 6456.329400 6558.740800 6079.562900 6327.685400 6172.140300 6629.383000 6013.359900 6270.295200 5639.132700 6492.891000 5620.202700 6360.053700 6102.385300 6220.145800 6074.562100 6109.901100 5793.096800 6391.440800 6236.621700 6476.433500 6203.736400 5938.797500 5883.114400 6382.009100 6306.266900 6354.063900 6429.474600 6388.615600 6024.727200 6010.441100 6593.269000 6075.581900 6361.707400 6615.553700 6390.177300 6479.786700 6638.405500 6129.710500 6184.337500 6013.329900 6123.934700 6287.282000 5885.910500 6201.776100 5867.245700 6325.702400 6187.373400 6153.063700 6155.300100 5936.194000 6175.281900 6611.556700 6283.872300 6351.586700 6473.840900 6250.828400 5754.112000 5955.659600 6143.962000 5939.399600 6351.421400 6098.539100 6468.365700 6052.145100 6313.593300 6326.524900 5893.570600 5854.980300 5833.418000 
6562.735800 5967.202000 6227.174000 6550.123400 6156.092700 6114.042600 5893.670600 6334.866400 6266.939000 6062.371000 5826.115800 6180.553500 5955.286800 6348.993300 6076.179900 6249.470600 6636.083500 6036.073000 6058.220500 6539.710500 6196.437600 6355.864200 5767.043600 6163.970100 6043.044100 6432.072200 6170.048500 6457.620200 6262.356300 6706.371600 6102.496800 6070.481700 6375.560600 6332.729300 6316.377200 6298.917000 6284.868800 6400.384200 6556.650200 6002.302200 6145.162600 5932.771600 6074.324900 5930.725700 5928.073000 6511.866700 6303.995500 6182.387700 6138.543600 6394.963500 6268.395200 6523.855500 6226.030600 6074.656800 6092.341800 6047.725200 6149.407400 6222.588800 5706.895800 6463.698600 6017.921000 6243.779100 6482.774600 6368.756100 6265.913400 6290.262200 6055.851700 5927.483200 6348.615100 6142.310600 6465.665400 5989.429200 5865.207600 6432.393300 6400.700300 5909.770500 6207.358800 6200.004400 6754.716600 6197.597400 6112.206600 6166.900800 6556.985200 6046.908400 6068.199300 6327.393500 6165.076200 6695.258500 6143.461500 6351.643000 6004.211900 6330.416100 6210.629300 6225.694000 6175.584200 6137.817100 6207.773500 6177.356100 6322.602800 6387.989900 5914.004100 6038.660900 6044.517200 6093.325100 6501.659500 6324.667200 6035.133500 6241.532000 6024.907300 6199.635300 6281.332600 6145.827800 6429.020500 6103.966700 6258.158100 6275.099600 6193.630900 6327.352300 6491.904600 6271.517400 6251.624900 6093.454500 6058.924800 6398.886700 6660.361100 6322.468000 5962.116500 5788.866600 6407.099700 6288.906300 5998.217700 6351.759400 6559.057000 6356.292500 6317.239700 5973.330000 6483.079000 5990.635800 6228.462600 5743.461600 6093.258900 5610.751500 6397.423900 5956.116000 6289.501900 5948.216800 5976.140700 5846.944800 6545.997200 6169.805700 6425.001600 6231.292800 5896.852500 6064.467500 6292.014500 6274.148600 6401.454900 6240.438300 6312.485400 6122.034200 5941.428600 6357.786600 6189.504900 6370.902400 6724.416400 6330.828500 6412.217300 6693.495100 6091.524900 6146.880800 6057.509500 6135.713400 6215.691000 6080.708500 6087.851500 5792.898300 6281.105300 6194.233300 6194.362800 6112.018500 6075.649000 6248.038100 6423.928400 6315.876800 6241.812600 6283.104600 6284.133000 5837.424700 6018.415000 5923.230100 6268.636500 6268.468600 6095.257800 6548.097000 5972.392400 6376.422500 6269.307600 6064.494800 5953.444800 5842.943700 
6344.320100 5899.714600 6121.704300 6493.022700 6357.321900 5995.599700 5973.920800 6165.048200 6351.377800 6027.980100 5961.371700 6113.529400 5813.418800 6327.486400 6122.479900 6062.987700 6497.278500 5908.054800 5937.722600 6318.449300 6062.984300 6226.176200 5740.613800 6040.463900 6012.426700 6289.867100 6101.638400 6274.743200 6228.154400 6245.060900 6125.849200 6089.821700 6100.723800 6233.806800 6312.281000 6162.642300 6317.430300 6140.511500 6438.784200 6030.487800 6163.334000 5903.379300 5900.521000 6098.906200 5971.303100 6564.478800 6386.984400 6162.128700 5900.696700 6311.444500 6239.282500 6457.746900 6253.315300 5980.614300 6210.282700 5924.629400 5994.614100 6020.054600 5601.912200 6319.745700 6040.521100 6344.695200 6590.601100 6159.092500 6140.541700 6236.720300 5922.288200 5940.658100 6203.888800 6039.879100 6293.153900 6108.471300 5677.933400 6275.509600 6211.628300 5803.179800 6057.032200 6211.763200 6430.534700 5908.185800 5954.811800 6167.330000 6510.649000 6127.335000 6141.074300 6126.012900 6103.608600 6541.812700 6148.135000 6450.480800 5930.900900 6340.220000 5943.949200 6176.140800 6221.629400 6318.562000 6152.727800 6213.822500 6354.392900 5973.820200 5924.719700 6136.388800 6100.242200 5933.751800 6320.042500 6410.736700 6046.284800 6276.832800 5821.595300 6131.880600 6210.721600 6177.716500 6413.256400 6064.472200 6258.069200 6005.193200 5925.062600 6204.657100 6453.746200 6118.868800 6111.836100 6089.430500 6131.497000 6290.418100 6663.708000 6384.721500 6000.971400 5804.933500 6220.403500 6380.169700 6062.165200 6367.841000 6597.619400 6254.317000 6400.053100 6203.755000 6478.052500 5955.185100 6145.399800 5613.160100 6090.273200 5301.751300 6413.919000 6045.392200 5870.979200 5871.107200 5919.754100 5744.730200 6197.559100 6151.475700 6212.523300 6218.515700 5757.012300 5872.878100 6248.510900 6081.960000 6330.734400 5967.665400 6187.662600 6020.121700 5924.671900 6337.286900 6016.154000 6236.548700 6600.770900 6215.240500 6361.199900 6457.560200 5974.219100 5992.842100 5889.638600 6113.275200 6196.628100 5977.227700 6037.374300 5892.231900 6105.322000 6107.785700 6318.413700 6033.669600 6024.874100 6115.022800 6393.561700 6229.482900 6251.475300 6415.362000 6229.529800 5784.409500 6142.224100 5848.150000 6048.986000 6233.608700 6136.351200 6364.731300 6037.882100 6264.541100 6153.078100 5809.284900 5929.440700 5848.660100 
6056.746300 5888.111400 5958.827100 6015.814700 5971.883100 5751.982300 5868.213700 5899.603500 6198.916100 5926.751300 5656.593100 6036.185100 5730.746900 6147.016100 5915.285900 5717.221800 6321.315900 5699.672200 5853.468900 6205.953200 5800.739300 6081.839600 5518.776200 6020.594800 5813.508100 6290.723400 5735.916600 5978.045600 5923.323300 6370.153400 5711.752100 6014.382000 5816.403200 6209.496700 6022.283000 6060.799800 6095.672100 5990.400100 6293.011800 5981.695600 5857.534800 5856.225900 5709.249100 5735.743000 5463.276500 6396.052600 6091.794200 5767.238400 5712.715200 6228.269800 6125.876400 6170.324200 6121.257700 5796.756800 6173.372800 5726.392900 5899.517300 5751.131400 5472.864700 6118.489300 5540.551900 5950.835700 6251.477300 6136.701800 6171.805700 5949.100400 5637.098500 5736.183700 5996.568600 5812.448900 6160.149200 5750.223400 5527.118600 6166.609200 6008.926100 5706.429300 5883.412600 5901.511800 6424.868400 5902.363300 5995.203800 5958.062000 6202.618200 5890.767700 5891.474300 6030.232100 5687.220600 6447.622500 5976.768000 6279.148100 5567.187600 5972.891000 5794.852400 5932.152400 5836.796200 6139.853900 5841.651500 6035.261500 6176.372600 5913.908500 5823.296100 5804.983400 5764.278800 5770.512300 6022.099300 6158.173200 5931.535700 6071.470100 5785.022400 6046.243700 6123.978500 5913.491500 6202.950900 5640.070300 6052.590900 6088.910100 6019.392200 6035.332800 6013.942900 5782.438000 5834.810900 5740.578600 6022.719400 6066.239400 6361.705500 6065.591600 5669.007100 5419.080700 6246.428900 6042.040900 5921.521300 6081.204600 6287.773600 5950.693800 5971.516900 5887.148500 6154.665200 5820.332500 5858.777400 5509.272100 6073.310400 5092.330700 6310.915200 5857.832500 5873.429900 5530.921200 5674.900100 5589.981600 6099.330500 5788.861300 5971.384300 5704.164700 5645.400700 5773.722200 6135.430700 6142.173800 6144.347200 6007.594700 5969.107400 5792.427200 5597.807100 6168.123500 5861.890200 6066.376900 6232.515900 5820.360100 5933.423700 6351.299000 5928.467000 5931.189800 6009.770900 5894.747300 6094.795200 5704.871700 6077.991100 5378.327900 6017.658900 5922.469100 5844.428300 5900.374500 5635.129600 5992.132300 6133.083300 5963.997400 6001.706400 5967.548800 5889.396800 5598.094100 5801.492800 5734.037800 5883.429900 5943.917300 5564.577800 5840.022200 5937.222900 6157.839400 5864.197700 5660.963700 5629.497200 5590.390100 
6250.674000 5710.244400 6112.377000 6237.019100 6045.209300 5914.990600 5870.471500 6118.136100 6371.044300 5796.994100 5705.770200 6087.823600 6041.581000 6401.726900 6077.696900 5908.518200 6491.935400 5810.023400 5824.673500 6316.239400 5996.723300 6188.141300 5448.790100 6030.552100 5921.188600 6266.984100 5886.407500 6204.246900 6041.322300 6200.634500 5854.518200 6116.800000 5981.639800 6103.229900 6146.432400 6087.250100 6090.197200 6146.043600 6432.027000 6031.106400 5974.701100 5824.419500 5754.049400 6091.909900 5852.973000 6409.563100 6373.061200 6017.749000 5970.761400 6363.110000 6086.615500 6508.076900 6038.130300 5727.891300 6116.210500 5819.334700 6039.548100 6051.493100 5615.635700 6239.458600 5748.035300 5967.000000 6394.121700 6200.751600 6125.061000 6337.431900 5907.966500 5952.991400 6255.859000 6088.398300 6415.094200 5836.691600 5848.228200 6210.767400 6006.199300 5826.111900 5918.687600 6012.413000 6599.900900 5967.208700 6016.564700 6252.727500 6235.079600 6184.608700 6183.928200 6009.236800 5980.284100 6400.488800 5935.106200 6511.918800 5775.082400 5987.215900 6016.134700 6103.522000 6241.473000 6025.243300 6256.320000 5877.256500 6294.767100 6135.909700 5936.377100 6023.445000 5728.798400 5955.255300 6146.092700 6276.148000 5879.655900 6263.037000 5807.844700 6065.046300 6096.842400 5986.289100 6316.095800 5848.412300 5996.081400 6132.171300 6134.432900 6060.927700 6396.478300 6032.906000 5970.404900 5689.697800 5978.669200 6391.969900 6444.152400 6238.755600 5944.999200 5700.661300 6107.111200 6025.776500 6077.729300 6080.570300 6445.392400 5873.156400 6145.490100 6024.241500 6240.405700 5857.134300 6146.562800 5469.854700 6011.498200 5255.745600 6174.715600 5644.688300 5960.356000 5717.332800 5933.650900 5525.295400 6236.108600 5953.466700 6221.402000 6077.669000 5644.244600 5891.566500 6156.785900 6218.552600 6173.335800 5946.825300 6175.597900 6004.977200 5920.552100 6280.956100 5922.527500 6269.852600 6513.195600 5965.205000 6115.445900 6561.034200 6073.452000 5980.389400 5873.280500 5894.872500 6108.411400 5733.941400 6007.699800 5520.137000 6045.074800 6022.524500 6087.442400 5824.097800 5933.233100 5900.914600 6118.981400 6105.057400 6113.170000 6205.148900 6446.820800 5806.774600 5917.828200 5949.153200 5835.634100 6239.188900 5846.367200 6092.999200 5890.144800 6183.345100 6089.095700 5939.736100 5732.865700 5688.077200 
6302.184900 5797.010300 6112.572100 6250.981100 6152.530500 6089.894200 5892.515700 6247.445100 6349.934200 5970.231300 5665.870900 6198.522600 5953.586700 6302.198800 6177.030000 5810.055000 6333.678100 5975.114200 5773.834700 6275.834800 5994.406100 6057.179800 5588.267200 6018.475400 6107.733000 6487.318900 5765.807700 5989.874400 6018.984100 6297.836400 5904.281400 6004.540200 5922.414700 6194.147800 6273.192700 5962.714200 6372.868500 6103.452200 6335.823800 6224.550200 6045.421600 5813.759300 5766.842900 6030.955600 5746.536400 6612.707100 6379.239300 5983.356700 6098.939400 6289.906400 6109.728900 6306.296200 6169.270200 5726.556000 6190.707300 5826.143300 5840.042900 5955.629700 5525.778400 6208.306400 5975.976300 6060.605100 6305.116500 6118.297300 6216.826200 6212.149300 5871.807800 6041.762200 6092.281900 5876.048900 6524.297500 5791.841700 5527.073500 6153.056400 6342.904900 5625.381900 5858.752500 6008.360100 6556.086900 5944.127200 6017.824400 6280.889300 6144.872000 6203.784900 5929.967200 5950.509500 5863.132400 6541.513900 5924.109600 6427.556100 5863.153000 6131.424500 5848.191200 6294.782300 5875.493500 6133.081800 6126.584500 6014.884600 6252.182200 6189.330900 5920.501800 5877.639200 5880.227200 6058.713000 6383.537000 6351.763700 5958.911400 6156.452300 5959.862100 6039.027400 6240.131800 5993.209900 6303.257800 5972.369200 5934.500200 5909.028400 6064.317100 6106.538400 6330.376100 6000.141700 5960.053700 6056.084100 6299.771700 6310.325800 6510.710900 6067.251600 5916.518800 5729.969200 6334.537400 6032.550300 6103.197800 6015.788700 6408.782000 5990.932500 6089.172600 6033.993400 6088.221000 5827.957300 6003.829400 5631.205200 6095.163200 5281.650200 6263.098500 5913.341900 5991.839700 5721.927100 6024.163100 5625.117600 6244.705500 6075.776600 6177.139700 6036.303900 5796.208600 5875.099500 6278.726700 6284.839000 6155.964500 6020.316900 6217.225400 6017.744300 5646.574000 6108.245800 5779.297900 6195.997900 6398.255100 6112.893800 6230.410100 6362.673700 5896.298700 6062.630400 6182.745900 5840.944000 6106.473000 5814.913700 5897.131400 5721.704600 5981.511900 6110.262500 6205.905900 5768.869200 5933.703400 5882.963100 6310.856500 6214.492000 5897.688500 6252.529500 6118.447200 5762.780300 6091.978400 5883.329500 5971.241400 6226.020800 6008.569800 6187.645200 5932.999300 6391.007200 6070.748700 5877.634600 5749.113000 5741.278400 
6114.148600 5822.104100 5989.680200 6218.273100 6013.326400 5962.507000 5962.835900 5973.771700 6176.714100 5871.188400 5727.836100 6072.276700 5778.136500 6289.494000 5862.619000 5855.291400 6300.172100 5891.521500 6012.075400 6314.018900 6157.834700 6140.071100 5446.235600 5913.293800 5807.493200 6389.486800 6080.861100 6197.415900 5994.467700 6133.675800 6026.141700 5946.097800 5969.458200 6031.785300 6245.197100 6043.081000 6182.288900 6029.353900 6279.752100 6067.750100 5958.919700 5647.953000 5889.893400 6061.823600 5712.153100 6503.251000 6206.328100 5938.514600 5855.462900 6166.258200 6148.240200 6333.281000 6092.637600 5849.490300 6092.751100 5862.781000 5832.628500 5814.495500 5503.860800 6097.167100 5964.203900 6070.893200 6404.645100 5957.379500 6149.524500 6120.965000 6039.745600 5857.303700 5963.275100 5772.733800 6311.528200 5844.923000 5594.077500 6074.850100 6131.714100 5499.773300 5777.348800 6261.083900 6278.265000 6093.800300 5935.413700 6190.105500 6292.092200 5979.620000 5967.275100 5945.651300 5929.404700 6407.630400 6045.545800 6451.434800 5913.501600 6022.090300 5845.511900 6043.396000 5877.557900 6104.236700 5925.373300 5972.921600 6168.243200 5964.214300 5870.002200 5941.263200 5882.756800 5968.512200 6204.312500 6119.729500 5745.711100 5989.089800 5908.415200 5907.864300 6107.080500 6267.594600 6404.981800 5948.593500 6000.671300 5863.852100 6025.176400 6036.601300 6318.107000 5836.674500 6002.702200 5862.110500 6132.288200 6334.409600 6291.940600 6106.404500 5794.852000 5588.698000 5963.539500 6094.909600 5947.968400 6015.716400 6292.133600 6001.556600 6290.323100 5827.001800 6233.871500 5917.549300 5963.416700 5611.333500 5963.634100 5155.501100 6188.332200 5852.375800 5761.122700 5756.243100 5903.460900 5509.975100 6315.818100 6062.043700 6120.194400 5967.051000 5621.322300 5740.003100 5996.639500 6190.640500 6034.908400 6121.172900 6282.572800 5912.423000 5782.283700 6097.930300 5794.243400 6136.797800 6308.757900 5988.351400 6050.039200 6442.025800 5961.144300 5899.274700 6043.799500 5808.529200 5997.251800 5657.443500 6058.913700 5690.739600 5984.465900 6047.383700 6081.679800 5966.874300 5895.436700 5899.982700 6301.227100 6121.949400 5846.271300 6069.580100 6142.051300 5551.435900 6171.985300 5885.962100 5730.435900 6287.863800 5734.512800 6053.587500 6032.137300 6238.962600 6029.165000 5730.381700 5566.479900 5819.665200 
6403.567700 6033.252400 6385.329000 6542.596100 6361.045600 6151.976900 6006.996500 6218.055300 6314.398700 6019.566700 5899.497300 6112.724200 5881.985400 6622.262000 6174.043800 6053.402500 6555.138300 6200.035300 5909.890900 6501.439100 6016.784600 6231.537000 5722.329700 6063.737200 6037.899000 6584.607400 6006.772300 6236.714600 6416.923900 6589.346200 6080.176800 6227.792800 6274.538900 6263.932900 6371.703100 6266.755500 6515.387100 6085.220200 6416.600200 6088.573400 6302.884900 5741.292300 6016.881600 6191.191200 5874.652300 6731.451000 6346.122000 6303.073200 6195.326200 6421.089900 6343.276600 6640.290900 6354.679200 5998.413700 6348.553100 6185.627400 5890.368800 6152.448100 5755.186000 6467.283300 5933.495500 6272.430700 6657.015400 6272.145800 6301.383900 6491.038700 6028.113100 6053.171100 6392.340400 6078.279400 6573.505500 6038.386600 5757.101500 6407.626600 6373.605800 5863.551000 6087.664700 6212.015100 6524.669700 6261.292800 6117.831700 6325.845000 6455.632400 6325.556700 6236.241100 6300.752800 6011.732200 6395.294700 6275.087400 6448.050500 6146.419900 6420.321000 6132.556900 6118.829800 6248.642000 6236.137000 6090.112900 6202.784100 6545.007700 6275.162800 5914.341900 6123.538200 6097.411600 6127.293300 6367.656800 6186.905100 6039.180100 6306.424600 6124.551500 5975.320000 6313.860100 6290.520000 6559.579200 6086.499700 6102.492000 6133.585900 6254.641500 6146.468300 6408.934100 5949.113200 6106.772900 6039.026200 6098.188700 6489.516800 6644.812400 6287.616300 6112.303700 6108.418200 6310.384500 6507.782400 6196.738700 6487.754300 6604.337700 6234.333000 6289.278000 6252.369300 6461.705800 6108.725800 6321.550300 5711.081400 6211.102800 5463.917200 6379.476900 6062.506000 6257.057800 5978.299100 6007.509900 5717.814200 6497.747300 6231.036000 6220.120400 6055.501300 5701.653400 6012.954100 6212.897500 6265.008200 6368.643000 6174.122500 6507.999100 6246.550500 6044.577300 6271.808400 6068.999100 6308.388300 6731.314700 6274.949600 6361.216600 6579.895600 6081.349900 6091.872200 6044.953400 6073.348900 6229.738100 5881.151000 6231.388900 5853.956500 6379.984300 6115.640000 6224.088800 6234.662300 6010.636000 6455.673600 6473.045900 6337.026300 6079.417700 6453.805200 6353.331700 5897.764300 5960.370800 5854.437800 6117.362100 6294.561100 6072.413000 6357.585700 6166.387500 6546.375800 6367.290600 5694.430000 5829.805600 5846.639400 
6125.251600 5661.913400 6109.554600 6317.284800 5954.227000 5894.014500 5776.604600 6236.265400 6216.253300 5794.702400 5984.423700 6088.012100 5693.111900 6074.124000 5935.567700 5896.861300 6205.704100 6071.270300 5638.689600 6265.738200 6010.694800 6283.864400 5525.745600 5921.202100 5907.066400 6150.734200 5769.496100 6116.148000 6212.125300 6114.009100 5794.956000 6050.532700 6025.434300 6005.776500 6220.788700 5996.709600 6172.887600 6220.031300 6215.686600 6078.044600 5982.085700 5864.868000 5793.207400 6067.497800 5760.066100 6567.362300 6288.604100 5967.498000 5794.491600 6188.676800 5953.266200 6178.803000 6229.777900 5669.193900 6105.085900 5892.879300 5876.667500 5878.456100 5514.302200 6210.381900 5871.528900 6103.600900 6233.990800 5982.944200 6113.378500 6085.526400 5688.209300 5872.875700 5994.460700 5828.095200 6411.402800 5890.178900 5596.928300 6029.489500 6241.997600 5577.124900 6031.653800 5947.823300 6298.992700 5890.893200 5938.651300 5908.682100 6235.811200 6001.604100 6071.627100 6054.685500 6014.448700 6404.816100 5978.974600 6291.938900 5711.605100 6096.137500 5838.512200 5997.642500 5936.361100 6219.497300 6008.339700 6166.491900 6324.337400 6016.597600 5694.245000 5817.626500 5832.597400 5964.118600 6272.220400 6220.562600 5869.468600 6391.371900 5765.279600 6075.646200 6085.794000 6045.252000 6196.319000 5854.470500 5915.633100 5802.185600 6036.754600 6267.922100 6147.762200 5774.281500 5992.532800 5725.713600 6178.964600 6247.382400 6360.488300 5954.484900 5956.587300 5667.002300 6044.300900 6066.231600 5926.958500 6143.862500 6278.301700 6138.465900 6060.229500 5780.684000 6131.099000 5871.777900 5898.799800 5420.058200 5994.112100 5286.638200 6082.435600 5995.263700 5842.668200 5834.223900 6051.394400 5560.761900 6331.269400 5850.190100 6115.703200 6046.435600 5549.727500 5816.290600 6083.976700 6092.024500 6155.668500 5991.315600 6146.896400 5785.154300 5820.959800 6278.448000 6046.847700 6153.590200 6493.113900 6071.470900 6225.428100 6338.681500 5780.481900 5917.071600 5875.021600 5896.627800 5943.152600 5950.739700 5981.049300 5692.979400 6037.239000 6046.693600 6240.925100 5861.548400 5939.338800 6057.083600 6198.606500 6127.312400 5993.799800 6006.738900 6205.638900 5734.691800 5912.905200 5871.587600 5969.669200 6254.663800 6026.158900 6273.802300 5822.379700 6390.546600 6138.456400 5705.403800 5770.967300 5583.495200 
6223.747300 5779.504100 6215.133400 6383.083200 6219.230200 6005.860600 5946.537000 6278.190400 6363.816300 5950.407500 6015.644900 6256.251000 5928.975300 6422.199800 5988.270400 6064.876500 6368.318700 5883.755300 5700.290700 6441.347600 6055.140000 6157.184300 5692.062700 6019.745400 6112.410900 6330.401400 6028.156300 6271.647900 6241.159900 6505.235300 5988.366600 6311.961900 6236.598700 6188.375400 6571.440100 6233.631900 6178.996700 6135.109800 6498.084400 5956.968200 6282.659100 5799.659000 5817.815400 6147.144900 5788.349800 6790.425300 6303.568500 6092.744100 6114.318400 6301.826500 6228.417800 6437.989700 6345.283300 5987.594500 6186.045200 6024.007000 6070.453500 6148.807600 5702.454600 6419.130000 5967.937400 6290.410600 6523.571800 6331.636200 6368.926000 6314.466000 5982.448700 6081.587500 6222.292800 6175.704000 6390.367000 6178.954700 5725.040400 6350.142200 6192.188100 5882.693900 6104.896400 6140.068700 6670.245900 5915.908400 5919.195900 6173.781600 6487.965500 6152.652800 6077.311900 6485.521600 6057.726100 6552.325700 6160.612900 6379.911600 5970.149800 6087.272000 5932.258600 6217.160200 6055.876400 6279.045100 6135.097900 6310.479800 6422.383700 6180.406500 6004.101400 5976.441100 6078.233800 6062.223000 6327.128600 6262.668900 5830.848100 6173.310500 5947.705100 6122.310200 6092.584300 6129.758800 6376.463900 6119.924100 6025.023000 5925.950800 6030.706600 6106.096000 6239.053700 6109.129000 6170.856300 6044.050300 6366.478500 6515.455100 6519.016700 6124.842600 5977.435700 5716.031900 6149.371900 6303.029600 6099.391300 6233.102500 6454.773800 6321.244700 6429.220700 6125.758100 6439.332900 5913.173000 6136.444200 5560.101700 6002.055800 5363.106000 6189.811400 6016.516200 6096.938900 5920.638900 6040.305600 5779.087500 6425.199700 5856.516100 6164.532800 6012.204500 5916.944700 5725.932100 6058.045700 6163.268900 6083.952900 6137.407700 6139.183900 6183.803900 6110.854400 6306.629300 5941.317000 6226.211100 6726.208000 6068.022000 6359.719700 6434.807800 6112.287700 6150.975500 6201.379300 6050.700100 6292.165000 5992.108400 5948.571200 5640.483000 6218.930400 6172.603800 6093.195300 6108.045600 5693.154700 6275.928100 6382.484600 6261.724800 6304.893100 6380.378600 6384.381200 5764.216700 6040.005300 5917.222500 6009.543000 6192.246200 5931.596700 6330.859100 5977.874200 6335.168400 6395.267800 5965.275500 5888.952800 5827.365100 
6094.215800 5870.951900 6087.457500 6244.924500 6234.242600 5978.027000 5816.184000 6171.863600 6152.583800 5939.124400 5945.199500 5912.510500 5556.323200 6385.997100 5957.238400 6001.865300 6347.715600 5877.613800 5924.884200 6380.577400 6069.720500 6262.117000 5473.182900 5817.749400 5969.784000 6388.405800 5947.010000 6103.025900 6115.872400 6255.021100 6104.931900 6018.549500 6152.791800 5869.422000 6286.039000 6102.684700 6264.864800 6026.053000 6232.040900 5970.540300 6047.966400 5691.563900 5854.820100 5916.207100 5655.110900 6598.463700 6241.175100 6050.139800 5967.517800 6180.571700 6219.538400 6598.527700 5995.026900 5923.897500 5997.612700 5847.577800 5804.703600 6027.957200 5470.975300 6205.358800 5874.748000 6049.323300 6408.021500 5923.603600 5947.829400 6276.316100 5854.145900 5774.554600 5998.615500 5806.274800 6385.095300 5848.897900 5595.892700 6221.517100 6186.802000 5636.689200 6055.674800 6044.477500 6357.315900 6028.698500 5773.641300 6199.107500 6231.005000 5763.877200 5925.945000 6236.564100 5815.565700 6456.035500 5841.132500 6358.957600 6001.294100 6105.658300 5844.006800 6174.807100 5738.241000 5976.770200 5790.843400 5971.295900 6251.417600 6132.868300 5645.508500 5812.070600 5768.953900 5814.720500 6393.751200 6362.550900 5838.021400 6130.107700 5905.562400 6001.676300 6073.443400 5904.332500 6232.209600 5778.591700 5830.230800 5851.562600 6096.706200 6009.562300 6112.512500 5892.483800 6097.099700 5735.870900 6062.033100 6212.086200 6225.527900 5867.350900 6098.475600 5621.345800 6047.920000 6110.051900 5850.770800 6237.668700 6284.168000 5996.158100 6105.814300 5826.503900 6167.736000 5831.889800 5938.493800 5458.527800 6025.396800 5153.697900 6328.039600 5694.909900 5995.798500 5771.484400 5820.454100 5362.720400 6458.278600 5937.077100 6050.583600 6111.931400 5754.650900 5752.943700 6146.469000 6179.165000 6062.789200 5982.276500 6325.421000 5940.611200 5762.549800 6022.779500 5836.349200 5975.241300 6532.816700 6073.857100 6316.791100 6365.129400 5895.268800 5799.814600 5797.045400 5963.353100 6106.790700 5800.141300 5977.959500 5744.732300 6152.260400 6017.372600 6087.059600 5897.226800 5825.967500 6257.270300 6210.214100 6391.577500 6032.830800 6166.600900 6194.641900 5723.882000 5853.028200 5828.990700 5962.741700 6165.007300 5945.498200 6141.255900 6174.784400 6330.134500 6150.972500 5911.551000 5849.667500 5613.554900 
6331.395300 5652.463100 6253.406900 6315.306200 6135.470000 6065.082000 5715.371600 6203.800100 6255.616300 5800.127600 5800.974000 6029.492200 5810.528200 6098.120200 5829.876600 5754.653900 6434.334300 5777.884300 5821.845300 6130.775900 5935.830800 5941.094700 5627.914100 6063.750200 5901.671100 6306.682500 5902.149700 6243.759200 6040.073800 6357.402200 5961.374700 6033.524000 6250.473900 6071.763400 6229.793300 5941.177000 6314.680300 6247.560300 6276.478800 6051.837000 6127.110100 6060.639100 5507.308500 6009.892900 5623.644300 6480.730600 6297.390300 5979.537900 5712.574300 6098.854000 5968.104100 6237.852400 6208.745500 5811.405400 6110.776000 5888.229600 6016.342500 6014.217500 5461.550200 6402.509000 5844.873100 6065.373900 6276.165500 6194.786100 6234.919800 6070.562200 5829.328500 5842.180100 6099.670800 5978.212600 6513.163600 5945.749700 5769.104300 6083.026500 6179.541400 5587.789400 6113.349500 6070.482300 6454.785300 5936.746800 5866.083900 6014.640400 6205.977500 6097.907900 6014.565900 6108.859000 5833.482300 6296.320000 5956.257400 6275.925200 6093.402100 6010.057400 5992.191500 5893.357800 5916.815800 6013.509700 5978.506600 5934.462400 6236.953700 6114.099900 5701.797900 5807.674200 5865.125600 5822.881200 6362.968900 6313.649800 5912.996900 6100.131000 5723.283800 6044.600500 6210.915600 6079.216900 6293.210900 5725.206500 5972.977100 5976.132200 5967.851400 6039.265300 6277.895800 5895.985000 5917.169200 5736.594000 6084.001600 6382.118200 6394.659500 6113.525600 5694.567700 5679.788800 6123.047800 6127.965400 5928.376500 6078.012700 6610.643100 6052.585800 6211.840900 5975.896400 6231.415200 5791.705900 5900.645500 5474.560500 6124.100700 5274.934100 6026.463800 5728.423800 6079.126300 5849.185900 5894.066500 5707.625300 6386.667000 5829.660300 6267.670900 6055.711700 5740.455400 5955.071800 5968.995100 6147.131200 6171.952700 5957.005000 6215.742400 5951.684900 5766.036700 6088.947000 5774.099900 6075.345100 6430.373600 5961.663300 6297.406100 6550.610600 5902.947300 5882.826700 5781.279700 5893.290800 6121.782400 5840.566300 5934.469100 5528.649900 6176.604100 6115.513200 5970.926800 5834.651600 5793.621700 6081.435200 6098.843300 6172.112500 5932.308800 6167.193900 6106.440100 5698.931300 5882.415900 5929.057800 5975.727200 6042.634900 5781.108600 6253.337900 5790.971400 6161.558700 6131.293400 5814.794100 5779.455400 5595.964600 
5973.306200 5666.316300 5854.522500 6102.377600 5979.405700 5875.810900 5803.660100 5957.062500 6012.135000 5748.666800 5804.388100 6050.160900 5590.311500 6031.814200 5816.135900 5712.091400 6329.216200 5707.100300 5667.274300 6127.580800 5908.099400 6128.416900 5571.524600 5824.568100 5654.354900 6167.012500 5737.132800 6022.027500 5984.909000 6117.943800 5791.860100 5981.104100 5751.641000 5814.599500 5943.429000 5821.291200 6002.770200 6090.965500 6102.225900 5940.924200 5963.401500 5824.869900 5583.855500 5887.324200 5579.297800 6310.225700 5960.995300 5969.216800 5472.448400 6052.861200 5967.148200 6139.579100 6081.189500 5803.333700 5874.202600 5601.921700 5859.357600 5792.128900 5475.252300 6070.127600 5561.789400 5843.946400 6061.317000 5849.064100 5854.485900 5940.448700 5504.260900 5718.445000 5941.549000 5816.666700 6364.348200 5838.992900 5582.655500 5838.110300 6015.529900 5425.423100 5806.928600 5811.737600 6214.224100 5851.628600 5982.718500 6011.132500 6252.874900 5753.227300 5919.928900 6008.465700 5773.146500 6331.767200 5948.817900 6198.428700 5616.970600 5921.401300 5782.809600 5911.482900 5785.204900 5936.609900 5986.437600 6080.086300 6148.061500 5934.833700 5734.951300 5706.386100 5749.224100 5830.035000 6108.929500 6013.813200 5755.747600 5951.859500 5795.678600 5735.175000 5923.435000 5851.523500 6229.978700 5806.252000 5855.083700 5814.769100 6017.545500 6114.272900 6015.239400 5796.833200 6000.863100 5682.540100 6040.540800 6002.124600 6197.451400 5926.254600 5876.861700 5457.098700 5972.579100 5930.811200 5916.611300 5959.055800 6259.311300 5917.155800 6137.263500 5820.703100 6376.748900 5704.663400 5882.677400 5433.380000 6041.796600 5280.357900 6029.680600 5581.322400 5897.624800 5617.821400 5883.713300 5516.412000 6123.097000 5748.036200 6031.929200 5956.201400 5496.838700 5768.635900 5934.619300 6014.716100 6097.551900 5800.764200 5845.039100 5800.123800 5693.302700 6125.784100 5692.963000 6060.210400 6298.199600 5873.385900 5965.858300 6248.990900 5637.977600 5790.633900 5824.869000 5746.716900 5915.490500 5692.504500 5870.159800 5422.139200 5977.442800 5728.089700 5984.557600 5745.661200 5724.447400 5785.724000 6182.921000 5959.466900 6012.024900 5998.556300 5946.320600 5417.547800 5968.485900 5752.314700 5850.521600 6162.849900 5724.849800 5880.094400 5789.874900 6213.136200 5936.840300 5618.401600 5470.257900 5619.332300 
5999.066500 5954.336700 6067.649600 6156.627200 5924.658900 6007.968800 5822.939900 6180.274700 6081.582000 5808.546200 5682.218600 6048.941500 5666.838400 6176.920500 6016.069800 5968.906700 6420.068800 5869.170300 5793.628600 6255.757900 5859.011100 6229.822600 5537.741500 5951.657100 5724.947500 6269.383100 6146.925000 6148.662800 6084.879300 6285.751200 5965.543000 6014.432600 6204.626100 5970.473600 6099.025400 5958.248600 6041.200700 6126.337200 6354.597200 5778.133400 6178.020600 5587.610000 5602.929000 5933.179700 5513.636500 6561.706900 6253.952300 6013.850300 5905.386400 6185.224400 6069.976800 6405.748100 5991.333500 5930.488600 6055.961100 5835.137500 6127.646000 5853.454200 5484.840700 6278.375700 5727.297700 6065.142000 6240.168500 6069.723300 6089.242300 6204.809900 6038.332500 5972.313300 6056.728400 5879.031900 6305.911600 5994.591000 5690.690900 6161.463100 6314.203900 5883.864800 6148.574500 5980.318600 6333.465200 6115.700100 5887.871900 6165.086700 6295.588600 5907.925800 6035.590700 6161.560800 5921.211200 6380.673200 6030.225700 6218.021800 5799.762600 6168.986300 5945.382700 6115.439000 5942.434400 6050.137600 5900.241700 6145.216700 6168.488900 6044.013200 5780.142500 5931.549700 5768.469500 5905.105900 6233.665100 6085.659900 5736.147600 6043.354500 5973.429700 5983.588100 5970.652400 5918.230800 6362.471600 5785.309800 5993.306500 5914.953300 6034.525500 6118.373300 6227.695500 5972.407600 5890.454600 5663.362900 6008.447000 6286.721300 6385.242000 5901.849600 5964.431000 5581.484900 5994.039200 6382.746500 5962.869100 6171.539300 6399.120000 5977.934300 6238.366900 5864.469200 6162.647600 5903.213100 5835.847800 5580.670200 5948.206400 5388.856500 6139.328500 5788.536100 6112.313300 5837.441400 5948.783800 5646.485500 6154.256000 5920.641900 6073.093200 6070.686600 5749.050900 5519.167800 6055.862200 6046.687700 6215.081000 6159.247400 6145.406500 5866.895200 5916.807300 6171.410900 5844.441700 6162.042200 6441.609300 6055.080000 6285.910600 6349.577900 6002.840800 5971.174000 5906.439300 5852.202900 6030.542000 5822.907900 6125.788000 5662.931400 6241.719600 6066.897500 6067.246700 5884.770600 5833.951800 6210.014900 6311.943600 6249.516700 6208.462800 6193.833100 6034.582700 5618.935800 5927.067400 5750.619900 5813.278500 6263.865400 5931.529500 6174.824700 5790.828800 6284.794900 5996.253100 5885.186300 5578.861000 5737.444900 
6356.428000 6040.422300 6295.934400 6522.875200 6448.595600 6303.199500 6060.980300 6467.100100 6439.348000 6026.457000 6129.291800 6378.644800 5721.194100 6561.022400 6252.233100 6227.478300 6587.548000 6136.176400 5842.252100 6398.346600 6340.482000 6395.394400 5746.693600 6054.256100 6138.217800 6532.046300 6022.444100 6380.104000 6357.003300 6536.530000 6247.883100 6109.480800 6147.766400 6396.816100 6613.230400 6372.967400 6488.227300 6201.969500 6548.421900 6024.868800 6335.256400 5930.325600 6010.375300 6320.583400 5912.219000 6694.262700 6567.161400 6281.082400 6113.111400 6504.068300 6237.726200 6707.274300 6420.495000 6128.746100 6380.580700 6022.975400 6087.768800 6346.600900 5688.669300 6543.799500 6200.452400 6344.825700 6563.133800 6303.359000 6386.857800 6392.536800 5924.222000 6158.753200 6211.616600 5976.807000 6771.551000 6047.855900 5942.792700 6332.753700 6529.946000 5808.468000 6263.352200 6111.771200 6676.583700 6382.677100 6204.004200 6272.644000 6542.461100 6239.998400 6241.461500 6215.127600 6087.470000 6552.264300 6162.265200 6583.391600 5967.636300 6221.797300 6242.695000 6446.834600 6277.295900 6258.129400 6183.238800 6423.746400 6419.881700 6336.237500 6157.614400 6158.776100 6295.929600 6208.957500 6493.209200 6456.435100 6121.222700 6170.324400 6139.150100 6174.538600 6335.104100 6194.748900 6510.658900 6083.146600 6191.854900 6140.123000 6300.336300 6342.510800 6607.755100 6062.964100 6493.530000 5884.688500 6247.194000 6515.325200 6516.851200 6378.432200 6147.384900 5722.529500 6444.084900 6586.786800 6322.204600 6442.952200 6661.785600 6174.632500 6465.525100 6120.375800 6488.234400 6042.003600 6058.145700 5626.393500 6308.129100 5595.427200 6314.697600 5992.203800 6258.698100 6041.601100 6147.459700 5707.147600 6506.601100 5974.313800 6397.571700 6356.964900 5920.975700 5965.318700 6488.474800 6419.055400 6289.949800 6251.212700 6227.555700 6154.680400 6051.811100 6490.968300 6145.025500 6288.242900 6759.981900 6053.184000 6557.783300 6528.612800 6078.509400 6164.461000 6110.552200 6185.626900 6466.228300 6116.932700 6354.787900 6110.056100 6485.664300 6304.861200 6405.905000 6037.843300 6116.598900 6293.129600 6412.438900 6377.666600 6588.652100 6527.351900 6488.980100 5921.260600 6206.133900 6034.071000 6124.320200 6377.209100 6230.532600 6384.759600 6148.932600 6463.348500 6499.385900 5955.978400 5988.305000 5902.571000 
5828.059700 5503.727000 5828.160400 5686.895800 5703.800500 5608.299800 5369.559400 5710.539600 5826.199700 5447.454000 5363.907400 5561.861300 5501.521100 5691.681400 5521.031000 5480.480300 6056.129600 5513.986900 5371.109900 5830.185200 5559.476400 5611.170500 5187.647300 5624.192600 5480.008400 5955.039200 5450.459000 5835.328500 5641.048700 5841.461400 5632.574500 5631.034200 5783.546100 5876.829100 5868.912700 5684.046400 5730.770000 5681.260900 5880.239300 5692.519500 5564.262600 5289.315700 5280.368000 5513.181600 5258.227300 6069.743800 5668.322300 5576.405900 5621.318900 5762.055700 5498.337800 6018.899700 5818.224400 5441.618400 5741.275900 5413.207300 5657.136700 5401.229500 5314.782100 5840.475300 5438.977500 5685.704900 5939.019100 5699.143200 5814.088500 5700.850500 5732.823000 5596.389800 5647.497800 5614.203200 5915.878600 5474.301500 5376.608100 5788.124500 5836.718800 5429.100200 5614.698900 5703.983800 6202.796200 5747.543300 5570.082400 5598.578000 5724.519800 5628.721200 5614.359800 5732.891300 5612.371400 6002.064000 5618.170000 6012.925900 5413.985900 5568.229300 5413.935500 5708.841200 5571.848200 5732.524100 5621.434800 5590.641700 5879.102300 5632.045100 5372.537700 5581.780600 5387.020200 5492.030000 5684.130300 5874.116500 5539.268600 5734.758200 5526.999800 5384.612700 5733.169500 5722.140700 5985.857500 5585.005200 5669.569600 5635.840800 5630.317600 5677.742200 5979.105800 5674.968500 5661.475100 5420.399200 5725.991700 6014.053200 5943.526800 5674.184100 5320.956500 5382.704800 5843.577500 5830.288200 5497.103400 5628.662600 6046.164900 5593.146600 5856.469200 5708.717400 5800.298000 5377.643800 5520.946100 5122.664100 5701.851800 4959.036600 5820.996900 5351.117500 5730.320400 5181.369600 5340.004700 5390.508400 5932.793900 5497.577700 5831.535900 5590.835200 5441.374500 5425.394900 5610.254500 5675.099500 5570.244500 5719.664500 5809.487700 5620.395700 5813.978900 5621.596400 5474.700200 5684.715600 6114.316000 5578.823100 5740.611200 5964.357700 5613.469200 5636.383900 5512.675400 5608.432100 5639.140700 5375.028800 5636.359200 5170.831000 5694.849700 5601.960100 5456.924400 5606.676500 5421.731800 5719.899800 5773.899000 5808.898200 5590.461000 5983.104700 5790.375800 5354.616100 5526.052800 5408.610300 5609.652900 5723.345800 5394.305800 5706.329400 5569.264900 5654.819900 5669.636000 5510.982100 5303.888200 5323.118000 
5748.829400 5461.504000 5752.728000 5955.425100 5775.732800 5602.678600 5500.579600 5792.313600 5728.664700 5354.515800 5289.188900 5802.359100 5466.200600 5802.335900 5695.245800 5553.521400 5976.362400 5536.285700 5518.421100 5922.714500 5838.943200 5753.043500 5082.309600 5475.034600 5547.759100 6124.800400 5579.245800 5724.678800 5719.171400 5919.974700 5593.647100 5799.562900 5707.094100 5802.505300 5682.170100 5802.802500 5743.260300 5728.102700 5935.680000 5653.508800 5641.093500 5409.423000 5270.134200 5562.836700 5407.379700 6254.582000 5713.636000 5614.907600 5457.251500 5942.099900 5708.330600 6036.035600 5899.529200 5399.924000 5545.185100 5454.570200 5440.994400 5446.897600 5316.950000 5777.186700 5438.677400 5745.879100 6090.754700 5761.052200 5708.086700 5807.814900 5428.256800 5487.021600 5659.725700 5725.868800 5852.815700 5538.935800 5501.403700 5732.907800 5820.646700 5230.562600 5579.776600 5652.537200 6203.785300 5663.933100 5485.182600 5811.922100 5827.849000 5762.691600 5610.454200 5635.909500 5649.457800 5882.465000 5668.137100 6090.669600 5453.959500 5586.290500 5563.346000 5789.532800 5663.760100 5545.982100 5639.164400 5615.016100 5814.506700 5774.627000 5577.357400 5658.919300 5540.793300 5440.823900 5881.202900 5816.527600 5573.263500 5732.455400 5635.866900 5687.975400 5928.604500 5683.625200 5921.955700 5620.658400 5670.999000 5532.377700 5830.326600 5848.548200 5861.659900 5435.920900 5881.242800 5307.295800 5560.527900 5812.935400 6101.862900 5635.857000 5435.541600 5399.379500 5751.472000 5922.104000 5660.633600 5693.244200 5996.429600 5677.348000 6034.523200 5576.874800 5817.286000 5539.225700 5598.996000 5168.824200 5679.822600 4899.420800 5986.588900 5350.181900 5531.782400 5442.429200 5626.624000 5237.924300 6035.948500 5542.712600 5770.726600 5630.038400 5289.248200 5547.860200 5797.223200 5852.404500 5679.459600 5801.506700 5675.849400 5538.656300 5395.565100 5738.913700 5347.913000 5698.233000 6122.254600 5691.689000 5885.810000 6047.775200 5706.130800 5565.986000 5542.274500 5675.065300 5785.413100 5424.081700 5672.380000 5275.142000 5693.297100 5704.819200 5649.300300 5660.899900 5691.070600 5676.471300 5761.849200 5611.671800 5634.987800 6068.979100 5856.686800 5388.860400 5534.446800 5545.169100 5547.871700 6002.502700 5483.042900 5711.144000 5415.767600 5987.774800 5703.551000 5436.136500 5299.174900 5428.156200 
6018.765000 5729.903100 5946.053200 6260.349400 6161.275700 5810.364000 5588.732400 6071.320900 5809.305000 5764.711100 5746.064300 6017.346800 5601.048500 6196.430300 5957.458100 5730.790500 6168.802200 5759.976200 5759.574300 6278.526400 5821.042600 5892.753600 5591.067900 5607.197200 5996.399600 6108.237200 5773.999700 6061.798300 5941.907200 6288.040200 5926.825300 5889.207300 5952.017400 5934.537100 6236.169500 5759.228900 6110.861300 5841.899600 6190.539000 5774.287000 5844.968000 5816.030600 5594.786500 5814.552900 5562.971000 6323.776200 6054.030500 5761.983700 5696.970100 6025.656300 6016.508000 6147.014300 5997.488700 5865.811200 6083.598300 5695.296200 5812.396300 5823.590500 5576.639600 6102.503000 5785.342500 6049.852600 6147.065500 5979.644900 5847.440600 5977.401700 5719.756400 5727.673300 5842.221000 5668.285700 6169.937500 5813.448200 5445.487400 6227.607400 5981.220600 5644.385700 5829.978500 5971.598400 6384.636500 5852.000100 5973.059500 5835.322000 6051.810700 6076.225800 5836.974100 5926.439100 5836.290300 6374.155800 5747.208200 6339.157800 5715.922700 5988.382300 5694.820300 6003.026200 5961.613900 5975.325100 5760.543200 6068.134700 6231.506400 5833.781000 5805.917900 5718.009000 5777.600700 5800.371800 6064.263200 6110.595600 5970.830800 5970.501900 5729.841100 5797.825000 6034.649100 5748.745500 6229.256600 5821.764100 5895.201000 5702.668400 5861.721000 6173.017300 6353.136700 5722.362100 5986.292700 5599.305300 5914.670700 6303.192200 6226.183500 5987.121000 5847.443700 5651.770700 6034.898900 5954.225900 5968.736300 6079.811800 6199.685700 5909.097400 5882.958000 5995.969700 6134.845200 5777.284000 5863.188700 5428.835800 6075.999900 5333.412100 5971.866600 5599.502200 5882.552900 5587.272700 5598.871200 5434.435000 6138.684600 5792.399200 6199.195000 5890.346800 5588.722400 5604.090000 5938.845800 6067.169900 5896.689100 5906.318000 6157.741400 5896.730800 5779.795300 6030.601500 5819.958300 6065.277100 6443.550100 5851.895800 6105.163700 6222.221200 5800.274700 5909.270100 5661.688900 5882.141700 5879.658100 5600.902400 5924.751700 5565.605300 5980.045200 5946.673800 5889.996600 5933.295800 5673.098900 6032.154400 6303.421200 5831.004200 5950.050900 5947.216400 5875.845600 5498.755200 5750.913800 5634.918900 5848.616800 6062.902100 5692.461800 6183.477200 5687.021100 6400.747800 5877.844400 5744.359900 5513.616800 5622.040800 
6406.308100 6060.688900 6368.544100 6580.045400 6228.700500 6177.470900 6066.667100 6289.717000 6450.085500 6242.758800 6055.862400 6371.335600 6072.790000 6704.181200 6147.188900 5911.622200 6546.880200 5958.874800 6036.584800 6420.903500 6147.463800 6311.444100 5770.832800 6083.537000 6179.157000 6548.416300 6050.491000 6300.083800 6339.800700 6586.780500 6220.837400 6232.802700 6450.383600 6565.398000 6520.474900 6268.306200 6574.673200 6279.552900 6684.199100 6112.437100 6344.160900 5885.376700 6065.246400 6271.020100 6087.275000 6694.009900 6544.054300 6283.502600 6247.106100 6465.186400 6367.715200 6719.947500 6447.476000 6115.083700 6335.355600 6151.020200 6109.735000 6229.754700 5720.770200 6540.518800 6100.622500 6331.236500 6531.253200 6407.858600 6492.073300 6496.296800 6065.816200 6205.364200 6259.323800 6139.486800 6678.035000 6208.721700 5866.298100 6413.011300 6456.848100 5973.842900 6155.202100 6306.137700 6680.768800 6432.030800 6177.380300 6451.866200 6482.830900 6272.381400 6149.758800 6302.226400 6061.281300 6494.227400 6149.529600 6572.880800 6129.334100 6411.318100 6139.600700 6316.523800 6281.875500 6416.863000 6264.082200 6339.491600 6567.695100 6275.816100 6068.445000 6146.882000 6002.867800 6309.509900 6538.612900 6423.130100 6118.551400 6340.698900 6024.402900 6296.765300 6379.814200 6290.499300 6605.363100 6235.396000 6305.044300 6349.126100 6367.889100 6226.422800 6708.972600 6185.272600 6127.254200 6259.902500 6448.996900 6689.323400 6548.295400 6333.457900 6277.416700 5960.941900 6413.878300 6554.382300 6276.193400 6271.354000 6702.177200 6357.590200 6700.435100 6121.390000 6442.539500 6280.619400 6268.894800 5760.798900 6369.777500 5519.092200 6452.411500 6280.283700 6199.988600 5991.669500 6156.026200 6003.114600 6638.026500 6269.232100 6445.697300 5948.037500 5964.601400 5998.905600 6487.958700 6508.176900 6497.657000 6228.374200 6439.325900 6203.500500 6082.926300 6484.334800 6262.899500 6520.362100 6821.939400 6419.939600 6470.026200 6676.428800 6316.716700 6391.428700 6273.789700 6179.949800 6268.296600 6103.188000 6279.383400 5985.603000 6364.001700 6319.620700 6381.415400 6153.880400 6340.558800 6309.301900 6527.011400 6316.668400 6290.233400 6391.841600 6611.363400 5991.917300 6253.487800 6101.411400 5992.612700 6535.539600 6147.454700 6571.707900 6274.853800 6508.427900 6581.380900 6108.045400 6017.404600 5834.814900 
6560.179100 6084.091800 6392.677300 6693.723800 6305.782100 6244.641800 6177.651000 6504.221100 6575.076700 6372.371700 6013.282100 6330.058800 6084.644900 6601.767000 6219.498200 6046.837400 6604.019400 6025.264800 6312.091600 6714.129700 6298.463100 6531.939600 5901.131600 6289.095100 6203.658300 6599.434400 6303.906300 6531.752600 6339.804100 6599.660200 6301.042000 6235.924100 6604.658400 6144.899200 6623.554400 6149.876500 6699.409500 6363.673000 6607.763500 6553.046000 6436.708700 5994.450700 6214.264300 6336.164600 6093.710100 6834.323900 6610.353200 6070.488200 6358.185400 6463.221000 6530.231900 6672.795000 6317.053700 6075.357400 6379.628400 6194.244600 6212.260700 6314.495600 5793.046500 6533.836800 5943.137200 6421.356300 6535.714000 6653.843600 6481.320700 6687.712600 6304.107900 6082.955500 6320.808700 6003.618000 6679.415200 6143.140400 5991.060200 6535.624800 6458.794200 5853.787300 6269.131500 6344.162300 6670.384500 6348.863000 6184.200300 6521.931200 6592.105500 6322.591400 6093.006200 6455.193300 6379.637100 6775.828300 6223.718400 6658.012100 6402.917400 6359.446600 6171.804500 6367.898500 6163.902600 6282.198000 6441.122700 6342.415900 6605.512800 6261.317300 6300.504700 6302.329300 6275.045300 6251.453600 6657.403300 6625.473700 6086.857300 6439.949600 6033.767800 6361.712900 6328.693900 6301.172100 6704.136600 6351.358900 6195.815300 6238.401300 6537.164700 6371.232200 6654.965400 6293.194900 6159.685000 6172.964000 6561.201900 6765.897700 6734.885300 6379.889000 6154.370600 5942.078000 6541.220200 6418.259700 6219.446000 6470.240200 6724.097300 6214.195700 6552.620500 6118.431000 6579.525200 6193.406800 6593.580700 5893.965900 6350.910300 5495.375300 6426.407800 6192.959900 6251.088900 6162.225000 6166.754500 5889.036900 6636.385900 6394.102000 6394.410100 6062.130700 5889.356300 6050.903400 6312.966200 6640.469800 6523.608200 6395.714100 6611.030300 6483.092300 6008.121800 6437.376200 6038.158700 6473.625900 6754.428600 6431.557600 6483.460400 6836.940300 6325.294700 6154.225300 6228.680400 6127.809900 6291.318600 6193.527100 6290.844300 6002.365600 6372.704900 6235.764200 6553.669700 6232.598500 6255.704800 6219.756500 6680.253700 6456.909800 6263.175600 6465.223000 6315.601800 5822.920800 6203.672800 6214.211600 6252.825800 6422.720400 6150.194400 6657.278600 6239.057600 6732.125000 6343.716500 6150.915000 6216.870600 6016.433400 
6003.640700 5725.183800 6003.420900 6306.575100 5876.639800 5835.356900 5960.596800 6083.494800 6010.346000 5691.216200 5597.635400 5830.991800 5684.902800 6120.517600 5734.604300 5576.455000 6143.920000 5694.554800 5767.400500 6087.337800 5777.475900 5975.169500 5563.083000 5811.909300 5906.530300 6020.563600 5901.756600 6020.476900 6069.897400 6008.386200 5736.920100 5846.914400 6009.797200 5872.379700 6045.203300 5765.197300 5812.603400 5964.061100 6268.849700 5986.559900 5898.195500 5768.244500 5717.973400 5719.789100 5451.583300 6263.894000 6160.213600 5917.155400 5836.690700 6018.734900 5924.228700 6162.746900 6020.692000 5701.047700 5993.758900 5603.282400 5826.937000 5785.090600 5371.687000 6170.720800 5474.098200 5993.490500 6019.645100 5934.244800 5966.340500 5928.367100 5747.204800 5757.090800 6018.587700 5814.826100 6297.869300 5748.314400 5660.096300 5956.378300 5832.646100 5633.008900 5787.670500 5825.047500 6332.743600 5817.383800 5784.644200 6020.383300 5945.967500 5875.903900 5931.289600 5888.009600 5731.650700 6344.589000 6000.403000 6201.833500 5735.412800 5976.591600 5794.105300 5916.034600 5682.537100 6048.658900 6003.430700 5780.807400 6008.031300 5766.746800 5734.805000 5727.787800 5780.503000 5815.637400 6115.050200 6232.863200 5801.174100 6056.502600 5596.437500 6034.249700 5748.044300 5671.610400 6211.402400 5649.059200 5970.959800 5878.656400 5845.502700 5866.865900 5927.043500 5874.626900 5862.413300 5734.146300 5996.146800 6085.049200 6358.858600 6023.236400 5746.470800 5584.481600 5892.294200 6081.423100 5925.709900 6148.989400 6148.298300 5984.567400 6104.170700 5809.126200 6119.586300 5872.450200 5685.311500 5314.921400 5929.165200 5112.026000 6111.415400 5703.197100 5768.535500 5704.154900 5819.054500 5524.759300 6227.711800 5916.056200 5959.189800 5728.780400 5535.534700 5600.922400 5954.138600 5905.059600 6073.374000 5912.540400 6105.826400 5847.462700 5719.475800 5905.398600 5625.822700 6031.181000 6265.727200 5958.076900 6124.204100 6284.142800 5887.048500 5649.449900 5740.092900 5602.788500 5893.307200 5551.026600 5924.462100 5418.172100 5827.300000 5923.129800 5841.497000 5787.037400 5798.534400 5875.427900 6102.794400 6089.033300 5794.136500 5994.548000 5910.558600 5597.101700 5630.953700 5609.447500 5924.626500 6063.204700 5827.000600 6120.521400 5832.644700 6300.137400 5969.499500 5692.684600 5613.020000 5680.336200 
6242.263500 5682.774600 6265.342000 6528.360900 6365.211800 6106.176400 6019.109700 6345.179100 6347.326100 5891.967100 5919.220100 6083.418900 5870.356600 6416.814500 6245.091500 6094.102500 6597.294900 6112.247500 6035.664900 6400.223900 6289.177200 6268.660600 5586.880500 6161.591000 6172.207000 6524.213800 5938.425300 6122.683700 6182.633100 6598.222500 6065.529200 6211.529900 6317.873300 6335.260900 6371.119100 6343.165000 6360.629800 6234.111300 6456.024700 6089.726500 6184.798700 5995.396500 6110.239500 6188.971900 5847.652600 6691.328800 6371.479300 6137.433000 5976.079300 6440.349700 6440.863200 6605.308100 6351.409900 5969.596400 6047.087200 6119.322800 5986.566600 6273.630600 5744.620200 6283.463600 6008.116900 6334.166000 6693.077100 6293.517100 6320.892800 6311.604000 5879.434100 6049.048400 6323.278500 6025.982100 6329.170700 5949.726900 5847.143200 6440.366600 6301.047600 5851.344900 6143.331400 6230.648200 6554.989000 6235.903500 6062.556700 6301.479100 6462.270200 6242.941400 6104.922000 6212.296300 6034.647900 6700.761000 6311.817100 6426.150800 6066.407900 6254.666000 6066.961000 6316.548900 6101.964300 6254.677800 6263.222900 6214.599500 6482.377100 6130.677400 6150.542600 6041.611800 6149.865400 6045.053100 6518.120700 6463.398900 6025.738400 6297.016900 5983.763900 6118.703100 6508.078100 6324.531300 6498.408700 6057.830900 6207.721500 6141.614200 6226.681900 6123.631500 6426.192700 5958.641800 6115.044200 5974.606500 6163.741200 6702.237800 6533.043700 6063.685100 6127.852400 5881.692500 6206.838000 6459.037500 6059.603000 6315.666400 6623.931300 6213.614500 6274.482800 6028.637800 6387.247800 5957.358100 6207.902500 5745.356700 6219.161300 5493.893800 6464.811600 5967.314500 6093.847200 5806.883000 6132.329100 5727.994400 6522.161000 6180.780000 6400.731900 6092.880000 5592.717000 6021.353400 6217.315000 6239.677900 6107.135200 6159.255200 6483.070100 6205.813300 5849.677000 6245.088700 6179.986000 6250.404500 6615.834200 6369.527700 6508.563400 6419.398300 6216.256500 6232.389500 6217.968400 5988.071800 6328.055100 6156.918500 6230.869800 5884.651700 6087.195700 6196.936500 6316.231400 6037.198800 6067.973700 6119.583100 6498.903800 6239.444500 6319.851700 6219.198600 6369.215400 6053.504400 5922.670400 6059.713900 6067.240900 6150.947100 5972.413000 6368.262800 6162.036300 6419.757600 6212.600800 5886.945500 5785.883600 5687.079400 
6154.676400 5773.563600 6002.770000 6353.662600 5929.036400 5920.671000 5540.997700 6135.724200 6184.738400 5796.554300 5554.878800 5997.466400 5659.242400 6067.440000 5637.433200 5904.196000 6277.115900 5622.372600 5739.680400 6164.848900 5824.111100 6034.223600 5531.969100 5768.018700 5901.463000 6191.983000 5994.035400 6017.271100 5992.387900 6226.301300 5903.293300 5973.934200 6148.555500 6001.498300 6025.416000 5906.735800 6037.393500 6032.199800 6149.756700 5913.911600 6056.921800 5751.540100 5664.211900 5985.094200 5652.738000 6499.437700 6110.517800 5962.600900 5927.992200 5989.435600 6036.492700 6231.402600 5823.585900 6025.274900 5823.594500 5932.613800 5636.404900 5977.834400 5499.645800 6056.808500 5779.631000 6185.009100 6269.348200 6069.302500 5857.132400 6116.598500 5666.514700 5698.710900 5960.728800 5870.959000 6307.029700 5779.095700 5767.396200 6132.561900 5998.541900 5524.353500 5933.912700 5982.955100 6344.443200 5959.829900 5709.340700 5978.481600 6246.090900 5866.402600 5888.131400 5982.988500 5870.018400 6302.960800 5975.421600 6205.451400 5854.265400 6010.169600 5990.799600 6022.295700 5917.456900 5866.736400 6029.295700 6005.196700 6293.234000 6145.691900 5970.367700 5507.838300 5779.345800 5964.092500 6181.336400 6191.531700 5769.629300 6005.632900 5741.913200 5754.068200 6115.505900 5817.559200 6244.478700 5879.669700 5840.598700 5851.544900 5913.073300 5985.172800 6210.205900 5872.128500 5995.020600 5707.003300 6073.312500 6325.815000 6356.067000 6045.692500 5841.151600 5766.741200 6112.966400 6081.855700 5906.595900 6228.622900 6166.408000 6055.553500 5988.065800 5739.630400 6249.779700 5789.605100 6045.970600 5326.465200 5923.827200 5331.142800 6001.004600 5635.166100 6001.595200 5854.285600 5898.423600 5483.989600 6197.562000 5831.861000 6105.797000 5930.054800 5544.723900 5800.421900 5957.928900 6070.765500 5962.787900 5875.215300 6307.904000 5887.216100 5805.040300 6050.017900 5637.978600 6008.672200 6360.257700 6007.969700 6211.663100 6150.941100 5932.245100 5953.152700 5791.756500 5720.419500 5833.081000 5687.081500 5792.574400 5495.115700 5983.988300 5924.999400 5910.194800 5688.286000 5466.157000 5860.187900 6210.625200 6017.029100 5953.155400 6169.765300 5952.834200 5634.616100 5623.507000 5911.572700 5920.606600 6096.256300 5764.095400 5947.208200 5946.991700 6012.928400 6016.233400 5751.819100 5707.769300 5509.909600 
6387.693200 5877.718000 6142.611200 6437.361500 6228.742500 6103.612500 5934.799500 6067.825000 6404.550600 5907.879500 5996.134100 6343.462400 5977.812600 6366.857200 6099.351900 5981.564000 6571.452100 5965.383300 5973.624200 6336.523700 6291.489900 6104.474600 5662.601300 5947.177300 6141.303800 6444.942500 6070.414700 6283.731000 6313.736000 6523.529900 6017.365100 6274.519800 6215.577800 6367.870900 6326.138200 6268.415800 6320.379600 6209.617100 6445.906400 6163.389500 6308.640000 6010.453400 5794.213200 6015.222200 5906.394600 6647.690900 6252.374200 5919.643800 6045.079800 6370.233400 6231.552400 6450.958300 6154.631700 6106.893400 6120.680900 6091.639100 6077.665600 5975.753100 5517.453700 6390.412200 5906.700000 6310.230400 6709.841600 6421.358800 6270.535100 6240.946700 5897.571000 5895.277500 6288.186400 6128.951100 6341.772600 6029.957700 5625.276500 6400.107500 6404.396300 5950.719000 6095.884000 6266.090200 6586.086300 6001.656900 6028.862600 6036.027100 6208.740500 6171.860400 6056.135900 6125.486900 6160.997300 6477.453900 6052.174500 6545.717900 6013.617900 6126.037100 5876.482700 6268.145300 6298.955200 6281.298300 6189.618500 6143.883500 6505.474900 6006.862900 6132.133100 6150.868800 5875.519900 6042.449100 6469.400700 6203.445100 6049.567500 6172.026300 6029.030600 6106.146000 6308.426600 6151.049600 6563.006400 6104.378900 6122.140200 6128.025400 6229.540700 6274.809800 6387.440500 6028.703100 6257.389100 6069.629500 6217.158200 6359.854200 6793.133600 6130.589800 5849.338000 5783.791300 6381.827100 6360.475100 6109.867700 6212.963700 6493.837800 6115.336500 6417.825800 6048.656200 6342.361100 5807.362300 6110.042100 5682.514100 6082.350800 5264.287300 6467.303200 5960.780400 6016.433700 5860.866100 6087.164500 5671.854800 6338.863500 5975.458100 6218.550000 6110.496700 5693.391700 5870.790200 6123.483000 6288.466700 6191.854300 6213.006000 6364.359700 6121.281500 5922.210400 6357.524800 6006.472700 6257.196800 6608.741800 6162.945300 6229.735100 6575.504100 6194.732000 6279.463400 6044.484900 6196.576800 6213.819000 5804.577000 6143.622000 5742.513500 5964.784200 6241.360500 6106.997200 6171.585400 6011.534300 6063.214500 6399.900400 6070.480400 6035.953400 6264.815300 6109.483500 5750.820500 5930.738200 5918.101500 6073.736300 6211.693700 5963.278100 6449.263900 6056.041000 6327.391400 6226.972800 5952.987900 5994.418300 5800.598400 
6573.066700 6256.844600 6552.705200 6696.646600 6387.020600 6174.627800 6171.089900 6662.782500 6715.076400 6172.085100 6275.292400 6386.595600 6084.402700 6745.114800 6293.068500 6328.816400 6667.059100 6364.816200 6158.483800 6546.986900 6277.631900 6573.875900 5836.517100 6178.504500 6246.858100 6659.829600 6240.514100 6388.054400 6345.688300 6933.336000 6142.134200 6401.890500 6469.526300 6502.313000 6599.248700 6429.581400 6564.365700 6429.634000 6757.783100 6433.787300 6343.383500 6159.746800 6239.239300 6225.298500 6039.500500 6804.870800 6687.290300 6281.543000 6469.480400 6680.266500 6445.430600 6778.030600 6580.016000 6280.204800 6468.995800 6235.237100 6371.185400 6235.667200 6045.378800 6550.508000 6233.392700 6418.590300 6711.081600 6346.162000 6783.125600 6528.548100 6143.397900 6182.575200 6566.962200 6107.660700 6635.246600 6161.640900 5874.974100 6604.054200 6482.333900 6218.942000 6423.799200 6443.907800 6888.144500 6514.043900 6256.228200 6307.369400 6549.467000 6273.127600 6298.330000 6482.102200 6324.121200 6655.176100 6476.293800 6686.012200 6333.220400 6408.472400 6125.986100 6402.288700 6347.211800 6619.166900 6190.115400 6475.140400 6619.373700 6377.040800 6137.090000 6286.219200 6212.872500 6243.269200 6534.649400 6526.088200 6177.116200 6408.336000 6111.676500 6360.723700 6408.488100 6448.477600 6553.575700 6095.228500 6306.306100 6425.901600 6525.299800 6271.684600 6606.384600 6321.087000 6303.722200 6025.196500 6368.765100 6815.844200 6711.189300 6477.708800 6236.868300 5992.213400 6356.947000 6580.592700 6299.037900 6538.933800 6784.732200 6351.748400 6637.257000 6404.267300 6602.256600 6175.622200 6291.010200 5900.019600 6256.620400 5562.760300 6650.449500 6244.916500 6200.737000 6209.164000 6038.786400 5916.017300 6848.273500 6358.028900 6475.693900 6307.275600 6194.093800 5959.564800 6652.096400 6515.375600 6374.052000 6509.137200 6764.525700 6314.911100 6226.802500 6285.311200 6139.548400 6472.759900 6914.306700 6385.657100 6696.022300 6838.270000 6299.422000 6169.532000 6367.971900 6203.794100 6560.192400 6075.439200 6416.387100 5934.278900 6315.949600 6421.066900 6515.490400 6451.899400 6207.255700 6351.031700 6600.558600 6494.245200 6373.810700 6646.634700 6611.604200 6020.819900 6380.389200 5903.302700 6369.768100 6524.991000 6279.320200 6747.498600 6305.251300 6455.860900 6612.035600 6198.832000 6068.964400 6164.365200 
6309.545900 5727.319900 6167.558300 6303.120300 6101.236500 6049.133400 5989.774800 6227.786800 6260.889800 5926.619600 5793.914100 6251.846100 5934.111900 6365.953200 6044.147200 6074.514600 6627.747000 5870.294800 5946.087400 6212.145100 6071.383800 6211.252700 5602.926000 6158.231400 5859.834900 6265.697700 6020.237100 6333.576200 5988.098000 6423.147200 6001.601700 6062.036600 6171.905200 6039.912800 6160.009700 6115.964700 6434.824000 6174.027400 6390.854000 5998.864400 6068.897000 5891.934900 5710.068900 5990.437700 5913.568700 6571.833800 6347.029000 6178.421700 5908.090000 6268.662400 6297.559900 6435.354300 6156.014500 5862.006900 6055.692400 6021.058000 5903.861200 6102.467100 5506.058200 6344.762900 5835.571400 6276.015200 6420.720300 6209.295400 6348.512600 6454.914200 5916.703800 5963.053100 6268.829100 5914.638600 6338.888300 5929.547000 5699.210000 6341.427700 6293.088800 5815.966300 5969.226100 6169.788600 6521.703100 6128.022800 6034.562400 6047.878200 6460.158100 6095.391900 5932.939100 6282.809100 5961.815500 6488.295500 6048.292400 6309.081200 5855.434600 6126.496900 5927.025100 6192.390700 5994.944000 6222.984100 6002.420600 6221.992800 6351.895100 6233.848100 6045.877900 5898.646400 6030.282300 5916.692500 6333.993900 6220.543800 6097.433200 6182.485100 6188.281900 6061.679500 6175.658900 6204.815400 6409.930600 5987.730600 6022.655000 6065.989600 5985.718700 6121.864500 6323.845700 5947.826200 6081.115200 5929.339300 6171.068200 6338.728200 6435.250600 6167.008700 6038.085400 5750.834600 6263.926000 6403.151100 6018.229300 6309.088400 6684.677400 6034.767300 6257.492400 6038.269800 6328.834300 6042.722600 6089.405200 5722.784800 6150.178100 5265.667500 6274.324200 5814.148900 6086.132200 5833.013400 5846.435700 5703.849800 6307.388300 6161.153700 6313.701800 6060.109100 5888.465600 5901.372800 6238.193800 6263.943000 6286.669300 6058.911400 6333.881300 6078.836700 5939.923300 6308.294600 5953.908500 6268.499800 6560.862400 6056.798600 6439.167900 6571.877300 6080.327000 6064.411000 6037.658000 6074.824500 6148.607100 5958.519500 6187.538300 5713.495600 6313.332100 6129.437200 6029.684900 5956.767100 5921.251000 6190.283300 6498.876600 6238.040300 6149.740000 6246.931800 6132.997700 5725.949700 6044.536600 5896.543900 6017.279200 6349.242500 5851.368800 6277.964800 5947.200400 6347.622100 6138.076100 6054.195700 5593.513600 5763.640100 
6121.639600 5547.011200 5925.290100 6208.354500 6179.991400 5812.405200 5667.988700 6085.828900 6093.770600 5650.523900 5751.243900 5883.221600 5664.675500 6202.025800 6171.561200 5711.552000 6237.798900 5673.992500 5792.598000 6190.822500 5888.883700 6197.226000 5271.973300 5764.293200 5954.919900 6147.737100 5887.382000 5948.826900 5909.367900 6406.489900 5858.993700 5782.395400 5842.893700 6122.619300 6277.644500 5748.585600 6145.987800 5991.719200 6427.106900 6039.886800 5757.297500 5656.482300 5634.038800 5960.765900 5640.551600 6434.581800 6087.184200 5826.609600 5877.004200 6182.631800 6014.239800 6147.157100 6106.248800 5843.764500 5939.995000 5670.201500 5824.234800 5715.622000 5445.002600 6192.847200 5799.398300 5875.026100 6183.709500 6058.096500 6040.377100 6170.399000 5708.327600 5772.804600 6057.293100 5891.869100 6284.915700 5611.072000 5494.298900 6120.620700 6067.477300 5830.834000 5774.316100 5780.276900 6332.422800 5742.071400 5747.325300 6267.483300 6069.129400 5924.828500 5851.934100 5886.604600 5855.466700 6264.164100 6014.975900 6280.915300 5683.276900 5861.826700 5816.688600 5942.407900 5951.421400 6118.429500 5953.869200 5963.475000 6017.480000 5633.410000 5787.329600 5903.662300 5744.561100 5651.670400 6048.339400 6077.793100 5768.310000 6004.797600 5851.666900 5853.661400 5854.401800 5937.961000 6223.172300 5658.705200 6035.017200 5905.087800 5983.623300 5851.374200 6305.466700 5825.050900 6024.069100 5658.753100 5982.447600 6343.999000 6146.059000 6097.563800 5848.723800 5585.449000 5992.007300 6072.747100 6046.856000 6057.349600 6478.614200 5823.681000 6074.983800 5859.842400 6261.368500 5647.928600 5905.987300 5326.365600 5785.505600 5208.271400 5988.980800 5609.681900 5885.631900 5717.997800 5694.642700 5643.044600 6115.875900 5955.580800 5974.813300 5862.186000 5536.537100 5668.914200 5950.409100 6073.244000 6134.470600 5771.689900 6142.837400 6030.436200 5650.297000 5784.203200 5605.342000 6119.718500 6410.407700 6000.374300 6191.083200 6380.019900 5779.357100 5758.080200 5744.240700 5857.650700 6009.585700 5672.004200 6083.414600 5535.065500 5961.820700 5841.667800 6140.360100 5871.271400 5772.470500 5821.342800 6037.519900 5925.919000 6037.181100 6146.251500 6178.010200 5554.429500 5765.378900 5586.800200 5805.297900 6122.833400 5714.877300 6203.811600 5837.525000 6271.829100 5937.355200 5748.167200 5552.844900 5504.515600 
6405.985600 5942.314300 6238.513200 6540.469000 6292.210400 6337.670700 6196.252500 6463.318000 6554.550100 6134.182100 6087.064000 6419.445100 5987.567900 6643.837500 6248.613200 6104.516300 6493.513300 6066.895500 6188.651700 6416.715300 6162.905200 6490.132300 5860.708100 6288.866600 6160.743800 6675.768000 6011.995200 6339.864200 6385.357700 6632.896300 6096.127700 6126.048200 6291.907000 6282.231900 6488.881000 6294.721500 6393.184500 6401.855100 6667.059000 6323.767900 6414.038000 6048.799200 5904.561400 6386.060300 5967.123100 6804.003000 6710.618600 6188.984400 6202.239800 6690.814900 6463.031200 6563.685400 6424.263900 5990.252700 6146.411500 6077.285600 6195.254500 6237.316200 5641.769100 6431.094800 6117.352200 6364.805300 6535.403200 6478.453000 6398.777700 6540.623800 6088.864000 6206.486100 6383.997800 6239.791700 6609.290500 6208.985700 5972.324000 6351.749000 6556.175700 5884.928600 6264.276500 6235.148200 6765.968300 6375.506800 6193.814300 6446.448600 6436.640600 6158.362500 6215.296800 6262.374300 6152.531500 6712.274500 6171.209000 6606.414200 6120.415200 6396.267400 6347.497100 6363.295800 6259.156400 6454.398900 6230.017900 6295.789800 6596.042400 6472.902800 6200.180600 6160.590100 6142.418900 6300.289100 6420.233300 6383.529000 6128.648900 6499.643700 6046.369000 6323.557300 6464.468400 6242.054100 6604.230500 6138.017400 6251.452800 6130.726400 6396.488300 6207.797800 6527.025300 6235.717800 6173.899300 6071.979200 6451.257600 6572.322400 6521.301900 6383.841900 6011.016500 6104.614900 6318.892200 6407.694100 6436.593300 6331.422700 6595.410000 6338.887000 6424.105800 6264.850500 6516.758600 6237.647100 6441.313200 5726.526200 6289.053200 5530.101700 6330.169100 5936.403800 6133.822000 6032.356700 6243.369900 5843.818400 6550.284700 6327.309400 6381.361000 6214.916000 5794.428500 6136.764300 6276.407900 6368.461200 6345.103400 6452.088100 6539.472400 6095.516000 6046.109300 6430.147400 5908.470600 6421.931100 6547.438100 6241.722600 6601.300300 6631.864600 6296.003600 6188.514200 6116.711100 6158.657400 6420.828200 6043.016700 6341.581900 5983.583700 6324.693900 6289.658300 6143.981700 5966.354300 6082.124200 6294.131300 6568.251800 6454.955400 6319.844100 6584.899200 6367.793000 6050.315800 6153.401900 6277.078300 6199.931000 6516.216700 6184.491600 6443.113400 6097.887700 6587.873600 6295.850700 6155.837200 6078.773800 5958.853400 
6434.488500 6030.172000 6505.226100 6557.862400 6406.428600 6316.540600 6064.235600 6474.319700 6454.639700 6144.982600 5902.967600 6277.698900 5917.260600 6580.600900 6267.476400 6278.381900 6492.292600 6056.552600 5962.508000 6541.925700 6267.297400 6318.699100 5837.258500 6098.902100 6170.504000 6741.340500 6300.256400 6339.513900 6306.894900 6712.986200 6211.280800 6379.565700 6510.916900 6405.517400 6605.738800 6304.868700 6401.879400 6408.156800 6710.049200 6356.448300 6337.234000 6061.455900 6024.420400 6224.680800 6068.862600 6998.055000 6450.701300 6384.348900 6368.137200 6739.170500 6304.843500 6470.861600 6545.951300 6144.738100 6293.850500 6359.239300 6219.467700 6131.848100 5856.332100 6423.470500 6362.667800 6510.821300 6733.723200 6313.847500 6602.486100 6485.927900 6209.792500 6128.566000 6230.043900 6098.400900 6675.813200 6039.994800 5813.943100 6552.180200 6497.314500 6087.209700 6226.899900 6443.177800 6664.058100 6328.699200 6211.142700 6284.313600 6560.287800 6547.719700 6299.999600 6359.904200 6283.477300 6611.939800 6252.758700 6614.970800 6136.827100 6367.827800 6087.006400 6427.144300 6338.512600 6458.249900 6223.644200 6371.549000 6625.670400 6293.656000 6157.318200 6487.069800 6229.714400 6194.869500 6527.625500 6467.928800 6154.060600 6395.708300 6221.552900 6168.573700 6331.597900 6341.907300 6621.846700 6206.221800 6226.936400 6208.169700 6372.068300 6178.014400 6491.320100 6167.206000 6407.294300 6023.027600 6510.887100 6639.633700 6619.253600 6274.293800 6094.538200 5929.981000 6388.417900 6484.293600 6222.093700 6485.779400 6725.406100 6323.117800 6537.620200 6272.533300 6416.139500 6231.632400 6181.677300 5767.640700 6197.871300 5489.132900 6528.338400 6044.218100 6248.868400 6080.107700 6079.573300 5910.396800 6698.339200 6272.510000 6396.424700 6176.253100 5903.118800 6163.257000 6240.399600 6576.400600 6182.845500 6458.846600 6494.344400 6315.120100 6181.645400 6412.853200 6157.540900 6388.350600 6851.375900 6233.416400 6515.056000 6667.418900 6041.549300 6204.181100 6351.372300 6074.183500 6346.121300 6046.934200 6137.993500 5849.104400 6299.907100 6453.085800 6313.824000 6453.647300 5992.553500 6364.323900 6428.454700 6457.488900 6423.640400 6593.476400 6437.807100 5886.519700 6153.938600 6178.051200 6239.152000 6405.417900 6171.454200 6493.019200 6052.324300 6447.556600 6294.573400 5933.184000 5923.498600 6159.580900 
5967.264000 5889.427500 5932.443800 6204.381600 5778.833800 5844.210900 5808.681200 5905.743900 5959.223200 5815.996900 5649.440000 5721.564400 5749.350500 6049.097500 5813.832900 5679.631600 6184.225700 5606.202900 5747.039100 6191.743600 5755.622300 6024.024100 5353.576900 5727.929000 5765.705400 6272.138400 5974.059400 5955.844400 5915.998500 6177.760000 5850.915200 5829.329600 5991.310400 5837.752300 5941.990000 5889.704200 5862.466200 5917.589900 6284.455600 5807.162700 5926.306800 5533.589200 5597.962200 5816.660100 5551.136800 6414.287900 6109.579600 5904.121800 5864.756600 6035.852300 5927.557400 6253.612800 5937.142700 5780.816200 5669.831400 5647.647700 5714.254800 5864.664700 5473.575600 6185.097400 5883.908700 5946.329900 6320.758300 5896.620700 6137.761800 6024.493400 5781.882500 5626.820800 5987.346700 5673.069500 6147.955900 5746.554700 5448.101900 6155.528700 6000.988800 5630.626900 5933.702100 6079.587500 6354.529600 6000.283500 5529.020400 5976.235300 5903.508700 5980.163400 5712.155900 6020.374200 5787.063300 6273.009900 5756.314000 6358.635200 5687.622700 5942.540400 5703.758300 5914.344400 5775.288700 6160.844200 5713.181600 5780.095100 6211.766300 5881.053500 5694.577100 5806.126400 5733.245400 5750.533000 6137.040700 6088.795900 5591.672500 6009.656200 5742.246100 5825.119500 5915.405400 5942.369900 6256.025500 5734.299700 5814.694500 5759.470600 6032.362700 5942.917300 6224.347300 5777.502200 5900.371600 5662.429800 5764.114500 5974.658900 6287.180800 5870.069600 5924.550200 5475.592800 5986.377800 6200.898200 5932.882500 5933.118900 6274.753900 5717.548600 6059.896200 5883.417400 6255.103100 5793.129900 5744.204400 5376.516000 5845.991400 5298.341400 6180.176100 5627.397400 5687.862500 5648.180600 5806.456700 5466.258300 6161.880600 6006.283400 5917.622300 5839.646100 5455.257400 5626.699900 5804.473300 6205.508200 5663.470500 5953.534500 6089.065200 6060.909900 5794.886500 5956.282500 5678.615400 5982.252000 6260.424400 5933.943600 6158.171500 6328.667100 5757.940600 5647.968000 5848.968500 5829.735600 6046.442000 5715.859700 5803.534500 5444.000500 6072.067600 5816.332100 6035.567000 5772.635400 5681.637000 5937.608200 6067.699600 6053.070000 5981.721700 5965.327600 5948.583900 5333.676100 5775.083400 5670.519500 5903.306800 6182.761500 5852.999600 6018.785200 5939.549100 6052.468500 5784.866500 5788.570200 5461.449300 5680.058700 
6434.548200 5878.247400 6279.532800 6457.835400 6085.885200 5971.144600 5933.097200 6141.544300 6366.264100 5995.923500 5865.576400 6236.252100 5733.628100 6259.969200 6098.986400 5853.287900 6349.515400 5665.364300 5925.502800 6190.788400 5932.414800 6239.051300 5557.357300 5993.692300 5849.474700 6223.417900 5878.578400 6054.709700 6238.109100 6513.168700 5974.756000 6125.169000 6158.970400 6120.157400 6323.826700 6106.215200 6379.885100 6269.923600 6340.515000 6105.954500 6123.058800 5787.989900 5671.248700 6033.211100 5941.010500 6635.791300 6324.290400 5964.493800 5959.636000 6212.274400 6317.386200 6443.548000 6123.635600 5806.393500 6289.323300 6079.219400 6013.052000 5987.791700 5488.560000 6257.243500 5762.805400 6256.050400 6477.743300 6483.032900 6151.155000 6364.076400 5786.218300 5893.752000 6057.143700 5723.575000 6396.616900 6143.493000 5730.390100 6370.647000 6221.551100 5640.391900 5907.357300 5969.970500 6358.202300 5911.888400 6019.149400 6054.172300 6491.993700 5968.145100 5829.008900 6087.804200 5985.150200 6394.306400 6062.334600 6423.735200 6073.631800 6264.175000 5923.239700 6205.234100 5946.828700 5994.546600 6263.666000 6228.094500 6269.491100 6035.334900 6045.699600 5889.627400 5846.217500 6005.518400 6238.172000 6191.372900 5869.398200 6125.209600 5869.580600 6102.756300 6254.263300 5956.773600 6512.281500 5926.555500 5995.686800 5946.055500 5966.288100 6118.035200 6246.285100 6001.605800 5864.296400 5857.811400 6237.642300 6457.544800 6605.222100 6095.545000 5863.287700 5854.521700 6286.513300 6204.194100 6177.261100 6244.785600 6323.083600 6163.643800 6349.968800 6073.780200 6383.375300 5907.069700 6181.928200 5597.808200 6222.503400 5362.463600 6139.109500 5869.523300 5998.743100 5820.202200 6010.759100 5579.176000 6372.783200 5957.181800 6261.515900 6058.626200 5788.354900 5814.794800 6018.391600 6170.430400 6079.703200 5995.819100 6339.939400 6032.483800 5930.596800 6352.654600 5863.310100 6243.083300 6521.059000 6207.967700 6276.355600 6411.756700 6160.975900 6052.942800 5981.157300 5942.696400 6148.415800 5703.138100 6044.469700 5505.947400 6076.379300 5967.241400 6017.920100 5955.330900 5895.663500 6197.629600 6401.606600 6016.527800 6027.617200 6371.724800 6345.331700 5726.904600 5849.960100 5897.987300 5936.677500 6210.911500 6016.468100 6080.316300 6041.697300 6193.481600 6058.646400 5694.297100 5899.646600 5651.627600 
6604.023400 6472.727500 6594.722200 6737.370300 6669.356800 6425.995700 6127.169100 6452.073700 6580.617800 6206.418300 6194.621100 6436.074200 6196.921100 6614.842600 6567.260700 6415.314500 6839.536300 6409.379600 6189.361400 6703.869500 6345.580400 6632.944300 5908.102000 6342.355100 6402.345800 6701.135400 6366.837500 6456.264000 6591.433400 6795.871100 6281.381700 6397.130700 6459.768900 6547.144000 6641.563200 6528.626200 6508.913300 6438.922800 6603.443400 6417.823300 6296.129000 6087.629800 6200.958700 6313.586100 6040.365200 7011.896000 6560.445000 6223.318400 6168.201700 6715.222800 6539.138700 6912.503800 6496.670000 6434.155500 6549.778000 6212.926400 6321.444300 6426.560900 5903.821400 6600.478800 6261.187100 6541.074900 6768.180000 6543.306300 6510.214900 6651.600800 6170.239800 6165.345100 6488.729200 6240.473200 6786.854600 6473.051000 6033.536200 6812.779300 6532.452900 6143.229400 6385.779600 6562.268700 6692.024700 6445.342900 6144.724000 6480.250500 6618.533400 6393.408200 6296.248400 6395.319600 6485.774800 6840.221600 6386.698400 6799.699800 6256.735500 6374.112100 6269.824900 6658.690300 6344.555100 6480.075200 6435.610000 6494.150700 6582.363500 6397.056500 6275.211400 6470.374900 6079.241300 6205.369100 6623.699000 6609.951000 6434.293200 6521.488100 6355.687200 6364.356300 6466.274200 6472.950700 6798.246300 6394.256900 6524.319100 6440.160400 6567.556200 6442.666800 6707.439000 6225.366000 6581.182900 6227.479000 6417.808800 6765.241400 6872.297800 6299.461000 6181.168700 6174.592200 6493.610700 6537.614900 6430.378500 6489.743400 6823.967400 6486.522800 6507.248000 6319.613100 6605.922400 6278.197700 6263.554900 6076.633000 6282.994100 5505.003800 6603.912800 6282.870200 6302.196100 6124.701100 6266.683200 5975.109800 6780.235200 6507.006600 6460.645500 6339.263600 6043.521000 6181.676600 6543.583100 6602.043300 6483.235600 6278.391900 6722.701900 6502.197700 6197.609100 6579.033600 6468.941700 6651.141500 6912.466400 6543.708400 6682.384600 6803.927600 6411.734300 6450.371400 6184.224500 6398.792100 6516.839100 6152.336300 6460.716800 6115.803100 6462.845500 6361.324500 6451.331600 6325.603200 6325.685900 6471.734500 6669.852800 6446.236100 6419.061100 6443.905700 6581.960100 6036.518000 6189.313900 5924.701000 6223.367700 6616.551000 6174.030600 6508.228500 6388.705100 6668.775400 6519.997600 6082.908900 5965.826100 5979.416600 
6346.950300 6122.870500 6109.222200 6389.921500 6046.602500 6019.970200 5967.737100 6228.021800 6326.413900 6020.670700 5989.726800 6095.499400 5758.637000 6226.667300 5929.223700 5763.643400 6397.987200 5809.398300 5806.614700 6361.418600 6053.153100 6288.653200 5755.450500 5919.575200 6082.590000 6409.248300 6020.137600 6347.767500 6338.094300 6559.459100 6073.386900 6059.034000 6272.283800 6298.340100 6414.885900 6026.662300 6232.560600 6338.692800 6437.292700 6196.077300 6064.393200 5951.859800 5781.024800 6169.049100 5737.020600 6503.117400 6359.435700 5903.797500 6212.715000 6299.716800 6130.815600 6545.934300 6235.595000 5992.169600 6262.954300 6006.419300 6064.223500 5951.935900 5620.633900 6211.430500 6000.841600 6228.447500 6485.564200 6287.028600 6215.398200 6189.706900 5979.416800 5852.011000 6275.901900 6084.466700 6394.950500 6020.345200 5836.384300 6449.401500 6290.567900 5888.367800 5989.463800 6164.752000 6411.372500 6059.566500 5939.399700 6209.852700 6210.109000 6063.457200 5863.294300 5969.325700 5939.275200 6519.034900 5993.905700 6420.786500 6107.310600 6127.261000 6030.960100 6106.577700 6026.455700 6149.220900 6205.461800 6019.077300 6601.717700 6149.838600 6032.411300 5949.395700 5939.704000 6073.536900 6325.999700 6336.441600 5919.954100 6160.078600 5872.838000 5961.753400 6173.418500 6019.848100 6442.552700 6027.135000 6049.152600 6113.408300 5978.759900 5977.840400 6462.776300 6062.072600 6033.282300 5992.383900 6199.798800 6291.720100 6515.243600 6002.334600 6070.374300 5735.919300 6202.622200 6266.720700 5917.646300 6332.050100 6633.335800 6160.733800 6496.671900 6053.525200 6494.477700 5949.374800 6053.903300 5614.080800 6251.086900 5587.768100 6342.179900 5889.357000 5995.974000 5887.360300 5962.445400 5679.233800 6362.314900 5965.556200 6099.208300 6155.013500 5826.892300 6027.426400 6251.085300 6398.668100 6398.479800 6216.914800 6400.117900 6125.452400 6000.787100 6298.354400 6075.998200 6234.992500 6725.959700 6155.780600 6067.606100 6391.572800 6130.649500 6096.368600 5995.488900 6007.282200 6241.572700 5976.165500 6170.421800 5804.060500 6258.009600 6238.887300 6182.170200 5833.931700 5829.938600 6038.315300 6386.968100 6121.404900 6060.848700 6250.190400 6087.526100 5849.518600 6086.657000 5925.457700 6117.490500 6277.457900 5935.772500 6500.489900 5976.181900 6369.387500 6119.331400 6026.106200 5891.012000 5827.130900 
6420.470300 6075.095600 6484.939400 6474.613900 6367.144000 6105.335100 6042.700200 6269.302800 6549.355300 6058.308500 5982.349400 6187.126100 6037.785700 6439.521600 6015.631900 6256.770200 6566.624100 6110.672000 6016.402200 6604.879000 6150.462500 6670.122200 5881.345100 6039.806000 6247.136000 6576.168400 6162.925300 6325.777300 6254.508400 6589.224100 6102.521400 6187.266200 6383.536200 6292.481400 6369.095100 6327.981400 6586.472300 6257.967300 6579.484900 6425.796800 6305.961800 5979.050900 5938.420300 6225.737300 5852.604600 6794.530400 6538.943000 6016.109100 6099.546400 6466.744100 6321.820700 6490.628600 6380.924000 6168.323800 6353.201100 5950.336700 6162.362900 5975.132800 5733.192500 6441.235600 5897.706400 6268.205300 6571.553200 6370.071200 6448.902600 6410.997200 6238.883400 6274.307300 6367.115700 6014.050000 6610.541100 6100.708100 5949.637300 6533.543300 6381.422100 5909.457600 6389.958400 6360.440200 6653.759200 6249.316600 6294.303400 6323.322300 6354.288000 6183.035000 6186.543600 6408.546400 6281.793600 6838.846500 6228.936800 6516.277600 6214.202500 6271.552500 5896.272100 6289.972100 6062.938000 6365.809500 6336.033200 6370.349100 6512.576100 6162.393300 6113.659000 6301.234300 6172.781900 6063.069500 6518.694400 6344.668000 6131.459900 6485.574800 6013.861500 6222.777900 6138.295200 6350.574300 6526.197800 5914.620500 6147.743600 6076.078200 6356.696500 6354.587100 6563.875300 6251.167500 6409.139900 6150.290500 6345.170900 6663.896500 6694.129700 6068.607600 6432.908800 5844.646500 6393.395300 6333.527400 6236.833400 6188.759800 6654.838100 6403.906100 6491.794700 6160.300100 6545.756300 6038.954000 6200.514700 5774.236000 6170.583500 5415.463300 6486.967100 5973.707200 6123.113000 5902.428300 6087.233000 5663.336300 6508.923800 6156.863700 6296.452400 6308.668200 5716.281800 5885.117100 6388.942800 6410.474100 6292.472800 6150.058700 6489.134600 6351.097200 6038.629800 6291.400900 6113.988800 6389.157800 6593.484800 6247.810800 6499.589500 6708.779600 6182.384200 6244.386100 6272.373700 6069.645000 6366.142400 5994.312500 6262.099400 5874.191600 6294.388400 6274.731200 6353.978700 6307.128300 6163.123400 6309.678300 6519.144200 6438.958800 6326.039500 6459.934800 6318.063700 5795.850900 6389.518400 6008.075800 6076.630300 6517.046000 6135.200100 6348.999400 6039.021600 6642.784300 6218.011900 5967.764900 5921.383700 5947.577900 
6530.935100 6265.487800 6594.121900 6716.366500 6460.742000 6362.872700 6118.018800 6496.084200 6595.538300 6136.901000 6133.797600 6525.732200 6080.800400 6876.289700 6374.144700 6357.537500 6754.047800 6325.213600 6324.484900 6636.949000 6363.224600 6632.056300 5941.448000 6250.371900 6252.004200 6759.544200 6302.027000 6514.196200 6477.655400 6666.191100 6375.224200 6462.133500 6365.401900 6571.211000 6678.515000 6370.601200 6582.861800 6324.222100 6765.697400 6368.426000 6424.353700 6137.808000 6122.701800 6358.728300 6217.624200 6840.380200 6737.687300 6334.964800 6350.934000 6620.550600 6635.675000 6798.592200 6425.225000 6275.118600 6450.469800 6257.631200 6360.546200 6174.362300 5937.005100 6757.101600 6078.325100 6568.992200 6584.742000 6364.157000 6614.771700 6618.631500 6199.381500 6270.198900 6532.571400 6398.925600 6711.267000 6383.565100 6045.935300 6437.515300 6495.794800 6045.696200 6366.912100 6551.579600 6965.421300 6291.747900 6315.283000 6548.068200 6661.406300 6331.345900 6379.489400 6452.293100 6359.486900 6946.964400 6445.513800 6718.255200 6290.182500 6649.804600 6259.480300 6508.711900 6319.006600 6458.133400 6331.294400 6445.162900 6503.245600 6505.799100 6240.364200 6205.979500 6300.215300 6300.318400 6617.939300 6543.109700 6271.187000 6601.954100 6257.669900 6295.161800 6421.626900 6353.196700 6804.654700 6293.694300 6485.228400 6354.909400 6448.568500 6475.081800 6613.181600 6280.624300 6542.840300 6180.954200 6543.903900 6583.467900 6817.613800 6664.625900 6292.497500 5902.907100 6471.212600 6600.014100 6389.862400 6688.592500 6822.969900 6411.851700 6553.754900 6436.938500 6838.425600 6343.024500 6514.361600 5839.471800 6383.043500 5570.300000 6659.197800 6166.494500 6414.255900 6139.196500 6169.175400 5965.151500 6653.910700 6544.761600 6458.487500 6278.845700 6078.410500 6162.140900 6508.301800 6505.014800 6638.494700 6336.366300 6582.822300 6494.581400 6265.679100 6592.392200 6205.635800 6498.736200 6946.656100 6478.894300 6651.506400 6849.998800 6350.404000 6289.137100 6297.591500 6304.258400 6546.908300 6021.927200 6470.976200 6049.507200 6477.368000 6266.858400 6403.709300 6313.716900 6199.643000 6408.635900 6632.906900 6608.294800 6507.532800 6609.470600 6356.931800 6113.627500 6262.806900 6010.927900 6230.158200 6699.025600 6262.521800 6546.501200 6241.648300 6595.274100 6452.092600 6177.791700 6037.855100 5998.323300 
6039.947700 5642.731000 5847.986400 5995.032600 6154.005100 5968.067400 5665.138800 5869.441500 6098.492700 5576.710800 5459.304100 5824.688100 5711.017200 6130.588300 5647.452400 5693.077000 6198.252900 5664.626600 5709.229000 6207.645500 5893.025300 6047.015800 5238.961900 5749.155900 5757.658200 6176.741200 5820.189900 6000.427500 5875.353500 6079.755300 5689.909000 5930.862800 5808.626500 6039.546800 5995.971100 5871.938000 6075.369400 5825.150200 6039.562300 5819.113800 5871.548500 5633.291100 5420.849200 5753.099700 5576.199600 6216.734200 6128.016000 5763.309100 5793.319100 6073.830400 6014.204200 6327.326100 6099.896900 5587.673900 5839.963600 5627.199600 5817.235900 5618.090800 5281.835200 6068.809300 5884.687700 5795.788700 6100.831200 5912.868400 6019.476300 5947.828800 5883.764200 5728.127200 6073.700400 5780.576900 6195.236900 5719.586200 5543.883600 6029.101000 5944.348900 5646.583000 5905.776200 5946.954900 6229.960700 5819.070300 5778.930800 5913.794700 6067.997100 5857.265900 5783.595000 5870.207700 5866.328200 6102.424900 5825.613200 6142.086300 5667.353900 5534.381900 5854.100800 5863.974600 5819.266400 5876.518800 5862.007200 5885.188700 6010.856900 5839.268500 5635.658500 5733.553700 5762.700700 5727.020500 6136.016200 6081.354300 5743.116100 5777.708600 5554.046400 5896.694700 5838.938400 5866.052300 5935.041100 5630.401400 6069.006500 5716.065900 5965.269200 5820.598300 6146.272200 5915.477900 5884.819400 5659.721300 5884.261300 6140.578000 6229.359200 5904.114200 5861.115000 5443.767100 5978.104300 6136.134700 5853.672900 5897.020400 6218.904800 5807.759200 6097.646700 5884.235600 6111.795800 5638.973800 5905.940100 5453.062100 5838.591100 5140.624100 5926.530200 5399.048300 5807.816300 5471.207300 5695.506100 5385.869700 6101.518800 5690.077500 5826.680500 5903.006300 5625.268100 5637.652100 5955.936400 5859.303700 5997.611000 5793.531700 5914.062800 5974.582300 5571.124800 5892.954500 5678.193400 6165.241500 6308.593100 5831.681600 6076.863100 6293.860900 5844.605700 5897.624400 5871.272700 5742.098200 5902.324200 5529.684900 5945.284400 5398.818200 5934.370700 5712.678900 5825.760700 5699.486400 5869.665300 5753.660200 6016.908200 5912.546500 5950.856100 6076.840200 6033.743600 5682.894700 5764.124700 5486.810200 5816.724900 6161.995900 5636.117600 6031.660300 5756.178700 6072.532900 5894.139000 5672.170100 5655.017300 5645.726000 
5942.857400 5428.017300 5799.569000 5964.841700 5642.018000 5576.288900 5637.221900 5611.620600 5893.810500 5651.609300 5607.492600 5709.105900 5411.964300 5856.334900 5590.943800 5403.100200 6055.079000 5736.623900 5543.922100 5931.426300 5776.730700 5945.937400 5204.458700 5725.815400 5528.193700 5974.644500 5763.603200 5965.500100 6086.389500 6115.512100 5681.184300 5741.081600 5898.642800 5648.647000 5811.241200 5849.450900 5866.220600 5903.499400 6012.223300 5710.478400 5712.783800 5526.267000 5436.425700 5551.227500 5490.297100 6159.870800 6031.129800 5781.605300 5627.010800 6056.407300 5797.369100 6167.555300 5934.456000 5716.584000 5658.370400 5595.371200 5694.468400 5592.503500 5207.977100 6059.351900 5685.239300 5931.958800 6124.461600 5741.066000 5819.324200 5802.831600 5739.092300 5445.595700 5870.156800 5656.715900 5934.952700 5589.627600 5456.945500 6009.609400 5950.284900 5405.982800 5682.920100 5961.887400 6205.330800 6042.760400 5517.064100 5829.092500 5997.594600 5656.973800 5720.163900 5662.727500 5589.030100 6088.559700 5652.200200 6017.676300 5567.919000 5686.560900 5610.464900 5781.782900 5699.125100 5810.533600 5713.369100 5845.121500 5916.684700 5752.567100 5600.742000 5700.021800 5640.656200 5565.074300 5944.688000 6055.181800 5718.751100 5606.456600 5490.463900 5757.876000 5814.287600 5704.202200 5937.840800 5523.547800 5697.068800 5805.655600 5757.095200 5872.847600 5975.844500 5590.656100 5769.169400 5574.477800 5686.110200 6013.433900 5916.353300 5898.546300 5550.109000 5327.295600 5823.067000 6080.447700 5705.417400 5846.471400 6085.815600 5812.456200 5932.541000 5579.023300 5953.377600 5706.756300 5659.808100 5171.703100 5667.749100 5060.893300 5903.179000 5490.741500 5645.015800 5482.907800 5665.658100 5449.301200 6105.760900 5713.512800 5782.497300 5892.002600 5397.896900 5434.669000 5824.628000 6077.386700 5782.394200 5746.570500 5983.853300 5802.017000 5522.608700 5896.296400 5692.459200 5906.932000 6337.062000 5798.783500 5911.955600 6187.863300 5679.530700 5546.933500 5656.438600 5686.058200 5744.191100 5458.816100 5800.026200 5405.167600 5866.761700 5692.969200 5702.426900 5523.299300 5684.640100 5798.791800 5887.919200 5871.120900 5599.132700 5887.999900 6040.299700 5395.488900 5562.540800 5537.508600 5684.557400 5832.363800 5657.425600 6121.932100 5703.517000 5898.953100 5818.538100 5449.538300 5492.254000 5257.492900 
6347.504600 5928.047800 6144.278600 6455.456200 6188.844500 6011.433600 5745.085200 6361.374500 6191.188100 5926.033700 5894.883500 6040.848900 5778.696400 6396.983300 6054.288300 5935.245900 6493.519900 5722.224400 5872.615600 6133.439100 5908.810400 6248.297400 5686.462100 6011.511500 6084.246300 6276.182100 6057.190500 6264.857300 6187.603400 6447.336300 6059.348000 6128.230300 6206.739100 6063.050700 6319.264800 5922.797200 6288.689900 6249.596800 6391.381300 5886.573200 6110.303300 5888.273600 5714.977700 5904.142500 5759.756200 6688.846100 6284.434200 5971.253500 5878.788100 6301.734700 6111.589000 6327.793400 6228.080400 6076.515400 6083.962900 5940.817500 6015.073200 6010.375600 5458.666800 6544.915300 5934.024700 6284.765900 6310.233900 6248.835100 6225.676000 6136.735500 5809.744500 5918.604700 6152.199400 6013.309900 6325.330800 5961.818000 5691.898700 6321.352800 6158.792000 5674.826700 6107.651900 6069.080900 6426.598100 6035.916000 5906.483200 6055.858300 6328.680300 5987.153700 6045.461400 6150.108500 6260.160700 6280.282300 5894.025100 6366.983200 5969.476300 6174.166700 5899.177400 6018.820100 5982.141300 6198.507800 5912.213400 6033.656800 6167.331400 6085.495300 5892.562500 5878.052600 5864.167900 5988.795600 6322.179300 6143.030300 5930.382500 6139.372900 5929.886800 6106.760800 6189.957000 5990.571600 6360.270000 6257.715200 6074.313900 6008.994900 5981.615000 6152.853300 6349.006700 5817.484500 6008.788600 5864.997200 6081.208700 6327.307400 6491.742200 6188.626000 5999.980200 5832.783900 6196.831900 6113.821300 6078.497500 6229.685100 6592.952500 5962.505700 6237.236700 5963.851600 6360.547300 5934.225600 5736.968700 5525.052700 6026.219800 5299.625600 6243.038000 5936.757300 5981.593400 6048.672300 6112.822700 5693.251600 6394.441200 6027.488400 6127.137000 6087.039700 5933.299300 5911.862400 6129.328500 6198.229400 6181.094500 5999.532500 6237.190300 6064.080300 5888.252000 6310.577500 5988.272400 6290.184800 6565.105700 6124.870400 6349.134100 6411.881400 5964.954100 5926.099800 5864.707100 5889.545300 6131.301500 5872.428300 6056.835700 5563.010500 6249.613500 6023.473200 6195.681400 6098.941300 6004.688300 6113.926400 6151.736500 6068.434800 6112.505500 6270.807000 6134.771200 5873.964600 5973.325900 5652.605500 5905.173000 6277.244300 6016.009500 6221.598600 5930.587400 6376.831200 6284.721200 5963.423900 5953.562000 5740.030900 
6093.135000 5612.366800 5939.655800 6037.475800 5727.836000 5744.571500 5643.019900 5867.056400 6035.974300 5654.791200 5592.475600 5692.983100 5597.902100 5955.331600 5681.585400 5523.674800 5933.839700 5584.346800 5750.883800 6051.580200 5758.625800 5806.384800 5202.079800 5715.640800 5598.602600 5920.127300 5853.810500 6075.920800 5856.613300 6079.560600 5659.073800 5812.909400 5845.951500 5784.859200 6002.997100 5790.342200 6078.992200 5976.133600 6257.373500 5764.377600 5716.978500 5638.108500 5501.915800 5830.238900 5442.531300 6364.451300 6046.227700 5760.554600 5757.493400 5938.089000 6003.512400 6031.531500 6018.365100 5548.061000 5744.195100 5595.113300 5796.812100 5625.700900 5319.721700 6076.928500 5676.968500 5800.245900 6009.163900 5838.402200 5882.719200 5864.730200 5715.737500 5628.485700 5631.126000 5698.577700 6063.292700 5672.171800 5515.695600 5800.226000 5964.777800 5608.208500 5800.168000 5901.883400 6190.731700 5855.839400 5649.290800 5837.742300 5949.373000 5669.536800 5688.668100 5776.396900 5763.109000 6066.226000 5673.286600 6108.351500 5486.585500 5644.866700 5796.682600 5898.496400 5705.478700 5907.567900 5816.029900 5895.910100 6040.130300 5827.281600 5636.197400 5725.184100 5647.505500 5739.436000 5887.731800 5936.424000 5505.677600 5737.881300 5512.859600 5629.672600 5796.234600 5681.600800 6157.950100 5776.217700 5706.099000 5803.382400 5905.406000 5844.171600 5969.004500 5691.015200 5782.996300 5507.048800 5874.102700 6053.167100 6059.776200 5887.269100 5524.038600 5446.309200 5814.636000 5913.120400 5824.204300 5901.509800 6121.144400 5897.246000 5928.582300 5685.858300 5779.836200 5690.712000 5791.844900 5129.279500 5660.140400 5088.283000 5866.232100 5597.849700 5583.509600 5547.474800 5610.965700 5317.323900 6056.329200 5782.809200 5737.227800 5677.979800 5594.747700 5396.103500 5829.068100 6082.007700 5927.101800 5720.376200 5957.754600 5656.154100 5947.684500 5744.686300 5413.367300 6080.841600 6171.131100 5853.642400 5956.528500 6272.886100 5658.305500 5492.505500 5838.579000 5588.947000 5863.521900 5413.144600 5601.703000 5161.132600 5697.495700 5732.175800 5662.928200 5684.024200 5761.445700 5646.446100 5816.471000 5956.080800 5780.847200 5999.909800 5985.447400 5466.141000 5551.570700 5434.470000 5721.351200 5995.061400 5671.561000 5981.425400 5499.547200 5908.306400 5933.053700 5590.531300 5535.158300 5525.547900 
6213.764800 6030.774100 6257.403500 6550.562000 6177.432700 6081.874500 6260.515500 6391.396600 6435.223000 6001.833800 5958.721000 6358.866200 5999.343300 6405.416000 6072.751400 6209.759800 6606.453000 6168.236900 6036.958800 6491.806700 5971.209200 6490.226100 5667.740800 6082.843800 6264.661500 6433.846100 6070.990700 6199.423200 6247.351100 6710.390600 6097.450000 6321.553900 6372.301900 6365.559900 6488.455400 5964.766400 6263.613200 6329.622800 6575.851600 6291.156600 6236.786500 5943.413300 5831.699500 6110.547700 5827.132600 6694.545300 6442.205600 6110.669000 6266.322100 6524.321800 6299.861500 6520.112700 6298.629700 5930.781000 6156.147500 6089.116600 6081.047000 6169.020600 5765.436200 6457.698900 6076.161100 6476.545500 6273.668900 6250.640300 6146.776900 6517.346800 5979.818200 5967.052000 6233.153700 6094.325600 6733.040800 6199.950800 5870.783600 6315.687400 6369.171200 5782.209900 6065.456000 6173.918400 6578.726000 6218.510800 6177.762100 6300.013600 6477.284400 6189.894000 6033.592900 6302.074200 6101.878800 6556.668100 6254.453900 6633.351200 5896.587800 6298.589900 6228.415800 6261.658600 6062.212100 6497.622900 5994.138400 6160.695600 6421.779300 6331.281700 6072.824800 6099.942700 5952.924700 6166.720300 6484.282100 6502.929100 6151.128700 6430.106000 5925.024900 6153.255000 6291.648500 6229.366500 6552.495700 6013.363800 6281.985900 6156.458200 6326.569500 6168.263200 6667.678500 6229.453100 6256.322000 5971.422500 6392.164800 6524.473200 6683.746600 6369.165600 6100.795800 5968.306200 6323.507600 6356.586500 6231.201700 6382.632900 6421.430700 6296.191000 6292.504900 6126.887200 6402.523800 6060.455700 6175.462600 5693.358000 6119.538500 5611.945100 6425.876500 6087.141600 6096.771600 5844.924400 6109.369400 5754.587400 6647.535200 6338.659700 6367.452700 6175.106300 5786.192000 5894.150200 6278.623500 6291.050200 6187.516100 6192.306500 6351.726600 5976.052800 6005.912500 6381.219000 6042.539300 6324.276300 6634.002300 6315.051600 6426.413800 6751.666800 6183.894000 6212.902000 6235.375800 6224.630900 6057.625700 5962.304300 6280.986900 5814.072500 6331.203700 6198.409600 6493.347200 6163.859800 6135.062300 6120.057200 6642.237700 6320.291000 6265.379000 6261.440200 6437.215500 5823.043700 6152.481300 5846.202400 6174.745400 6496.206900 5913.337800 6520.365900 6144.308000 6541.540300 6390.354500 6029.039000 5856.357900 5947.264100 
6447.760800 5818.309700 6215.201500 6617.868300 6394.436700 6297.316300 6126.595200 6483.760700 6402.229300 6021.698400 6036.336300 6216.838000 5978.167900 6641.394300 6212.743200 6272.906900 6621.824900 6139.668200 6299.733400 6529.631300 6306.042500 6543.389900 5584.641800 6069.498900 6258.133400 6433.056700 6182.517500 6420.871400 6448.651800 6723.850900 6244.835500 6311.288500 6328.163400 6240.013300 6589.926300 6093.171200 6450.193000 6272.595600 6755.779800 6321.858100 6147.179400 6065.801300 5952.490900 6188.495100 5899.466500 6923.593200 6611.725300 6436.730100 6109.786800 6558.308500 6287.961300 6673.119100 6416.815000 6025.515100 6227.380700 5993.161300 6290.912300 6189.432500 5640.204800 6496.359300 6116.379200 6593.258700 6701.414300 6301.688000 6351.749900 6578.798400 6100.840600 6057.135800 6350.075900 6122.786100 6587.578500 5983.525600 5870.756900 6574.088000 6729.586200 5937.616100 6119.522200 6348.995000 6810.247500 6153.069600 6136.372000 6452.105600 6515.091400 6316.160100 6143.733300 6261.323800 6028.210400 6714.466900 6477.580000 6588.249600 6225.933200 6363.348600 6068.423700 6346.270200 6332.719600 6263.719100 6299.179700 6356.397400 6371.916100 6128.140400 6160.799500 6187.288000 6069.154700 5962.262300 6486.464100 6536.717600 5833.452200 6251.003800 6264.553900 6205.972300 6408.293700 6291.312200 6615.048800 6094.506500 6244.582400 6242.289000 6221.152200 6372.970700 6599.531800 6273.084700 6480.534400 6077.422300 6077.252400 6762.055300 6656.520100 6368.137700 6084.771600 5887.799100 6392.373000 6456.122600 6230.328300 6351.903100 6601.905200 6443.793100 6391.230000 6049.502600 6480.974600 6074.496600 6146.362400 5760.120700 6306.441500 5692.639900 6460.957300 5999.799600 6272.439100 5958.137100 6077.016400 5961.829900 6430.456900 6248.187700 6436.175200 6144.669700 5691.486200 5864.405900 6284.101900 6448.824300 6301.854000 6167.684600 6390.559200 6240.706600 6031.447600 6276.129300 6126.115800 6187.020600 6765.501100 6291.953200 6546.713600 6638.873500 6176.173000 6014.767100 6146.687600 6251.251800 6371.157000 6047.367400 6487.732500 5846.633300 6231.309600 6225.569700 6253.742400 6162.371000 6174.014400 6312.982100 6561.557900 6303.032900 6400.937900 6471.094600 6459.648500 5777.168100 6132.220900 5900.219900 6118.151100 6604.329100 6259.329900 6558.512800 6186.179500 6494.794500 6153.357000 6013.208200 5969.951500 6027.477100 
6194.199200 5873.143500 6059.144000 6556.332600 6090.244900 6128.758500 5883.479700 6238.521500 6295.636100 5849.454100 5775.999100 6367.745700 5859.727400 6310.144100 5941.564500 6046.048600 6511.612100 5887.992700 6004.545400 6430.552100 6062.438000 6288.816700 5510.561600 6040.262000 6047.133100 6353.306200 6150.064500 6337.970400 5938.754000 6294.636100 6088.859100 6162.140900 5982.240700 6094.795400 6277.043600 6149.771100 6244.102200 6215.668900 6383.597300 6062.116900 6203.684700 5997.377600 5770.106400 6137.164000 5952.445000 6577.981800 6222.235300 6099.335400 5929.309300 6196.663800 6055.706200 6510.808400 6351.539600 5771.654500 6074.625100 5827.122100 5888.765500 6058.852100 5535.996500 6081.926700 5873.878100 6309.426300 6196.381400 6323.871200 6252.198500 6268.331900 5964.413400 5912.808200 6231.053200 6077.434000 6172.687000 5974.797100 5692.058500 6360.462100 6120.196900 5632.753900 6106.675600 6063.499600 6753.957700 6101.799600 5777.738100 6251.981200 6373.069000 6128.161400 5894.431900 6193.455600 6074.635000 6502.325300 6089.433700 6417.590100 5802.463500 6064.130400 6104.152500 6198.297100 6075.536900 6170.362900 6098.228600 6218.929600 6352.190900 6087.930300 6070.639000 6001.626200 5854.942000 5955.316900 6442.028200 6250.685600 5924.662200 6165.143100 5956.235000 6112.053800 6114.595600 5899.046400 6353.651200 6106.883800 6060.482400 6003.077600 6103.769600 6222.589800 6366.399800 6052.992800 6196.612300 5867.398600 5933.206800 6522.450600 6357.759600 6065.799200 5919.099900 5790.515900 6228.825600 6172.242400 6143.227200 6195.761600 6425.702600 6219.108800 6273.047000 5887.280700 6231.344200 6108.775200 6217.570300 5871.809600 5991.556100 5454.407500 6304.346600 5744.087000 6022.417200 5827.371400 6023.053900 5767.873200 6466.404700 6001.125100 6198.482800 6076.072700 5680.215700 5781.044100 6175.305000 6381.228000 6274.385300 5954.471900 6232.560800 6141.842000 5853.174000 6278.426000 5747.685900 6300.447700 6507.604500 6089.539400 6416.930000 6385.746400 6130.535400 6142.105500 6130.363200 5951.523000 6159.641300 5876.102000 6150.431100 5678.499200 6130.727500 5839.025100 6100.774000 5942.875200 6007.650600 6221.822300 6318.686900 6210.199900 6173.391800 6105.030300 6279.653400 5814.327100 5845.782400 5937.216300 6079.106900 6370.385800 5888.118400 6065.770300 5824.624300 6449.546400 6104.344500 5905.302600 5817.203900 5835.174900 
6482.353800 6142.176000 6384.370900 6619.564400 6295.382500 6274.022400 6138.262300 6521.571600 6565.835300 6123.029500 6143.055100 6442.967000 5996.624200 6725.896200 6301.848000 6034.337700 6676.489000 6100.982600 6223.482900 6500.040000 6441.028100 6476.448700 5857.293800 6261.227100 6229.082500 6592.814600 6279.693800 6538.037700 6418.136200 6634.799800 6380.687200 6197.042700 6371.652600 6384.951200 6394.369400 6199.684700 6329.869400 6525.172900 6640.432000 6288.173900 6409.331700 6128.809900 6101.310700 6518.099200 6131.472600 6823.142900 6702.752600 6300.851000 6222.772300 6464.109900 6367.791200 6747.771200 6345.156600 6190.743400 6360.557100 6225.086800 6331.282500 6221.266200 5806.292700 6495.996900 6264.861900 6465.783400 6637.639600 6470.475700 6410.201000 6363.759000 6061.294300 6328.059500 6309.752900 6197.565800 6568.966700 6169.971600 5818.061300 6409.580800 6469.665400 6053.980700 6121.234100 6426.229800 6777.556900 6342.783900 6249.487000 6454.319200 6611.836900 6271.165600 6384.203300 6319.688300 6174.447100 6645.957700 6214.260800 6691.112400 6140.941600 6387.289600 6280.553500 6381.624300 6377.393100 6452.287700 6385.713500 6371.495500 6477.044600 6258.802600 6273.769100 6123.941100 6292.326800 6162.444400 6425.256400 6654.671200 6388.743700 6385.624700 5986.286700 6382.614900 6585.188400 6241.038400 6675.012500 6347.182300 6285.608000 6188.175100 6220.558300 6452.955800 6617.094600 6310.414300 6438.003600 5953.218500 6235.691600 6721.697400 6763.679900 6561.505000 6329.104300 5935.708900 6295.183900 6613.645900 6217.957900 6587.389400 6520.148400 6425.512200 6523.518800 6315.838000 6529.981800 6164.504700 6317.397300 5918.274000 6300.671300 5550.473900 6507.170700 6130.558700 6295.102400 5968.238200 6259.327900 6083.206900 6742.493300 6385.503400 6439.580500 6375.144100 6009.965700 6066.232600 6419.763900 6437.852400 6370.805000 6396.416400 6609.848200 6380.641200 6076.079300 6496.455100 6074.473400 6365.793600 6849.244800 6369.624600 6661.539000 6738.530800 6274.797400 6375.540200 6164.639100 6301.348000 6227.456000 6046.646800 6406.016500 5992.015800 6329.346700 6392.019900 6410.770200 6056.356500 6164.306500 6255.136400 6707.234800 6439.907600 6288.893800 6600.868300 6457.131700 6048.484600 6248.888800 6206.745200 6298.673800 6513.928400 6180.094100 6565.951900 6110.838800 6578.403200 6269.921200 6057.535000 6207.108500 5983.406300 
6348.168200 6104.297900 6316.629700 6389.705400 6203.579200 6049.106300 5856.235600 6354.467000 6441.767300 5963.061200 5853.990900 6171.979000 5884.001700 6358.548200 6076.692700 6055.931200 6508.597400 5868.035900 5842.839600 6294.613300 6040.191400 6285.290600 5617.002300 6073.380200 5974.191600 6430.297200 5956.213800 6253.893400 6011.479700 6353.366600 6083.849200 6181.807800 6309.615500 6311.004300 6244.267500 6204.516200 6201.269300 6184.573200 6445.385800 6148.660500 6215.835500 5851.338400 5718.441100 6027.855800 5800.658700 6516.435700 6361.848300 5941.364600 6093.215200 6329.312500 6206.933900 6515.745300 6217.389900 5970.604700 6411.401800 5912.881400 6087.236600 5895.770700 5657.677300 6373.226300 5908.321500 6032.967900 6400.645700 6286.664600 6290.942300 6238.402800 5994.008600 6057.333500 6153.012300 5869.670900 6541.513100 6078.302400 5708.180600 6140.556600 6225.308100 5914.824100 6170.625500 6188.725100 6413.920500 6086.293900 6173.107500 6105.986200 6376.466300 6012.300000 6105.610100 6277.715100 6105.247900 6486.826500 5971.273300 6276.996000 5911.154600 6158.945800 5957.892000 6201.565600 6053.972700 6302.634000 6122.301000 6299.793300 6324.817500 6062.880800 5889.921200 6133.425600 6034.474600 6021.437200 6212.858300 6246.541600 5949.766300 6357.325400 5869.007800 5927.699900 6177.285600 6143.369500 6444.608600 5946.706800 6091.413000 6122.077200 6009.500800 6052.553700 6346.953800 6035.719700 6309.718500 5935.827300 6213.349800 6442.832400 6532.993000 6092.302700 5917.193400 5771.059200 6199.252300 6364.193700 6050.487800 6305.468900 6656.523900 6171.570200 6499.520000 6225.566500 6443.357900 5896.646400 5965.593000 5671.093300 6259.209000 5437.478200 6258.022700 6016.975100 6030.280200 5926.886700 5864.359900 5640.163600 6359.487600 5921.394800 6206.379400 6276.963300 5833.175400 5865.826300 6297.941900 6341.871000 6094.034500 5936.780600 6210.346200 6113.487700 5988.019400 6241.349000 5918.043300 6252.598900 6513.260900 6060.864000 6427.146900 6543.468200 6129.482400 6199.442500 5975.275200 5966.288400 6281.431800 5740.814800 6231.687300 5750.901300 6229.185900 6205.084300 6243.082500 5997.146600 5878.695300 6219.618600 6349.623500 6359.072100 6288.151400 6337.098700 6051.592500 5970.952600 6067.757700 5721.331000 6260.646500 6325.527700 6014.345800 6203.732300 6074.016700 6233.714500 6163.134000 5877.121500 5855.741500 5805.570600 
5819.760400 5740.683600 5737.497700 6015.903800 5872.028100 5592.362000 5770.544700 5952.630800 6022.404200 5633.641600 5595.025900 5910.555200 5506.871100 6094.711500 5659.431400 5721.355000 5973.583600 5584.245600 5514.474300 5996.173400 5589.104200 5862.060100 5384.064200 5477.593500 5596.120600 5929.277700 5561.013800 5915.386700 5813.181600 6093.534000 5770.112300 5784.944800 5802.600000 5683.732500 5947.053000 5714.483200 5938.630000 5723.323100 6113.143800 5691.637800 5774.474200 5597.601900 5497.971500 5897.525800 5505.706600 6356.942000 5954.404300 5697.089300 5726.205600 6108.123500 5913.399400 5997.840000 5865.947400 5711.549500 5848.415800 5559.718200 5548.586900 5495.191500 5330.650700 6051.981100 5693.882800 5854.598800 6163.596400 5604.136200 5859.449500 5899.482000 5440.530800 5698.355000 5754.421100 5701.589100 6141.707800 5528.178400 5436.706600 5963.582000 5816.218000 5305.131400 5774.079700 5753.667800 6075.287100 5913.107100 5715.134200 5926.584500 5916.752300 5560.839400 5839.163100 5782.935600 5726.562600 6144.077000 5624.163300 6225.390400 5643.515200 5789.522200 5589.127400 5802.186400 5763.479100 5882.025300 5612.212000 5976.857700 6132.205400 5783.346600 5560.428700 5592.197000 5566.422400 5709.564700 5891.494300 6066.242700 5537.192800 5740.442100 5582.688500 5768.844600 5780.706100 5789.445400 6145.488400 5548.619400 5746.777900 5538.952800 5931.814300 5815.544700 6149.514600 5574.266800 5622.558500 5596.402200 6013.055300 6031.749800 6233.470700 5748.169800 5847.307200 5352.747000 5863.775300 5919.061200 5867.407300 5987.996100 6232.817600 5674.681100 5984.045700 5659.982700 5971.014800 5713.784300 5650.128700 5124.958800 5707.890800 5046.625300 5838.255100 5642.130500 5639.944500 5724.612200 5513.472300 5201.344600 5982.070700 5802.031500 5753.220900 5872.661900 5434.620200 5527.893500 5726.528400 5924.294500 5843.974500 5603.771700 6142.670100 5833.191700 5604.699800 5772.151000 5557.815400 5846.683700 6120.209500 5736.673200 5973.839700 6194.780100 5680.580300 5636.600000 5541.714300 5638.673000 5736.975800 5569.255300 5631.971600 5408.096500 5864.518400 5669.981300 6010.627400 5757.129300 5782.467700 5821.545800 6064.776600 5997.823800 5607.833700 6014.999000 5912.569400 5532.706500 5571.749600 5596.163500 5689.536400 6000.052200 5532.120900 5968.552000 5770.396100 6090.819700 5842.246800 5446.638500 5541.477500 5425.718000 
