200
8.09 8.44 4.14 5.93 2.14 2.47 4.92 9.97 5.99 5.38 6.03 6.47 7.57 9.38 9.59 2.91 8.56 8.78 1.52 1.22 5.47 3.75 6.95 2.15 1.7 6.76 6.53 1.81 5.29 3.8 6.57 2.11 3.47 6.8 8.98 7.07 2.61 7.41 4.97 9.52 9.25 7.78 8.22 1.34 9.75 4.62 8.66 9.16 9.48 4.38 6.81 9.29 3.55 2.33 8.86 2.58 2.99 2.75 5.2 2.0 2.23 5.14 2.75 7.47 9.16 4.45 8.75 8.84 4.46 6.88 7.72 3.67 4.72 8.71 1.5 7.16 2.47 2.3 9.52 5.21 3.99 9.98 4.66 5.76 4.07 1.67 1.85 8.34 3.43 1.25 5.68 8.5 1.95 4.54 5.51 8.23 4.49 3.34 6.5 5.91 7.15 4.73 7.35 3.64 4.73 5.03 4.52 8.51 6.26 4.72 6.13 8.16 2.9 9.4 1.62 8.04 4.51 7.19 4.66 8.93 6.61 9.57 1.54 5.55 2.85 4.56 3.18 5.32 6.17 4.55 9.81 3.7 3.14 5.34 4.95 8.83 7.74 4.93 3.98 9.26 9.9 1.56 7.01 3.82 6.92 7.82 3.28 5.77 2.64 7.55 4.41 6.58 3.13 8.0 2.89 3.78 3.63 5.16 5.85 3.64 4.95 5.88 2.82 7.43 1.41 5.33 8.39 5.46 8.31 8.11 5.28 8.89 9.56 5.99 6.35 5.0 5.28 7.27 3.91 5.65 3.56 8.56 3.02 7.73 5.86 5.8 4.19 9.44 6.73 6.9 7.87 4.02 1.34 5.73 7.84 5.98 7.66 7.18 1.2 5.32
9.85 1.88 7.02 4.24 6.79 9.5 2.44 8.59 6.13 2.1 3.52 1.36 9.42 7.32 8.77 6.38 2.82 8.02 7.33 8.44 2.11 1.77 4.82 6.6 7.8 3.3 2.41 2.89 9.46 7.13 3.47 6.04 9.69 8.75 3.05 9.43 7.15 1.78 3.3 5.73 4.14 5.82 6.65 6.75 2.88 8.63 6.33 2.39 4.89 1.91 7.06 8.04 5.31 9.69 9.95 2.91 7.79 6.83 6.97 9.02 1.83 1.92 6.11 9.32 3.61 2.98 1.56 2.86 6.5 8.71 8.35 2.8 9.97 6.19 6.39 8.68 4.97 2.81 2.73 4.43 5.95 6.84 8.34 1.17 9.95 4.68 6.44 3.16 5.28 7.33 5.67 4.9 2.31 2.31 9.33 2.75 9.66 1.87 2.88 3.62 2.78 2.41 5.33 3.04 9.36 2.23 8.76 1.46 1.16 3.63 2.33 1.82 1.08 5.17 4.08 6.22 1.93 3.36 3.2 2.75 9.24 7.21 8.05 8.51 3.21 6.57 9.86 7.03 8.83 2.39 7.88 8.13 6.29 4.71 6.41 5.91 2.6 1.37 4.43 1.7 9.59 8.15 9.49 2.47 9.26 3.89 8.67 8.8 4.11 3.35 7.25 8.79 5.49 5.52 9.3 3.06 3.1 3.18 9.62 8.96 2.02 4.66 9.2 7.13 3.56 9.97 3.09 3.66 4.17 8.55 6.95 2.07 5.08 4.84 2.5 6.55 4.59 9.69 1.76 2.69 5.61 3.31 9.08 6.97 7.59 7.7 2.38 6.43 4.44 7.58 3.7 2.0 8.46 5.59 4.44 3.93 6.11 2.65 4.11 2.4
3.31 7.91 8.72 7.84 8.01 1.62 1.72 2.09 5.99 8.94 1.26 5.56 2.21 3.38 3.9 8.02 2.06 7.53 1.47 9.93 1.93 1.34 7.3 5.28 6.88 2.99 2.24 6.43 4.51 1.17 6.61 9.49 4.42 5.67 7.44 2.53 5.66 4.44 2.47 7.68 9.14 1.52 6.28 1.28 7.04 9.04 2.22 8.16 8.11 3.82 8.01 6.48 5.35 7.39 8.6 6.58 5.98 5.12 7.03 7.44 9.57 7.0 1.14 6.35 2.56 6.87 6.41 3.72 2.41 2.6 7.65 9.84 6.78 8.72 7.09 6.27 5.52 5.35 5.61 3.16 3.44 2.04 5.15 9.71 3.32 5.34 8.29 5.78 4.08 1.07 8.16 9.52 6.91 9.17 1.56 7.39 2.83 8.77 8.53 5.84 9.25 9.4 8.54 1.46 7.0 5.94 8.64 7.02 8.21 7.18 7.23 7.62 9.29 1.88 3.2 6.31 1.52 6.93 3.81 1.09 5.13 8.01 6.73 2.87 7.65 4.37 8.65 7.93 3.41 6.71 4.37 3.26 7.92 8.06 5.66 9.35 8.87 8.15 1.52 8.31 2.38 2.43 5.99 7.72 9.16 4.11 8.01 2.15 3.42 1.12 3.39 2.04 5.01 1.11 2.94 9.75 1.61 1.37 5.73 2.64 5.75 9.35 9.4 1.92 1.22 7.38 9.04 5.59 9.08 8.58 5.09 7.94 9.09 5.33 1.91 7.82 6.32 6.09 2.15 7.66 7.4 8.82 8.12 5.5 1.22 7.71 4.4 8.61 3.82 5.07 3.89 4.13 3.92 1.93 6.21 9.72 4.04 1.04 4.97 8.96
3.18 7.78 1.1 7.45 1.39 2.54 4.5 2.65 6.53 7.23 3.51 8.79 5.48 7.12 9.9 6.81 9.34 7.36 4.15 6.75 1.53 5.9 1.6 3.84 5.38 9.44 7.25 2.99 4.76 2.78 5.72 6.68 2.57 4.56 7.8 6.27 6.33 1.93 9.85 3.76 5.52 6.27 6.23 7.9 8.91 4.57 9.34 1.32 2.25 6.41 8.32 8.01 1.08 8.03 8.21 4.33 1.73 6.4 7.06 2.26 5.42 9.85 7.91 4.31 5.15 6.34 2.2 4.07 1.68 5.94 8.58 8.9 7.0 8.32 4.33 1.67 2.7 4.0 6.99 2.63 5.84 8.67 5.74 8.79 5.05 3.49 1.86 4.66 9.63 5.01 6.07 9.67 5.76 5.85 6.04 5.38 3.96 3.48 6.57 8.52 1.86 1.13 8.5 8.75 7.77 9.32 4.42 9.1 9.85 2.8 6.12 6.68 5.72 4.93 7.81 8.93 8.19 5.91 8.76 1.4 8.61 4.17 5.52 7.67 7.11 9.34 8.87 3.57 3.71 3.21 9.36 6.3 2.03 1.34 6.14 3.34 8.01 7.07 4.35 2.99 6.81 7.76 1.88 4.95 4.19 5.3 3.62 4.02 4.58 1.16 8.48 8.2 1.57 2.87 7.1 5.04 4.82 1.69 9.79 1.25 4.74 7.99 8.8 1.03 4.3 9.6 1.48 3.36 7.15 1.3 8.31 4.27 8.01 9.51 1.83 2.68 6.46 4.43 6.99 5.04 4.96 2.69 9.41 5.74 2.34 1.05 6.72 3.55 4.42 2.63 6.44 9.28 5.22 1.98 9.27 6.72 3.11 1.48 5.74 7.27
7.24 9.34 9.54 3.89 7.15 8.16 1.64 5.39 8.35 9.67 7.83 5.64 9.0 6.62 9.76 5.48 9.54 7.76 5.74 3.21 7.52 6.22 5.77 3.65 1.23 5.56 9.42 6.43 1.61 5.97 5.2 5.53 8.36 3.49 5.18 2.8 3.72 8.59 6.45 5.33 4.81 3.21 1.6 4.74 7.02 5.75 4.06 4.85 8.4 9.04 4.17 8.15 9.4 3.03 1.38 4.96 6.15 3.08 3.52 7.98 8.16 2.45 9.33 5.57 7.08 6.22 1.51 9.17 9.17 7.11 7.18 3.99 1.46 1.49 8.88 9.45 4.95 5.54 2.98 9.03 2.37 4.57 6.44 2.15 1.17 1.87 7.58 7.75 7.79 6.63 1.74 4.58 5.68 8.84 4.19 9.89 2.91 3.82 3.23 2.42 3.42 8.96 5.79 3.01 7.77 3.39 2.29 6.6 9.94 2.26 8.75 7.35 3.59 6.78 1.09 4.2 9.9 1.4 2.85 3.36 8.25 1.15 5.12 3.53 7.07 2.88 8.24 6.77 6.29 8.74 4.09 9.02 6.98 1.95 4.44 5.94 8.45 1.68 3.38 6.55 2.85 7.75 5.83 7.22 5.18 3.7 3.11 8.12 7.51 2.5 6.41 5.54 9.09 3.87 6.41 4.7 2.72 5.45 5.64 9.16 5.76 7.96 5.34 2.0 9.88 7.0 7.6 4.9 2.0 4.92 6.63 5.13 4.47 9.06 6.74 9.72 9.75 7.8 8.77 7.53 7.5 5.99 4.49 5.87 9.37 1.43 5.44 1.01 7.68 2.7 7.28 1.24 6.39 1.5 8.66 4.15 8.94 1.46 9.53 2.82
7.53 5.42 8.85 9.97 8.26 7.86 4.52 8.64 6.57 5.91 5.48 5.69 8.13 2.33 8.71 7.14 9.82 4.34 4.54 4.13 9.18 8.18 1.66 6.25 8.23 2.83 2.27 7.98 1.31 7.71 8.89 4.32 1.36 2.38 2.45 1.1 6.89 8.34 7.94 7.75 2.44 3.69 5.2 5.63 8.66 2.31 2.9 3.03 4.07 3.4 7.07 7.39 8.85 6.02 6.02 3.81 9.51 1.49 8.83 4.24 5.38 4.06 7.86 8.99 3.91 2.35 5.83 8.82 2.8 3.35 1.5 6.37 2.98 8.38 7.94 7.21 1.15 9.9 9.88 1.45 3.9 1.44 6.26 6.32 1.62 5.16 9.36 9.22 2.05 2.31 3.31 5.29 1.49 9.82 4.88 5.24 6.49 8.85 4.12 7.06 2.27 8.12 6.46 1.77 3.3 8.24 3.04 7.91 1.5 3.05 9.75 6.54 3.34 9.13 1.62 2.05 5.48 8.32 6.4 7.72 4.57 9.31 8.47 7.34 8.55 7.33 5.66 2.12 8.6 3.05 1.39 5.82 8.08 4.47 2.9 3.26 8.74 3.64 7.02 2.92 2.73 2.77 7.57 8.74 3.36 4.03 1.4 5.49 1.09 7.82 8.73 8.79 8.73 6.15 7.26 8.28 4.13 2.77 6.68 6.76 8.46 2.32 6.47 1.41 4.93 5.47 9.69 4.65 6.51 2.8 2.37 8.03 7.48 9.81 3.87 7.31 1.62 1.18 8.91 9.61 1.16 7.61 7.95 7.99 4.94 5.22 5.95 5.43 4.26 6.98 6.72 3.25 2.11 8.53 6.42 5.59 3.14 8.36 9.08 9.62
2.14 8.73 6.97 7.55 8.71 7.87 3.21 3.47 3.08 6.61 3.65 5.32 4.97 2.53 7.02 7.32 6.76 2.76 1.18 3.77 2.98 7.54 7.51 3.36 7.54 5.76 6.73 4.0 4.02 5.99 8.53 6.04 2.22 6.73 6.46 3.62 5.39 3.54 6.01 6.84 4.19 7.0 1.35 2.56 4.78 5.36 4.74 8.78 4.69 2.47 2.11 5.14 8.94 8.92 6.72 6.26 5.73 9.04 2.41 6.26 1.45 8.0 2.91 3.92 4.72 8.28 1.64 7.92 7.9 6.66 6.72 6.02 3.49 3.32 3.21 1.68 4.99 1.02 6.19 9.78 4.14 5.71 7.86 8.71 2.8 5.68 1.56 3.94 9.7 7.24 3.26 8.12 6.42 5.74 3.02 7.94 1.92 6.93 4.83 7.26 6.78 1.11 6.66 3.85 1.34 3.32 6.21 2.24 5.17 2.38 1.68 4.84 8.37 5.66 4.36 9.08 6.65 5.32 8.25 3.89 2.31 4.22 3.88 2.77 1.12 7.08 5.37 2.68 4.19 7.47 1.83 8.77 8.36 8.68 3.75 7.09 7.86 2.69 4.03 6.72 9.78 6.02 9.38 9.38 8.03 3.44 2.97 9.77 9.37 6.51 6.1 3.67 4.43 1.44 4.81 8.78 9.03 8.33 7.84 9.53 3.71 8.26 1.59 1.82 9.12 8.62 4.98 2.94 7.79 9.53 4.34 3.69 3.4 5.57 9.3 7.09 1.52 3.23 7.62 8.96 3.51 7.94 5.18 6.91 9.48 4.23 1.63 8.49 4.34 2.06 3.47 3.3 4.84 3.57 1.36 6.4 9.96 3.65 2.59 9.06
8.83 8.65 8.03 4.79 3.24 1.8 7.5 3.44 9.29 6.84 2.45 5.42 2.5 9.2 7.75 8.96 9.42 1.68 3.99 5.73 1.16 4.78 3.25 2.57 4.62 7.49 4.74 6.8 6.56 7.3 1.56 5.06 1.25 6.82 8.63 4.46 4.16 1.75 3.1 5.29 5.22 3.12 7.84 1.85 3.64 2.92 2.49 6.41 1.74 2.94 5.04 7.68 1.74 1.43 8.48 2.97 7.57 8.12 2.18 9.42 3.28 2.71 1.64 6.29 6.52 8.67 2.48 4.59 7.27 1.36 6.29 5.82 1.81 8.56 2.51 5.48 1.99 1.63 1.47 9.9 8.18 4.37 9.59 2.38 6.49 8.16 4.22 3.55 2.52 9.88 5.53 9.88 6.78 1.05 3.73 6.6 4.93 4.35 7.95 9.69 1.7 6.44 8.88 3.94 4.23 1.75 7.25 1.05 6.57 3.09 2.55 5.03 8.58 3.92 2.53 7.66 2.3 2.72 6.54 1.91 6.19 4.35 3.43 4.05 6.27 8.94 9.29 7.25 4.47 3.11 9.16 9.65 5.85 2.68 7.7 5.13 7.12 6.72 9.34 3.64 7.36 5.49 2.28 3.62 1.68 5.49 2.91 2.83 9.65 1.85 9.01 9.56 5.41 5.83 7.09 5.93 3.29 1.56 7.23 1.86 5.92 6.06 5.81 3.56 5.92 6.06 8.48 7.39 4.92 1.87 1.09 8.63 3.34 5.49 3.71 8.25 5.59 3.26 8.06 6.78 3.45 7.43 6.33 8.11 9.39 7.74 8.78 4.43 3.48 1.55 8.56 6.58 6.19 2.34 8.77 1.9 7.08 1.33 7.05 4.11
1.02 9.22 2.31 4.22 2.87 3.31 3.23 3.5 5.25 6.16 8.02 7.16 3.01 6.54 3.82 8.04 5.07 6.38 6.19 7.44 8.29 8.96 2.12 5.87 5.75 4.54 1.83 1.64 4.12 9.54 7.44 9.08 3.09 9.41 8.82 5.67 4.46 6.15 9.92 8.84 8.66 9.89 2.31 9.34 2.48 8.37 2.18 8.88 7.78 4.1 7.39 6.11 6.67 6.5 7.74 3.73 7.44 5.37 1.7 8.21 8.82 4.12 2.7 5.34 2.92 7.35 9.43 7.36 4.97 6.86 9.99 8.78 4.12 4.41 1.75 7.97 5.55 3.46 5.23 9.23 7.48 7.64 3.97 5.33 6.81 9.62 1.91 6.2 8.8 5.23 4.38 1.83 9.48 9.59 9.66 9.09 3.79 3.59 6.57 8.31 7.59 5.3 4.81 3.4 4.22 9.03 8.16 2.39 3.52 5.61 6.36 4.11 9.77 1.09 5.37 7.09 4.59 2.72 4.02 10.0 9.95 4.41 7.33 5.91 6.98 2.2 6.15 2.41 5.46 8.13 3.79 2.5 4.64 1.27 5.21 7.21 5.28 1.67 2.47 9.46 2.83 6.21 5.23 3.24 4.89 4.24 3.17 1.93 3.19 4.45 2.13 8.62 7.36 1.42 8.97 7.42 1.44 2.64 2.06 5.87 6.69 5.23 3.51 9.86 2.18 1.94 9.81 7.5 6.53 7.53 5.46 9.35 3.63 8.65 5.02 1.66 5.19 5.59 5.85 4.29 6.09 6.44 6.54 7.54 9.78 3.7 3.02 7.6 8.26 2.37 9.83 4.67 5.07 2.11 9.18 2.78 1.5 8.3 8.78 7.5
7.93 5.01 6.43 5.29 1.6 2.12 1.08 9.96 5.48 9.43 3.71 5.42 9.85 4.09 8.41 2.01 5.83 2.67 1.13 9.24 8.75 5.02 5.38 4.67 4.32 9.45 6.62 1.32 5.59 9.77 1.22 6.75 6.98 8.07 3.8 2.01 2.8 7.54 8.79 8.66 2.61 2.74 1.24 9.35 5.49 9.88 6.28 3.56 7.08 2.85 4.97 5.38 2.76 8.35 8.66 6.06 6.08 3.65 9.43 8.0 3.6 1.68 5.5 7.1 9.71 5.31 3.19 7.84 5.57 2.98 1.07 2.06 5.68 5.77 6.84 5.43 4.39 7.64 6.56 5.38 3.02 9.71 5.08 4.78 4.04 3.0 6.03 4.83 8.0 5.6 4.18 9.01 1.54 7.76 5.5 4.9 5.96 2.13 3.85 5.17 1.58 2.85 1.66 6.64 2.67 5.12 9.95 9.38 7.18 5.64 1.1 7.84 8.31 8.35 1.8 4.02 1.2 4.68 4.17 1.08 5.64 2.23 4.91 2.55 5.38 7.95 7.58 9.7 3.71 1.59 5.16 1.59 9.44 4.07 6.26 5.45 1.05 3.95 4.2 1.54 4.23 4.35 7.81 6.51 9.73 9.98 5.01 3.96 8.81 9.67 4.25 4.86 7.44 9.31 2.36 9.52 6.27 6.26 6.97 7.56 8.1 2.54 5.48 2.51 8.71 4.72 7.37 4.56 6.16 4.21 5.19 1.03 6.94 4.04 1.11 5.41 8.95 3.56 1.94 1.38 6.29 1.51 1.64 8.29 8.07 9.13 2.24 7.89 8.5 9.89 8.45 9.81 5.36 5.83 2.54 9.42 3.35 5.69 5.23 3.88
1.28 8.63 9.7 3.03 4.04 2.16 2.44 8.38 5.66 1.04 2.8 1.53 5.85 2.92 3.89 5.16 9.46 3.52 3.03 8.23 4.45 5.89 8.87 5.29 5.93 9.51 7.73 8.13 4.57 1.06 3.51 6.86 8.45 8.17 5.31 4.19 6.98 7.78 5.95 2.42 5.67 8.48 3.27 9.23 1.1 9.62 7.17 9.52 6.63 3.35 1.88 5.32 8.65 2.98 1.57 6.7 7.58 5.91 2.79 7.4 9.02 5.9 8.72 3.15 7.34 3.65 5.6 5.2 9.12 9.19 6.87 4.52 4.58 9.95 4.0 6.07 4.77 7.9 6.64 6.35 9.43 2.67 5.59 2.18 9.76 1.65 3.14 6.89 4.53 6.3 8.13 2.67 6.84 1.24 1.32 1.02 9.69 3.11 6.44 4.31 8.54 1.24 8.46 5.78 9.23 6.48 2.35 6.27 1.56 3.58 9.45 3.91 2.75 6.52 9.0 5.94 2.38 5.27 5.74 7.06 5.47 3.55 3.13 6.9 8.71 6.3 3.76 3.28 1.7 7.66 2.21 7.9 9.55 5.63 8.19 6.66 3.91 4.86 2.81 3.23 2.95 2.24 5.62 8.72 3.54 1.61 8.36 2.69 2.06 4.12 8.8 2.06 9.05 3.32 8.63 1.16 3.17 4.9 1.59 2.58 9.71 7.0 7.0 5.05 6.34 2.74 7.85 6.66 6.84 4.26 8.11 2.07 8.27 6.4 8.74 2.38 6.34 9.46 5.33 9.04 1.95 4.97 2.17 7.95 9.88 6.66 5.89 6.63 7.72 3.88 6.1 3.89 5.08 3.31 9.91 1.74 8.39 7.1 2.53 9.35
7.51 4.12 4.49 3.77 4.63 5.19 3.65 2.66 8.19 8.09 5.41 5.35 1.46 5.82 1.41 1.91 8.19 1.85 3.02 6.14 1.64 3.7 1.28 2.87 3.19 6.96 5.21 9.97 8.77 2.84 7.25 1.53 6.22 7.51 2.35 4.88 6.78 8.82 4.38 6.17 3.62 8.97 2.86 9.62 9.49 5.06 7.86 3.33 2.18 2.5 4.72 2.38 5.09 2.05 5.12 4.08 8.4 4.76 3.03 7.96 7.3 6.67 3.76 9.78 9.07 8.42 6.07 8.89 2.66 2.74 1.18 4.63 7.11 5.63 6.94 1.03 5.76 7.79 8.28 8.72 3.63 5.07 7.92 1.03 2.97 7.78 4.59 1.85 1.56 8.95 4.44 4.67 7.8 7.64 5.84 1.78 1.82 9.47 6.65 8.44 3.75 4.59 8.53 7.13 6.52 8.51 3.24 8.71 4.96 1.93 9.05 6.82 7.39 8.74 6.79 2.69 1.55 8.18 9.89 1.32 7.72 1.5 7.62 9.05 2.48 7.37 1.8 7.67 7.55 9.47 3.49 2.33 5.03 9.81 9.47 2.8 3.67 7.48 7.3 2.14 3.13 5.92 3.18 6.25 3.31 1.76 6.6 6.92 9.42 6.19 8.92 4.35 4.19 5.46 2.65 9.83 1.05 3.36 2.48 2.65 9.45 9.67 1.05 4.2 8.96 9.31 1.97 5.43 5.26 1.5 6.42 8.11 3.25 8.13 6.31 6.58 8.61 6.44 4.82 2.97 3.92 5.71 4.29 9.53 1.44 8.72 9.34 4.79 9.47 9.84 4.89 2.99 7.53 3.18 1.48 7.74 8.92 9.52 8.16 8.12
8.32 3.49 9.15 9.85 3.81 5.91 6.25 8.52 9.5 3.14 4.92 8.82 2.04 9.2 5.31 4.83 5.74 3.72 9.51 5.89 8.93 4.09 1.26 4.98 2.48 5.74 2.68 6.31 4.36 9.27 7.83 3.56 5.09 9.71 9.45 5.61 8.3 7.1 3.45 5.25 7.33 2.46 7.88 9.09 5.49 1.78 6.9 2.18 2.02 1.78 6.36 3.31 7.95 9.87 9.19 5.45 4.11 6.21 6.81 5.21 9.89 8.71 5.82 8.35 6.1 6.4 9.98 3.33 7.17 2.31 4.15 9.28 1.36 8.21 7.37 2.59 2.84 6.57 4.94 8.6 9.6 1.39 9.33 7.62 5.53 8.82 8.4 1.56 9.02 6.0 3.96 2.68 9.24 2.37 5.71 9.09 7.75 5.21 9.23 3.38 8.21 4.71 8.09 2.67 9.93 2.45 6.2 4.77 1.61 2.64 6.53 7.28 4.03 8.35 7.05 6.41 5.51 5.49 3.62 2.96 4.93 5.6 1.47 9.93 5.25 6.38 9.94 4.87 2.46 7.07 1.75 7.97 6.93 5.0 4.59 8.52 8.62 2.2 1.94 3.7 9.49 9.65 5.24 2.73 7.04 2.34 9.85 6.69 9.07 2.17 7.21 8.2 7.39 7.21 8.66 2.22 4.12 6.16 7.96 4.45 5.31 3.08 8.09 6.02 5.55 9.46 6.52 7.69 8.11 9.59 7.46 1.76 5.96 3.9 5.48 5.82 8.15 5.46 9.75 7.91 8.88 4.74 5.56 9.91 8.79 5.58 8.2 7.21 6.65 8.63 3.62 8.45 2.75 6.66 3.07 1.36 8.66 5.29 2.44 5.54
3.96 1.6 2.11 7.32 3.21 7.1 4.09 9.84 8.85 2.96 3.48 8.91 7.98 9.67 4.65 8.75 4.93 5.38 5.05 7.71 1.59 2.62 1.39 5.62 7.6 1.72 6.27 6.94 1.5 5.93 2.98 1.67 9.02 7.86 4.43 2.79 5.47 3.69 7.41 4.05 9.43 1.8 5.54 9.24 6.5 1.41 7.08 4.62 4.29 6.15 2.67 5.14 8.93 3.67 4.26 5.38 2.65 1.16 1.56 7.17 9.77 2.85 2.85 7.85 8.5 7.06 2.06 3.22 4.41 5.39 9.6 1.89 1.55 2.93 3.05 3.34 1.93 7.74 7.37 4.92 8.95 7.49 7.99 4.06 9.34 7.77 5.73 3.31 1.31 7.16 3.97 2.74 3.34 4.94 7.72 9.27 2.89 2.65 8.53 3.12 1.98 3.6 6.29 9.82 5.54 1.6 5.76 2.75 7.05 8.66 8.74 6.16 8.4 9.84 5.61 4.8 6.78 8.57 9.91 8.82 9.79 2.82 1.08 9.75 2.81 9.39 8.13 5.65 7.89 2.46 9.87 9.31 4.96 4.93 8.89 5.02 5.37 6.64 9.47 5.81 3.05 6.15 1.32 4.42 7.35 5.48 9.74 4.23 7.41 6.13 8.21 1.85 8.46 4.65 6.82 2.76 9.23 2.16 2.42 9.99 1.32 2.05 4.31 6.24 1.33 7.99 2.99 6.63 1.41 3.43 4.47 5.27 3.34 3.07 1.63 2.07 7.7 4.41 9.29 6.2 5.06 8.61 2.27 6.22 2.43 9.93 2.76 4.18 1.98 1.99 2.07 9.82 7.5 8.94 3.41 6.73 7.66 7.54 9.99 2.53
5.9 2.78 8.7 6.24 8.67 8.93 3.18 6.66 4.11 2.36 1.46 5.59 3.77 4.91 9.54 9.7 1.07 3.16 5.57 6.82 7.54 7.6 4.85 3.63 2.37 9.46 1.01 1.3 2.5 4.43 8.43 9.48 1.89 7.95 2.98 8.45 3.8 2.16 9.56 1.14 8.93 3.68 2.21 7.22 8.46 6.41 6.03 5.96 5.8 6.15 8.09 8.46 9.75 5.0 5.01 7.84 2.96 2.9 6.25 2.33 8.65 6.03 6.5 3.38 6.49 6.36 6.09 9.57 2.45 7.53 1.56 8.47 4.66 5.87 6.13 7.5 9.48 7.48 5.98 7.44 7.2 3.35 3.26 4.52 6.93 7.52 4.75 1.21 4.41 7.05 7.56 2.1 5.59 4.56 9.27 7.32 3.92 4.73 5.64 9.2 2.91 5.71 8.07 8.15 5.61 4.18 2.65 1.63 7.0 5.61 8.34 1.88 3.78 4.2 1.69 2.38 1.97 7.32 5.72 5.12 9.59 8.58 2.41 9.6 9.75 3.45 7.11 4.32 8.35 9.37 1.43 9.91 5.51 9.27 8.67 4.31 4.11 6.59 9.22 2.96 4.25 1.83 8.17 4.5 1.36 9.45 5.8 8.56 6.43 2.23 3.34 8.52 9.28 3.93 5.29 2.59 1.32 3.74 2.29 9.59 3.84 1.74 3.28 2.62 7.46 9.12 6.53 7.63 9.4 1.42 3.73 8.05 4.5 1.85 4.22 9.85 2.0 2.0 8.64 2.69 7.45 9.85 2.85 8.17 8.53 5.84 2.28 8.82 1.8 1.02 6.54 2.17 5.16 4.97 8.04 1.8 6.36 8.97 5.06 6.37
8.55 3.73 3.83 9.39 5.13 1.74 6.48 3.46 3.67 1.2 3.95 7.28 9.12 3.75 5.26 4.55 7.15 1.63 4.41 7.14 8.05 8.08 7.15 5.76 5.54 4.03 1.78 4.43 4.0 8.27 4.9 4.48 6.43 2.89 9.55 5.08 6.92 6.57 5.52 5.47 2.78 4.8 9.25 3.36 9.82 8.27 8.4 8.63 7.69 9.99 9.92 8.88 1.69 7.47 6.02 9.11 3.32 9.44 4.85 7.42 3.81 5.86 8.89 8.42 7.83 9.53 6.86 2.16 9.96 5.31 6.94 1.36 9.08 1.83 4.72 5.93 4.29 5.79 9.93 1.07 4.88 1.52 5.55 4.07 9.14 6.64 8.67 1.27 7.97 5.46 2.02 7.68 2.94 5.16 8.59 7.43 2.73 6.52 6.74 5.16 7.55 6.42 1.71 8.91 1.92 1.77 5.83 2.39 9.69 5.26 9.59 7.65 8.81 2.63 9.51 3.63 3.32 7.01 8.08 6.37 3.7 4.08 2.48 6.11 9.64 9.39 6.92 9.81 3.62 5.63 3.94 8.48 2.99 3.64 7.62 9.29 5.15 4.82 1.11 7.41 5.51 8.19 3.22 2.4 3.76 1.25 9.64 1.8 8.72 5.53 5.29 3.44 5.24 6.52 1.71 5.63 6.12 5.73 8.91 3.0 6.89 5.33 2.02 2.35 4.34 8.65 6.84 5.28 6.43 3.68 6.38 9.39 7.59 2.42 9.49 5.52 6.97 5.13 1.59 6.01 9.32 8.92 8.11 4.44 3.24 4.17 2.85 4.77 1.26 4.1 7.57 7.08 1.37 1.29 6.29 2.53 4.83 8.61 8.1 5.79
3.75 9.53 5.42 5.56 7.97 7.29 3.56 4.86 3.09 8.73 1.89 8.4 1.58 8.73 5.27 6.82 5.89 2.14 7.04 2.54 3.83 3.72 8.12 6.73 8.79 7.42 1.94 4.21 5.7 8.11 8.94 1.37 2.81 2.7 8.87 1.73 1.21 8.45 1.62 7.79 9.6 3.08 4.69 3.41 5.65 6.87 8.99 5.45 6.56 7.16 1.37 3.56 4.7 4.63 5.49 3.92 5.41 3.17 3.63 4.29 8.13 8.0 8.35 6.01 5.0 9.18 7.68 3.79 8.41 5.15 5.92 5.11 9.49 8.34 9.46 5.11 6.62 1.34 1.92 6.17 7.95 5.89 8.49 9.5 7.33 3.3 5.57 8.56 6.61 5.04 6.86 6.52 8.1 2.58 9.07 2.38 8.07 1.48 8.29 7.42 3.79 8.08 6.31 9.4 4.33 4.5 2.11 4.11 4.25 7.13 4.54 2.95 7.49 6.76 8.68 6.69 1.6 2.29 1.2 9.05 3.57 4.33 1.23 4.28 9.8 2.97 6.14 4.58 7.46 2.73 9.44 8.27 1.23 7.25 1.71 6.93 5.38 9.25 6.99 5.71 9.67 5.44 9.51 4.92 3.92 2.13 6.67 2.14 2.46 7.9 1.35 8.91 6.01 4.45 1.95 4.46 2.07 1.18 4.2 4.42 2.36 1.92 4.91 4.2 2.33 3.37 2.79 1.5 1.88 1.67 3.27 7.47 4.68 4.15 2.44 4.79 5.5 6.75 4.34 2.15 5.7 9.99 2.21 3.91 1.04 3.36 1.96 3.53 6.28 7.75 7.77 9.21 5.69 1.73 7.57 6.06 1.9 8.21 6.64 7.55
6.7 2.02 6.22 1.34 6.62 3.48 7.69 3.58 5.57 8.15 6.28 6.9 5.25 2.68 3.16 3.57 7.43 1.56 1.35 5.53 1.76 9.32 2.23 2.84 6.93 6.52 2.54 1.5 3.4 8.42 6.11 7.52 9.74 9.01 8.9 6.38 9.13 6.94 1.1 6.54 4.92 1.41 5.98 5.54 2.03 7.38 8.16 9.99 4.45 2.01 4.11 5.74 8.53 6.82 3.89 3.36 5.53 1.45 8.4 3.86 1.02 5.85 7.33 9.13 2.78 5.21 3.76 8.6 7.5 1.32 6.05 8.59 6.24 8.48 9.37 4.94 2.58 4.13 4.35 1.64 7.82 1.78 2.78 8.19 1.02 3.7 6.17 4.16 4.96 5.08 1.88 5.75 5.1 5.1 7.25 4.15 3.99 3.22 7.26 2.14 2.31 7.6 5.1 6.05 8.36 1.45 4.5 6.12 3.71 2.47 8.42 2.57 1.96 3.28 6.47 8.35 1.35 5.22 5.91 2.9 1.62 7.98 9.73 7.62 7.07 1.83 7.07 5.26 7.67 4.89 1.12 2.33 8.29 3.39 8.22 6.38 6.38 7.55 3.58 7.44 8.28 6.82 4.84 5.22 9.02 1.35 3.32 1.8 7.19 6.46 2.85 7.39 6.12 2.92 4.95 1.36 4.66 2.47 8.04 2.39 8.98 8.63 9.59 5.5 6.63 7.69 1.73 2.74 7.39 9.62 4.59 2.12 8.78 3.85 2.47 4.83 7.88 9.16 4.49 3.59 5.57 9.01 3.07 4.79 7.88 4.13 9.28 6.59 3.84 5.15 4.32 4.2 4.27 7.33 6.79 8.82 7.26 2.46 8.74 1.27
6.46 9.09 3.94 9.07 7.01 3.69 2.28 3.02 2.29 4.16 3.56 9.56 9.01 9.86 9.32 5.37 5.85 9.71 8.62 9.64 4.99 9.18 4.55 5.8 9.55 6.11 6.74 2.86 7.32 9.15 2.54 9.99 2.78 3.14 6.83 3.66 5.69 4.49 5.23 5.25 6.55 5.44 8.49 6.44 4.1 9.71 3.99 1.17 3.12 7.43 5.54 8.53 8.42 7.15 4.13 8.39 6.8 9.72 8.05 4.59 1.39 8.14 6.05 6.11 9.88 8.9 1.14 1.41 7.06 6.95 5.87 8.06 7.82 5.49 3.38 4.05 2.03 9.9 9.89 9.63 7.99 7.36 9.9 3.74 7.49 1.5 5.45 4.05 3.84 9.15 3.0 6.08 7.21 1.51 1.46 2.02 2.41 7.53 4.15 6.05 8.11 1.17 8.42 1.25 9.21 4.5 6.31 1.03 8.1 4.54 4.66 9.88 5.32 1.66 2.44 9.66 8.56 5.05 6.31 5.22 9.18 4.33 3.08 5.87 4.3 5.06 7.29 6.84 2.22 4.74 9.02 4.03 7.59 5.74 5.92 3.01 4.55 7.51 8.55 5.21 3.7 6.93 2.64 7.26 7.08 2.6 7.84 4.38 6.03 2.38 9.71 6.35 9.04 1.29 7.92 6.16 5.41 8.8 8.92 1.9 2.28 8.96 3.77 7.18 8.43 4.19 7.79 5.76 7.86 3.4 3.34 9.22 7.06 8.19 1.66 7.79 6.53 7.15 1.96 8.94 4.33 4.74 7.62 1.72 8.5 5.08 8.18 2.94 3.76 7.29 3.99 7.14 1.06 7.13 6.56 6.21 1.98 6.01 5.33 6.84
2.77 3.2 6.45 8.82 6.04 4.68 7.39 9.09 5.78 1.2 5.22 5.81 3.88 9.94 5.43 9.61 1.63 4.96 1.06 1.56 1.05 9.98 2.16 1.08 9.41 2.7 3.79 4.32 5.15 8.93 9.31 6.14 7.79 6.6 8.44 1.54 1.43 3.04 4.82 8.62 4.31 7.31 5.81 8.5 1.83 8.3 5.81 2.33 7.75 7.09 2.21 8.57 9.45 4.1 6.93 4.38 4.04 2.2 8.6 3.16 4.36 7.22 4.76 3.22 3.23 5.49 3.07 5.13 2.89 1.62 4.72 2.76 6.23 3.72 5.74 3.56 4.64 5.05 9.69 4.11 5.68 6.91 9.42 9.29 6.29 5.86 2.25 7.12 2.43 3.97 9.89 5.66 2.71 4.39 2.39 6.79 5.27 2.44 8.27 1.98 9.53 3.81 9.34 4.45 1.44 4.07 3.72 7.77 5.57 5.34 7.52 1.36 5.01 4.52 8.15 3.17 5.88 7.77 5.7 4.35 6.31 1.22 8.55 4.0 3.25 6.6 9.22 3.36 7.7 5.99 8.08 1.95 1.49 8.12 4.33 1.45 1.58 9.93 1.89 1.24 6.43 8.78 9.42 5.26 2.77 9.45 2.24 1.18 9.61 9.12 7.18 2.24 3.27 4.02 9.49 4.1 1.26 3.56 2.27 1.52 8.51 2.37 7.85 3.6 5.57 8.62 7.27 5.09 9.39 2.35 3.72 6.0 8.57 6.16 5.15 3.08 2.59 9.59 9.86 9.92 2.92 2.26 4.07 9.09 3.02 2.31 8.0 6.77 9.67 6.03 6.19 5.82 9.57 9.69 8.1 5.06 7.53 1.01 5.17 9.29
4.51 5.98 4.14 9.04 1.69 4.18 9.45 7.27 4.86 5.72 2.21 6.87 5.87 3.37 8.63 8.51 3.69 1.95 1.69 6.93 2.2 8.48 6.57 1.17 2.18 4.56 9.95 5.73 2.22 3.7 1.07 8.0 8.61 2.41 7.54 1.0 3.45 6.7 8.9 4.22 8.98 3.84 1.02 2.55 5.95 7.77 5.4 4.07 6.65 8.76 1.72 2.79 1.81 7.32 4.48 1.99 8.57 4.67 4.49 9.77 5.72 9.18 7.7 7.72 3.82 6.61 6.4 8.59 8.01 3.4 6.67 9.8 9.14 3.51 8.92 4.26 2.34 4.84 4.76 2.34 1.43 1.32 2.31 5.6 4.2 5.25 7.85 7.13 1.99 4.68 2.72 2.65 2.52 4.75 9.98 8.52 3.02 9.48 2.86 5.5 9.84 2.29 9.26 9.26 3.3 2.85 6.17 5.8 7.58 9.72 6.13 7.5 6.06 9.65 1.87 4.5 4.81 9.8 6.44 6.48 7.1 5.18 8.59 4.85 9.21 4.25 2.62 3.12 2.71 9.05 6.24 3.75 2.59 1.45 5.98 1.84 4.28 4.24 1.0 3.4 4.76 1.71 1.6 6.09 6.39 5.23 9.14 7.48 4.61 6.03 4.75 2.78 5.49 8.68 7.2 4.3 5.29 8.81 4.4 4.0 5.78 8.65 7.85 5.36 6.53 3.18 4.2 1.64 1.55 7.05 9.83 3.39 1.36 5.88 3.07 2.18 6.27 9.83 4.0 7.78 2.7 1.34 7.91 4.14 6.41 6.19 1.55 2.14 6.37 7.89 4.62 5.73 4.86 9.39 5.55 1.67 1.51 1.18 3.46 2.03
1.46 1.76 9.91 7.96 3.06 5.8 8.79 6.84 8.75 1.19 4.81 4.14 5.83 2.21 3.9 1.31 8.03 9.11 4.42 6.23 1.59 2.58 1.74 4.72 2.14 9.38 3.53 9.55 6.8 9.39 6.18 5.5 5.25 6.13 3.35 8.75 9.42 8.01 9.68 8.05 8.22 1.21 5.52 6.09 9.19 3.16 8.48 1.16 9.97 1.07 2.99 5.38 4.74 2.5 1.16 7.39 1.07 5.17 4.84 1.98 6.43 3.03 7.55 8.16 5.49 3.73 3.12 3.23 9.34 6.19 6.28 9.24 9.96 9.62 5.02 1.77 6.23 9.78 6.82 9.77 2.27 4.27 1.43 9.35 2.73 2.42 1.34 9.44 9.16 9.22 1.82 3.78 8.6 7.23 4.83 3.25 6.65 7.32 3.57 6.2 7.09 1.44 6.45 6.01 7.08 9.97 8.69 9.03 4.09 6.36 7.96 2.04 4.01 8.34 2.86 3.68 2.83 2.75 2.38 3.93 9.23 2.96 1.34 6.63 5.26 1.58 5.02 4.77 6.82 8.14 3.92 9.45 7.34 6.41 7.27 4.63 6.95 9.7 9.97 3.36 1.62 3.35 9.25 5.11 3.0 4.52 6.07 5.84 6.23 2.77 4.8 5.38 2.11 8.52 6.95 8.17 9.4 1.84 8.53 9.86 4.59 8.98 9.82 7.61 7.49 1.81 7.58 6.94 8.14 8.55 6.78 7.32 5.2 2.63 4.17 2.73 7.96 1.54 2.36 1.29 5.79 9.46 5.63 5.05 5.65 4.34 9.29 9.93 5.73 5.6 3.71 6.13 3.13 2.64 3.61 8.5 6.46 8.26 2.2 3.91
5.05 4.02 8.57 8.0 8.81 8.21 2.96 2.36 8.31 9.08 4.32 3.44 5.87 9.04 3.14 6.09 5.29 2.54 8.64 7.87 2.07 8.28 5.52 7.74 2.69 4.48 6.25 1.78 2.88 8.55 8.24 8.42 1.48 7.32 7.27 7.38 7.74 1.45 4.02 6.87 2.28 9.29 6.63 2.66 5.63 6.06 9.89 8.99 4.21 9.44 3.83 9.12 8.27 6.87 8.52 3.28 8.75 6.59 5.49 9.35 5.33 3.15 7.62 9.0 6.31 1.27 6.79 7.91 9.16 6.82 2.19 3.54 9.96 7.43 3.46 8.75 8.94 7.87 9.27 3.74 9.32 8.65 5.39 6.42 5.89 8.0 9.62 1.29 6.08 7.72 6.12 1.61 4.81 3.14 9.4 9.62 5.22 7.46 5.13 8.37 5.24 4.78 7.89 3.2 1.81 3.6 3.6 4.05 2.13 9.5 2.66 8.75 7.87 2.39 8.54 7.89 3.59 3.5 3.35 3.94 2.74 8.47 2.8 6.44 4.84 1.37 1.31 8.78 8.64 3.0 5.24 3.41 4.34 5.37 1.32 1.76 9.95 6.73 9.39 4.99 1.51 2.06 7.47 3.14 4.23 7.02 9.73 3.98 4.72 3.13 1.27 7.12 7.74 5.26 2.26 1.26 6.55 4.94 5.52 5.63 1.27 1.09 4.5 6.34 1.67 3.51 8.62 9.91 5.07 8.99 7.12 4.94 8.72 1.69 9.48 6.09 2.11 1.84 3.64 2.73 6.63 3.98 5.28 6.72 5.99 9.27 3.6 5.93 4.74 2.47 3.05 9.14 8.29 2.57 4.23 7.27 9.23 5.13 6.17 3.03
6.77 7.49 5.21 7.63 5.8 3.79 3.8 9.51 4.34 4.37 8.57 5.28 7.38 2.44 2.19 6.01 8.08 2.98 6.35 7.61 3.79 1.29 6.47 2.79 9.79 8.31 7.54 6.86 3.64 1.77 9.53 8.28 3.86 5.57 7.83 4.25 8.68 9.82 4.1 7.77 2.94 6.36 7.19 8.94 2.01 7.99 1.36 1.14 6.9 8.9 2.16 3.52 5.7 5.54 1.6 3.39 1.59 2.42 9.42 7.2 5.06 8.74 6.47 3.93 3.46 4.2 6.85 2.36 6.13 8.98 5.41 9.92 7.85 3.6 8.06 7.72 5.7 5.95 6.56 3.63 1.2 6.87 1.05 8.47 8.14 9.05 9.3 2.34 7.61 9.78 7.01 6.92 3.42 2.72 3.78 6.78 6.2 2.52 6.77 6.83 6.56 8.12 8.5 9.07 4.43 9.29 1.79 9.06 6.54 6.86 1.65 2.49 7.72 6.31 8.26 5.85 6.89 2.5 9.31 2.71 7.97 9.39 8.63 8.27 7.22 5.36 5.92 6.74 2.84 9.46 5.99 5.5 9.39 9.17 9.58 9.2 7.03 2.86 4.27 3.29 1.6 1.43 5.94 8.76 3.26 7.28 1.46 8.21 9.55 2.98 6.54 8.6 1.68 3.05 7.76 6.84 9.05 2.12 8.19 5.03 9.08 1.33 6.0 8.44 4.79 4.28 8.03 6.78 4.42 9.88 2.01 9.55 4.26 4.94 2.25 1.28 7.22 9.82 3.32 5.18 8.03 6.93 7.36 5.63 1.56 7.89 5.91 5.62 2.3 8.68 6.44 9.68 3.38 3.36 8.02 3.83 9.97 7.31 3.77 5.93
1.18 8.5 5.09 7.68 5.22 5.55 9.14 2.21 1.63 1.88 2.34 5.77 6.57 9.07 4.14 6.48 9.98 6.47 6.67 6.42 3.16 8.95 4.22 5.88 7.96 2.11 1.37 2.44 8.98 8.16 4.3 7.87 1.57 3.73 8.51 7.65 4.8 7.44 4.27 7.24 1.47 7.02 2.52 2.31 8.82 1.51 3.56 5.49 9.16 2.59 4.24 8.83 5.71 4.04 4.1 3.29 7.24 1.78 1.01 8.02 2.77 3.67 2.59 5.18 5.45 2.39 6.19 8.11 8.69 9.42 3.5 8.5 1.13 9.42 7.17 6.84 1.68 1.39 5.39 1.2 9.21 3.57 4.71 2.26 1.53 3.44 9.94 8.04 1.58 8.03 1.77 4.11 9.99 8.69 4.62 6.72 2.13 4.2 6.47 8.55 1.2 5.66 4.4 2.34 1.46 2.72 1.84 6.07 3.47 9.05 3.3 4.36 4.15 8.77 5.91 7.25 3.38 1.91 7.74 3.67 1.72 5.31 6.02 2.35 8.04 7.27 8.95 2.63 1.64 1.28 3.34 1.66 7.64 4.58 4.78 7.02 4.13 2.46 5.97 7.3 3.01 7.73 3.87 1.94 5.3 7.65 7.73 5.19 9.57 4.53 3.47 7.16 7.39 8.69 5.34 1.31 2.54 6.83 2.86 2.13 3.84 1.73 6.8 5.01 9.15 6.63 6.31 2.53 6.01 8.41 6.33 8.03 6.86 7.46 8.64 1.93 2.24 8.22 4.99 4.29 5.29 7.49 5.83 5.53 8.39 6.05 3.77 8.07 2.29 1.08 8.89 8.79 9.42 5.94 6.74 7.87 5.24 9.96 1.42 3.89
5.35 8.01 4.91 1.85 4.88 3.13 1.02 1.78 9.71 7.91 4.98 8.77 9.88 6.34 3.3 8.77 2.53 9.15 4.61 1.57 6.8 9.85 5.81 4.78 1.36 5.22 2.68 1.6 1.53 5.67 2.27 1.16 4.34 6.14 2.58 7.17 8.02 1.96 8.1 2.24 4.49 4.67 3.95 8.96 4.61 4.3 1.97 3.6 3.41 3.23 6.75 6.8 1.58 6.13 5.72 5.69 2.69 1.8 3.48 7.49 6.66 6.05 5.85 2.54 8.27 4.67 5.85 1.67 6.8 4.83 7.23 3.91 7.32 4.96 5.63 6.25 8.64 2.15 7.6 5.41 1.52 2.41 2.57 1.23 3.62 2.57 6.17 6.03 7.2 6.35 2.96 2.98 1.55 4.42 1.52 5.78 4.65 6.23 7.49 7.79 8.22 1.56 2.46 1.12 5.21 8.86 7.87 5.81 4.73 4.47 1.54 4.1 7.18 2.31 7.99 8.2 8.9 8.68 9.25 8.46 9.07 1.79 1.85 9.69 6.09 5.74 7.13 1.15 7.33 9.52 5.25 2.75 3.93 8.96 5.69 2.0 2.18 6.59 9.71 5.26 1.57 9.19 6.99 4.24 5.61 8.49 4.5 6.78 1.51 4.25 2.2 2.98 4.44 1.46 9.52 8.36 4.66 3.49 5.68 3.89 1.59 2.2 1.07 7.37 1.8 5.37 7.05 1.99 7.1 9.47 6.36 5.32 8.33 3.12 3.34 1.89 8.53 1.05 5.75 3.02 9.72 9.98 9.32 9.36 5.37 3.19 1.23 5.91 1.34 9.59 3.67 5.93 9.32 9.29 5.14 2.64 2.41 3.89 7.44 2.96
9.41 7.72 5.88 3.89 6.7 5.54 3.93 8.58 5.63 2.76 5.71 8.52 3.8 4.24 7.39 9.29 6.8 1.56 9.71 7.4 2.62 5.75 2.49 3.03 6.4 2.94 9.05 8.4 7.5 6.89 8.7 8.04 7.89 7.01 3.62 5.14 8.02 2.97 6.14 3.1 3.07 7.63 8.17 5.45 9.87 7.59 3.19 9.36 2.08 5.33 3.32 3.36 8.86 5.68 9.11 2.95 3.5 5.14 9.93 6.3 1.28 7.24 8.46 9.04 7.01 4.84 3.38 2.33 5.36 8.77 8.32 2.05 3.5 9.93 1.59 3.93 1.79 5.75 7.3 3.05 6.06 9.52 9.27 6.48 7.92 2.63 5.25 6.83 6.95 9.38 8.05 8.84 4.19 1.49 8.59 4.22 6.84 9.51 6.81 1.56 4.43 8.72 2.42 2.3 4.4 9.12 6.02 3.87 2.82 9.13 9.47 8.56 8.71 5.95 9.3 4.74 8.05 6.94 2.62 4.56 3.59 2.09 2.51 9.47 8.21 9.46 2.35 9.44 9.52 3.42 6.89 4.63 4.48 9.92 5.14 6.11 4.87 6.28 8.89 3.39 7.08 4.24 3.15 3.8 5.18 2.91 2.92 1.64 3.6 2.13 9.66 8.45 5.72 4.56 3.28 3.75 5.32 3.41 7.57 3.64 5.14 1.58 1.75 7.65 9.72 3.15 3.82 7.24 9.4 5.43 1.1 3.24 8.58 7.0 6.31 8.06 3.31 7.0 6.6 9.03 2.6 2.67 5.57 2.4 8.09 8.51 9.98 4.51 3.02 5.09 5.42 4.89 1.36 3.87 3.34 5.34 3.3 5.07 9.9 4.25
8.61 1.08 2.4 7.83 2.14 4.82 5.07 4.24 7.56 7.16 2.26 2.73 5.35 4.31 5.3 7.09 3.7 7.79 7.55 7.28 8.17 7.1 4.46 6.71 6.02 3.1 1.92 9.54 2.91 2.52 8.15 7.01 3.34 8.37 5.64 3.3 2.29 6.06 9.97 7.4 6.19 7.43 1.13 6.31 8.09 9.17 2.74 6.94 2.91 2.75 7.02 5.96 9.31 3.7 5.48 5.14 8.03 1.15 2.74 1.27 1.6 9.75 5.66 6.29 6.52 6.62 1.22 5.54 5.28 5.33 8.76 9.31 1.85 6.42 5.81 4.83 1.47 4.38 7.22 6.59 7.84 6.88 8.01 5.48 2.72 3.23 5.74 1.34 9.53 2.05 4.09 1.48 5.96 3.91 3.96 7.59 5.9 3.25 5.35 4.74 8.36 8.04 7.37 8.64 4.65 7.13 9.02 8.33 4.19 5.65 2.96 3.83 4.4 8.71 5.45 8.61 6.35 4.8 5.74 2.56 6.59 9.54 9.13 3.34 4.11 2.46 6.67 4.77 6.54 5.33 6.17 5.6 7.03 2.38 1.37 1.88 8.97 8.26 8.15 4.05 6.71 8.41 4.61 8.9 3.96 8.42 4.56 9.83 1.67 9.79 7.95 5.26 1.86 4.48 9.15 6.95 8.95 4.9 1.29 3.31 5.44 8.04 4.28 6.02 2.73 4.97 5.64 7.75 4.99 2.31 2.38 5.57 2.45 4.8 8.0 4.83 8.5 1.67 2.97 2.01 8.07 8.76 8.53 6.17 8.89 7.53 7.23 7.11 6.01 8.05 5.1 7.69 4.06 8.87 9.14 3.24 1.15 8.93 1.3 7.04
8.05 5.5 5.14 6.47 1.11 4.72 6.59 1.75 2.81 4.02 3.86 6.0 2.25 2.52 2.84 5.98 6.78 8.39 9.19 2.89 4.38 8.47 1.07 1.37 6.56 1.34 8.51 6.41 7.44 6.85 2.75 6.62 8.48 2.46 5.8 1.39 4.4 9.26 8.29 7.08 6.07 7.79 1.3 4.34 5.33 5.56 9.5 6.26 1.38 4.51 3.59 2.36 3.73 1.14 4.19 8.9 7.48 3.98 3.22 9.84 6.24 9.18 2.55 2.95 3.85 6.0 9.26 5.91 7.28 2.99 2.48 3.31 3.27 2.07 5.84 2.61 2.67 8.9 3.05 6.97 5.65 6.28 1.58 2.3 3.82 5.4 1.86 4.3 6.37 9.86 8.56 9.77 9.68 1.95 5.46 9.1 7.35 1.77 6.77 4.13 1.88 8.58 7.88 3.0 8.64 8.95 1.47 3.43 3.48 7.02 5.67 7.93 8.47 1.17 4.36 1.22 3.65 4.62 7.06 7.0 1.5 3.24 5.28 9.48 3.38 8.93 4.07 4.12 1.43 7.81 6.54 6.33 1.55 4.25 9.22 1.71 4.26 1.4 2.81 4.65 2.12 4.34 9.23 1.17 4.04 7.39 1.41 3.48 7.78 9.55 8.26 7.63 4.65 2.42 4.25 4.06 6.3 3.53 4.47 4.09 3.99 7.37 2.28 7.01 6.18 7.73 8.22 6.35 7.4 2.52 3.76 2.87 4.44 6.99 5.96 1.44 4.31 7.85 3.47 7.01 8.59 1.29 9.47 9.21 7.82 2.23 6.02 1.14 3.03 6.05 3.92 3.3 3.8 9.48 3.8 8.62 1.51 3.88 8.9 2.08
5.3 6.09 2.82 1.3 6.93 7.87 2.98 1.66 6.39 8.31 5.9 3.72 4.7 5.33 9.65 4.63 1.09 7.47 4.54 5.8 8.71 2.14 4.02 8.03 2.5 9.88 6.65 5.58 5.23 3.9 7.36 5.25 2.09 6.98 6.43 3.13 4.83 7.29 7.7 5.16 7.98 7.71 2.34 9.9 2.42 9.39 6.5 2.96 1.97 7.2 6.64 7.34 1.89 6.53 9.74 8.84 8.16 4.04 7.98 7.92 7.34 4.47 9.18 2.66 2.47 6.96 8.6 7.61 1.8 1.63 4.34 8.42 3.49 1.6 7.51 1.76 3.03 9.46 9.36 7.62 7.62 6.77 5.0 2.14 2.59 4.85 4.95 6.83 3.7 9.27 3.44 8.63 6.95 7.79 4.74 7.12 2.7 8.27 7.58 1.26 1.87 7.83 2.67 5.49 5.16 9.67 5.15 7.71 1.78 4.51 4.43 5.76 8.52 5.32 9.59 5.37 8.8 8.14 3.74 7.69 3.03 3.7 8.46 5.93 3.99 1.01 2.23 9.03 1.14 8.57 1.81 9.63 1.68 1.54 4.23 7.14 8.03 5.48 4.57 8.55 8.73 6.69 9.58 4.64 6.09 1.47 2.78 7.33 4.67 2.09 4.34 1.64 4.07 7.16 6.85 4.35 8.4 1.95 4.39 1.73 6.37 5.38 6.45 7.2 6.68 3.03 7.32 1.35 8.23 5.57 2.8 1.72 3.11 2.69 6.79 4.79 8.74 7.32 3.9 9.55 3.89 2.33 5.04 9.36 5.39 4.28 1.61 7.69 8.06 9.4 1.83 7.75 9.02 4.91 9.64 5.72 1.26 7.03 9.85 2.12
3.45 9.33 4.98 9.16 9.69 1.95 1.04 7.57 7.39 3.1 1.34 6.74 2.86 7.26 6.41 9.24 8.71 6.68 9.29 6.07 8.6 5.34 7.1 2.68 5.01 8.75 5.23 2.58 1.99 8.07 9.03 4.89 3.54 8.79 3.29 3.28 6.32 2.03 2.99 5.5 8.74 2.47 8.48 3.69 4.01 1.75 3.46 5.05 6.83 4.36 5.55 1.87 4.52 8.69 8.27 8.58 8.19 8.32 5.42 5.63 3.24 6.37 3.36 3.63 3.3 1.18 1.53 6.48 4.63 2.18 5.03 8.08 1.12 8.21 6.02 2.32 9.44 4.72 1.08 1.95 9.34 4.44 5.02 2.59 1.43 5.99 6.89 9.54 2.35 7.38 9.31 7.71 1.6 9.32 7.89 4.73 4.61 8.63 9.99 3.03 4.66 7.86 3.56 6.35 8.32 2.28 6.71 3.21 7.84 4.62 2.65 3.74 3.32 5.45 9.24 6.9 9.13 2.32 1.64 1.59 4.34 5.01 9.62 1.96 6.09 7.53 1.08 1.76 8.35 4.06 4.71 9.64 9.1 1.21 3.58 7.94 9.31 2.17 4.16 7.36 1.32 1.17 2.16 6.55 4.57 4.84 4.21 4.69 5.78 6.5 2.01 1.39 6.77 5.22 9.63 7.58 8.5 9.29 7.21 4.84 3.73 7.95 5.73 7.38 5.75 1.1 2.89 7.63 2.01 6.52 1.74 2.51 5.61 3.31 3.41 7.84 1.7 9.84 2.01 9.23 2.08 7.29 3.3 7.38 8.97 2.23 1.54 1.7 2.94 6.06 3.47 5.72 6.81 5.3 8.65 4.18 8.85 7.29 1.12 2.61
3.84 1.1 6.7 8.81 6.44 1.9 5.67 3.14 9.01 7.62 7.79 4.13 9.48 5.03 1.97 5.29 8.64 2.4 2.07 4.59 7.06 6.66 9.53 6.87 7.56 8.53 6.25 6.57 9.09 9.83 7.94 9.37 2.76 7.95 9.91 5.7 2.52 6.88 5.0 2.23 1.84 7.36 3.21 1.8 4.35 2.65 3.34 2.07 1.14 7.83 1.31 1.93 5.92 9.29 1.68 6.92 3.27 5.34 5.2 7.61 6.08 1.51 1.52 4.25 3.15 6.04 2.68 9.44 7.62 9.09 7.91 7.8 6.91 4.55 6.42 4.12 4.62 2.45 9.51 2.05 2.08 3.12 8.6 2.0 2.62 7.46 3.39 9.55 5.35 5.48 1.19 6.14 6.88 9.71 1.31 9.96 7.06 2.85 1.53 7.14 9.89 3.67 4.76 9.57 6.7 9.52 6.25 7.09 5.38 1.53 6.0 5.56 3.48 4.56 3.23 2.96 7.38 7.7 7.62 2.74 8.58 8.1 6.45 6.56 8.34 8.07 2.18 5.31 9.34 8.93 4.43 2.82 3.49 2.22 7.7 2.97 8.03 1.52 4.31 3.57 3.75 2.35 9.4 1.82 3.86 5.5 3.51 6.03 1.18 1.13 1.35 6.25 1.97 9.75 4.99 3.23 8.05 4.25 2.81 9.39 2.42 4.77 3.06 1.84 9.1 2.97 3.46 6.93 9.72 2.47 2.41 4.85 3.88 4.34 8.45 8.4 6.92 4.78 5.63 9.54 2.01 6.75 2.88 2.23 9.8 3.29 9.1 1.23 5.92 2.03 6.27 5.37 1.97 4.43 1.47 9.36 8.77 9.12 7.87 9.8
8.26 9.11 8.04 8.81 9.73 2.77 1.6 7.65 4.51 3.68 7.39 8.15 5.37 1.53 9.52 3.89 6.52 6.79 1.38 6.73 7.89 4.76 9.98 4.67 8.95 4.99 8.71 4.31 6.53 4.75 2.9 2.66 8.69 9.66 5.28 1.09 9.79 2.13 8.47 3.99 2.73 8.12 4.27 9.48 6.0 6.95 5.62 4.67 1.79 7.65 7.35 6.22 9.18 6.13 3.37 5.15 1.16 3.05 7.84 1.85 9.32 8.52 3.88 6.23 3.36 9.52 2.63 2.67 8.9 3.36 4.04 1.7 5.93 9.92 2.55 7.49 8.05 5.07 1.22 2.18 6.34 2.83 3.54 5.08 2.14 4.84 7.58 1.56 4.4 5.9 3.85 5.14 3.56 1.34 6.09 4.82 9.25 1.94 8.95 7.7 7.52 1.04 9.39 8.09 2.36 1.71 3.95 4.37 1.72 3.89 8.15 8.07 4.58 4.21 3.48 7.3 2.81 3.48 5.9 4.94 2.26 4.76 1.26 5.66 8.8 2.63 7.34 7.34 7.43 3.97 2.57 6.5 6.84 9.97 6.77 5.12 7.39 1.27 3.19 5.91 9.97 6.52 6.12 5.32 9.89 8.74 3.22 5.21 8.45 9.96 8.41 7.67 4.55 6.43 7.66 5.24 7.75 9.83 8.06 5.46 1.92 9.51 5.9 8.82 7.85 3.83 4.11 5.71 4.31 9.55 7.37 8.43 6.49 5.71 5.88 2.84 3.96 9.94 3.4 9.81 8.42 3.87 8.15 1.92 8.99 6.92 6.32 6.87 9.83 4.42 7.23 8.0 8.68 3.76 2.42 6.54 2.38 1.73 4.42 8.24
2.48 3.42 4.1 8.1 6.78 4.35 9.5 2.81 7.18 5.94 7.29 6.2 1.41 4.79 3.15 1.83 7.71 1.66 5.07 6.48 9.03 9.47 9.44 1.13 4.66 3.23 9.93 3.09 6.26 1.43 4.89 5.26 2.69 9.15 9.54 3.71 3.71 9.48 4.76 7.48 9.4 8.86 3.89 9.82 4.95 6.16 3.34 2.41 2.57 8.9 5.83 4.07 4.23 5.97 5.32 3.58 3.12 1.57 5.8 5.29 1.97 9.32 1.39 7.25 5.04 7.71 1.55 7.39 4.52 1.1 5.57 9.73 8.92 5.49 8.16 1.24 8.79 9.71 2.92 5.09 7.07 3.46 4.71 6.82 2.11 7.38 5.91 8.99 5.15 5.72 9.0 4.04 1.96 7.81 2.07 5.38 2.06 4.78 3.34 5.75 8.74 2.29 8.23 8.57 4.74 3.45 5.5 8.66 7.19 5.48 6.03 4.06 9.66 2.97 7.0 3.31 5.26 9.05 5.62 2.2 9.54 7.45 6.23 6.43 7.87 5.33 9.0 3.01 5.5 4.22 5.21 6.12 4.25 6.17 5.51 4.51 9.24 9.33 6.95 9.17 3.95 9.1 6.4 7.06 2.57 5.82 7.96 1.37 3.08 3.99 5.32 1.13 4.56 1.01 1.19 4.76 7.62 4.6 6.18 9.63 7.76 6.47 2.95 5.3 2.98 3.86 3.87 4.6 3.34 8.64 7.06 7.99 6.4 1.74 9.87 1.57 10.0 8.01 9.03 2.15 4.08 5.2 7.49 4.91 5.59 3.37 2.55 2.84 3.74 6.94 6.6 9.48 3.42 2.91 8.83 7.42 3.46 3.38 6.02 4.91
7.15 5.0 4.96 4.1 5.43 4.75 5.45 9.51 5.35 4.5 8.97 7.99 1.68 1.03 2.63 3.08 6.0 1.59 9.85 8.58 4.7 9.92 9.78 8.62 4.86 4.58 5.23 6.42 8.35 8.48 9.52 6.68 1.44 7.91 7.7 2.64 5.08 2.3 4.85 8.07 6.61 5.05 4.08 1.71 4.52 1.81 5.53 6.37 1.18 7.36 5.84 4.27 6.62 7.28 8.0 4.51 8.22 6.63 3.45 6.31 5.83 3.53 7.77 4.24 8.12 1.5 7.41 5.18 2.54 7.62 9.67 3.3 7.05 1.91 9.49 9.65 8.79 3.28 6.57 5.84 1.21 7.69 2.86 3.76 3.05 2.05 7.18 8.39 9.78 6.43 3.59 6.94 8.07 1.59 4.92 4.72 3.29 2.15 3.6 7.13 9.97 4.87 3.16 4.86 4.42 5.57 8.53 2.21 6.55 3.8 1.63 8.61 2.54 2.26 4.95 5.86 7.69 1.3 4.17 8.43 1.85 2.21 5.08 2.39 3.11 5.65 2.38 4.07 6.99 1.71 9.45 7.75 3.26 3.33 5.36 6.02 7.19 3.77 3.46 3.07 7.03 5.98 6.71 7.37 1.23 5.1 8.26 9.57 4.14 3.06 7.41 9.03 9.78 5.55 3.27 5.69 9.22 7.31 2.73 5.9 6.24 4.85 1.47 4.82 3.14 1.54 9.66 2.22 1.07 1.14 7.27 3.03 5.33 5.54 2.65 9.98 8.3 6.8 5.74 7.41 5.22 9.87 7.31 5.22 8.52 1.83 7.75 6.29 8.59 1.75 4.16 5.62 7.82 9.7 6.82 2.98 6.36 6.32 5.01 4.07
8.13 1.33 4.42 2.6 3.46 6.66 3.53 6.05 8.48 4.63 9.13 9.85 3.36 1.23 9.25 3.7 6.54 3.85 5.27 8.8 2.65 5.45 6.95 6.61 1.36 6.13 6.23 2.09 4.79 2.96 2.3 3.6 3.91 4.0 1.45 9.74 6.91 1.85 5.4 9.42 7.83 2.87 3.2 5.46 5.25 6.44 7.88 5.17 4.09 6.08 3.65 2.18 2.06 1.89 2.55 9.6 2.9 8.06 3.42 8.76 7.84 5.85 6.84 8.89 9.75 5.81 5.43 1.27 8.36 4.2 8.87 6.27 3.86 4.19 9.57 6.03 8.32 6.5 9.69 8.72 4.42 7.32 4.34 7.12 9.75 4.46 1.58 5.64 2.78 8.1 1.39 4.08 6.4 5.21 3.52 5.8 6.54 7.57 2.36 7.94 4.29 5.13 1.03 9.48 4.07 9.61 1.79 4.33 7.05 8.65 1.45 5.03 1.5 1.75 6.21 1.1 9.66 9.58 2.68 8.42 8.8 2.44 6.14 5.91 5.82 3.04 5.61 1.39 5.79 1.61 6.11 1.85 7.23 1.33 2.62 7.7 5.2 5.51 1.1 1.05 7.79 3.68 3.97 3.57 1.78 5.14 7.33 9.84 9.74 3.28 7.37 7.2 5.86 7.8 6.22 6.37 1.99 9.58 3.55 4.38 3.48 3.45 1.21 4.06 3.97 1.29 8.72 5.64 3.74 8.67 9.72 5.99 1.59 4.7 1.66 6.84 6.01 5.29 2.31 5.63 2.41 9.85 1.52 5.18 8.02 7.08 9.74 5.72 7.29 3.96 8.27 7.96 5.8 7.86 4.78 8.05 2.17 9.04 7.96 1.84
2.13 3.24 7.1 6.4 1.08 3.45 9.97 4.76 9.86 4.22 4.04 1.46 4.31 1.46 6.93 9.21 9.05 6.07 8.04 4.77 3.58 5.48 2.13 8.57 7.68 3.02 9.49 7.86 9.15 6.88 4.08 5.94 6.75 2.13 8.71 9.08 2.53 4.85 7.76 8.97 3.96 5.98 6.68 3.66 3.72 7.09 7.6 5.67 4.09 5.11 7.89 3.24 3.87 6.63 8.0 8.77 2.39 4.15 5.16 4.23 6.91 9.92 8.03 4.46 3.05 7.92 8.2 8.2 1.25 2.95 4.58 2.65 9.11 5.02 7.61 1.08 3.77 9.67 1.67 4.43 7.4 9.43 4.49 1.53 3.2 3.56 6.73 9.51 2.53 4.87 7.59 6.44 4.1 4.3 2.28 4.98 8.67 4.49 4.82 7.68 7.99 8.64 3.8 9.2 8.82 7.56 1.58 6.69 5.5 3.13 3.39 6.33 7.06 1.77 1.89 3.61 6.4 5.08 3.09 5.76 1.41 2.92 9.48 6.08 3.11 2.27 3.05 8.07 5.83 8.26 3.81 5.68 4.55 8.99 9.07 3.11 3.77 1.82 7.48 5.17 3.28 1.58 5.13 7.95 5.66 8.09 7.68 2.61 9.47 9.75 4.22 1.61 2.8 9.93 1.4 5.46 2.89 3.27 9.63 7.81 4.49 3.89 2.51 1.92 4.14 8.34 8.73 3.57 8.5 1.69 1.69 1.92 5.48 1.92 6.09 1.39 9.24 5.97 2.81 4.1 5.8 3.94 6.74 7.5 1.67 5.21 1.89 1.05 4.39 8.3 4.84 5.94 3.7 5.78 8.43 3.16 5.19 2.04 1.74 6.0
3.36 2.93 5.01 4.71 7.9 3.46 4.03 4.04 7.5 8.41 5.7 3.13 4.22 2.71 2.87 5.85 7.16 5.62 6.26 7.42 5.94 6.03 4.78 6.8 6.93 5.11 2.38 7.24 9.95 8.54 3.81 3.46 7.81 7.96 9.48 4.71 2.31 8.4 6.3 8.34 1.49 5.08 4.88 3.59 5.65 7.41 7.57 3.22 8.37 9.69 9.58 9.11 8.97 8.23 7.27 3.92 9.04 6.28 3.03 8.29 5.45 8.4 6.53 6.67 1.63 2.12 9.57 1.08 1.11 8.3 3.73 2.93 6.35 6.71 1.99 6.27 9.79 4.11 7.56 6.86 4.1 3.4 9.46 3.79 7.93 6.72 5.74 4.98 9.55 8.08 1.86 1.49 8.27 3.57 9.27 9.85 3.34 8.59 2.58 3.6 6.98 8.78 4.19 1.55 4.56 2.61 8.18 2.98 4.02 9.5 1.7 7.32 1.79 4.12 5.74 9.12 3.54 5.15 9.53 1.89 9.21 8.15 4.75 8.16 4.27 4.77 1.62 2.9 9.23 4.12 5.5 1.02 1.57 1.8 5.08 3.53 2.31 2.99 1.12 4.2 2.5 1.63 4.71 1.7 1.63 5.64 3.71 9.95 6.38 3.04 3.7 9.96 9.61 5.75 3.07 8.21 1.76 2.79 6.57 7.42 4.36 6.41 9.53 6.74 6.2 7.9 7.09 6.95 8.47 9.4 4.95 3.52 3.51 1.09 9.67 2.05 6.44 6.31 4.62 9.4 6.23 4.68 3.83 5.81 1.48 3.87 6.85 4.76 2.94 4.07 9.23 3.36 6.29 4.9 9.6 7.22 9.12 5.08 5.11 5.38
7.44 8.79 3.53 6.98 6.83 3.06 3.83 7.77 8.85 5.7 8.16 3.93 4.76 2.3 9.14 9.75 5.54 6.4 7.71 8.91 1.65 4.04 5.17 4.24 6.55 7.9 5.07 9.51 2.84 2.46 2.92 4.35 4.33 9.21 9.92 5.54 8.8 8.07 8.22 10.0 1.52 2.48 9.93 9.32 1.42 7.86 9.33 7.65 6.53 5.01 4.01 7.09 8.86 5.74 9.59 5.65 4.28 8.51 6.51 6.72 9.83 4.33 4.07 7.08 9.05 5.74 9.65 3.97 6.15 6.09 5.35 6.02 1.23 4.94 8.37 5.19 3.16 9.91 6.79 5.45 7.18 7.87 9.11 9.01 1.34 9.5 1.28 6.8 3.61 7.5 2.4 5.49 6.87 7.79 8.36 6.29 6.48 7.52 2.41 5.54 5.29 2.38 2.69 4.52 3.68 6.02 1.45 8.13 5.55 2.34 6.39 5.63 8.68 9.62 3.83 8.62 5.48 7.61 8.96 4.24 9.66 4.23 7.29 5.54 2.37 4.39 1.92 1.17 7.2 3.73 5.69 5.44 5.69 9.09 4.21 7.74 4.47 7.28 2.29 2.41 2.54 9.96 1.83 7.12 9.5 3.32 4.14 3.52 3.59 7.17 4.38 7.51 7.91 4.81 8.85 6.91 8.96 7.06 2.57 1.47 5.94 8.9 3.09 9.91 1.59 2.83 5.35 1.61 1.55 9.13 4.21 1.54 7.45 2.4 7.89 3.42 9.25 9.17 1.88 6.48 3.76 6.63 8.84 6.95 8.85 5.37 9.38 6.22 3.83 1.33 7.47 4.49 2.82 3.2 8.39 3.92 4.39 6.79 1.37 7.51
9.66 4.22 7.83 6.82 3.09 9.43 6.99 4.32 8.19 7.7 9.28 8.43 5.87 8.66 3.75 2.04 8.18 1.6 2.9 4.14 9.86 8.16 7.03 9.8 4.67 5.37 2.56 7.16 9.17 7.54 7.18 9.79 8.88 5.8 2.14 1.7 6.35 7.5 9.93 3.76 8.25 6.09 3.66 3.36 7.67 3.16 5.29 6.03 7.56 3.45 3.37 6.57 9.55 1.81 8.99 9.03 8.15 9.87 7.9 8.57 7.04 2.96 8.5 6.96 8.65 4.9 4.83 8.24 1.17 4.02 5.31 8.64 7.03 4.06 8.4 3.99 8.06 3.28 8.24 9.75 2.84 4.45 9.1 7.47 5.49 8.2 9.03 5.16 4.82 7.28 8.94 6.72 1.88 9.27 6.26 3.48 6.19 7.73 6.45 7.66 2.74 7.73 5.33 3.6 6.81 2.29 1.53 4.93 1.44 8.13 6.2 6.98 6.15 3.27 5.89 9.13 1.99 3.77 8.13 3.36 3.44 4.67 9.86 2.41 4.65 5.29 3.39 6.18 2.9 9.71 3.64 3.41 9.85 2.67 8.55 7.65 9.17 5.61 2.94 8.65 9.95 7.88 1.31 6.93 4.29 9.84 9.44 5.9 7.48 2.0 9.77 7.83 7.67 9.97 4.28 8.63 6.36 9.32 7.97 1.56 4.65 8.19 3.4 1.25 4.55 3.52 9.8 3.0 7.37 8.5 8.52 1.36 7.02 9.29 1.53 1.39 6.79 9.9 5.78 8.59 6.85 2.84 9.06 7.56 1.23 7.01 6.86 2.8 6.06 9.61 9.48 3.34 8.56 7.03 2.79 1.78 9.61 9.1 6.76 3.66
9.21 2.21 3.78 1.84 6.19 1.52 6.45 5.44 1.47 4.52 2.68 4.73 8.42 8.55 8.2 7.7 3.55 9.15 1.05 3.91 1.86 1.3 3.64 3.98 3.57 5.19 4.65 4.33 9.59 2.24 1.0 7.02 1.09 3.47 1.96 2.9 1.44 9.2 1.08 3.79 4.1 5.67 1.71 8.83 7.0 1.67 5.08 8.46 2.28 7.05 3.63 2.05 9.25 3.58 3.05 4.38 1.33 8.63 6.74 5.71 7.75 1.74 3.97 4.97 7.51 9.45 6.6 8.59 4.96 6.42 6.46 9.96 5.19 7.71 1.83 1.62 3.59 5.53 4.0 6.14 9.5 7.18 3.15 2.52 8.96 2.02 5.58 5.36 2.8 4.26 3.99 5.28 5.42 8.55 9.82 6.11 6.28 7.92 2.3 5.94 1.01 7.75 1.95 8.04 3.21 7.16 2.62 8.9 6.81 6.2 5.69 6.47 3.06 1.31 5.45 5.39 2.53 8.47 6.01 4.97 1.22 6.73 9.84 7.39 9.61 7.98 3.52 6.54 6.86 1.9 8.2 1.33 3.4 8.48 7.05 6.45 8.02 6.13 7.66 1.04 2.16 7.0 1.44 9.78 2.16 4.59 6.74 5.01 5.5 8.21 9.95 8.73 6.35 4.51 2.55 6.25 1.83 1.96 7.37 6.7 7.89 4.35 4.84 6.74 5.74 8.41 1.34 9.12 4.09 1.06 1.88 3.88 3.23 3.25 4.53 2.41 5.86 1.55 5.73 2.77 5.95 2.92 8.84 8.74 4.23 6.05 9.72 3.8 5.03 1.8 7.66 8.34 9.51 9.51 2.02 9.16 9.15 6.53 3.62 6.51
2.03 3.22 4.45 1.34 9.31 9.81 4.09 9.73 2.51 1.76 2.54 3.18 5.73 5.56 9.37 2.47 7.75 6.41 4.57 1.62 2.81 5.24 1.89 3.47 6.5 6.27 3.56 5.91 8.7 8.68 7.49 4.58 5.67 8.06 6.82 1.26 5.94 5.27 9.54 3.39 5.89 8.2 3.81 4.5 5.76 1.63 9.83 7.11 8.3 6.65 9.57 3.04 4.01 1.36 4.56 6.33 2.44 3.46 2.9 6.85 6.36 3.62 6.24 4.17 1.42 5.24 2.36 5.26 8.46 2.35 8.48 5.82 1.99 3.43 8.49 6.55 1.9 6.63 4.06 4.71 3.35 7.0 7.97 3.05 7.2 5.04 3.48 5.09 3.71 8.52 8.72 5.48 5.47 5.85 6.14 4.58 8.25 1.44 7.11 6.46 2.11 9.34 5.33 3.78 9.63 2.43 6.75 6.19 7.79 7.4 4.54 4.81 2.57 1.24 7.53 9.63 3.12 2.77 9.7 1.16 4.72 9.27 5.75 6.1 1.96 5.36 9.47 3.47 2.42 3.37 1.51 3.52 2.83 6.41 2.67 3.96 7.03 3.39 4.18 1.44 6.86 6.67 6.77 2.24 8.33 2.5 6.15 7.94 9.78 7.62 6.29 4.65 1.45 1.35 8.89 7.12 7.8 2.5 3.25 8.08 1.06 2.95 7.43 7.77 9.89 9.03 2.97 8.28 4.44 5.57 8.87 9.22 9.7 2.95 7.41 2.83 6.82 2.21 7.73 2.29 6.87 5.63 1.25 7.3 5.27 2.36 6.85 8.27 9.34 5.15 4.6 5.58 8.93 9.96 5.77 1.42 4.68 9.31 1.66 3.08
5.59 8.27 6.22 8.18 7.74 4.36 4.0 4.86 6.38 9.72 1.63 4.08 7.19 9.5 1.06 9.13 7.64 7.43 4.21 3.25 2.25 3.12 9.17 5.87 1.42 5.11 1.96 4.77 4.26 8.83 3.32 5.14 2.83 2.41 6.83 7.3 6.75 5.75 3.27 1.2 8.87 3.72 6.8 5.55 4.44 5.79 6.63 3.04 6.81 3.73 7.81 1.26 4.39 3.87 8.6 5.85 2.23 6.19 2.14 5.56 4.65 2.52 6.79 7.76 4.16 9.86 6.41 8.81 4.08 6.94 9.46 7.59 2.45 3.96 8.84 3.36 6.8 9.81 4.68 1.6 2.96 4.51 8.27 1.7 9.55 7.84 2.96 1.41 7.09 6.85 7.47 8.77 2.15 9.77 4.33 6.17 1.37 3.45 6.79 6.77 2.7 4.64 7.46 5.57 6.9 1.75 1.78 3.52 3.87 8.81 6.79 9.57 9.7 6.52 8.87 3.49 6.61 1.29 6.57 4.3 5.74 7.4 9.89 5.29 8.51 3.84 6.74 4.32 7.03 8.86 5.01 5.63 7.61 6.53 6.85 4.67 9.45 3.89 6.53 7.03 1.8 5.83 4.06 6.65 5.33 8.77 2.32 7.33 4.54 3.32 8.75 8.41 6.14 2.18 6.42 1.67 2.75 9.45 2.5 8.25 7.18 3.21 6.29 9.66 4.87 8.09 8.99 6.51 1.9 1.19 7.42 4.34 7.0 2.9 3.46 3.08 5.45 5.79 7.03 8.94 8.94 8.94 3.82 7.09 6.95 9.91 1.57 2.03 8.21 8.6 3.66 1.09 3.62 1.6 2.68 4.55 5.37 2.93 1.49 9.87
4.57 1.73 3.09 6.27 4.07 1.8 5.96 4.69 5.94 7.49 7.67 7.25 7.23 6.35 9.12 9.64 4.74 4.79 2.74 9.41 2.82 3.99 1.4 6.12 1.94 4.32 5.28 2.4 7.46 6.57 2.36 5.68 7.21 7.59 8.48 8.51 6.41 6.06 7.55 4.41 5.78 4.42 9.07 7.55 7.95 8.74 3.97 4.9 1.98 6.96 6.81 9.21 3.11 5.91 1.66 2.16 8.91 3.23 6.11 5.67 2.35 6.33 1.83 2.22 2.54 5.85 1.12 1.55 1.12 5.66 2.39 8.92 4.74 1.77 8.99 3.94 5.21 5.92 5.63 9.22 1.53 5.24 6.83 1.35 2.33 3.83 5.76 8.15 1.5 7.01 3.42 9.93 5.12 3.98 2.63 9.96 7.85 8.87 2.1 9.16 2.91 4.06 3.08 7.23 2.23 3.7 2.99 4.7 1.8 6.55 1.75 8.08 4.7 9.13 6.47 9.7 4.23 5.33 2.5 2.06 5.02 4.16 1.3 1.49 4.52 2.52 3.03 6.46 7.44 2.53 8.24 4.31 6.4 9.87 2.61 4.48 6.64 7.73 7.09 9.77 7.3 6.86 7.27 3.42 2.65 2.83 6.07 7.55 4.33 9.45 3.48 7.14 1.82 3.47 5.73 7.44 1.81 8.02 6.56 3.28 3.69 6.84 8.04 3.58 8.24 9.86 6.05 4.56 2.43 9.35 5.14 8.76 3.1 7.68 2.57 8.55 6.91 7.83 7.04 9.29 4.15 4.85 3.08 7.36 7.09 6.06 7.9 4.46 8.4 4.01 1.93 9.74 6.48 8.41 4.36 7.82 2.98 6.54 1.03 2.1
1.21 1.42 2.05 2.39 2.46 5.05 2.99 9.9 7.6 3.87 8.52 6.49 3.5 4.3 9.21 7.31 7.65 7.65 9.23 8.15 8.48 6.73 6.94 7.47 5.1 9.52 6.56 9.0 7.58 4.7 4.69 7.09 6.97 3.99 9.1 6.46 5.57 5.54 7.86 4.7 2.27 2.43 6.04 9.3 6.15 6.52 6.85 6.66 9.33 5.62 6.39 2.94 7.89 3.0 3.63 3.91 8.69 8.83 3.74 9.81 7.43 7.72 3.87 8.56 3.33 4.34 4.56 7.04 4.09 6.73 3.84 1.89 4.52 9.71 2.15 1.04 9.66 3.4 3.57 5.54 5.71 8.74 6.87 1.89 1.92 9.68 9.37 9.99 4.77 4.62 1.9 1.91 5.64 3.09 3.91 2.7 2.77 7.21 1.6 8.18 5.41 8.37 5.11 5.5 9.35 8.61 5.79 7.96 2.79 3.92 5.84 2.7 2.54 7.74 4.12 7.27 6.05 6.19 9.12 7.85 7.14 8.83 5.81 4.03 1.2 2.66 1.42 1.52 1.11 2.13 2.15 3.03 4.94 5.81 3.92 2.88 3.49 3.5 7.67 8.94 3.77 3.56 2.8 5.7 6.53 1.49 4.45 4.07 6.95 4.46 2.42 5.12 1.37 7.98 3.64 9.73 7.58 7.37 1.01 6.68 8.1 8.45 7.78 8.43 6.69 5.09 6.45 1.6 8.25 7.88 8.78 5.24 7.74 7.1 1.95 6.22 3.08 1.27 9.68 7.68 8.41 6.06 2.89 9.79 2.49 1.08 7.75 5.51 9.44 9.09 2.02 5.42 9.62 7.98 2.15 6.86 6.97 2.23 7.46 7.39
9.4 8.31 1.67 3.44 7.44 4.98 8.77 9.32 8.49 1.2 7.72 2.23 3.83 4.23 4.45 5.91 6.22 5.57 2.87 1.6 3.55 5.58 1.97 7.41 5.87 8.55 3.18 8.34 9.12 5.94 4.63 4.36 9.44 1.36 2.5 7.39 5.08 8.35 3.54 2.3 5.09 3.64 3.27 8.03 5.79 7.23 7.32 8.03 7.04 3.96 5.87 9.66 3.15 6.92 4.19 5.7 9.0 3.8 1.44 8.96 5.33 2.85 9.39 5.82 1.74 2.78 1.95 3.43 2.21 1.79 3.73 5.18 6.78 4.4 9.53 3.46 8.34 2.14 2.96 2.11 7.8 9.99 9.9 1.91 9.52 9.32 1.96 2.64 4.87 4.94 4.66 7.05 6.25 4.27 7.1 4.62 6.12 6.97 2.53 6.58 1.54 1.87 1.89 2.97 1.43 6.22 4.01 8.77 8.12 7.24 8.79 3.57 3.63 9.47 5.84 4.55 4.44 4.6 2.42 4.06 4.17 3.25 3.79 2.9 4.39 1.66 6.25 4.57 5.48 7.89 1.29 4.86 6.47 5.92 9.1 5.99 7.62 5.2 4.47 1.48 8.78 6.15 9.16 2.89 9.53 5.08 1.63 2.25 5.35 4.51 2.7 4.46 7.64 9.84 6.7 6.02 7.6 8.4 4.51 1.96 2.39 9.66 3.69 2.21 5.88 4.8 7.84 3.83 5.85 3.29 2.95 8.71 4.76 7.43 7.51 1.1 8.52 2.07 1.39 2.78 4.38 9.35 6.6 9.4 2.43 8.06 7.33 9.82 8.11 7.57 1.22 9.79 9.88 6.76 6.54 2.91 5.98 1.18 7.38 7.99
7.82 7.12 9.59 5.2 5.73 3.28 4.75 3.51 4.75 2.84 2.21 3.94 5.92 3.67 5.46 1.28 4.26 9.54 5.79 1.09 6.62 4.46 2.71 9.68 3.54 9.07 5.77 7.68 7.97 6.14 5.2 2.63 5.2 3.44 4.65 5.7 2.62 6.12 4.45 3.34 2.11 8.7 5.83 2.65 5.69 4.84 2.35 5.77 4.77 6.2 5.17 4.23 5.77 3.85 6.81 2.7 1.93 4.88 4.47 4.65 8.04 8.07 4.69 2.83 9.63 1.32 8.53 2.52 4.49 2.13 2.71 3.87 4.27 8.73 5.89 5.82 1.71 4.92 3.06 7.46 5.97 3.85 6.9 5.35 9.42 4.93 3.54 4.03 6.53 3.75 3.61 9.97 3.09 9.53 1.15 9.46 3.34 1.52 5.2 4.52 9.11 5.4 7.46 9.16 4.96 4.65 3.27 3.26 9.55 3.24 3.34 7.11 6.57 9.39 2.44 7.28 1.36 6.07 2.07 1.73 6.82 5.52 6.19 1.59 4.47 6.93 1.0 8.65 1.91 4.49 4.62 4.53 4.45 9.74 1.62 2.93 1.56 7.5 2.47 4.78 7.26 7.33 6.95 7.05 2.75 8.51 4.65 7.83 2.02 7.45 4.72 6.61 7.59 6.0 3.53 3.27 3.8 8.36 3.15 1.16 2.05 5.73 5.31 5.94 7.19 1.41 5.0 6.76 4.18 7.04 8.77 4.19 7.47 7.8 6.72 6.92 1.94 7.35 4.28 3.12 3.99 8.43 3.18 5.92 9.86 1.31 2.1 8.43 3.67 2.32 9.63 3.25 7.73 4.5 5.31 9.83 7.07 4.34 4.39 7.43
8.46 6.53 9.86 3.03 3.12 1.76 5.68 4.61 3.35 1.71 9.49 6.01 3.01 8.14 4.42 6.24 9.52 6.3 1.15 1.3 6.36 6.21 6.11 3.51 5.55 7.75 9.24 7.1 8.53 6.91 4.01 3.44 9.67 9.18 9.04 8.0 4.55 1.69 6.46 7.46 3.22 4.06 2.52 2.84 1.11 8.56 4.07 4.02 4.96 1.19 9.72 4.76 5.36 7.42 1.57 1.87 7.96 9.33 8.4 3.21 7.11 7.72 8.73 6.54 6.39 3.3 3.17 3.57 8.16 3.52 6.45 5.55 4.05 5.52 5.09 8.41 7.74 2.95 1.62 1.38 8.2 2.07 4.08 4.38 8.58 9.91 6.28 5.57 8.61 6.09 8.44 4.65 2.28 3.48 4.04 8.64 9.17 8.6 2.96 3.92 8.03 6.1 6.83 2.48 7.56 2.77 8.7 8.44 7.13 1.09 3.04 7.15 9.19 9.17 1.45 4.0 2.22 4.44 7.4 9.8 9.01 9.49 5.12 8.74 9.72 3.38 5.53 7.89 1.69 6.33 8.57 2.84 9.98 7.28 3.12 7.62 9.64 1.59 3.85 3.17 3.21 2.34 4.85 1.82 9.27 2.83 3.65 5.79 6.46 5.62 4.96 3.51 9.67 7.68 3.47 1.91 2.06 9.25 6.7 5.99 5.9 5.53 6.98 6.44 7.96 2.03 8.66 7.44 1.11 8.27 5.22 7.7 7.4 4.75 1.18 9.85 8.8 1.73 2.43 4.74 9.52 2.1 6.64 1.34 6.74 9.22 7.61 2.78 8.93 1.56 8.3 8.02 8.96 9.12 5.25 7.1 6.78 2.8 2.56 9.87
9.8 3.6 3.14 5.37 1.33 6.12 8.23 6.0 4.91 6.97 2.46 4.3 6.29 5.03 1.28 8.02 4.52 3.8 1.29 3.64 8.04 7.34 3.37 1.13 6.69 1.48 7.12 3.08 8.16 8.39 4.02 3.54 8.64 9.14 3.17 4.63 4.52 8.84 1.35 2.88 8.8 4.25 7.37 4.67 2.43 3.23 6.06 3.0 9.42 8.1 5.97 4.95 3.54 2.83 8.95 6.51 4.9 9.74 1.85 4.8 7.01 3.15 8.53 6.67 6.6 7.8 8.66 5.13 3.67 5.53 3.58 3.61 1.02 7.69 6.32 8.64 1.43 1.9 1.84 3.91 3.65 2.07 9.65 5.46 2.39 1.15 3.55 9.41 1.54 2.82 2.48 1.7 8.07 7.75 2.37 4.97 7.29 2.82 9.25 6.19 7.13 9.86 3.19 9.31 8.21 8.82 9.81 2.01 5.23 7.85 7.08 3.67 7.37 5.06 8.61 8.67 9.97 5.05 5.97 6.03 6.88 3.97 9.41 2.95 2.86 3.2 8.81 2.39 7.88 8.61 8.84 4.45 2.63 6.86 6.15 6.18 3.55 3.41 5.06 7.38 5.44 4.01 6.27 4.09 3.89 2.01 7.1 4.71 9.25 2.61 1.54 7.56 5.75 7.79 6.49 3.81 1.68 8.34 3.45 4.32 7.14 1.05 9.07 2.04 9.97 4.08 2.67 9.0 9.21 8.07 9.59 8.92 7.02 4.19 5.0 3.25 1.45 6.62 6.74 4.41 1.78 3.19 9.89 1.89 1.6 9.84 9.48 2.6 6.45 1.17 2.02 7.9 1.35 1.82 2.69 2.69 7.9 6.08 3.63 6.81
4.11 4.39 3.04 4.38 8.44 5.59 2.82 6.45 4.89 2.38 1.97 2.46 6.42 9.94 4.76 5.8 6.61 6.23 9.79 3.26 8.45 5.06 2.14 8.68 4.52 4.29 9.86 7.97 9.21 5.51 5.62 4.2 1.81 6.07 4.07 7.04 2.74 2.97 4.88 1.2 8.22 3.62 5.57 5.25 1.92 2.61 6.87 8.93 6.77 5.45 8.03 8.09 8.32 5.56 3.09 8.62 2.12 7.85 4.05 6.14 8.66 8.37 7.56 9.45 1.64 6.19 7.27 1.39 2.86 6.91 4.53 5.52 6.37 7.41 6.5 5.11 9.87 7.72 9.07 7.17 6.94 3.01 4.45 8.39 1.52 3.35 1.04 3.36 9.87 4.19 8.57 4.87 2.41 4.5 4.68 7.94 1.02 5.16 7.73 5.77 2.27 5.96 9.05 4.16 2.92 7.93 9.09 4.48 2.01 3.64 9.66 2.47 3.02 7.8 4.85 2.79 5.7 6.77 6.26 5.65 8.17 1.46 5.14 1.3 1.87 9.35 2.94 3.3 2.01 9.47 3.12 3.24 9.26 7.16 4.75 1.99 3.16 7.66 3.52 5.58 1.02 1.66 8.07 6.76 7.31 6.1 2.36 4.73 7.11 3.11 5.8 7.08 5.31 4.2 6.51 2.52 2.21 7.02 4.18 4.09 4.82 3.2 6.47 3.97 4.48 1.74 1.94 1.23 6.82 1.42 5.56 8.24 1.58 2.14 9.89 5.71 9.24 7.5 3.28 5.12 3.89 9.73 6.17 9.88 6.53 4.76 9.11 2.1 4.3 4.13 2.08 2.14 1.5 4.22 7.75 8.57 8.02 3.94 1.92 3.14
5.17 7.72 8.45 1.25 5.7 4.92 3.66 5.56 7.04 7.84 5.48 5.82 2.01 5.94 6.35 6.87 2.12 6.6 8.47 9.95 7.53 6.63 5.24 9.77 4.0 2.51 6.41 6.74 4.57 1.07 3.59 9.82 2.35 3.29 6.58 3.39 8.11 6.67 3.01 7.6 8.36 4.61 6.12 3.72 4.88 5.23 7.4 7.16 2.74 1.49 7.5 7.78 10.0 6.28 9.13 2.36 1.21 8.92 5.53 7.84 1.03 7.74 8.28 2.75 1.85 3.37 7.71 8.57 6.78 2.25 8.48 2.44 6.74 9.08 3.09 8.66 3.3 5.51 6.94 7.69 8.13 1.91 2.6 8.41 7.41 6.74 5.62 5.72 6.03 9.94 5.51 6.13 2.54 3.11 4.81 8.31 7.96 7.49 7.54 9.26 7.03 9.18 5.66 4.05 3.03 9.78 7.52 4.11 6.24 1.7 6.87 6.9 4.91 4.67 3.01 8.23 9.93 9.51 3.44 2.42 3.96 1.08 2.17 3.93 8.01 1.33 6.18 9.8 5.12 9.03 9.11 2.63 1.51 6.55 3.74 5.91 3.31 4.96 5.46 5.38 8.41 6.38 7.8 2.36 7.04 2.18 9.63 8.15 3.5 2.56 3.9 5.77 6.62 3.82 7.64 5.64 5.7 6.99 9.43 5.68 1.06 4.21 1.67 6.9 8.48 5.95 2.84 6.48 6.37 3.75 7.81 3.11 3.88 2.52 4.88 2.05 10.0 1.02 1.82 9.85 9.48 7.84 2.2 6.11 2.22 5.81 3.06 2.46 5.58 4.58 1.74 9.76 5.45 3.38 5.91 9.68 7.06 3.78 5.75 3.34
8.81 4.0 1.94 5.64 9.0 8.1 8.49 8.34 4.41 6.12 8.08 5.03 9.02 6.85 4.65 8.92 7.56 9.02 1.82 8.24 9.54 5.97 5.83 4.59 6.35 6.57 1.71 8.59 3.96 8.53 9.54 7.33 7.88 8.8 9.55 7.98 2.85 3.01 7.85 1.8 1.62 9.82 3.59 3.33 1.25 6.03 2.9 6.02 6.76 7.52 3.21 1.06 2.03 7.89 9.18 6.32 6.28 6.74 7.41 8.42 4.48 4.18 7.78 1.01 8.81 1.6 9.43 8.84 5.17 8.43 7.28 5.12 7.01 3.85 1.72 8.14 2.55 4.86 8.66 5.24 9.89 6.83 9.94 6.66 8.26 8.92 4.4 9.41 8.26 2.89 9.98 8.42 5.37 1.37 3.83 5.13 9.18 9.33 8.36 9.72 3.37 3.93 8.75 2.24 1.2 9.54 4.68 6.49 1.98 5.06 8.49 7.68 6.25 5.37 8.12 6.18 7.44 9.9 8.79 3.21 3.1 8.32 5.65 5.6 7.37 2.7 2.32 2.12 7.94 5.09 5.16 7.11 9.86 9.95 6.1 8.1 8.05 3.37 4.51 7.66 7.61 8.23 7.4 7.74 7.17 6.78 4.93 9.51 4.67 1.46 9.84 7.74 4.08 6.96 4.08 7.79 8.61 4.63 4.99 4.12 2.57 8.19 5.61 4.45 4.74 1.24 8.07 9.7 1.61 3.42 7.54 1.18 5.15 8.46 2.55 9.04 2.44 9.02 9.93 8.02 3.42 6.8 7.63 1.65 4.61 5.03 6.29 3.99 9.99 4.6 9.25 2.36 4.8 7.3 8.91 1.36 7.36 8.4 3.08 5.82
7.05 5.12 3.87 7.46 2.71 9.44 9.72 8.61 2.28 6.73 7.8 3.13 2.94 5.85 3.46 2.51 8.79 4.54 9.38 6.01 6.76 5.29 7.81 8.24 7.68 9.33 8.97 3.67 9.76 6.27 8.44 6.8 8.17 1.82 2.22 5.03 9.45 7.06 5.78 2.41 7.96 1.85 6.09 6.95 2.71 9.97 8.68 7.45 8.58 6.51 6.09 3.53 3.1 8.5 2.42 7.0 7.86 1.75 1.12 2.62 7.81 6.11 4.84 4.88 1.81 7.67 7.25 4.66 5.2 5.59 4.67 3.48 8.14 6.65 3.0 3.53 1.64 3.51 8.05 9.03 6.23 6.82 5.94 1.77 2.87 3.41 1.54 2.31 9.69 9.93 9.83 7.64 6.52 1.98 6.12 4.06 1.17 1.85 7.84 4.73 6.32 1.44 1.74 5.69 9.17 5.8 1.77 2.92 8.39 1.96 8.75 6.69 7.18 9.47 5.83 3.19 2.94 4.87 6.74 8.4 2.53 6.65 1.26 9.86 5.67 9.34 5.06 1.39 3.02 9.1 4.73 9.04 2.1 4.42 4.18 6.7 6.72 5.8 3.96 1.71 9.08 6.5 5.97 2.32 6.63 4.64 3.5 3.9 5.24 3.31 1.78 8.15 8.23 2.36 6.32 8.22 6.6 6.52 4.02 3.64 5.19 1.5 2.92 7.6 9.75 6.91 6.96 4.52 7.33 1.78 7.09 6.89 5.68 5.53 8.6 6.8 2.47 7.2 6.42 2.92 5.43 1.89 9.04 2.42 3.5 7.63 6.15 1.56 6.81 6.55 1.65 6.42 6.36 7.14 6.77 8.49 5.05 7.29 8.66 7.96
6.3 3.24 10.0 8.16 8.06 2.19 3.73 9.47 3.14 4.0 3.55 4.64 3.19 6.57 6.67 5.76 6.33 9.04 2.82 8.29 9.6 8.44 4.04 9.37 6.31 9.92 8.8 7.43 1.91 7.72 8.36 9.87 5.53 1.75 4.69 7.51 4.96 5.61 9.96 8.47 4.35 4.51 7.43 5.12 3.22 2.17 8.72 6.99 3.34 2.67 3.84 5.05 2.44 1.91 1.82 2.64 9.32 4.41 4.99 7.4 2.6 7.65 6.03 7.83 2.52 9.1 5.74 4.43 8.5 8.86 8.12 8.65 2.81 8.05 1.36 7.86 1.22 2.89 9.32 2.85 3.48 7.17 8.77 8.45 9.86 7.66 7.11 2.98 9.23 6.69 3.71 2.98 6.26 3.2 9.17 1.09 8.19 5.68 7.77 2.34 1.35 8.7 6.8 2.14 5.66 4.0 1.45 2.19 2.11 6.43 1.75 7.99 3.3 2.24 9.4 8.39 8.85 5.86 1.17 7.73 7.67 6.81 1.11 2.89 8.72 7.66 2.07 1.53 2.47 3.34 2.03 9.94 7.11 9.75 3.63 2.5 9.75 2.58 8.83 6.05 1.3 6.48 8.6 7.58 6.13 2.54 1.82 8.24 8.34 2.2 1.05 3.64 1.52 1.15 9.21 9.56 7.16 2.24 2.1 8.95 1.11 4.97 5.56 3.21 4.93 5.23 4.76 5.14 7.64 1.43 7.01 7.76 6.5 2.45 2.96 6.47 2.97 3.0 4.31 3.28 6.23 1.94 1.76 8.69 5.34 9.7 9.04 4.69 2.49 1.43 5.59 9.53 2.63 7.69 2.19 7.68 8.52 5.41 6.33 6.91
8.03 1.98 8.71 3.93 7.29 7.36 6.82 5.54 6.72 9.94 6.94 9.96 6.42 5.27 4.74 8.22 4.08 4.19 4.42 2.26 4.25 5.3 8.66 5.18 5.51 7.57 1.29 2.88 2.0 1.37 4.15 6.21 3.73 3.07 1.56 8.01 3.71 5.64 6.98 2.62 2.68 5.47 3.25 5.23 6.81 2.92 8.29 7.81 5.12 2.46 6.32 2.66 5.61 1.52 2.22 2.23 1.6 2.83 1.33 3.27 3.95 6.15 3.35 4.53 1.23 3.98 1.45 7.87 5.62 7.43 5.96 7.21 4.61 4.35 5.1 3.04 7.78 3.49 8.34 1.14 7.02 6.47 9.27 9.36 8.45 6.87 3.05 9.31 8.66 6.92 1.32 4.6 7.11 6.03 2.08 6.76 5.69 7.31 9.2 9.49 7.95 5.22 2.04 8.74 8.02 6.29 5.29 3.49 6.83 1.75 2.6 4.72 9.05 3.91 1.72 8.21 8.49 9.13 4.3 3.53 2.88 7.11 1.95 4.54 3.64 2.03 9.27 8.76 9.16 6.95 2.8 8.9 4.08 6.18 8.32 6.78 7.65 5.92 6.81 1.61 5.19 5.53 7.76 9.45 9.1 4.6 8.02 6.78 8.25 2.53 4.24 9.44 3.23 3.82 8.06 1.89 3.84 4.26 2.84 3.08 6.42 2.8 9.17 4.21 8.3 6.2 5.67 6.03 2.68 6.2 1.82 4.97 9.51 9.64 6.85 3.72 6.8 5.03 6.95 1.9 3.4 1.61 9.44 5.67 7.65 4.79 4.61 6.01 2.34 5.23 7.58 3.42 5.23 4.2 5.66 9.89 3.8 7.75 1.3 3.74
8.34 7.18 8.72 9.85 4.17 4.86 9.69 2.81 7.5 9.06 9.69 9.5 9.58 3.79 9.22 2.47 4.89 2.96 7.21 1.84 7.39 5.13 1.38 6.15 7.47 6.75 3.35 3.11 8.77 7.25 9.62 5.26 3.58 9.82 1.41 9.49 4.11 4.37 7.21 2.91 3.68 2.87 5.22 2.6 6.66 3.97 8.57 3.46 7.89 4.17 2.17 4.8 2.75 1.18 8.71 5.68 1.47 6.5 2.21 6.48 2.07 4.48 9.94 1.05 9.48 9.24 3.51 8.33 3.07 4.07 7.66 9.93 1.54 2.9 1.11 7.38 3.11 3.66 2.14 5.23 9.49 4.5 1.39 6.77 2.85 1.27 6.79 3.42 5.34 9.83 2.6 4.8 7.27 5.48 5.6 7.29 7.42 2.06 8.36 5.53 8.72 4.65 8.35 8.27 4.29 6.28 8.63 9.31 1.25 7.54 10.0 8.62 4.78 4.15 2.26 5.27 3.55 7.67 7.4 1.29 4.48 4.87 5.81 5.08 8.73 6.06 3.28 1.45 8.34 2.12 7.71 8.51 4.9 8.87 8.6 9.19 1.9 4.58 6.65 1.43 6.28 2.72 7.52 8.32 3.3 8.13 8.07 2.76 3.36 1.29 8.52 7.4 5.54 3.73 8.6 9.15 3.56 1.95 7.67 7.74 8.5 8.88 2.66 3.45 1.72 1.47 4.38 7.36 5.8 4.66 1.46 3.15 7.91 6.8 7.62 8.64 6.86 3.9 9.4 2.52 7.57 5.6 1.49 6.39 6.11 6.54 2.52 2.25 9.93 5.8 3.82 1.62 7.54 9.7 5.66 6.23 6.11 9.03 8.36 6.87
4.23 9.35 2.69 5.69 6.2 4.56 5.91 4.6 8.33 4.19 1.98 6.72 3.76 5.35 2.34 2.91 4.56 2.32 9.7 7.31 7.43 2.4 1.54 1.41 2.66 8.73 5.11 5.55 6.74 4.14 7.02 6.03 9.03 6.61 2.28 4.58 2.96 7.64 5.62 2.85 2.62 3.95 8.44 2.78 5.2 9.12 8.72 2.92 9.92 1.06 9.42 2.71 3.12 1.51 5.97 1.59 6.44 5.01 8.56 7.42 1.83 4.56 8.16 1.89 9.86 9.08 4.97 2.04 1.54 8.74 6.85 6.82 5.07 1.94 8.79 5.56 5.43 2.51 6.51 4.16 9.35 8.15 8.19 2.57 6.47 5.01 3.28 6.94 6.09 4.16 1.48 1.92 9.77 7.41 7.37 2.39 7.08 7.6 1.98 4.23 3.21 2.2 7.93 6.46 7.65 9.84 1.88 4.34 2.72 1.1 9.28 6.14 9.61 2.99 9.16 7.25 4.9 8.17 9.91 5.6 9.97 5.9 8.68 3.2 9.99 2.07 6.68 5.48 8.5 7.21 1.23 7.14 4.28 5.3 9.59 3.91 9.33 1.0 9.8 2.32 7.27 8.28 7.51 8.42 7.87 3.94 9.43 1.02 2.49 6.48 3.04 1.8 2.27 7.85 2.42 4.18 7.22 4.09 3.05 4.6 9.11 5.4 6.96 2.13 5.35 6.38 7.32 3.69 6.04 5.59 7.48 4.7 5.43 9.37 8.78 3.71 4.6 3.21 5.97 2.84 9.42 9.77 1.97 2.59 3.43 9.09 1.03 3.14 8.26 5.05 6.63 8.47 2.62 7.86 1.56 1.23 2.3 4.24 8.64 3.42
3.51 9.45 1.53 6.66 1.28 5.55 8.43 5.58 7.6 3.2 6.59 4.31 9.53 8.79 7.16 4.14 9.85 6.81 9.48 7.79 1.81 9.27 9.33 9.78 6.68 9.29 9.18 3.01 2.17 7.55 8.53 4.88 4.34 4.2 1.72 3.89 1.65 5.41 8.65 1.03 1.42 5.18 7.91 9.57 1.11 1.45 4.04 3.24 7.67 4.64 9.82 3.0 7.0 6.62 9.34 3.9 9.22 9.37 6.77 4.74 4.09 2.43 9.44 5.35 5.08 7.69 6.33 3.72 9.75 3.9 3.4 5.14 7.33 9.66 1.81 9.6 2.14 5.41 8.08 9.36 9.86 4.96 3.78 2.13 5.44 8.92 2.24 5.26 7.54 7.72 2.34 2.16 3.37 3.38 5.8 8.97 1.57 9.37 7.87 1.12 8.53 7.25 3.42 8.31 1.54 1.1 3.27 7.49 5.08 1.49 8.46 6.04 7.27 1.42 4.39 9.62 9.18 7.44 3.79 4.79 1.63 2.6 4.16 4.48 4.8 5.43 9.18 4.72 1.93 4.49 1.84 5.77 8.88 4.16 2.39 5.61 7.98 4.48 3.62 4.53 5.82 1.44 6.25 7.44 5.83 6.29 1.75 6.8 4.86 9.11 5.16 8.15 3.78 6.53 9.84 6.87 4.61 5.66 9.34 8.49 1.57 3.49 8.27 6.57 6.32 2.6 2.98 8.32 7.35 4.78 8.78 6.84 1.72 3.73 8.37 9.18 6.0 5.91 9.29 9.07 6.81 4.93 9.0 4.61 5.95 2.84 3.97 2.6 6.1 3.24 4.26 4.98 1.52 3.92 3.6 9.3 2.52 6.62 3.7 5.42
1.3 4.27 3.76 1.25 3.94 9.07 4.06 3.84 9.92 1.83 6.99 9.19 5.18 4.7 2.81 8.4 9.33 5.13 6.06 6.07 5.28 8.68 2.74 3.0 6.67 6.21 1.27 7.19 9.8 8.12 4.95 9.3 5.37 2.38 4.05 4.84 1.93 6.81 3.06 9.7 2.08 4.9 5.04 4.95 5.2 7.97 9.44 7.42 8.0 7.69 7.5 3.99 2.04 3.12 9.11 6.56 8.57 3.16 7.48 4.33 4.34 7.45 7.63 1.56 9.99 7.34 5.48 9.69 7.1 9.46 5.97 5.31 2.26 8.38 9.78 4.31 2.42 8.06 4.44 6.28 7.69 6.26 9.34 2.33 6.14 4.78 2.66 8.57 1.08 5.78 5.31 1.91 3.11 1.79 9.95 8.42 7.56 6.56 8.94 4.55 1.37 6.93 3.9 3.25 2.12 3.31 3.19 3.96 9.08 7.22 9.97 3.24 2.23 4.42 1.73 3.52 1.49 6.82 2.61 6.77 8.24 7.58 9.8 5.2 5.51 9.27 9.71 6.51 7.35 4.97 6.17 2.88 5.95 8.76 5.79 8.08 4.33 1.78 7.67 5.68 2.4 9.36 4.13 4.69 9.68 1.11 7.7 8.85 1.33 3.14 3.43 7.75 3.34 3.63 3.85 1.02 7.78 5.09 7.72 4.58 9.27 8.36 3.87 1.87 8.6 6.27 2.38 3.03 8.49 8.58 3.63 9.86 3.34 2.37 8.43 1.07 4.34 5.26 1.77 1.21 1.05 3.16 8.53 2.47 3.04 8.04 6.98 5.31 9.21 8.74 3.96 7.66 1.34 8.11 1.4 5.24 3.07 6.02 6.59 7.25
9.46 6.59 7.45 9.39 7.65 6.81 9.22 9.01 8.23 2.49 8.14 1.52 4.32 4.76 7.84 2.79 1.18 9.6 1.34 9.14 8.43 9.91 7.42 9.75 4.1 5.52 5.24 7.6 9.82 5.73 4.01 2.3 2.24 9.44 5.33 7.95 2.2 5.61 3.87 5.42 6.68 2.58 7.9 8.64 2.96 5.64 5.93 8.27 3.52 7.67 8.93 6.54 6.83 6.98 6.32 8.23 2.49 8.29 7.01 7.31 5.13 4.86 9.55 5.26 8.38 9.17 9.62 3.99 9.77 1.52 4.24 5.32 5.83 5.18 2.99 2.78 9.64 6.57 5.13 5.38 1.99 5.07 1.93 2.33 2.36 9.7 4.92 8.13 7.77 1.39 9.64 7.5 1.83 3.79 9.61 7.56 4.14 2.2 8.43 2.89 1.63 4.68 6.37 5.24 8.89 7.84 4.01 4.27 6.94 3.24 5.55 2.62 2.48 3.14 4.07 8.58 4.15 1.8 3.4 2.48 9.39 7.78 1.22 8.17 3.64 2.72 7.96 4.71 2.29 9.8 7.71 9.57 2.06 9.47 2.02 9.84 6.0 5.39 4.44 1.64 8.47 3.11 6.65 6.07 3.47 2.62 4.86 2.26 3.8 8.63 2.84 7.52 2.42 2.74 7.78 4.42 7.53 2.94 8.24 8.63 9.23 1.11 6.99 6.43 7.33 5.95 2.6 4.65 7.62 8.44 4.53 3.17 7.4 2.82 9.67 3.96 4.72 1.51 9.82 9.31 9.63 7.55 7.73 5.98 4.36 3.41 4.26 7.11 2.01 1.93 8.26 6.08 7.8 7.19 8.94 4.04 5.44 8.14 4.76 1.42
5.0 5.9 4.73 3.35 9.73 9.7 2.27 6.48 5.23 2.48 1.24 8.04 4.16 8.19 8.91 5.4 3.21 3.27 2.06 6.04 8.99 1.48 6.34 3.1 7.41 5.56 2.23 9.98 5.47 9.08 7.96 2.3 5.56 6.78 9.17 2.86 5.2 3.4 3.6 5.12 7.78 3.26 3.72 8.18 4.61 1.8 4.65 6.54 2.33 5.52 3.46 8.29 8.75 9.78 4.97 9.43 6.58 7.25 4.17 4.17 8.61 9.83 9.99 2.25 1.59 2.37 3.23 1.83 5.65 6.65 8.12 7.58 2.42 8.4 6.37 9.6 4.37 3.43 5.46 5.35 2.82 4.77 3.47 3.65 7.17 6.72 1.17 9.34 4.78 1.13 5.12 8.3 7.22 6.8 8.19 7.5 4.69 6.34 8.9 6.74 6.11 6.51 8.88 8.9 6.99 9.87 6.85 1.08 4.36 5.32 3.21 1.33 9.73 6.06 8.21 8.14 4.84 2.84 4.79 6.09 5.18 2.54 3.36 1.39 1.88 6.45 7.68 2.38 6.97 4.71 3.04 8.49 7.04 8.45 8.53 5.58 4.05 2.58 4.84 3.26 4.93 8.74 6.83 2.69 4.45 6.23 1.82 9.15 8.0 6.16 5.81 6.65 9.99 4.26 4.84 3.79 3.81 6.2 5.69 8.49 3.38 4.92 7.98 5.82 9.97 2.81 3.69 7.52 7.43 7.02 7.19 8.82 8.9 6.86 7.74 7.28 1.95 2.01 4.27 4.03 2.08 8.09 7.48 3.55 8.58 2.37 4.73 7.78 5.22 3.51 5.85 3.3 1.86 8.6 8.68 9.36 9.79 9.19 6.85 5.64
3.99 8.59 5.54 4.51 1.14 7.59 5.88 5.2 2.1 1.79 2.15 1.24 4.38 2.0 3.0 2.58 3.29 5.82 7.25 5.3 4.51 8.89 2.96 8.9 8.24 4.42 7.87 6.21 9.33 7.47 6.72 9.62 9.56 3.84 7.2 3.86 4.28 8.25 1.46 4.0 1.46 9.92 2.48 5.8 1.98 6.28 5.99 2.03 1.7 8.69 5.9 7.01 7.63 5.47 7.99 2.55 6.2 2.15 1.27 3.44 2.59 6.93 6.4 1.26 3.85 8.58 1.51 5.88 1.55 7.51 4.68 5.08 2.27 6.87 8.8 1.7 6.18 7.43 2.97 9.41 8.95 2.44 1.04 7.7 1.84 5.77 3.12 3.29 3.1 6.02 5.64 6.49 3.26 8.52 7.3 6.25 2.06 6.53 5.15 1.2 5.4 2.35 6.53 4.58 5.74 9.4 7.76 5.76 2.07 8.91 9.4 3.39 7.47 2.4 2.88 1.07 7.81 4.47 8.59 9.67 1.89 6.79 4.16 5.94 4.91 7.86 2.39 7.97 3.37 2.21 4.03 4.88 1.93 4.0 2.64 3.41 1.26 8.68 8.58 4.17 4.46 2.57 3.62 5.12 3.3 3.59 8.68 2.49 1.18 5.13 2.72 4.02 2.92 4.11 8.77 5.18 9.88 9.92 9.81 3.28 4.89 1.21 6.86 5.86 3.25 8.65 6.01 6.95 1.75 2.01 1.59 1.02 1.46 8.79 2.71 7.93 4.63 1.17 4.64 3.45 8.01 9.5 7.05 8.15 5.54 1.62 4.68 3.77 1.69 4.98 6.25 6.15 8.29 7.2 6.69 2.44 5.12 3.94 5.48 1.16
6.95 4.82 3.8 5.11 6.22 2.45 2.73 3.66 7.4 8.6 9.78 5.47 6.84 8.17 6.38 5.69 6.16 7.61 3.96 8.92 3.11 9.59 6.17 1.81 8.51 9.12 4.2 6.02 6.03 6.26 4.58 8.89 2.06 2.48 2.2 3.02 6.6 4.74 5.19 6.97 2.62 8.74 4.8 1.79 2.79 9.11 9.44 2.63 1.36 4.52 1.21 3.18 3.82 9.69 4.74 1.1 8.19 6.0 1.61 2.82 7.16 8.57 6.37 1.35 2.88 3.14 3.5 6.12 5.06 4.19 6.49 1.17 1.7 7.04 6.26 4.24 9.73 9.88 7.97 2.16 2.82 6.91 6.81 6.91 1.57 7.15 7.02 9.22 7.71 4.8 7.72 4.07 1.53 9.54 2.63 8.55 3.9 1.82 1.01 1.98 3.04 8.66 1.01 1.97 6.79 2.92 6.09 7.37 8.71 3.41 9.63 6.88 6.55 2.58 1.02 1.38 3.38 6.47 7.89 3.23 7.18 2.49 2.1 8.06 8.58 4.95 5.86 5.79 7.02 4.8 4.49 1.04 2.79 6.01 7.5 3.07 4.71 5.81 3.69 7.43 2.44 2.32 5.0 9.69 2.58 5.78 8.02 2.91 8.68 6.84 6.6 7.57 4.58 5.81 4.73 8.0 4.52 8.91 8.92 3.1 3.14 8.95 4.89 1.47 4.07 9.32 8.47 1.94 2.94 3.43 4.15 6.79 3.2 8.6 8.67 6.8 6.94 7.19 8.09 5.27 7.71 7.21 8.11 5.7 5.42 4.58 5.75 2.76 6.06 5.21 7.86 2.4 8.97 5.66 2.16 5.28 2.67 6.46 9.21 6.0
1.36 2.9 1.69 2.44 5.71 3.28 8.66 7.37 9.59 3.44 1.55 8.03 2.97 6.15 5.74 6.42 9.9 9.56 3.58 6.8 4.83 8.54 5.54 5.43 2.64 9.04 8.72 9.59 7.94 2.24 6.44 1.85 1.6 9.38 2.37 7.65 2.45 3.38 4.39 4.3 9.92 4.77 7.61 3.47 2.3 8.56 2.28 9.26 5.06 9.05 4.6 9.26 6.41 8.2 2.35 4.32 4.3 4.95 1.92 4.01 6.89 2.45 4.32 1.53 1.08 4.33 8.72 9.78 9.81 1.46 1.86 1.12 3.12 7.41 2.92 6.91 9.13 4.55 8.34 9.35 4.22 3.13 9.43 4.75 7.79 2.32 9.3 3.01 8.81 1.79 2.95 7.27 5.27 4.11 8.14 3.18 9.22 9.47 7.9 8.86 8.97 9.69 6.22 7.24 1.5 5.04 7.55 2.83 7.78 4.54 9.89 2.74 5.7 3.46 9.62 5.13 5.05 5.45 7.28 7.08 1.2 4.3 6.17 3.9 8.28 9.95 9.56 1.35 2.3 8.11 4.22 9.04 9.36 5.1 4.71 8.93 3.56 8.08 3.86 6.29 4.88 4.36 3.39 3.8 7.21 6.45 6.36 5.86 5.1 4.35 5.39 8.48 8.95 3.96 5.95 1.23 7.38 1.48 5.79 2.15 4.94 2.79 1.83 5.17 7.7 7.32 9.96 3.54 5.65 3.62 7.8 6.21 6.25 7.88 2.8 5.7 9.85 1.1 6.38 4.75 1.88 4.29 3.4 6.29 4.96 8.66 8.38 9.93 2.31 6.3 4.3 8.09 8.64 9.93 4.54 5.91 7.63 4.45 6.66 1.97
1.84 9.82 9.86 3.41 3.17 2.56 3.1 7.69 6.01 8.6 7.61 8.96 2.06 7.5 3.33 9.62 9.05 5.71 4.41 9.18 3.47 9.78 6.85 8.56 6.22 1.58 1.06 6.31 2.69 9.57 2.9 9.61 6.3 5.82 6.85 4.33 1.97 6.8 4.12 9.07 6.95 9.01 2.39 5.77 8.69 8.82 2.58 4.43 3.05 8.68 5.34 5.98 2.44 7.43 6.76 3.9 1.19 3.07 7.78 5.51 2.26 2.77 1.08 4.4 5.95 7.47 2.75 3.31 6.71 1.32 9.56 8.21 7.97 7.43 2.21 5.37 2.39 4.25 7.71 9.69 8.1 6.39 7.99 1.67 5.43 5.14 4.87 5.19 5.46 1.59 5.16 2.24 2.61 8.62 1.44 4.77 8.21 2.8 7.81 9.13 1.17 5.36 8.14 8.27 4.76 1.63 1.07 7.67 4.18 6.68 9.31 5.32 1.52 6.41 3.97 4.98 1.9 2.78 5.63 8.44 6.28 3.93 6.43 5.92 2.72 1.8 9.57 7.93 7.06 8.0 4.9 6.82 1.03 7.75 8.21 8.01 6.36 9.22 3.96 9.39 2.5 7.83 9.57 9.42 4.52 3.89 3.29 4.34 9.25 7.57 8.52 3.65 9.53 2.78 1.59 6.22 6.16 3.25 6.81 5.1 5.59 6.17 8.69 4.7 8.33 6.29 5.5 9.87 7.42 1.3 8.16 6.7 2.79 6.29 9.0 6.51 8.65 1.22 3.65 7.29 4.31 4.07 8.33 5.22 4.59 2.92 4.07 5.54 7.9 5.92 8.91 3.68 1.64 2.06 8.37 5.12 7.96 2.95 1.09 5.66
4.85 4.69 6.34 7.1 4.79 2.23 1.77 8.3 6.3 7.55 8.37 5.74 1.24 3.89 1.59 3.31 1.83 1.25 1.77 5.06 2.69 1.17 3.73 3.78 1.62 9.09 5.94 7.97 2.1 9.04 7.37 2.88 8.42 2.25 5.79 9.06 3.3 3.13 7.29 3.94 9.45 2.2 6.86 6.16 4.65 7.01 9.59 4.7 6.28 7.44 6.22 6.7 6.31 8.2 4.31 8.37 1.34 4.08 8.1 9.36 3.79 3.86 7.18 4.51 6.46 8.95 5.92 2.84 2.59 6.4 8.59 6.77 2.64 8.17 4.04 3.28 2.52 7.46 3.22 6.89 2.16 2.33 8.7 1.08 1.54 9.13 2.93 3.37 3.33 4.1 8.31 2.88 9.87 8.33 6.55 3.5 4.79 8.11 7.3 9.75 4.01 3.77 2.43 8.85 9.58 5.79 2.65 2.72 4.79 1.84 8.4 2.56 2.51 5.56 3.4 6.84 9.56 4.23 2.54 1.88 8.33 4.75 9.83 6.56 3.89 1.79 3.59 8.88 3.58 1.29 3.27 6.41 6.58 9.01 7.01 3.41 8.62 2.71 3.62 1.52 3.15 7.69 3.07 5.53 3.25 7.99 4.82 3.9 4.2 2.36 1.55 2.44 8.05 1.47 2.2 8.32 1.73 7.2 8.86 8.83 9.41 4.91 2.91 9.64 9.48 2.6 2.47 1.16 6.02 1.72 8.12 1.83 7.03 4.39 7.07 1.24 7.29 6.48 1.42 3.33 1.12 8.67 3.91 4.52 4.26 6.75 2.03 8.69 9.5 2.79 4.7 5.76 9.77 3.87 6.32 1.08 5.57 1.69 7.52 2.22
5.39 1.35 8.46 1.36 8.36 2.45 9.64 1.08 5.48 5.55 4.13 9.37 5.0 1.48 5.83 8.43 2.53 1.52 5.08 3.22 9.8 5.44 5.8 6.96 5.77 6.44 8.31 9.0 3.76 4.77 5.74 1.56 9.48 7.35 9.66 9.09 5.65 8.77 1.74 4.63 1.06 8.44 2.25 2.88 9.58 9.92 9.87 4.61 7.09 7.38 8.91 5.85 2.43 1.11 3.89 6.88 4.13 2.56 2.86 1.66 8.31 6.87 8.96 2.49 5.28 7.98 3.24 5.12 6.95 7.48 2.33 1.35 9.41 9.87 1.67 5.33 8.85 7.71 2.48 3.98 2.72 9.37 8.99 6.32 1.26 9.7 3.99 9.51 8.51 9.11 3.87 5.75 2.06 8.67 3.23 9.09 8.51 6.77 8.42 4.2 8.45 4.16 8.64 2.89 5.72 7.95 7.17 6.55 6.65 3.9 7.44 9.47 7.86 5.47 3.3 3.13 3.3 3.37 5.95 3.79 9.95 5.16 6.19 5.53 9.25 5.04 5.11 1.66 3.15 7.65 7.43 8.12 2.74 9.25 8.31 1.79 8.02 3.13 5.04 3.05 5.42 2.97 9.65 1.82 2.08 1.06 3.87 3.86 6.39 7.53 6.31 8.97 4.59 7.39 6.1 9.11 7.04 2.12 7.42 5.31 4.24 4.69 2.18 4.14 9.1 9.49 4.98 6.15 1.47 6.54 7.66 9.38 8.39 2.49 4.0 7.74 5.12 7.04 3.99 4.67 9.71 4.05 8.75 5.56 4.48 3.88 6.38 1.96 3.47 6.21 6.03 1.43 3.76 4.86 2.54 1.33 1.55 8.3 1.66 3.2
6.96 2.55 8.57 3.71 8.84 1.47 9.06 8.61 6.78 2.89 2.66 4.13 8.53 9.84 9.12 3.7 9.33 6.44 3.54 1.38 9.75 9.72 5.99 2.69 2.88 6.09 1.87 7.3 3.49 3.45 2.97 8.12 5.91 3.78 2.08 4.44 5.99 4.3 9.96 9.72 6.9 5.24 4.35 5.07 5.35 7.89 9.32 5.69 1.85 5.56 7.72 2.83 6.9 1.28 8.28 2.51 9.9 3.65 7.81 6.13 3.75 2.05 8.44 2.48 6.63 8.64 2.31 5.57 6.18 6.47 9.1 1.47 7.76 1.18 9.67 7.7 9.2 1.94 7.68 1.74 9.67 7.86 2.05 1.35 8.46 5.21 2.43 4.68 8.65 4.53 4.88 3.28 3.37 8.51 1.57 9.83 5.71 6.09 4.65 2.21 5.31 4.14 3.09 3.65 9.91 9.35 5.18 7.48 9.43 2.29 9.39 9.55 3.39 1.49 2.51 9.68 8.35 8.68 9.62 5.46 9.25 7.03 9.87 5.07 7.95 8.92 9.63 8.7 1.86 4.0 8.23 4.26 9.78 3.19 5.98 6.92 6.14 4.02 8.39 3.04 8.88 2.13 7.08 8.53 1.03 8.4 6.23 1.84 2.34 7.23 4.2 3.83 4.73 6.53 9.61 5.12 6.92 3.23 8.3 2.39 6.18 3.72 8.61 5.27 8.01 3.52 8.16 6.49 2.77 3.12 4.04 9.99 4.67 2.63 6.01 2.46 3.68 5.11 9.25 7.4 6.93 8.48 4.33 4.04 5.59 3.56 5.61 1.77 7.15 2.21 5.06 5.13 6.08 4.05 1.71 8.32 7.68 2.99 1.87 2.77
2.02 6.77 2.25 9.99 2.49 5.06 3.74 1.41 8.02 2.12 3.09 2.98 1.03 7.06 9.04 3.25 5.22 2.16 7.61 1.69 8.58 3.01 6.75 3.35 4.31 5.94 7.4 2.51 8.52 7.79 9.27 5.53 8.5 5.46 6.61 3.9 3.86 8.65 9.86 4.53 8.85 4.93 4.84 7.59 6.57 6.5 8.13 4.71 3.76 8.37 6.86 5.18 6.94 1.7 2.08 9.3 7.49 8.9 4.04 5.75 9.21 8.6 6.94 8.94 5.96 6.58 5.7 3.84 7.81 6.13 4.39 5.06 7.06 6.11 6.63 8.52 5.88 8.97 5.37 9.0 5.57 8.36 1.66 8.86 8.45 1.72 2.38 3.14 1.45 2.47 3.3 3.78 9.95 3.94 2.49 5.8 8.21 1.1 8.59 7.41 4.41 3.72 9.35 4.42 6.87 2.99 2.01 1.88 7.39 5.04 8.58 6.03 4.43 8.2 3.44 9.64 6.28 4.84 5.08 2.22 3.74 2.21 3.41 5.92 9.95 6.06 9.43 8.38 9.37 9.31 7.65 7.55 4.65 7.46 6.31 3.33 2.64 8.27 5.81 4.78 3.58 9.08 2.13 6.81 1.24 6.36 9.42 8.5 5.12 3.52 7.62 8.24 3.45 6.73 4.8 9.97 8.51 5.21 7.74 1.95 6.45 9.28 4.87 6.78 6.44 6.7 6.56 7.38 5.07 9.23 2.28 1.79 4.97 6.62 4.79 9.94 1.34 7.7 5.24 3.07 6.09 1.67 2.42 4.37 1.58 1.51 5.27 5.17 4.29 4.13 4.23 1.97 7.39 9.87 9.72 4.16 1.9 8.41 7.56 7.6
6.68 1.8 1.9 2.41 5.47 4.28 3.8 3.34 5.78 8.05 1.77 7.8 7.6 5.09 3.18 8.05 2.59 4.6 8.1 8.05 3.46 9.97 2.67 4.57 8.47 8.73 4.96 2.75 6.94 1.29 9.52 8.3 5.52 5.91 3.41 1.39 6.1 6.39 8.36 6.5 1.64 1.84 6.35 6.42 6.09 7.04 6.38 6.93 9.87 9.49 6.21 4.64 9.55 5.44 2.73 6.46 4.45 8.24 1.33 1.79 3.05 3.76 6.71 1.14 4.35 7.83 9.36 6.87 9.19 7.92 8.75 3.97 1.99 3.23 9.89 6.28 5.71 8.0 2.22 5.7 2.14 7.38 9.7 5.69 8.35 9.54 1.94 7.41 9.56 3.45 4.3 6.59 6.47 2.66 9.6 2.0 7.34 5.35 8.51 2.11 8.48 4.9 5.87 9.3 5.11 7.46 1.36 7.79 9.76 2.24 1.88 8.22 3.17 3.7 6.41 3.56 7.6 8.72 8.92 8.23 3.96 7.98 2.53 9.76 4.3 9.14 6.85 7.22 6.3 3.05 3.23 2.16 8.83 6.83 5.65 2.38 5.79 9.0 6.17 1.31 4.63 9.05 2.61 9.25 5.62 1.54 3.83 9.63 3.53 9.36 5.27 3.14 1.81 6.41 3.82 5.33 4.93 8.26 3.11 6.43 2.84 7.93 7.87 6.0 8.65 3.6 3.26 9.18 1.85 4.59 4.8 6.69 6.65 8.8 1.09 2.35 6.06 9.81 3.47 6.41 3.47 7.65 4.99 9.66 6.48 3.52 5.29 1.37 1.59 8.61 5.46 8.07 3.74 2.42 5.09 5.75 1.4 7.38 3.99 2.75
2.94 2.27 9.5 5.17 6.36 3.23 3.33 2.19 5.73 5.85 8.13 5.36 6.38 6.6 6.26 2.87 9.3 9.3 8.63 8.11 8.68 3.34 6.21 8.82 9.86 7.17 8.27 1.75 5.78 8.12 9.23 3.04 7.97 5.44 7.65 5.08 8.76 3.54 3.11 5.22 2.27 2.26 9.18 3.87 2.94 8.97 1.88 5.13 7.51 8.74 5.3 9.09 1.41 9.34 7.12 8.61 7.28 3.87 4.34 8.97 2.57 9.54 6.78 6.55 9.27 1.06 5.05 6.55 9.42 1.24 2.3 2.66 7.2 5.53 6.43 1.22 7.47 8.94 4.38 8.53 6.25 6.04 8.28 6.06 5.23 8.06 4.24 8.24 1.45 2.88 4.46 9.6 3.09 5.05 4.56 2.17 1.91 2.88 4.66 4.05 5.27 6.66 4.89 8.39 6.63 8.63 7.68 6.25 1.55 9.28 9.78 9.47 9.14 5.69 7.98 7.98 3.79 9.36 9.71 2.8 3.61 4.87 9.13 8.06 5.36 7.57 8.04 2.58 8.71 5.33 1.88 2.09 7.99 2.31 5.97 1.73 4.32 4.89 4.75 2.87 3.32 3.91 4.19 9.16 9.03 6.76 2.1 7.4 7.77 4.25 6.87 5.44 4.59 5.93 6.3 6.75 5.55 9.2 5.46 4.46 4.06 2.85 7.13 4.31 5.42 9.8 3.83 9.38 1.4 7.41 5.29 9.02 1.26 9.64 6.41 8.0 6.77 8.62 4.2 7.82 3.29 9.17 9.41 4.99 3.92 4.13 3.49 4.45 4.52 7.66 6.19 1.14 6.31 9.22 2.93 8.21 2.1 6.56 6.65 4.17
4.26 9.8 1.15 7.54 9.82 1.74 8.06 2.28 1.39 1.05 6.87 8.2 3.71 1.55 4.92 8.65 5.09 6.25 5.86 9.31 1.11 1.25 6.61 4.13 8.23 5.2 1.72 6.97 7.38 8.66 5.3 9.52 9.04 2.82 4.02 4.12 8.6 6.4 2.9 3.1 2.87 6.0 5.82 2.9 6.08 2.03 7.4 8.36 7.5 8.71 6.08 8.7 6.36 6.83 7.52 3.26 2.82 9.26 3.03 6.87 4.31 5.29 5.34 1.41 5.27 6.96 7.34 1.85 9.18 3.43 9.3 4.36 1.83 4.56 3.96 1.16 2.73 8.06 2.66 8.66 2.81 8.72 2.67 9.74 3.76 5.05 8.61 5.05 8.0 2.34 6.59 2.54 5.83 6.39 9.61 5.15 1.07 7.48 3.36 4.2 2.44 7.8 3.99 6.41 9.79 3.93 8.28 5.3 6.24 4.3 1.56 7.47 5.76 6.41 6.85 6.41 7.51 9.05 3.66 6.93 6.81 5.98 9.23 5.21 9.37 9.96 2.79 3.55 4.3 6.26 3.11 5.17 9.8 8.7 3.25 6.94 6.6 3.97 9.64 6.65 7.23 8.55 5.47 2.16 6.37 7.87 1.56 8.86 1.96 3.9 8.31 5.44 4.97 8.51 8.92 3.27 9.29 2.02 5.37 9.94 5.88 5.28 4.54 6.9 9.08 3.13 4.55 8.76 1.19 9.58 7.17 7.77 2.65 8.54 2.17 7.05 9.82 2.12 7.82 9.87 5.87 2.75 3.47 7.94 2.78 2.33 5.54 3.44 9.31 1.58 8.45 5.69 3.88 3.87 8.32 7.74 7.68 7.25 5.27 8.51
7.87 9.36 4.44 2.03 1.58 6.15 1.65 7.18 7.78 3.37 4.96 4.95 4.88 7.58 2.85 6.97 2.07 8.78 6.03 8.83 2.23 2.27 8.14 5.99 1.47 6.33 6.68 1.42 8.83 8.34 4.8 5.94 8.25 5.9 5.07 9.33 8.74 3.47 2.49 6.64 4.31 7.79 9.98 4.77 4.74 6.22 1.61 7.92 9.96 6.01 5.54 2.51 2.96 1.63 4.25 9.14 4.76 1.94 9.41 7.25 3.86 9.97 5.9 9.42 8.85 4.59 8.15 6.71 9.41 3.62 9.22 7.74 2.71 3.93 3.91 1.64 7.09 8.73 7.08 2.53 6.1 3.25 2.9 9.91 5.95 9.66 7.39 6.65 7.91 5.68 7.93 9.86 8.99 1.31 2.93 4.84 9.08 3.92 3.21 8.51 1.99 5.71 3.92 7.28 6.83 8.3 6.98 9.21 7.64 1.63 1.76 9.78 8.71 6.28 8.9 1.82 7.63 4.24 6.28 4.79 5.36 9.12 1.46 7.37 9.0 4.24 5.68 2.25 6.88 1.48 1.52 1.05 6.41 7.65 4.99 5.44 8.19 1.31 8.81 8.74 1.34 4.42 9.1 7.02 9.45 5.48 6.07 4.39 9.2 4.68 7.92 3.57 2.24 7.47 6.07 8.75 1.29 9.33 6.67 8.59 7.03 7.54 4.55 5.46 6.31 8.36 8.89 4.5 9.19 9.53 8.66 1.62 3.24 4.13 5.87 1.35 9.6 1.49 3.56 8.54 2.43 7.84 2.44 8.92 6.54 6.3 1.66 4.35 7.73 7.32 8.17 3.21 7.76 4.76 7.88 6.46 4.5 8.5 3.5 2.02
9.66 3.55 2.86 4.07 7.82 9.27 4.62 7.59 4.06 6.3 8.85 3.59 5.92 9.61 6.11 1.58 4.09 7.02 5.23 8.4 5.24 5.22 1.03 3.1 7.96 2.31 2.4 6.01 6.98 6.79 4.27 8.76 4.25 9.67 8.79 2.82 9.74 2.94 5.74 5.02 3.58 7.06 6.25 8.41 5.29 7.46 7.02 4.0 9.82 1.73 9.03 7.73 7.8 5.13 8.79 1.05 4.21 5.67 5.33 4.98 1.34 6.2 4.21 9.6 8.02 1.8 5.38 9.19 3.82 4.97 8.7 7.13 7.0 1.38 4.8 9.73 2.69 6.9 1.81 1.15 7.38 6.01 3.33 5.95 5.07 2.57 3.53 5.81 5.11 5.62 5.88 3.01 5.13 5.3 2.48 6.86 9.27 7.54 3.66 7.58 9.96 1.92 5.43 4.09 4.06 5.41 4.78 2.12 5.06 8.03 8.06 1.38 1.38 8.75 6.55 5.26 1.31 3.02 7.5 1.67 4.48 8.65 8.16 8.79 6.84 2.43 3.37 4.45 7.51 1.08 2.47 5.4 6.48 2.48 3.6 5.48 4.99 3.06 3.03 7.04 2.49 5.16 2.81 6.65 5.08 3.47 1.96 2.59 3.78 4.93 6.56 3.07 5.13 7.37 9.69 9.0 9.19 1.31 7.81 9.73 2.18 5.63 1.1 7.56 7.74 5.67 7.88 2.0 1.95 4.89 7.95 3.2 8.04 8.46 4.94 7.99 4.53 8.0 1.69 3.2 7.67 1.69 2.34 3.3 9.47 3.74 3.18 8.9 1.34 2.4 8.66 5.27 4.71 8.35 3.98 9.43 4.99 4.03 8.46 2.53
3.2 1.84 3.28 8.07 8.75 7.41 7.83 9.52 7.49 8.05 5.95 8.55 2.54 2.96 4.72 4.46 2.98 4.79 8.3 5.82 3.7 9.9 5.55 7.72 3.49 2.37 9.53 4.72 2.1 3.29 7.73 2.78 1.12 5.05 9.14 6.58 7.76 2.11 4.73 5.3 1.05 1.2 1.81 5.67 6.17 6.57 9.59 8.5 4.9 6.91 5.31 9.15 3.31 1.6 8.32 6.75 5.76 5.21 5.36 6.35 4.51 6.5 6.08 4.4 1.21 3.46 4.52 5.87 3.04 5.54 5.06 2.56 4.34 3.98 5.56 1.35 1.34 7.25 6.94 1.48 3.99 6.5 9.81 5.52 3.07 5.33 1.44 2.0 7.4 4.21 9.93 9.45 5.27 9.7 3.52 2.13 9.69 8.66 1.35 5.97 5.38 6.96 1.7 4.19 6.09 7.39 4.86 3.14 6.25 6.36 4.24 3.36 2.66 1.89 5.06 1.62 5.37 8.37 8.62 10.0 8.34 7.85 8.62 4.5 4.89 9.97 3.1 9.11 9.32 2.27 9.13 4.28 5.71 8.43 6.68 1.85 1.65 2.84 5.31 6.3 8.95 1.55 2.16 1.65 6.59 1.66 5.76 9.49 6.31 8.1 6.55 5.61 2.44 3.36 4.35 6.56 2.3 3.98 2.74 8.21 1.41 9.97 5.28 2.72 4.24 6.04 2.02 8.77 6.41 6.01 10.0 4.64 5.02 3.02 2.57 8.64 6.16 8.8 7.92 3.61 5.18 3.83 8.39 6.14 4.21 8.21 6.74 3.15 7.93 5.2 4.81 9.31 8.65 9.74 1.7 4.31 4.81 7.43 7.6 1.66
6.2 9.57 5.96 3.44 5.93 3.87 7.09 1.38 7.1 4.41 1.99 1.6 9.43 9.81 1.09 7.07 8.09 8.56 8.3 5.55 6.75 1.48 2.65 4.3 7.94 6.32 4.07 1.93 5.94 2.75 2.62 7.23 5.41 9.42 2.0 7.0 7.78 4.11 3.73 9.0 3.34 9.62 4.85 3.59 3.6 7.33 5.59 2.09 4.14 2.11 8.38 4.95 1.66 8.51 1.59 4.71 6.96 4.56 3.77 7.74 6.2 2.12 9.19 6.96 7.65 1.35 2.4 6.69 2.65 8.11 9.1 4.18 9.68 1.23 1.8 1.63 2.3 9.43 4.0 1.04 1.65 6.06 1.69 2.09 4.91 2.7 7.76 9.57 8.5 9.05 2.39 2.08 4.61 8.7 4.64 7.36 3.28 3.56 7.94 7.9 3.67 8.47 3.52 4.81 4.94 7.46 7.58 8.45 8.31 1.64 7.97 9.17 2.66 9.27 9.28 7.37 6.22 5.99 7.4 3.81 9.76 9.09 9.38 7.64 9.62 7.17 2.35 4.5 8.95 7.87 7.01 4.22 7.27 4.32 2.57 9.84 5.53 9.23 3.09 2.86 4.68 6.42 7.39 2.63 1.02 3.63 2.68 4.81 5.08 9.78 2.45 4.05 1.87 9.6 1.63 7.42 3.62 6.01 4.56 1.3 4.87 2.89 5.7 4.22 2.23 1.85 1.53 3.13 2.95 4.17 9.72 4.93 9.85 9.99 3.25 1.17 2.22 5.38 9.35 8.34 1.14 2.18 8.96 1.48 3.26 7.81 4.66 4.9 5.14 1.31 3.21 2.3 3.76 4.61 3.15 1.62 5.96 6.46 7.79 3.5
9.59 2.77 2.93 7.22 2.04 6.2 4.78 4.44 6.64 5.98 2.04 2.11 8.81 1.77 6.97 2.79 3.18 2.18 9.72 7.35 1.9 5.66 7.96 1.57 5.39 9.85 7.9 7.44 1.29 9.15 2.08 3.34 7.55 4.6 8.28 6.98 8.62 6.11 9.66 9.83 1.72 6.38 6.75 1.35 5.67 6.81 3.78 8.75 5.67 7.21 3.1 6.25 5.77 7.94 7.77 4.7 8.87 2.5 2.46 6.04 5.75 4.92 3.36 1.12 8.83 4.22 4.66 5.73 2.93 8.3 8.52 1.72 5.91 6.2 8.42 2.26 5.77 4.79 5.12 3.6 1.04 8.61 1.16 9.34 1.91 6.07 1.57 8.33 1.09 4.5 9.81 5.66 1.64 2.5 4.43 3.48 5.1 7.03 5.88 2.71 3.64 1.63 1.26 3.07 9.68 5.59 3.81 4.11 3.8 8.96 3.59 1.52 9.48 5.81 2.18 6.49 1.91 1.05 2.73 9.02 4.73 7.32 1.16 4.49 2.27 9.61 1.91 2.11 9.33 2.47 4.35 6.7 7.83 3.02 7.88 2.1 3.71 3.32 2.6 1.81 9.17 5.46 7.06 3.27 4.11 6.76 3.65 8.99 8.51 8.95 9.52 2.18 8.94 4.0 7.63 9.58 5.2 3.95 7.31 7.02 9.2 7.26 4.49 8.5 7.95 4.56 2.93 9.72 4.84 1.18 6.88 6.23 5.04 1.65 8.56 2.66 6.31 9.6 2.3 4.92 6.99 2.7 7.68 4.09 6.71 2.38 9.69 2.34 3.16 4.94 1.82 5.62 2.08 9.48 8.31 1.2 3.12 8.9 3.71 7.14
3.47 7.75 7.63 7.83 4.2 1.89 6.18 3.48 8.06 7.62 8.46 6.36 1.42 1.26 5.77 6.63 6.16 6.72 3.94 2.37 5.61 7.77 5.93 4.42 6.09 3.08 8.64 9.4 4.29 3.58 1.64 9.35 6.79 3.73 3.22 8.33 1.75 9.0 3.11 5.49 8.32 8.07 9.22 8.92 9.9 2.06 9.89 2.15 3.64 9.7 5.75 9.59 6.56 5.2 9.46 8.59 7.81 6.83 7.3 3.99 2.4 4.6 5.89 3.66 4.23 2.47 8.81 7.46 7.77 10.0 2.47 8.19 2.86 5.17 1.59 8.91 9.45 2.12 3.55 9.33 6.74 2.34 7.26 5.56 9.62 6.58 9.51 9.65 4.42 2.37 8.14 7.06 2.01 9.48 8.06 3.62 6.95 5.08 5.22 7.06 4.11 8.56 7.92 10.0 2.88 8.81 6.16 9.13 4.53 7.07 7.16 7.47 2.23 3.59 3.47 7.78 8.72 5.87 4.39 4.21 7.97 2.13 3.04 6.68 9.92 4.85 9.4 1.26 1.69 1.32 1.89 6.96 9.77 1.48 8.74 3.04 2.06 8.67 5.48 6.27 4.13 2.34 5.8 1.05 2.36 1.01 8.79 4.86 9.16 4.82 4.96 9.92 5.16 7.34 9.95 3.34 9.68 9.92 9.48 9.45 7.87 9.05 7.98 7.16 6.36 8.15 1.63 8.47 4.84 5.66 4.08 7.19 7.73 2.05 7.88 1.85 3.92 7.94 6.06 3.93 5.61 3.8 7.81 8.43 1.06 7.29 7.61 9.04 5.95 4.7 5.28 3.56 2.07 6.14 2.29 1.05 6.63 1.16 7.55 1.79
1.88 7.49 3.46 4.48 1.53 2.49 7.35 1.29 3.93 5.19 5.87 2.49 9.29 8.35 1.49 1.96 2.41 5.85 9.48 9.32 9.64 6.24 3.16 7.59 8.05 7.06 8.39 2.91 7.76 1.15 6.83 4.89 4.28 1.49 4.81 5.63 3.82 5.4 9.63 1.76 2.39 5.25 7.11 5.04 8.53 9.03 6.92 7.5 7.7 3.91 8.22 9.27 5.33 3.97 1.12 3.27 7.17 5.26 6.33 2.25 9.39 7.34 1.94 7.12 9.25 8.33 4.97 9.44 7.8 3.93 5.34 7.37 9.38 2.52 4.9 9.46 6.83 7.16 8.18 5.92 7.91 2.64 4.82 3.18 6.31 4.0 8.33 7.55 6.64 8.41 2.66 8.92 1.61 7.91 2.78 3.06 3.38 6.3 8.29 8.21 1.24 1.71 2.25 8.49 6.0 8.24 7.66 7.66 6.73 4.91 2.25 2.45 3.91 1.32 9.03 3.0 7.96 1.8 6.11 4.65 8.06 4.23 6.71 4.48 5.95 8.94 9.01 6.78 1.8 1.69 4.15 5.94 2.43 9.66 3.56 8.31 1.28 9.46 9.33 7.44 7.83 1.55 6.95 7.44 4.05 5.74 3.86 5.51 7.23 4.26 6.14 1.83 3.86 5.54 5.08 9.35 4.85 2.7 8.6 3.34 3.19 4.75 9.37 5.76 9.47 7.92 4.92 8.73 6.38 8.44 8.49 6.71 1.24 9.65 9.57 6.05 2.42 2.68 4.42 6.89 8.4 8.32 2.92 9.57 5.75 3.23 4.59 1.1 1.66 9.22 2.05 6.76 5.46 2.79 6.66 6.05 7.36 8.98 7.49 8.86
8.19 9.02 2.28 8.84 4.01 1.11 4.85 8.54 8.75 6.84 3.25 8.89 8.68 7.6 3.47 2.88 8.28 2.93 9.5 1.77 2.08 3.1 7.5 3.82 8.04 3.26 4.26 6.8 3.55 8.52 1.59 3.69 6.26 9.85 6.12 3.92 6.82 7.33 5.46 8.15 8.55 5.53 3.64 5.82 2.96 5.21 4.01 6.3 8.48 3.18 8.33 3.28 7.47 5.52 7.29 3.99 7.31 8.75 2.84 8.48 1.78 5.84 3.97 9.75 1.63 4.47 5.55 5.14 5.35 8.44 2.75 8.25 2.6 8.52 6.05 9.39 8.38 3.46 6.94 1.05 1.71 4.82 9.85 9.0 1.26 6.84 6.44 8.86 7.92 2.03 9.14 8.63 7.4 6.79 5.32 3.0 6.13 3.72 5.24 2.71 9.21 9.08 3.73 6.57 3.05 9.52 1.22 5.63 3.4 8.29 9.92 5.83 9.45 2.08 1.3 8.1 2.55 4.58 3.43 3.65 5.66 9.98 5.16 8.51 8.58 8.82 4.09 7.77 3.24 5.09 8.45 5.95 9.46 9.59 3.23 4.22 4.99 4.25 4.31 5.12 9.37 8.53 2.19 6.6 3.17 4.59 4.8 9.77 7.11 1.78 8.97 1.05 3.66 4.89 7.52 8.92 1.8 7.29 6.5 5.42 5.74 6.64 3.75 8.17 6.26 1.26 2.54 2.1 9.87 3.86 1.36 5.64 5.12 1.39 3.13 2.2 7.73 7.53 4.83 4.83 3.26 6.19 8.98 5.6 4.8 7.22 1.31 7.63 2.93 5.26 5.05 6.94 2.69 8.59 4.76 3.72 2.52 3.81 5.34 5.73
8.5 10.0 8.85 5.72 4.38 6.65 7.52 4.25 9.69 3.4 7.37 9.88 4.82 7.0 8.05 2.13 1.65 2.56 5.2 2.49 3.93 1.5 5.0 1.64 6.38 7.96 7.35 9.53 2.75 1.53 9.98 2.36 4.34 4.22 7.68 5.08 8.79 1.91 6.28 9.41 4.62 5.15 2.56 6.77 8.93 2.74 4.7 7.38 1.34 5.24 8.01 4.23 9.57 6.74 4.53 4.36 2.8 2.45 4.98 4.25 4.06 2.29 7.33 5.05 4.03 4.59 9.95 8.47 7.37 5.55 1.66 6.45 9.13 4.17 9.92 1.13 2.04 3.36 6.03 5.4 6.67 9.78 3.59 6.79 9.39 2.14 4.9 6.76 2.43 8.95 8.71 7.12 6.68 7.41 5.82 4.88 9.72 2.81 3.43 2.09 6.84 6.29 1.4 2.22 1.75 8.17 6.94 2.01 3.04 8.56 4.61 3.87 6.8 4.41 8.01 5.91 5.43 7.88 2.32 6.61 2.82 9.57 9.72 2.7 9.3 9.23 7.18 2.19 6.26 8.52 7.36 2.77 6.67 9.69 9.31 6.49 5.59 6.7 4.73 1.82 5.42 3.24 5.01 4.07 3.66 5.87 6.35 7.52 4.56 9.44 9.05 4.77 2.77 5.57 2.59 4.11 9.49 2.8 8.72 3.26 2.09 5.9 3.03 5.77 9.31 8.77 6.3 8.94 5.32 6.53 2.04 6.3 4.4 3.28 6.37 4.76 3.94 3.95 5.16 7.53 6.85 2.3 1.79 8.11 3.96 5.11 7.64 6.84 8.81 8.06 1.99 7.28 5.67 3.45 6.34 3.69 8.03 1.3 3.89 1.14
7.12 6.87 2.65 6.46 6.84 8.26 4.22 8.39 5.55 2.67 8.98 5.94 6.02 9.29 7.28 6.54 8.3 1.01 4.57 1.21 9.25 5.95 4.28 6.55 5.65 7.34 4.99 6.88 3.88 6.2 5.0 9.86 5.41 1.06 2.95 1.01 8.54 2.28 8.24 3.24 9.75 2.18 5.33 3.87 8.33 9.37 8.54 7.22 9.4 5.19 3.98 5.83 5.23 2.76 3.93 9.87 6.2 4.1 1.41 9.57 2.58 8.56 5.15 9.38 1.54 9.23 2.4 7.93 8.7 6.45 7.54 4.58 7.66 1.47 5.71 4.34 4.73 1.47 5.06 1.92 2.06 2.97 8.02 5.01 9.14 8.06 8.65 8.56 7.17 5.23 4.22 6.33 5.3 6.69 4.85 2.16 3.38 9.83 5.49 8.42 1.36 7.12 9.38 8.67 6.92 5.83 2.3 4.41 1.79 1.69 7.56 6.81 6.39 2.0 3.07 8.44 5.47 8.46 1.19 8.05 7.15 1.63 3.85 4.96 6.0 9.22 8.33 2.77 4.88 6.71 5.13 8.24 5.09 4.54 3.41 4.47 6.33 5.78 2.09 2.35 2.04 1.36 9.68 7.27 5.28 7.24 4.09 4.16 2.31 1.13 2.08 6.76 1.18 1.57 5.1 1.48 4.98 9.73 7.18 5.54 9.98 9.94 4.22 4.47 1.82 2.46 7.85 3.35 6.96 2.59 7.51 6.12 2.21 6.03 6.63 1.24 1.82 9.17 5.41 7.3 2.01 6.69 6.73 6.64 6.56 6.25 3.57 7.64 2.4 4.54 2.52 7.28 9.22 9.45 1.59 9.98 8.65 2.21 9.77 6.48
6.99 6.77 1.87 5.7 9.74 7.98 5.69 5.28 7.84 8.4 3.81 5.74 3.48 8.69 6.03 3.59 4.49 5.03 2.3 5.75 7.55 4.18 9.32 6.3 2.77 4.03 7.17 5.26 6.75 6.71 4.18 4.86 9.19 1.93 9.32 4.12 7.09 4.44 3.09 4.15 4.82 5.55 7.69 8.29 4.51 5.13 3.76 6.99 1.55 5.56 8.37 4.39 3.41 9.79 6.87 8.77 7.41 7.27 6.74 1.1 9.43 5.96 3.05 9.51 5.22 3.24 8.59 2.72 7.01 4.62 6.74 9.36 2.68 7.96 6.57 1.78 6.41 5.76 1.94 2.62 3.49 2.26 6.58 4.66 4.47 8.13 4.92 7.93 2.17 1.11 7.07 4.9 2.83 2.69 7.75 5.71 6.87 9.85 8.54 2.12 7.59 5.66 8.23 1.54 2.87 7.05 5.67 2.87 8.57 3.41 5.3 7.52 8.94 9.69 4.31 2.02 1.07 5.7 8.99 5.48 5.55 7.16 3.53 7.15 1.4 3.8 1.55 2.84 9.72 3.63 5.07 1.44 6.42 5.78 8.48 6.4 6.85 2.44 2.35 9.64 6.39 5.49 3.88 5.68 3.42 7.36 7.33 7.07 6.57 3.63 4.19 6.21 9.25 1.93 3.3 6.36 4.42 5.65 2.99 6.8 7.21 6.37 2.8 8.39 3.14 3.33 4.32 6.91 3.96 1.74 8.25 3.69 5.68 7.59 2.24 4.57 5.21 6.66 6.17 8.42 1.09 4.23 7.66 1.49 6.89 7.59 7.95 1.92 6.8 7.0 3.41 6.28 5.14 8.98 4.1 4.13 5.01 3.77 2.99 5.54
9.64 8.36 2.18 8.89 1.15 8.83 7.04 9.31 2.87 4.86 7.64 3.87 3.14 3.85 4.45 1.02 8.45 6.5 4.22 6.24 6.17 8.51 9.4 9.28 2.76 3.56 4.56 9.05 9.1 7.8 5.52 8.22 6.22 2.69 3.26 7.55 4.92 2.76 3.44 9.59 9.05 7.83 4.73 5.09 5.5 7.29 6.51 7.51 4.67 1.59 9.63 5.61 2.03 3.35 1.46 9.44 1.09 9.64 2.76 7.82 4.71 9.95 4.78 5.12 6.04 7.4 7.79 3.59 6.67 7.89 4.59 2.71 4.64 9.1 3.62 1.65 9.29 7.55 8.38 3.94 1.07 1.45 7.97 1.96 6.26 5.29 9.34 5.73 2.37 8.15 9.91 9.15 5.58 1.58 5.47 7.3 7.51 4.31 9.31 2.93 2.31 1.6 4.5 2.47 9.66 2.16 7.51 8.5 1.36 6.68 1.25 3.6 3.91 4.35 4.88 7.5 1.37 8.48 4.37 4.01 1.73 8.77 6.96 1.62 6.97 4.15 1.67 2.05 9.11 8.3 6.09 9.94 6.87 3.65 3.16 3.26 4.78 8.43 9.11 2.48 6.5 8.85 2.42 8.37 9.8 9.33 4.99 2.92 4.8 5.26 1.56 9.48 1.99 9.27 4.59 6.22 8.56 1.46 5.19 7.97 3.81 9.28 5.65 2.0 6.39 1.87 3.34 5.06 3.14 6.02 3.17 7.57 1.2 8.59 4.9 4.12 7.37 2.63 4.36 4.54 1.42 5.3 4.4 7.86 6.1 4.4 1.6 5.04 1.87 3.7 6.89 9.52 9.28 4.95 3.5 2.55 6.28 8.3 7.29 5.44
4.96 3.37 2.97 7.41 8.22 9.17 1.56 4.17 8.06 1.41 1.25 1.76 9.52 2.82 2.82 6.6 9.7 3.35 6.8 1.45 9.18 9.37 6.72 7.7 3.26 5.55 6.7 9.94 9.79 9.9 3.94 4.65 1.52 5.67 2.83 4.31 3.49 7.9 5.26 9.52 4.02 7.88 1.56 8.67 2.82 9.23 9.14 8.54 7.64 6.29 1.84 6.38 2.44 1.37 5.97 8.01 9.9 4.51 5.67 9.24 6.99 7.89 7.73 1.73 3.31 5.77 4.71 1.59 6.18 9.75 6.13 9.66 9.0 6.56 6.44 3.46 5.82 9.88 6.92 2.29 4.44 3.39 9.04 1.72 2.47 3.0 4.13 3.59 7.94 6.39 8.43 9.35 8.88 6.97 5.75 7.33 8.96 5.24 6.7 4.05 1.7 7.75 2.44 2.08 2.45 5.34 2.04 8.8 1.72 5.3 5.59 5.54 7.33 1.67 4.83 8.37 6.55 9.61 7.21 9.42 4.55 4.05 1.01 8.35 6.29 8.83 1.17 9.27 1.66 7.38 5.33 8.16 5.05 9.69 3.4 8.49 4.52 3.13 6.51 3.69 3.24 9.98 6.13 2.61 8.06 3.74 4.19 7.45 7.19 2.81 7.59 9.76 1.3 4.09 3.56 7.13 4.14 6.11 9.93 1.3 5.06 2.63 9.52 9.52 3.42 9.26 9.39 5.74 4.11 5.26 6.69 1.65 3.34 1.93 8.32 8.45 1.64 5.64 4.16 8.74 7.27 2.65 3.81 1.43 9.22 3.23 1.76 8.62 8.74 9.86 9.14 7.02 9.67 4.64 7.03 1.58 1.43 4.55 2.56 6.6
8.06 3.72 8.97 6.96 8.18 2.85 2.52 2.59 5.3 5.46 4.66 1.53 3.67 2.02 4.33 1.19 9.51 4.65 1.98 6.13 8.42 7.78 4.6 4.99 7.67 1.58 5.34 1.05 9.39 5.78 4.18 5.31 8.81 5.35 7.11 1.64 8.99 9.81 9.72 9.58 1.4 5.1 9.77 2.52 3.55 3.15 8.39 5.82 6.85 6.1 5.83 9.11 8.83 2.35 9.83 7.76 2.11 3.55 5.48 9.36 6.53 6.15 9.67 6.74 1.21 2.8 3.34 9.82 9.61 9.34 8.01 8.41 2.97 7.34 3.92 7.59 3.89 6.79 1.76 8.94 8.21 6.91 2.52 8.39 6.53 8.75 5.97 6.09 2.89 8.35 4.41 6.87 2.23 9.06 3.91 7.77 7.74 7.92 4.29 6.36 1.26 5.74 7.73 7.95 1.4 8.6 5.6 9.04 8.13 2.79 8.33 9.07 4.27 2.48 7.18 1.8 2.16 1.82 9.84 8.32 6.09 9.48 7.66 7.37 7.18 6.74 5.06 9.98 7.47 7.57 8.33 7.03 6.84 6.41 8.51 7.77 9.39 7.49 6.05 9.17 3.89 3.88 1.73 9.29 1.52 8.92 7.28 2.27 1.46 4.03 1.09 3.49 4.91 9.9 9.4 4.53 9.51 2.8 2.9 5.94 6.41 3.09 9.58 9.9 1.26 8.14 7.0 2.43 1.28 4.95 7.34 3.4 5.91 1.2 7.68 6.8 6.91 2.82 9.32 8.92 3.73 6.9 8.42 8.01 9.15 8.02 8.62 1.06 4.0 1.45 4.5 3.33 6.36 6.81 9.78 8.65 9.73 3.88 3.19 1.07
8.31 1.92 4.15 9.95 8.81 5.32 1.3 1.79 3.69 6.69 6.08 4.95 1.15 2.53 1.86 6.45 8.88 4.76 7.98 5.18 8.0 3.65 5.14 4.97 2.98 6.15 3.51 9.68 5.84 7.45 7.92 6.41 4.52 5.91 6.75 5.98 8.94 7.17 3.23 5.55 2.58 3.18 6.86 9.54 1.71 1.01 2.94 5.86 5.18 6.86 3.84 7.41 8.05 6.54 8.01 6.25 3.05 8.09 3.62 8.38 8.57 2.69 8.18 8.88 3.7 6.31 3.81 3.67 6.73 4.62 6.12 4.77 8.62 3.37 9.62 1.38 8.36 2.44 6.64 3.57 4.52 2.43 4.49 1.43 1.02 3.27 9.38 1.09 2.77 3.66 4.87 1.14 7.17 4.09 8.74 1.3 5.82 7.25 7.88 4.6 2.08 1.42 4.59 5.06 5.93 4.01 2.5 1.1 2.6 6.8 3.66 6.04 4.66 1.89 8.51 9.87 5.65 7.34 1.47 1.34 4.96 1.43 9.49 7.47 7.66 3.81 7.2 1.95 9.58 6.39 1.78 7.21 8.25 5.35 5.58 2.46 4.0 1.58 2.58 6.41 6.86 4.84 1.35 7.52 6.39 7.37 2.58 4.63 8.2 2.81 8.38 9.63 8.88 9.8 9.96 8.44 9.08 1.38 6.92 1.26 1.57 4.34 5.95 3.51 9.23 5.27 4.74 7.07 5.32 1.32 3.68 2.44 8.54 6.94 7.3 4.95 6.28 4.34 5.18 1.29 3.16 1.23 4.14 7.91 5.97 3.34 8.35 9.18 3.09 7.79 5.01 6.46 1.64 1.08 9.11 8.89 6.69 9.35 8.88 2.8
6.71 1.57 3.52 8.98 2.38 5.31 6.88 5.74 2.04 3.45 3.03 4.25 1.2 7.22 7.59 4.02 3.68 3.88 6.64 8.21 8.87 6.56 3.65 1.43 1.0 7.72 9.28 4.32 1.15 9.17 7.55 5.85 5.8 5.92 6.41 2.16 9.21 9.43 6.93 3.7 5.96 7.5 2.95 6.7 3.25 5.25 3.78 8.64 5.4 4.21 6.89 7.69 1.08 4.05 3.92 6.72 8.22 9.47 6.02 4.26 5.9 5.59 8.33 1.28 7.53 4.93 9.0 3.02 3.24 3.13 7.96 1.47 1.82 3.84 7.02 3.55 1.92 5.74 5.49 7.77 9.13 8.28 8.15 3.01 4.6 6.54 8.25 4.17 7.6 2.49 8.31 7.16 3.81 2.13 6.2 4.65 5.73 8.9 3.02 2.96 1.12 8.72 6.07 7.34 6.26 5.19 3.25 1.92 4.84 2.37 4.48 3.56 5.32 8.54 1.42 4.26 6.05 4.84 4.31 4.63 4.41 7.76 3.91 8.4 4.4 6.7 6.68 3.98 8.97 2.62 9.43 9.15 9.32 7.91 9.54 7.81 4.06 7.23 7.54 3.96 1.51 9.32 5.63 2.32 6.03 5.01 7.77 6.11 1.78 5.44 4.88 8.25 4.02 8.95 5.28 7.46 4.89 6.35 6.39 7.99 1.92 1.04 5.73 5.81 3.18 4.87 7.64 5.56 3.58 5.29 5.23 3.06 4.51 2.6 4.68 3.98 9.62 7.87 9.07 8.67 6.57 9.71 7.92 1.4 9.59 9.95 1.37 2.14 7.06 6.29 4.04 4.19 8.35 5.43 4.07 9.05 3.6 7.61 7.17 6.88
6.57 3.13 9.25 8.97 2.41 3.53 9.15 7.95 9.87 9.18 3.61 9.48 7.7 4.84 2.4 1.1 3.5 6.18 5.64 8.65 3.41 2.06 1.8 1.78 4.24 6.25 9.22 5.49 5.32 6.79 6.47 3.73 7.91 6.75 5.35 7.4 2.33 3.81 7.15 3.28 9.41 4.86 9.08 3.09 6.8 9.14 6.87 7.3 9.72 2.41 3.56 4.09 3.99 1.09 9.44 8.37 5.43 5.38 4.92 9.34 2.59 4.22 5.24 4.87 8.32 4.95 5.99 1.29 3.55 2.06 2.29 6.45 2.64 8.87 1.58 1.33 8.92 3.45 8.33 8.48 2.88 4.95 9.4 6.52 1.27 4.35 4.39 7.04 5.43 3.91 8.51 5.37 6.92 5.22 3.98 9.53 1.52 7.74 4.8 1.21 4.01 2.4 5.21 9.04 7.17 6.32 4.44 9.27 2.57 8.13 9.43 9.07 5.81 9.19 6.32 3.86 2.79 2.18 5.51 4.23 1.96 6.39 1.63 6.52 9.73 1.7 8.25 6.42 6.11 6.25 8.31 4.28 1.91 9.84 4.25 5.77 6.5 7.65 3.52 2.75 1.53 3.87 6.45 1.86 3.0 4.34 9.06 2.87 8.7 6.44 2.85 7.91 7.08 5.46 1.87 3.02 2.13 1.24 6.5 6.07 5.37 1.52 3.74 4.61 8.92 4.27 8.55 4.15 2.44 6.87 7.05 3.39 5.34 4.65 9.6 5.82 2.65 7.22 9.08 3.17 2.82 8.29 5.59 1.64 3.89 2.27 7.63 6.86 3.41 1.87 5.06 9.29 7.64 8.02 3.92 8.57 6.76 1.39 5.56 6.91
4.35 2.57 1.71 7.5 8.31 3.42 5.73 8.95 5.6 4.83 8.37 1.23 2.37 9.41 4.25 8.45 9.17 9.47 9.0 1.89 1.88 2.63 3.95 4.18 5.29 3.99 9.63 4.58 7.63 2.3 8.78 6.44 9.82 3.35 9.47 1.53 3.3 8.77 1.13 1.4 9.8 9.12 4.61 9.51 3.96 6.87 8.6 9.5 4.4 1.49 4.49 7.08 5.18 5.92 2.85 2.8 7.04 9.65 1.91 4.79 2.21 7.65 1.25 8.98 3.18 8.58 6.6 3.73 9.01 9.5 4.15 5.97 3.26 2.77 5.1 4.88 6.53 8.58 2.4 5.0 8.49 2.72 1.16 3.94 4.71 7.85 6.33 5.91 2.75 1.65 4.37 9.94 7.11 9.72 8.49 6.08 4.17 4.37 1.28 1.04 4.68 2.86 4.72 4.68 6.93 6.99 8.83 9.26 7.44 4.71 7.58 9.91 2.64 3.33 6.89 5.62 6.04 3.07 6.04 9.45 8.95 1.94 4.21 6.7 5.39 1.66 5.81 5.76 1.98 8.32 9.54 4.01 1.44 6.13 5.57 5.32 9.0 2.41 9.97 8.07 9.07 6.09 1.99 4.24 9.78 3.43 5.81 8.59 2.15 7.46 8.61 6.81 5.72 2.12 4.52 4.35 5.69 9.45 8.47 1.67 5.77 5.46 8.39 6.37 6.93 3.41 8.87 8.66 9.98 9.79 1.7 5.94 7.77 6.02 9.63 6.57 5.58 9.44 3.23 1.4 7.95 2.56 5.21 6.02 9.48 7.48 7.39 1.54 7.7 5.97 8.9 3.82 4.54 2.55 3.13 2.86 5.87 5.82 4.95 1.77
7.05 3.61 9.08 8.34 6.88 9.29 4.8 7.24 8.6 3.96 3.83 2.67 9.06 4.05 5.6 4.09 1.48 2.39 5.84 9.48 3.88 6.99 1.12 1.77 7.28 7.45 9.35 5.07 2.05 2.38 5.04 7.78 1.74 3.72 6.99 1.61 8.3 8.9 6.92 9.61 5.01 2.81 1.86 4.75 2.52 3.3 5.43 1.24 8.54 6.4 6.34 5.68 7.54 1.34 8.35 4.32 6.65 2.11 8.2 1.55 5.21 6.36 2.2 1.79 8.64 6.9 8.67 7.35 4.98 2.92 5.91 5.46 6.4 5.07 9.46 1.46 8.61 5.86 6.27 8.45 8.33 8.33 1.36 9.97 2.91 4.8 6.89 8.95 4.88 6.26 6.38 4.77 3.41 2.69 1.6 7.46 3.59 1.99 6.1 3.53 8.18 6.69 8.82 8.37 8.2 8.12 5.36 8.98 3.04 1.15 3.66 7.72 3.51 4.95 2.17 4.9 8.67 1.36 8.64 7.39 4.2 5.99 9.48 9.53 4.54 9.68 7.1 8.01 8.54 6.23 6.48 1.49 8.09 2.03 9.82 5.42 8.71 8.15 7.95 7.54 9.24 5.78 5.82 3.03 5.34 5.62 1.02 9.36 4.4 8.07 3.18 8.69 2.4 8.91 4.49 7.27 5.06 7.39 9.67 8.63 8.92 2.25 2.05 4.66 1.45 6.28 9.26 7.95 7.95 3.09 3.65 2.34 5.58 6.15 8.75 3.75 3.87 3.27 7.8 9.96 5.57 7.53 9.27 8.32 5.62 8.41 8.74 2.11 3.83 2.0 5.13 7.8 4.75 7.03 1.15 8.55 2.49 9.38 3.56 8.44
6.83 4.33 4.36 5.37 7.02 8.09 6.15 4.05 8.43 9.68 8.69 9.16 9.25 9.48 1.09 4.56 8.16 6.03 3.36 1.79 9.97 5.04 5.68 6.62 4.78 5.2 6.98 9.07 7.06 5.26 3.16 3.26 3.58 2.45 2.55 7.67 1.14 4.65 4.59 1.22 4.97 7.59 5.53 1.33 5.29 9.47 6.76 9.84 3.52 8.77 5.54 6.04 1.72 6.26 3.69 2.6 5.52 7.67 2.03 8.64 4.55 4.46 9.34 2.44 8.04 4.6 1.81 6.52 7.54 9.68 9.15 3.96 3.46 3.68 2.98 3.15 5.62 7.36 9.81 4.66 3.42 4.86 2.9 3.46 5.05 8.76 5.76 6.23 1.67 3.12 4.49 1.25 5.6 7.43 1.77 7.04 8.76 1.33 8.03 7.38 2.82 6.76 1.2 5.26 3.27 2.92 9.48 8.33 4.64 9.83 3.67 7.52 7.79 8.02 3.48 4.5 9.7 4.65 1.43 3.22 2.95 5.87 9.26 2.37 5.37 1.16 8.74 2.51 3.62 4.31 7.19 2.71 6.87 6.73 8.68 4.93 8.25 8.97 4.5 2.16 7.83 3.74 1.43 1.61 8.77 7.29 9.7 3.91 7.94 2.71 1.5 6.58 5.56 8.68 1.6 4.63 7.13 2.08 2.46 9.61 6.18 8.58 2.8 8.5 1.59 9.6 9.18 4.84 1.01 6.13 1.73 3.37 6.39 5.27 1.09 2.13 8.4 6.55 5.27 5.17 8.39 3.46 4.15 6.3 3.55 2.47 5.82 1.38 4.19 6.12 7.62 6.59 5.06 3.35 2.59 6.55 8.82 9.32 5.31 1.41
3.68 1.86 7.41 6.07 6.78 2.65 7.22 5.47 4.75 7.68 5.41 7.05 3.41 9.58 6.49 2.71 1.85 2.46 6.1 9.69 5.22 7.94 5.92 5.39 1.33 2.78 4.22 9.88 4.62 8.74 5.64 2.85 8.23 5.4 7.25 5.1 3.25 2.78 8.98 3.66 6.97 2.8 1.85 7.57 6.49 5.98 8.04 1.37 2.66 6.47 3.43 4.95 5.51 2.78 2.97 9.27 4.05 1.56 6.59 5.38 3.32 2.14 9.81 4.26 6.41 6.45 6.32 5.58 4.01 1.48 3.65 1.45 1.99 6.16 6.18 9.97 5.6 6.64 9.97 9.68 6.9 7.82 1.76 9.53 8.02 8.77 4.88 4.35 9.04 8.2 1.81 9.95 8.23 5.59 3.96 9.06 5.89 3.28 8.67 2.58 6.91 3.98 9.23 1.78 2.26 1.59 7.27 9.47 8.46 1.07 5.78 8.31 8.5 1.0 1.06 8.63 7.67 6.24 8.26 1.23 3.6 3.25 5.67 7.19 1.63 3.16 5.8 1.41 1.13 8.02 9.85 8.53 9.71 5.02 3.7 6.73 3.58 6.87 4.9 2.32 7.0 3.82 7.1 7.31 2.69 5.52 4.06 2.12 8.23 9.01 4.97 2.32 2.59 1.28 2.79 9.96 5.84 5.96 8.1 8.45 8.46 7.91 8.54 5.89 3.61 1.4 3.04 5.26 5.95 6.65 9.79 7.39 7.62 4.55 8.23 2.63 6.32 9.99 1.45 7.49 9.91 9.79 8.32 4.49 8.36 3.7 5.83 8.18 9.79 8.48 2.48 3.48 4.76 5.42 9.81 7.13 7.02 9.38 1.67 1.4
7.22 2.64 1.19 4.14 4.23 8.99 9.55 8.55 6.45 5.09 4.38 7.2 1.56 1.93 7.49 8.85 5.52 6.23 3.89 1.08 3.47 2.8 6.98 4.15 2.85 7.67 1.06 1.38 4.2 7.34 2.17 4.91 2.17 6.94 3.74 7.74 7.04 9.09 1.38 6.16 4.55 7.97 8.55 5.09 6.07 8.52 7.46 8.09 1.25 7.42 5.36 6.71 2.86 3.97 5.65 1.65 6.51 6.07 2.09 5.06 4.5 4.22 9.01 7.52 6.4 8.34 4.94 6.35 6.88 9.4 1.04 2.25 3.7 7.63 9.67 1.63 9.36 3.09 4.88 8.13 6.43 3.46 3.68 4.45 3.51 8.98 9.21 2.03 9.11 3.9 4.85 7.53 2.29 7.99 5.42 3.31 7.89 4.04 2.98 5.8 4.6 4.32 5.94 2.67 6.93 2.14 1.97 7.21 9.99 7.44 1.56 8.44 8.89 8.22 7.62 6.83 2.22 1.47 4.07 4.93 4.83 8.8 7.05 7.75 5.73 1.1 1.23 6.97 5.62 4.2 5.55 1.55 1.99 4.0 9.57 1.28 4.8 2.55 4.0 6.32 3.42 1.79 4.66 8.26 7.23 4.46 9.79 8.05 7.84 2.75 6.99 5.95 1.55 1.4 6.08 3.21 3.14 3.97 4.1 3.59 4.42 1.49 3.31 3.72 4.65 7.53 5.37 7.58 4.32 2.24 9.54 3.03 7.87 6.52 4.34 3.24 1.7 7.28 4.34 9.79 3.84 2.81 6.51 8.94 1.87 7.22 9.33 5.93 7.56 1.52 2.76 8.42 7.63 2.23 1.27 5.39 6.95 4.13 5.2 6.16
9.25 9.83 8.15 1.44 4.49 3.86 6.43 8.65 9.18 5.63 1.12 2.03 2.07 9.77 3.68 7.09 5.05 7.99 1.32 4.82 2.29 7.83 2.02 9.87 7.33 8.17 5.31 5.41 8.01 9.65 1.27 1.37 8.96 7.12 4.67 2.69 8.76 7.33 7.52 7.49 6.59 1.91 7.45 3.84 2.45 6.37 9.4 2.89 9.24 9.31 9.92 5.36 8.43 6.52 2.26 4.6 4.59 3.93 3.05 4.85 3.59 1.72 3.28 4.92 7.27 8.56 5.61 4.24 8.05 5.15 10.0 2.36 5.56 4.96 7.18 9.64 5.5 1.9 8.37 3.93 8.8 9.27 4.69 2.44 9.18 1.2 7.56 1.84 1.31 5.73 5.37 5.3 9.51 3.19 2.18 9.16 7.51 1.31 6.22 3.44 5.87 9.52 5.63 3.88 4.32 8.34 7.15 6.68 3.44 8.25 2.39 3.42 1.73 5.29 1.02 8.21 6.66 4.05 1.34 7.61 1.89 1.56 6.53 3.64 5.28 2.32 5.88 2.7 4.66 7.07 2.47 5.14 1.27 8.96 7.97 8.44 6.91 1.6 1.78 1.49 1.73 5.39 9.18 4.43 2.68 5.11 9.45 6.42 6.76 6.44 2.61 3.76 4.02 1.78 7.84 7.53 7.88 5.97 5.64 2.51 2.09 7.78 3.14 9.18 4.32 6.09 1.02 9.14 3.12 4.06 8.75 1.01 5.05 4.68 4.87 4.73 6.09 2.45 3.71 7.12 8.98 1.44 7.51 8.65 9.62 7.43 2.66 2.95 4.54 6.53 1.18 3.48 3.75 8.57 7.44 5.96 8.74 4.99 8.1 9.97
6.3 9.59 7.61 2.9 1.59 6.97 9.35 2.54 3.43 4.0 1.93 5.49 7.98 4.06 5.24 4.47 3.55 5.57 6.4 6.5 3.73 4.64 1.2 8.93 3.54 2.64 9.55 9.52 5.25 3.38 2.66 5.71 9.05 6.93 6.95 6.02 3.36 3.12 5.56 2.58 5.94 1.36 5.75 7.37 1.1 3.38 8.32 6.58 1.49 2.65 2.18 9.07 5.93 9.61 9.41 3.3 7.6 9.14 9.42 6.69 2.44 7.66 4.66 4.24 4.33 2.42 8.19 8.07 9.96 1.68 3.7 7.87 7.53 7.37 5.07 2.89 9.6 9.7 9.74 2.92 6.96 4.75 1.47 9.83 2.97 9.91 8.29 8.44 7.56 7.39 1.22 8.95 9.84 7.86 4.62 4.42 7.04 3.57 2.04 6.57 4.41 9.85 8.22 3.44 9.17 7.72 2.99 6.49 7.71 1.48 5.32 6.74 5.55 5.15 6.45 6.2 6.03 5.7 8.24 9.65 5.63 6.86 1.06 5.86 9.1 5.71 3.33 3.95 9.17 1.47 8.2 2.3 8.29 1.36 7.32 3.36 9.68 7.83 2.13 3.32 9.55 2.59 4.8 5.82 9.38 8.49 9.64 9.22 6.09 5.58 3.56 2.52 8.43 9.37 7.9 5.24 5.9 9.4 3.59 8.96 8.91 4.3 6.79 2.22 6.84 8.77 1.14 8.73 8.29 2.7 8.75 7.21 9.56 6.12 5.56 3.26 9.67 2.96 1.5 7.24 5.57 3.41 1.3 4.21 8.75 4.58 9.9 1.77 7.98 7.82 1.75 3.51 4.88 7.39 3.16 6.99 6.92 6.95 4.98 5.96
1.66 5.07 1.65 9.98 3.18 3.56 8.48 4.47 3.74 3.63 2.13 6.65 9.48 2.39 4.43 4.01 8.81 6.53 1.38 4.24 8.3 2.89 3.69 4.02 7.93 4.82 7.13 3.11 2.78 6.21 1.18 1.28 4.44 1.22 4.7 3.77 8.66 8.52 5.81 7.85 1.28 8.96 8.4 8.21 5.53 7.02 6.4 7.23 7.64 2.8 9.4 4.09 6.47 4.09 4.97 8.25 1.37 9.91 3.78 6.79 1.58 6.94 3.38 1.84 5.88 4.62 1.08 3.8 2.75 1.2 7.68 3.86 3.61 2.95 1.49 2.0 1.14 5.57 7.29 2.64 4.17 7.11 6.74 2.45 6.21 2.46 4.9 8.94 5.43 2.54 4.95 8.29 3.31 9.86 5.92 7.53 7.62 4.48 2.76 4.95 1.96 5.85 7.45 6.25 9.62 3.67 4.88 7.79 2.58 8.55 5.49 7.98 3.62 6.75 7.24 2.21 2.75 1.62 3.79 6.16 1.2 3.01 9.81 7.29 2.98 4.54 9.05 9.36 3.95 1.24 5.05 3.78 2.17 8.42 4.89 3.67 1.03 8.27 9.91 7.1 4.86 3.16 5.62 5.09 1.81 5.78 2.58 4.79 9.77 4.72 7.84 2.03 4.63 1.26 6.97 9.62 9.42 1.7 6.59 6.77 3.19 5.67 2.58 4.15 3.5 7.15 9.65 2.71 3.96 3.21 9.88 2.33 1.54 4.17 5.62 7.7 3.11 4.51 1.53 4.24 3.2 2.0 6.22 3.56 9.44 5.17 9.5 4.85 7.13 7.12 7.61 7.35 8.23 6.12 4.41 9.02 7.03 7.08 8.19 9.6
5.4 5.89 4.65 8.86 8.58 9.48 8.55 5.95 7.21 5.69 9.18 8.82 5.45 9.77 7.63 3.75 7.27 1.84 6.02 8.42 4.12 8.04 8.55 5.78 1.35 5.62 1.1 2.54 5.71 6.51 7.16 6.25 8.3 9.27 1.12 5.41 8.66 7.71 6.68 7.88 9.46 7.06 4.19 8.34 8.19 1.61 5.87 2.82 5.88 9.93 8.18 4.51 4.21 8.91 7.58 2.8 7.84 3.27 1.58 1.51 2.01 7.29 4.99 9.85 2.47 4.52 2.93 8.89 9.4 7.47 8.45 8.19 5.95 3.06 1.05 4.07 6.29 9.48 1.17 4.85 8.81 6.48 9.78 3.52 9.92 7.94 2.82 9.57 6.34 9.81 9.86 1.82 7.87 1.45 6.02 3.59 8.82 6.65 4.73 2.02 6.18 7.15 3.13 3.98 7.38 3.04 7.08 8.78 1.45 9.21 8.68 5.47 9.93 6.49 7.7 6.22 8.2 2.5 8.03 9.97 4.57 5.04 8.03 4.82 8.46 3.38 5.55 8.13 2.16 3.41 8.91 2.34 2.61 7.67 9.2 6.18 9.88 7.29 9.58 4.44 5.34 3.17 2.34 5.32 9.75 1.72 8.29 6.46 4.71 7.93 6.13 6.25 4.21 8.13 2.17 4.68 4.34 2.52 5.98 6.62 2.2 7.87 8.76 2.29 1.65 1.38 1.54 8.59 8.0 9.77 8.7 1.78 4.57 7.48 2.93 7.9 1.06 2.15 2.83 4.88 8.2 8.18 1.09 6.92 1.27 3.08 9.73 8.48 8.49 5.99 7.04 5.9 3.95 3.28 4.84 5.37 6.91 2.01 8.49 1.44
5.39 2.42 4.17 9.22 9.15 1.55 3.35 1.67 5.18 3.92 5.29 1.51 6.89 2.8 8.3 1.07 2.02 9.57 6.13 4.47 4.02 7.23 7.46 8.21 7.49 8.65 3.79 6.58 4.6 2.42 4.03 1.07 2.15 7.38 4.15 1.88 2.37 8.94 7.94 8.93 9.0 8.68 6.1 2.67 7.01 1.75 8.45 9.26 3.22 2.28 2.81 9.34 9.97 4.18 4.37 3.59 1.64 6.9 8.1 4.49 9.79 2.55 2.87 2.2 6.81 4.09 8.67 6.61 8.93 2.41 9.59 2.47 2.9 7.37 1.99 3.43 3.96 6.69 1.46 2.9 7.28 3.16 3.26 4.62 4.31 3.55 2.89 1.29 2.51 7.5 6.73 3.77 1.78 9.36 4.85 7.8 7.59 2.85 3.49 5.68 3.51 5.09 7.47 3.57 7.62 9.9 2.26 9.35 5.1 8.87 8.4 6.76 2.74 2.59 6.51 3.0 4.57 1.22 4.04 10.0 5.79 4.76 5.9 1.86 2.93 9.2 7.73 2.77 3.11 2.59 5.46 6.86 7.72 8.08 5.51 7.41 9.54 4.14 5.54 4.48 6.32 5.89 7.83 3.45 1.68 4.14 1.25 5.08 5.26 9.51 7.56 7.61 4.31 7.27 3.83 5.86 1.16 7.96 1.13 3.5 2.1 9.11 4.55 6.07 5.36 2.14 2.38 6.27 3.77 8.53 5.84 6.61 8.9 6.97 7.67 1.69 1.78 8.46 7.37 4.83 6.57 2.06 4.77 7.36 8.12 6.53 2.79 5.63 9.75 4.64 2.02 9.65 8.61 7.53 4.57 3.06 1.17 8.66 4.7 6.15
2.8 5.96 8.86 3.37 4.03 8.87 4.18 4.24 6.89 8.36 8.38 2.6 1.13 3.99 3.15 1.88 1.88 3.33 7.73 4.8 8.81 6.16 8.18 1.69 8.96 1.51 8.68 9.15 7.55 3.55 5.52 6.71 9.43 1.5 8.67 5.84 8.5 4.91 5.37 9.21 1.99 7.2 5.06 7.82 9.22 8.72 2.86 2.84 2.94 8.7 4.79 6.07 1.05 9.83 9.47 3.9 5.73 9.46 6.26 6.0 8.54 8.75 9.0 3.76 3.07 9.47 4.15 3.11 2.78 3.72 5.94 2.3 5.71 1.75 9.78 1.13 4.94 8.74 5.6 1.12 9.26 9.54 5.8 5.61 6.55 6.48 3.92 6.57 2.1 4.48 1.84 4.54 6.18 6.72 6.78 6.15 6.07 5.39 9.46 2.64 4.53 9.95 3.72 2.16 4.44 9.57 6.55 3.14 3.44 2.54 4.16 4.96 9.23 7.57 1.63 7.35 2.57 1.23 9.5 3.82 9.96 6.25 8.64 6.89 8.66 7.8 7.61 4.21 5.12 2.03 2.82 9.49 3.22 3.54 3.07 3.18 7.11 2.98 6.58 2.26 7.22 7.65 5.3 4.46 6.08 7.44 9.83 2.72 2.69 8.51 9.18 4.69 1.23 1.76 2.25 1.73 7.02 5.06 7.95 5.82 9.96 3.43 8.56 2.0 9.18 5.72 2.47 7.72 2.42 4.97 3.8 2.21 4.87 5.02 5.08 8.29 4.04 6.24 9.88 6.39 8.47 6.71 9.72 7.71 8.92 2.45 2.54 6.27 7.43 8.28 7.65 1.06 9.7 3.43 5.84 9.77 2.39 1.77 5.75 5.78
7.57 5.16 8.1 8.56 7.95 8.79 6.59 3.44 3.96 8.97 4.37 9.1 1.04 7.46 7.57 2.99 3.92 3.47 6.33 9.67 6.21 4.7 8.13 8.09 5.73 4.57 7.96 6.51 4.18 1.78 2.45 1.67 4.96 8.75 5.4 9.11 8.04 8.3 6.92 3.76 7.92 1.46 7.08 1.84 5.1 1.32 8.24 5.22 2.2 5.2 4.25 6.02 1.39 6.43 8.63 2.89 5.02 8.98 2.2 2.74 8.94 2.72 1.4 8.87 6.05 2.5 5.89 5.66 1.52 7.44 8.14 3.75 1.76 6.67 7.26 9.9 8.48 6.51 6.78 9.94 5.03 8.41 8.04 7.15 7.11 4.61 5.05 3.95 2.89 9.93 4.44 2.68 9.76 1.46 8.11 4.2 6.11 9.07 2.76 4.11 2.08 7.59 1.17 4.88 4.63 8.09 7.89 5.04 2.5 8.73 4.23 2.07 3.48 6.87 1.73 9.41 5.51 5.15 7.92 7.19 8.46 7.34 3.53 2.18 3.23 9.14 6.46 6.17 5.94 6.85 3.98 3.85 6.52 7.61 4.03 4.0 6.49 8.55 4.04 2.04 4.44 6.28 8.97 9.94 1.38 3.56 6.23 7.54 3.75 6.63 8.25 4.99 3.03 6.78 5.76 1.29 3.04 5.94 4.15 7.08 8.63 3.4 3.68 5.2 9.37 4.44 9.25 3.45 4.14 5.23 3.08 3.79 3.41 8.77 8.4 9.61 8.78 7.47 7.37 5.62 8.94 5.71 7.95 4.63 3.71 1.8 8.69 5.75 7.96 2.17 6.21 7.9 7.3 8.77 9.29 5.11 5.73 4.4 5.55 4.67
2.73 4.37 5.99 7.1 5.19 1.91 7.21 5.67 4.05 4.03 8.89 6.5 1.21 5.74 7.71 1.77 1.97 8.05 7.97 5.15 3.26 2.07 1.91 1.42 6.39 3.45 3.46 7.36 8.69 7.15 1.26 7.98 6.77 6.55 9.98 1.79 1.54 7.57 8.56 9.1 4.0 2.67 5.01 1.57 3.58 8.95 6.25 1.68 2.57 7.21 7.31 7.86 7.05 6.07 5.75 8.47 5.12 2.13 6.37 1.09 2.43 2.14 4.53 1.82 3.75 1.94 3.45 9.03 1.42 9.28 7.94 7.57 2.36 5.32 5.33 2.17 1.25 2.97 3.42 2.53 6.83 6.26 1.76 3.48 3.68 8.93 5.46 1.64 3.95 1.26 8.45 8.99 5.36 6.83 9.15 5.29 4.52 7.15 9.91 1.03 2.4 7.07 8.93 2.78 3.93 2.6 9.87 9.84 5.39 7.22 7.02 5.2 4.98 2.53 3.41 1.09 9.7 8.17 3.08 3.86 4.95 2.93 9.47 8.87 7.55 8.62 4.51 5.47 6.24 9.15 9.22 9.84 3.86 8.81 7.63 3.52 2.7 9.71 3.92 3.48 4.83 5.5 5.8 4.36 4.2 4.47 6.29 7.17 7.78 9.56 3.42 2.22 3.12 6.38 5.51 5.42 5.24 9.81 4.58 1.63 2.13 2.77 2.19 1.84 8.83 5.51 8.58 7.06 6.25 2.79 5.52 5.6 9.61 6.84 9.6 7.85 1.41 5.33 1.56 7.34 8.07 9.91 5.42 7.0 8.87 9.35 8.5 4.46 3.79 9.97 9.66 6.02 6.58 2.51 6.81 8.55 3.53 5.56 4.42 6.64
4.35 2.66 4.56 9.97 6.65 3.42 8.21 2.27 1.34 1.19 9.8 6.89 5.21 8.17 9.54 4.65 8.32 7.63 7.03 5.43 9.42 2.77 2.76 6.83 4.26 3.55 2.31 1.07 9.57 5.06 9.97 6.09 5.54 4.36 3.61 1.3 7.77 2.28 5.43 1.51 6.15 6.65 1.55 1.41 5.21 6.29 2.89 2.56 3.96 3.03 7.18 4.54 4.25 7.3 9.0 5.48 2.52 7.6 1.68 9.73 2.33 5.59 3.29 1.15 6.61 8.18 7.87 4.23 6.41 8.71 6.02 6.6 2.57 7.46 5.71 2.15 9.35 8.24 5.65 6.17 2.21 5.77 6.36 6.75 5.41 4.63 7.57 5.09 8.98 9.44 2.72 3.91 1.87 3.33 8.57 5.02 9.18 3.02 3.67 5.13 5.73 1.99 4.49 5.33 9.95 2.18 6.29 3.2 6.91 3.86 3.69 5.22 9.69 9.91 3.32 7.47 9.91 7.28 4.59 3.05 9.76 3.83 2.1 4.12 9.21 9.63 1.72 3.22 4.08 3.82 5.3 8.77 8.05 2.37 7.49 2.06 5.78 5.93 4.49 5.2 9.45 4.36 5.76 9.74 9.31 7.84 7.78 4.34 4.85 9.56 9.46 6.83 1.26 1.13 6.18 5.29 5.99 4.31 3.31 9.42 9.36 3.77 8.36 6.47 9.04 4.74 1.8 8.45 3.02 8.89 7.03 8.23 1.79 1.84 5.85 5.84 4.69 3.15 6.29 8.47 8.12 3.01 4.62 6.29 2.49 5.96 5.9 1.82 7.92 1.74 1.93 7.85 8.87 7.62 7.66 9.7 5.98 8.4 3.66 5.29
4.31 4.33 4.73 8.76 1.63 2.42 3.7 8.67 9.48 1.38 3.3 6.1 7.8 2.79 4.74 3.01 8.04 9.0 5.62 2.46 7.91 1.83 6.63 5.55 5.07 4.71 3.43 1.12 7.43 2.27 1.43 3.95 7.3 1.91 3.74 7.06 2.71 8.48 4.08 7.8 6.52 2.64 3.24 1.02 2.49 1.16 5.83 1.61 5.88 5.36 1.45 4.42 6.98 2.51 4.52 2.88 6.73 8.43 3.47 4.7 6.5 2.68 9.82 9.92 1.9 3.8 1.14 3.13 5.47 1.19 9.89 7.22 6.68 4.38 5.44 2.24 2.76 9.78 5.35 8.13 7.93 3.8 6.93 1.62 7.77 5.21 4.53 7.66 5.25 4.92 7.51 3.07 4.91 3.98 4.17 2.79 9.78 6.77 3.74 5.08 2.07 8.35 3.08 6.39 5.23 6.27 6.93 5.43 3.95 8.64 4.02 5.27 5.67 5.28 4.79 1.42 9.43 8.54 5.64 6.99 2.26 5.59 8.91 2.63 3.83 2.27 6.27 4.64 2.58 5.35 4.0 3.29 8.26 3.46 8.15 3.41 2.72 3.95 1.98 3.11 2.41 6.82 5.82 7.61 2.68 5.66 4.73 3.99 8.58 3.83 3.9 7.45 1.21 9.44 5.74 2.59 9.16 1.72 1.56 9.83 2.94 1.34 7.54 8.76 4.71 6.59 2.43 5.33 9.46 3.45 5.43 9.64 9.39 8.82 2.1 3.89 7.09 7.11 4.84 3.99 7.06 5.53 5.84 9.67 1.11 8.71 9.06 8.75 4.17 1.74 9.71 3.44 4.22 4.1 8.57 4.03 5.36 5.59 6.73 9.28
3.84 7.66 6.83 9.76 2.31 6.5 4.14 6.64 1.01 1.63 7.8 6.85 1.03 1.29 6.22 4.39 1.44 7.06 6.52 3.05 1.09 3.12 3.29 6.94 2.33 9.28 1.57 3.6 2.18 9.61 9.14 6.5 4.64 9.82 5.83 8.12 1.91 7.46 9.15 1.23 2.57 4.97 4.48 9.15 1.53 6.59 4.36 6.17 3.76 8.15 8.11 6.18 6.1 2.05 2.83 1.97 7.23 2.16 7.44 7.65 8.35 7.96 1.35 1.23 4.2 3.15 3.86 2.64 1.53 9.21 7.39 6.42 6.21 4.18 1.35 2.08 5.75 8.7 7.64 1.79 8.27 9.4 8.86 8.94 5.52 3.73 7.77 7.88 2.77 4.92 1.85 3.05 7.52 7.13 9.27 2.94 4.84 7.32 8.79 3.94 3.88 2.9 3.54 4.38 5.23 7.83 7.31 1.26 4.51 3.23 7.93 7.95 3.36 8.07 4.84 4.87 4.64 3.53 3.42 2.85 3.19 6.17 2.5 9.98 3.94 4.17 1.71 9.7 5.83 1.84 8.96 8.55 9.05 9.52 4.04 9.99 7.57 5.25 1.49 7.45 3.09 9.67 6.62 2.38 3.86 7.33 6.42 3.44 4.62 5.17 1.45 8.22 1.94 7.73 2.33 3.43 1.49 3.83 6.43 8.0 8.21 7.62 4.15 8.95 8.97 9.32 6.73 6.1 4.63 9.77 3.1 7.92 1.92 9.54 6.15 3.25 7.78 5.01 9.65 1.29 1.52 3.36 2.16 4.82 8.01 4.98 9.67 8.63 1.32 4.18 1.42 8.6 2.67 7.18 1.77 5.05 5.37 1.95 1.12 1.77
4.63 1.37 9.74 9.53 8.61 5.34 1.44 4.63 7.89 6.55 7.83 9.05 2.27 9.85 8.94 8.96 8.23 4.85 4.67 4.71 4.42 6.01 7.98 9.96 8.35 3.58 7.35 4.46 8.23 8.59 2.58 4.05 3.16 3.18 9.39 8.29 9.02 7.36 9.37 5.09 4.2 7.82 2.43 5.71 9.04 7.19 8.58 4.53 3.97 6.25 9.67 2.25 5.82 6.53 6.09 8.14 3.8 9.69 3.59 6.84 2.71 9.68 5.83 5.92 3.97 9.14 1.6 8.85 3.04 1.94 4.75 9.55 3.98 9.43 7.5 3.32 3.75 8.63 9.17 1.21 5.85 2.61 5.45 8.2 8.71 6.83 2.56 5.2 8.52 6.7 7.61 4.31 5.26 5.87 7.19 1.41 8.41 4.11 1.73 4.3 9.4 5.62 9.77 4.55 2.66 2.35 6.78 6.68 8.35 3.86 6.96 8.18 8.94 5.42 7.14 5.44 1.43 9.27 7.72 9.04 8.08 5.51 2.48 8.55 6.27 8.56 2.4 7.11 4.73 9.75 4.13 4.51 5.49 7.66 1.1 8.54 8.63 9.17 8.26 1.81 3.74 1.75 1.66 6.6 6.6 5.5 1.57 9.93 7.67 3.67 9.5 4.2 1.99 8.25 1.09 2.29 1.56 3.5 4.03 6.65 6.16 9.57 9.28 3.28 8.46 3.56 6.71 1.74 9.23 8.97 3.42 4.78 6.6 7.81 9.52 1.9 5.54 2.81 5.42 3.26 1.19 9.12 5.72 5.98 4.52 9.96 1.16 7.97 4.43 3.13 2.21 5.58 6.47 6.75 4.89 1.37 6.44 9.5 4.88 4.37
7.04 4.45 1.86 6.05 7.95 7.02 9.96 3.82 6.48 5.03 2.78 9.31 6.36 1.99 5.28 7.09 8.16 4.12 3.59 7.54 5.91 6.06 6.98 2.94 2.89 4.04 8.34 6.74 9.76 4.84 1.77 1.9 1.84 1.75 1.36 8.24 2.46 6.86 2.07 1.83 5.28 1.19 8.09 9.32 3.65 6.61 3.67 1.45 8.32 9.25 4.62 5.6 3.77 8.5 1.56 6.78 3.54 7.53 2.36 1.8 3.87 5.38 9.67 5.14 6.83 8.65 4.19 6.62 9.97 3.03 6.22 9.46 5.97 4.06 6.88 5.73 4.41 4.86 4.14 4.52 2.61 3.8 9.84 5.28 5.03 3.7 9.09 7.02 4.05 7.24 5.73 8.31 9.4 5.58 4.69 1.93 9.91 7.42 9.6 1.87 8.42 1.15 7.83 9.42 5.29 2.32 6.87 1.8 9.91 5.01 4.02 2.11 9.61 9.53 6.06 3.02 7.22 9.07 5.76 2.26 4.34 2.33 8.48 7.26 8.96 4.13 3.02 5.7 4.44 5.2 8.61 6.59 1.72 1.26 9.42 3.45 9.55 6.99 8.77 8.21 1.08 3.13 2.61 6.99 3.1 9.45 8.43 3.13 2.38 7.02 6.32 3.54 2.93 1.8 3.87 1.9 7.21 8.41 4.19 7.73 7.84 1.35 1.21 8.41 5.1 8.71 1.39 3.62 6.88 8.32 3.85 5.56 5.68 4.05 3.08 8.82 6.28 9.23 5.26 4.79 4.01 6.01 7.65 1.1 2.32 2.16 7.12 3.7 2.59 3.98 1.96 4.79 3.89 7.69 4.82 4.58 8.07 4.5 2.55 7.51
8.88 5.75 1.26 3.75 7.61 8.31 1.54 4.73 1.31 1.15 6.32 1.55 2.71 7.71 9.1 8.84 1.12 1.41 4.9 6.78 5.84 3.07 4.53 6.31 9.43 7.63 5.81 4.08 3.7 7.22 4.01 6.56 6.5 6.05 3.37 5.61 7.48 1.36 4.21 6.44 8.61 1.16 1.06 7.77 5.78 3.81 2.27 8.73 1.57 2.17 7.83 5.4 2.05 4.88 6.94 2.11 1.77 8.51 4.17 6.29 7.75 6.21 7.98 3.04 1.98 7.74 2.35 7.13 9.53 5.32 8.99 3.69 1.47 5.5 8.48 6.46 4.44 3.13 3.27 3.75 1.28 5.68 7.44 9.32 2.89 7.55 7.45 3.46 1.99 8.51 1.53 2.16 9.2 7.98 9.5 3.54 8.97 5.42 2.15 5.73 4.03 9.17 6.12 2.44 4.91 2.88 7.69 4.34 7.05 3.46 5.41 5.18 5.83 2.99 7.36 3.38 5.6 2.0 8.62 6.42 9.48 8.49 1.72 3.54 4.91 5.54 6.65 9.32 1.87 8.75 9.43 1.16 10.0 1.19 8.35 9.9 6.65 5.62 6.32 4.54 1.09 2.0 8.89 1.47 2.25 4.75 4.56 1.49 6.76 9.77 4.25 3.23 5.9 4.07 6.34 4.67 4.85 7.72 2.66 10.0 3.57 9.32 5.57 7.12 9.14 3.49 6.79 2.1 4.75 8.41 2.41 7.06 1.56 6.17 6.65 4.43 1.56 2.22 2.93 7.4 4.13 2.08 2.45 6.94 8.91 8.57 4.82 9.43 9.87 9.0 1.8 5.82 7.45 6.21 6.16 3.47 8.06 9.03 2.88 9.66
6.84 4.91 3.59 9.16 2.11 7.84 4.39 2.96 1.55 1.31 4.27 2.73 8.68 1.93 3.26 2.79 2.32 4.86 3.05 6.46 2.06 7.89 8.53 2.88 2.59 7.87 8.88 7.8 9.74 5.68 7.99 7.38 4.85 2.97 1.77 5.67 3.12 7.32 7.11 5.32 5.62 9.33 4.53 5.42 3.81 8.14 1.43 9.8 1.15 5.08 1.51 2.75 8.14 6.55 3.62 1.28 8.54 1.68 2.75 1.46 4.73 5.96 8.78 9.97 4.03 2.2 2.13 6.59 2.48 1.67 5.95 8.52 6.71 4.42 5.33 4.83 9.48 2.99 6.35 7.21 1.38 4.09 3.19 6.87 5.31 2.85 5.94 4.21 2.45 6.63 5.94 5.5 7.29 4.25 8.86 9.66 8.45 4.45 8.98 3.47 6.7 5.23 5.99 8.61 4.75 8.67 5.27 4.82 7.25 4.72 5.36 3.56 9.66 5.82 6.39 3.28 8.61 7.12 1.93 1.13 7.52 7.98 2.2 3.36 1.25 2.27 8.92 2.72 5.49 3.63 8.45 7.4 5.49 9.27 7.97 7.33 4.51 3.91 2.2 6.28 3.18 1.87 4.59 2.12 3.84 6.7 8.68 6.3 5.66 5.28 5.75 4.45 3.42 6.19 7.59 7.78 8.2 3.63 4.3 3.1 7.27 6.44 4.72 1.57 6.34 2.77 8.47 8.13 4.9 2.85 9.86 9.97 5.47 5.93 1.48 8.68 1.87 4.71 9.44 3.08 6.83 6.47 4.49 1.17 8.61 9.86 8.74 4.15 3.38 8.6 5.1 7.14 6.64 5.26 3.6 3.28 3.93 2.26 1.01 6.09
1.92 4.86 2.97 4.57 7.97 9.54 1.63 9.32 5.88 4.0 6.37 6.81 8.3 6.58 4.68 9.77 10.0 7.67 4.69 1.16 4.85 9.75 2.16 2.35 6.32 1.63 8.48 4.99 2.13 7.32 7.35 5.74 2.88 5.79 7.26 4.64 3.53 5.35 1.64 2.85 6.3 1.96 7.64 4.99 8.48 7.0 6.78 7.49 6.37 2.64 1.42 3.55 1.15 9.91 4.97 3.98 8.61 8.51 6.7 9.96 8.39 8.87 5.13 2.31 7.68 6.37 3.76 1.13 5.64 5.44 3.73 2.28 6.35 7.15 3.15 3.88 7.37 5.57 4.52 3.55 5.02 9.24 6.57 5.24 7.82 2.64 2.36 5.68 8.9 2.78 1.28 3.69 7.49 8.65 7.24 1.7 1.44 9.24 4.42 3.12 9.67 5.08 4.9 1.31 6.15 7.62 1.56 4.43 2.24 9.03 1.81 7.57 1.65 4.02 5.18 2.57 9.83 4.79 9.13 4.44 7.32 2.31 7.18 7.29 1.15 4.7 8.8 1.19 4.53 4.46 7.38 9.32 9.83 6.98 2.65 1.27 6.73 2.02 6.61 9.74 3.14 6.69 7.66 5.22 9.42 9.08 5.41 2.08 5.47 7.88 2.48 3.79 2.86 1.85 6.25 9.16 1.92 1.6 6.69 9.9 8.8 1.53 3.07 7.87 3.54 1.51 9.56 1.02 9.33 8.77 7.02 5.34 9.47 6.06 5.27 3.95 9.99 2.26 5.11 1.81 6.65 7.38 3.02 1.19 9.48 4.13 1.01 8.1 8.19 1.39 1.05 8.61 7.08 3.32 9.02 3.57 3.05 1.98 2.11 4.73
5.31 4.4 4.17 7.57 2.27 4.46 4.13 8.38 3.98 7.71 1.73 5.82 8.79 4.72 3.41 6.73 1.4 7.52 2.3 1.12 9.78 7.95 9.33 3.85 9.16 3.97 5.47 6.51 7.28 6.19 6.06 3.0 7.45 5.41 4.37 4.37 3.3 7.62 8.48 8.4 7.98 5.27 3.43 8.86 1.56 9.12 9.85 2.18 6.46 3.41 7.71 2.31 8.44 5.9 6.1 4.16 1.23 1.6 3.19 7.59 9.62 7.83 5.32 3.44 9.21 4.48 5.19 9.82 2.99 7.24 8.75 1.52 5.87 5.49 5.22 7.12 8.7 1.22 3.64 8.58 3.7 6.25 8.46 5.4 5.56 1.09 9.93 6.89 4.62 3.93 7.46 3.93 1.56 7.27 8.0 2.97 9.42 4.12 4.12 9.03 8.44 2.5 7.9 6.33 8.62 2.13 7.62 9.64 2.6 9.59 2.25 6.28 7.24 1.08 8.26 3.15 1.83 9.52 5.32 6.04 3.73 5.81 9.48 2.36 6.86 4.18 7.65 3.72 5.74 5.46 9.46 7.01 4.65 4.18 2.89 9.55 8.68 8.55 2.01 1.68 4.76 9.19 3.98 6.95 7.06 6.68 2.75 5.34 6.59 6.88 8.69 7.58 7.61 7.93 3.84 4.6 3.24 5.7 8.05 3.4 4.59 7.33 6.76 5.7 3.0 3.64 9.09 3.96 4.09 1.32 4.41 6.24 5.03 3.32 6.23 9.67 6.45 3.13 2.04 4.09 3.26 3.24 3.82 2.33 3.13 9.91 2.33 7.2 1.71 9.22 6.8 7.07 5.93 2.15 7.52 2.1 2.13 4.66 3.08 7.48
8.42 6.39 3.49 2.36 6.28 8.25 1.53 7.3 4.94 1.7 7.6 5.18 7.25 6.85 5.75 7.32 4.53 9.16 7.48 4.74 4.95 2.4 4.06 5.86 5.87 7.79 5.77 1.48 6.83 8.88 5.56 2.8 5.87 3.36 7.59 7.21 4.75 5.64 3.69 5.08 6.08 8.79 4.5 3.65 6.54 4.78 3.33 7.61 6.9 6.93 6.44 8.1 9.05 2.59 6.58 8.54 7.61 2.46 5.01 1.35 4.49 4.62 1.21 8.74 4.68 7.32 5.64 2.24 5.88 9.83 7.58 8.5 2.79 9.34 7.24 9.03 5.92 6.39 8.03 6.23 4.24 4.51 2.42 6.5 6.09 4.5 8.52 1.55 4.34 6.07 3.9 7.67 6.21 5.33 1.69 9.3 4.19 4.85 6.43 8.16 9.99 3.33 2.22 4.55 2.57 4.02 8.87 6.18 7.84 8.56 3.3 1.07 8.09 8.9 2.55 5.44 9.84 4.81 3.92 8.15 4.08 3.13 5.88 9.22 2.61 1.46 9.1 8.77 2.51 1.15 1.11 8.92 2.89 8.93 3.86 6.85 1.12 1.38 2.84 4.67 7.11 1.94 4.99 6.14 3.57 3.95 9.03 1.51 9.7 4.05 2.37 8.77 5.66 5.14 3.27 3.48 4.73 9.1 8.65 7.08 9.77 3.35 2.1 9.52 2.68 9.58 2.39 6.21 9.74 7.96 7.49 2.96 9.8 7.6 8.63 1.1 3.54 3.17 7.2 6.59 1.61 9.07 4.66 4.07 5.81 3.45 4.33 3.03 1.24 3.98 2.19 1.04 3.16 6.12 1.88 6.8 5.97 6.75 7.38 2.18
3.65 6.25 7.84 9.45 7.78 3.73 4.18 6.23 5.79 8.06 8.1 4.33 1.45 7.15 7.63 9.26 6.85 9.5 1.16 6.66 9.94 6.28 4.27 6.13 8.12 8.34 1.02 4.34 2.26 7.64 2.33 8.44 1.95 7.62 8.75 5.29 9.79 7.7 8.15 6.54 6.28 4.09 1.16 2.62 7.62 8.52 2.08 3.31 6.07 7.2 5.05 7.39 2.36 7.41 4.18 9.58 2.5 7.76 2.14 3.9 8.53 1.76 7.8 9.47 8.7 5.26 3.11 9.61 9.29 4.38 4.59 6.99 7.63 5.76 9.95 8.64 9.1 3.42 9.84 7.55 7.53 2.1 6.09 9.11 8.27 4.21 4.82 2.99 7.86 9.53 8.92 1.9 3.05 8.37 7.67 2.75 3.15 2.16 9.27 3.11 7.21 8.22 9.57 8.24 9.8 5.53 3.61 8.35 9.4 8.81 6.89 5.73 5.5 1.66 5.25 4.81 1.05 6.27 6.72 3.88 4.59 6.91 1.58 1.21 1.04 6.85 3.17 6.79 8.97 9.44 3.91 5.44 6.5 3.37 2.63 3.04 7.15 1.57 9.89 6.73 8.59 4.4 9.67 2.27 5.48 1.5 9.8 2.07 3.15 3.7 5.38 2.61 2.61 7.12 1.86 2.85 6.57 4.0 2.35 9.5 8.02 9.88 8.31 3.31 5.97 3.89 9.57 5.47 4.99 3.54 8.88 7.96 9.4 6.45 8.51 5.46 1.69 8.05 5.33 5.34 5.91 9.71 8.07 4.64 3.77 8.46 7.37 7.35 7.68 7.49 8.5 5.37 9.53 6.17 8.67 3.78 8.03 6.18 2.16 6.28
4.09 1.83 7.27 1.37 5.5 4.47 1.71 9.49 1.57 6.89 9.85 4.03 2.44 4.95 2.89 9.7 1.7 3.81 3.61 4.71 4.24 4.38 9.11 8.6 2.18 5.67 7.14 8.23 2.3 5.23 2.64 2.15 6.05 4.51 8.89 7.32 7.73 8.06 7.15 5.95 7.1 8.08 4.04 9.87 3.32 3.26 6.44 9.06 1.9 4.94 9.34 3.35 5.65 3.58 4.01 5.49 9.54 2.19 9.44 7.31 2.1 6.08 2.44 8.42 8.3 8.46 7.49 4.0 8.79 1.55 4.42 3.58 9.2 1.02 1.93 2.09 4.84 4.57 4.08 1.82 7.21 1.82 7.22 6.49 3.72 7.83 6.25 9.37 8.32 1.13 1.58 5.83 3.88 4.35 2.95 7.16 5.46 9.15 6.87 7.7 3.12 5.0 8.34 9.41 7.43 5.95 5.59 3.42 2.2 5.08 1.62 4.76 5.33 3.65 3.94 3.81 4.77 7.92 3.9 7.65 4.94 5.64 3.71 6.9 1.52 5.89 2.3 6.5 6.32 2.49 1.25 5.83 7.38 6.99 6.37 5.54 5.61 6.17 2.17 6.45 8.71 3.17 8.84 5.4 7.66 3.42 5.21 2.5 9.97 7.66 4.06 8.51 9.81 3.02 8.01 1.75 3.96 4.08 6.83 4.27 5.56 1.72 8.84 9.53 6.6 4.53 1.41 3.46 6.14 7.56 1.26 7.66 4.7 6.58 6.14 4.73 8.91 3.63 3.59 3.9 7.3 3.29 2.88 2.62 9.43 9.72 5.98 7.43 8.2 2.48 7.85 4.04 4.27 2.12 9.39 3.5 9.99 8.13 7.64 7.13
1.9 2.23 5.45 3.19 3.05 3.09 4.19 4.83 7.62 6.59 6.64 9.39 3.35 9.0 1.84 4.97 2.45 6.15 8.57 4.85 4.36 2.61 2.9 9.45 2.5 8.96 3.15 5.91 5.67 8.24 4.52 8.55 3.07 8.78 6.54 7.35 4.6 1.22 5.67 4.48 6.69 2.61 3.26 1.1 3.8 1.26 6.05 1.66 1.03 9.98 6.52 5.54 8.25 2.02 5.1 8.62 2.07 1.78 5.3 8.26 6.07 1.76 6.86 7.39 9.44 6.88 6.7 9.15 6.56 7.3 2.73 1.73 3.48 8.41 5.17 9.43 4.94 9.06 7.72 2.36 2.45 6.96 8.77 6.55 5.28 8.37 6.97 3.69 4.2 2.45 7.74 6.09 4.81 3.23 6.43 5.28 2.32 5.2 6.01 7.53 3.78 2.72 7.08 1.91 9.1 10.0 8.95 8.43 4.58 6.32 3.66 9.81 2.23 4.59 9.21 2.54 1.91 5.24 2.36 4.24 2.51 2.22 3.79 4.99 7.45 4.88 5.16 3.36 3.14 6.8 8.67 4.68 7.5 3.48 8.21 9.48 6.44 8.27 1.92 8.39 8.46 6.76 7.36 7.93 7.85 5.22 5.34 7.79 6.32 5.34 8.41 7.32 2.43 6.72 2.2 7.14 2.84 7.27 6.27 5.14 2.76 5.68 1.31 6.8 8.05 3.73 9.6 7.69 4.99 4.81 6.95 4.69 8.85 3.74 7.77 6.37 8.33 9.2 7.95 9.79 8.94 6.2 6.55 1.4 1.54 6.51 9.0 4.69 1.85 7.27 8.08 2.08 2.51 5.36 3.58 9.73 2.22 1.1 1.85 3.02
8.76 9.74 5.63 6.37 4.12 1.72 1.61 1.53 8.44 9.36 7.97 1.53 2.43 2.66 5.43 7.29 3.43 3.85 1.68 9.01 4.69 8.76 1.96 5.13 8.76 9.57 1.24 1.35 4.28 3.81 3.35 7.38 9.46 2.89 9.38 6.45 2.62 5.19 1.94 1.22 9.67 4.96 7.87 6.9 9.48 2.9 9.69 4.1 9.85 3.91 7.64 7.86 7.43 8.54 3.79 4.38 3.96 9.6 6.04 7.97 8.06 7.46 6.51 2.0 3.05 3.77 9.65 4.99 3.08 3.92 4.75 7.31 6.0 2.98 3.28 2.04 2.35 9.25 1.17 4.1 2.07 2.05 1.07 2.22 6.28 2.19 7.66 2.09 4.34 2.08 5.94 6.78 7.43 3.97 4.0 9.32 4.77 5.48 8.4 4.83 5.86 3.91 7.93 7.05 7.8 2.32 3.19 2.72 4.78 2.31 2.4 6.37 4.85 4.09 6.37 7.71 6.3 3.96 8.21 8.91 7.33 2.36 2.68 6.95 7.72 5.15 7.13 4.49 8.54 7.58 5.17 1.83 4.17 1.35 4.04 6.69 6.52 8.91 7.45 5.67 7.99 7.53 9.64 7.35 8.05 2.12 8.94 8.77 7.89 7.06 4.19 2.68 4.61 1.13 7.07 7.38 4.31 4.09 3.13 7.23 3.34 2.08 7.74 8.65 3.66 4.61 3.72 9.0 5.68 5.6 5.04 6.04 1.92 1.43 2.14 8.47 2.63 7.63 7.06 1.05 2.3 6.61 2.43 1.49 5.32 4.77 5.22 4.94 3.51 3.76 5.61 4.58 8.7 8.95 4.45 2.06 4.23 4.16 9.26 3.24
2.18 2.73 9.43 2.47 3.48 1.3 3.67 5.69 8.82 1.72 2.34 1.38 6.89 6.64 3.04 6.5 6.3 8.5 1.21 2.72 6.5 6.53 8.64 3.68 1.6 7.63 7.61 3.44 2.73 2.55 7.88 4.79 9.97 8.27 3.41 9.06 1.34 1.38 5.15 4.66 4.69 1.64 4.62 9.19 1.58 4.61 9.05 2.4 7.36 8.02 7.67 9.73 1.46 5.54 3.21 5.32 7.21 3.93 5.64 1.84 7.58 7.34 1.06 5.24 5.83 7.64 3.63 4.54 3.88 1.31 6.91 1.41 9.85 5.82 6.72 1.54 9.73 1.88 3.59 3.9 2.91 7.45 5.05 4.19 9.37 9.52 2.1 9.19 3.06 8.19 5.17 4.73 4.27 2.67 2.63 8.03 7.23 6.01 2.74 3.72 6.71 1.05 8.37 9.55 1.93 6.94 1.36 6.6 5.16 9.6 4.54 9.96 6.42 3.57 2.97 2.26 7.04 3.65 4.15 5.94 2.12 3.66 4.3 8.66 6.67 8.25 5.81 8.84 5.09 8.72 4.51 7.08 1.03 1.15 9.24 4.72 6.84 1.09 3.21 1.75 4.97 3.87 2.34 7.55 3.16 5.33 8.02 2.12 6.56 9.7 2.5 9.54 1.07 7.92 5.02 4.65 1.03 8.51 8.72 8.31 4.48 2.01 3.11 1.54 5.36 4.19 2.08 6.22 5.24 1.47 3.24 2.63 6.97 5.67 6.55 8.57 2.28 6.06 9.09 1.24 3.8 2.83 9.22 8.98 9.31 8.21 6.78 1.97 1.72 4.7 3.93 4.79 3.24 3.26 8.36 3.64 8.04 3.3 8.79 5.59
5.86 2.6 2.85 3.57 6.68 1.93 4.29 6.7 1.25 5.54 6.6 6.42 3.65 9.23 7.19 4.29 5.74 8.61 9.88 6.93 9.92 9.78 2.6 6.76 6.36 8.03 2.22 4.0 5.1 3.24 8.43 2.47 3.74 7.76 3.09 9.64 3.88 3.48 5.47 9.49 4.22 5.38 4.29 3.32 9.79 5.33 4.07 5.7 3.77 8.63 7.42 1.63 8.15 9.76 1.3 2.83 3.82 4.82 4.12 7.5 8.2 7.74 9.14 2.36 4.37 8.38 1.22 2.38 3.83 5.94 9.09 2.63 1.47 4.74 6.69 4.12 6.81 9.39 6.17 7.55 9.8 7.37 1.37 5.08 8.38 2.39 4.66 9.98 4.28 1.94 5.11 6.8 3.48 7.49 5.8 2.13 7.18 7.35 3.14 3.31 4.76 5.87 6.8 9.46 3.87 2.77 5.55 8.25 7.94 6.06 9.56 3.07 1.53 6.36 6.99 1.35 7.88 6.07 9.17 8.01 7.02 5.07 1.02 7.8 2.33 3.22 6.14 2.84 6.41 5.53 4.7 1.51 4.64 9.43 5.76 2.35 6.92 6.9 2.44 4.17 7.49 5.55 9.35 9.59 3.05 9.2 5.22 1.11 9.65 6.65 4.17 9.9 1.28 6.56 7.44 8.52 6.0 4.9 3.57 6.08 1.64 6.18 4.23 2.37 8.42 5.36 4.3 7.81 2.38 2.49 1.03 3.4 6.57 5.05 8.27 9.5 4.91 3.18 9.96 1.16 7.52 7.44 2.84 5.87 5.39 9.43 2.04 7.81 5.43 2.77 4.74 5.74 7.87 1.36 5.6 9.26 3.69 4.76 4.98 3.45
2.44 9.22 9.28 7.26 1.25 8.64 4.22 1.74 3.17 4.03 9.06 9.76 3.49 3.78 9.24 3.78 2.14 6.26 2.27 9.38 1.58 3.86 9.04 9.9 9.98 9.97 4.85 2.4 4.11 2.57 9.58 1.93 5.66 6.63 1.02 3.52 3.08 3.62 5.87 5.01 5.14 3.09 3.92 6.66 2.63 7.19 8.32 5.04 3.4 5.72 1.71 3.47 3.38 8.83 7.01 3.59 4.38 4.07 8.73 3.07 5.58 2.5 2.64 1.5 9.57 4.35 4.05 9.26 3.37 5.19 7.96 8.43 1.44 2.89 7.59 8.62 5.81 3.35 7.04 2.61 9.1 6.89 6.56 4.04 9.37 9.91 3.74 8.05 1.66 6.17 2.13 5.2 9.5 6.78 4.48 8.09 5.53 6.15 6.27 9.3 7.07 6.76 3.57 6.35 6.04 2.3 7.65 7.13 9.85 1.64 7.62 3.12 8.73 1.59 1.63 1.49 8.85 3.04 4.17 2.79 6.61 4.01 6.5 7.29 6.15 5.19 1.62 6.76 9.55 2.34 7.95 7.13 8.36 5.34 3.56 8.5 2.82 6.94 6.98 6.43 6.12 4.83 1.53 8.99 2.03 4.8 6.43 4.46 4.42 8.56 1.32 6.99 7.44 8.24 9.65 7.61 8.94 4.79 9.97 6.21 6.18 6.5 3.44 6.48 5.82 9.3 8.46 8.68 4.14 9.74 8.76 7.0 7.56 6.17 8.4 4.38 6.45 9.63 6.29 5.47 1.79 3.48 2.01 4.41 2.9 4.72 2.14 1.18 9.8 1.17 6.42 5.66 6.79 5.77 2.09 5.57 3.79 1.02 4.67 7.11
6.89 1.25 8.55 8.34 2.34 7.33 1.45 6.07 8.33 3.89 1.1 2.2 5.03 3.96 5.11 8.8 9.6 7.71 6.34 1.71 1.59 6.73 5.78 7.12 4.91 5.55 4.2 6.97 4.87 6.45 2.3 8.71 1.72 7.73 9.26 3.43 6.1 6.24 7.1 4.43 3.52 2.6 9.11 1.86 8.06 1.96 5.32 1.35 3.86 7.78 1.91 5.84 9.93 1.18 9.06 9.56 2.03 6.12 6.95 5.13 3.16 9.01 1.23 9.14 5.06 6.73 4.54 1.35 4.14 3.57 9.45 5.16 5.39 1.41 1.64 1.74 4.61 2.03 9.67 3.64 1.39 4.7 8.1 8.35 4.12 9.23 4.77 8.11 6.29 2.16 7.88 4.87 2.84 3.24 4.22 8.83 8.22 2.1 1.9 2.03 3.09 2.21 9.35 7.41 3.66 8.9 8.64 2.61 9.37 6.28 7.31 4.71 3.61 6.39 9.55 8.11 4.71 8.26 2.34 4.51 4.43 7.22 8.88 6.56 5.42 4.81 6.51 8.63 8.02 7.34 5.58 4.16 7.48 8.45 3.52 9.88 9.42 8.07 1.47 9.27 3.06 1.57 7.51 3.92 6.06 2.55 5.49 5.87 9.57 7.8 7.29 2.39 8.25 7.22 7.32 5.29 7.88 1.22 2.55 9.3 7.42 6.09 3.95 4.43 6.53 2.24 9.02 3.81 2.58 2.4 9.44 4.57 3.13 5.86 4.79 3.56 2.21 2.71 9.25 1.78 5.34 3.84 1.04 3.44 4.85 5.37 1.85 5.33 9.77 8.18 7.94 2.42 2.75 4.27 3.46 7.67 8.42 4.01 8.59 4.02
3.71 1.97 8.07 8.8 8.45 5.74 8.5 1.61 4.33 3.26 3.0 1.16 7.93 9.34 2.25 7.24 8.5 1.77 6.97 2.65 5.07 6.91 6.35 1.46 9.24 7.88 9.45 5.44 5.19 6.34 1.01 6.18 8.74 1.49 4.26 5.6 1.74 3.18 4.09 1.93 5.39 3.01 2.63 3.24 5.89 9.07 4.9 5.1 3.38 8.62 6.1 5.54 2.22 9.28 1.24 9.83 5.3 8.02 5.74 1.4 3.75 7.01 9.41 1.96 3.97 9.87 4.34 8.95 3.09 5.88 3.81 4.91 4.47 9.57 3.86 3.2 8.36 4.2 3.49 8.47 9.26 2.07 5.54 2.8 1.05 8.97 9.77 7.45 2.6 1.35 8.74 7.49 6.68 7.12 9.67 7.23 3.11 1.26 1.64 7.59 7.91 9.66 1.59 1.04 8.93 5.27 1.57 8.94 2.47 6.78 4.57 3.17 9.9 8.63 6.56 2.08 7.42 5.7 4.93 4.47 5.13 1.15 9.45 9.71 5.72 3.6 9.82 8.74 2.4 1.23 2.76 9.29 3.26 4.28 2.07 1.08 6.75 3.29 8.16 3.47 2.85 4.39 6.14 4.48 8.24 8.59 8.38 5.55 6.53 4.58 5.97 1.23 2.45 7.31 3.1 9.43 1.79 1.42 9.6 8.49 3.71 3.27 5.59 3.97 6.4 7.55 9.88 7.89 9.16 4.23 8.68 5.11 3.61 9.83 2.0 7.45 9.45 1.36 7.39 3.19 7.56 5.76 6.42 2.37 8.46 1.66 7.86 9.42 3.55 5.84 1.58 8.63 2.89 6.03 7.49 2.67 8.42 2.53 9.69 4.72
9.0 1.59 9.42 2.9 7.58 6.42 5.4 6.66 4.02 2.2 7.85 9.88 7.98 7.24 6.72 3.88 6.38 3.09 6.04 6.19 4.97 9.67 4.14 3.83 2.16 3.84 5.65 9.31 9.48 7.9 6.6 6.9 8.62 3.71 8.81 1.42 3.15 4.27 3.89 8.29 6.81 3.84 1.34 5.14 9.02 8.38 9.35 2.03 5.73 8.34 6.01 8.16 1.36 3.03 4.82 2.51 6.94 4.6 7.15 6.77 4.35 3.27 4.5 9.85 9.79 7.48 6.18 9.86 1.3 6.14 9.68 7.27 9.47 1.31 2.7 7.46 4.87 7.0 4.07 5.41 2.63 9.42 9.9 3.0 5.89 5.93 8.04 3.04 5.71 2.51 7.84 5.41 3.84 4.1 7.37 1.83 8.43 9.28 3.23 3.64 2.9 5.29 2.66 9.0 1.68 4.89 9.81 5.61 7.6 6.07 1.84 4.95 3.61 4.85 9.37 6.83 3.54 2.38 8.96 9.53 6.7 4.25 2.12 9.23 2.88 4.78 1.69 3.88 1.82 6.86 2.35 3.9 7.8 4.52 10.0 3.54 6.16 8.42 1.18 5.54 3.62 3.05 2.07 2.21 4.29 1.53 4.98 6.55 2.88 8.12 3.45 7.31 9.29 5.88 5.91 2.78 9.62 1.32 1.74 9.64 5.51 4.89 9.96 9.19 9.61 9.07 2.05 6.49 4.62 1.58 3.64 2.43 4.85 2.87 7.4 2.37 6.52 3.35 7.35 6.59 7.61 5.01 7.02 5.98 9.47 3.61 4.3 6.97 5.99 2.54 1.64 9.95 4.82 1.51 3.72 9.9 3.12 8.93 8.51 6.93
6.74 9.21 1.64 1.22 5.71 7.68 7.36 2.34 2.13 5.8 5.76 2.56 2.81 5.06 7.5 5.2 5.91 8.77 3.86 9.34 8.05 8.11 1.48 1.79 2.11 7.98 9.55 8.5 4.75 3.25 7.12 7.61 4.61 8.35 7.32 9.02 8.35 8.6 4.89 8.21 2.41 5.9 4.09 4.03 7.78 9.9 1.18 2.83 4.39 2.28 4.92 6.52 5.89 4.87 2.01 7.97 3.88 2.98 1.44 4.72 9.26 2.93 4.91 8.69 3.55 1.29 9.17 4.9 6.79 5.87 4.26 9.09 1.53 7.29 2.29 6.7 2.64 3.03 2.38 3.21 6.2 2.64 8.86 6.42 5.27 1.36 8.59 3.12 4.7 8.33 8.68 7.76 5.31 4.23 3.8 1.11 2.98 2.02 9.64 3.46 3.65 3.94 5.6 5.17 2.58 4.14 5.64 2.82 6.4 4.67 1.5 4.78 8.73 10.0 7.22 4.91 9.06 4.54 9.44 2.41 2.49 3.93 6.74 2.27 2.49 5.35 5.19 8.65 6.85 6.31 5.71 1.06 9.94 2.97 5.5 6.86 5.52 9.38 5.3 5.54 1.34 1.08 4.09 8.57 2.75 5.95 2.71 5.28 7.75 6.53 4.79 2.95 2.05 7.24 3.29 6.16 2.9 7.82 8.59 1.78 4.04 6.2 8.13 7.32 8.77 8.76 2.98 5.02 6.08 2.79 5.62 9.97 4.73 6.1 3.59 2.9 6.19 6.93 6.24 9.84 9.81 2.81 5.84 1.54 1.49 5.02 4.66 8.91 4.69 5.0 3.63 3.17 6.94 8.7 8.24 9.96 7.68 3.97 7.87 5.09
4.4 9.49 4.16 4.67 6.05 5.23 5.38 3.69 3.55 8.99 4.37 6.69 9.01 4.1 4.4 3.12 1.55 3.56 4.82 5.82 1.42 4.19 9.48 1.46 2.96 9.12 1.93 7.92 7.23 6.59 6.55 4.54 2.83 10.0 7.89 9.66 8.46 6.57 8.64 7.72 9.58 3.84 5.5 3.74 9.95 6.47 8.82 1.66 6.75 2.98 3.75 8.52 3.57 6.84 2.4 3.06 1.41 3.18 3.82 9.11 1.73 4.79 5.01 8.06 5.18 9.63 6.88 3.91 5.69 1.96 5.23 1.67 3.95 7.49 2.18 5.17 2.01 7.89 9.43 9.78 8.99 3.23 6.34 3.14 5.21 4.13 9.66 4.28 6.09 6.49 5.76 8.98 9.55 7.13 4.03 2.86 3.0 5.32 4.51 9.72 6.1 9.51 5.16 9.6 5.65 2.15 2.79 2.66 9.28 3.28 5.81 7.61 4.04 1.71 9.38 7.7 9.4 3.72 2.65 9.92 1.26 6.6 4.86 9.09 8.17 5.23 4.55 5.57 7.03 2.11 5.59 3.47 3.1 4.77 6.68 8.55 3.83 8.49 6.61 6.27 8.29 2.29 9.89 7.42 3.6 1.27 2.02 3.95 7.01 4.71 3.21 1.48 9.49 3.99 5.49 5.46 9.9 1.66 1.55 6.92 9.71 2.25 6.47 6.65 3.44 5.63 1.23 8.92 8.51 6.65 3.07 7.26 6.98 1.75 2.28 3.25 4.18 8.81 6.38 8.71 9.04 1.62 4.42 7.03 2.65 3.74 1.71 2.27 8.9 2.55 7.84 4.75 3.43 3.08 5.12 4.57 8.43 5.73 5.39 4.73
1.43 3.16 6.27 5.91 2.19 1.42 6.41 8.45 5.09 1.66 2.86 2.66 7.97 7.29 4.92 5.81 2.26 2.68 3.17 7.11 2.68 8.72 5.22 9.79 5.06 4.56 2.51 5.73 8.32 1.11 2.95 5.64 7.4 7.44 7.63 1.72 6.26 8.82 4.06 8.26 7.04 7.26 4.78 5.08 2.94 8.49 8.4 5.46 3.65 6.21 3.06 8.47 8.41 6.7 2.27 8.3 4.85 5.19 1.78 4.92 5.76 7.91 8.24 4.04 8.68 7.86 6.62 2.21 6.24 5.07 5.47 3.04 4.51 7.26 4.03 7.06 1.17 9.9 1.67 1.41 6.87 8.43 8.17 1.46 9.71 4.2 2.04 3.58 7.19 8.18 8.63 8.16 3.04 4.53 3.25 3.99 9.2 2.16 9.25 4.84 8.62 1.57 1.06 1.6 8.59 8.29 9.4 9.9 9.89 7.27 5.6 6.61 4.11 6.91 1.39 1.39 2.38 3.08 2.44 6.52 3.78 5.04 7.69 5.99 6.94 4.38 8.82 3.25 6.57 4.24 2.24 7.91 8.32 5.76 3.46 3.85 9.08 5.55 1.66 2.62 8.83 4.72 9.79 8.87 5.04 5.86 9.8 1.74 7.66 6.69 1.11 5.42 2.92 4.92 3.36 9.08 9.49 9.02 6.02 2.65 4.2 9.73 2.84 5.07 6.94 7.21 7.07 4.11 2.13 9.04 3.5 3.58 3.62 7.23 9.68 8.79 2.12 1.57 9.18 2.39 9.86 7.67 6.81 1.58 3.66 8.44 6.19 4.06 5.83 8.24 8.01 1.88 9.03 7.6 8.17 4.69 5.04 3.19 3.79 2.25
6.98 3.06 1.34 4.98 2.58 10.0 7.74 1.66 9.73 7.03 5.03 6.04 6.9 7.39 4.09 9.18 3.92 7.79 2.16 2.15 5.34 4.36 9.1 7.32 9.81 3.29 3.54 9.62 2.51 1.45 8.3 6.25 5.37 9.42 5.39 6.13 6.9 3.33 8.57 2.65 9.22 3.4 3.74 2.74 1.17 6.42 6.14 1.38 6.86 4.89 1.34 8.62 9.81 2.7 8.52 2.46 3.56 3.9 3.62 3.1 6.97 1.64 5.78 7.08 7.29 8.91 2.46 7.07 5.28 7.72 3.62 9.68 4.73 5.87 6.99 6.71 7.47 2.8 9.69 7.03 8.09 9.47 9.84 4.46 9.92 3.91 4.39 9.34 4.05 3.85 5.94 4.58 3.81 9.75 7.39 1.7 6.28 2.58 8.31 6.74 2.14 6.89 3.59 6.97 5.58 1.01 3.06 4.15 8.6 8.08 4.9 9.31 4.38 7.91 7.19 2.07 2.7 8.46 1.57 4.63 1.42 9.88 7.64 9.7 3.11 6.56 1.25 5.15 9.8 1.06 6.48 5.32 7.67 6.51 3.54 7.71 2.48 5.14 3.91 6.19 2.61 7.23 7.84 7.8 7.43 8.23 2.46 1.51 4.54 2.38 8.53 4.29 8.34 1.83 3.46 4.54 6.12 3.19 9.35 1.03 9.45 7.13 3.02 1.65 1.72 6.36 4.55 9.06 7.37 2.88 6.58 8.05 9.05 1.05 1.2 9.71 3.2 9.22 3.28 1.84 5.51 6.68 7.3 6.69 3.73 4.35 2.73 4.16 8.33 7.74 5.61 4.72 4.42 5.18 1.88 8.97 5.02 3.56 9.97 5.38
9.22 6.72 9.08 7.48 9.99 4.56 3.09 2.66 9.05 8.82 7.41 1.04 3.67 9.98 7.94 5.04 7.26 5.49 8.34 9.99 3.32 8.3 6.13 6.32 8.05 6.33 2.06 4.28 9.8 9.9 4.78 1.07 6.62 7.62 5.31 5.96 7.93 2.31 8.62 1.95 6.94 1.46 5.91 4.5 3.29 2.34 2.71 3.64 8.76 7.04 7.67 3.99 7.31 1.94 5.66 2.79 4.73 5.6 1.56 8.6 7.28 7.81 7.12 3.3 2.14 8.08 9.37 2.95 9.56 5.89 1.1 7.56 6.55 9.46 9.92 9.68 8.16 2.89 7.92 6.31 1.8 9.18 1.86 1.15 3.91 2.33 1.33 10.0 7.86 5.93 4.72 7.5 5.92 7.38 2.15 4.6 2.42 2.19 3.5 5.84 3.02 8.31 5.66 4.85 8.56 3.3 3.99 6.17 1.02 4.04 4.79 4.2 3.64 2.08 7.14 8.19 3.53 5.87 8.48 7.2 9.57 9.07 7.88 2.93 3.48 7.48 3.88 9.36 8.3 3.74 7.66 8.45 3.08 6.79 3.86 9.78 1.17 1.86 8.75 2.63 2.97 3.5 8.8 4.0 8.14 2.54 6.83 8.24 2.52 6.09 6.37 3.51 4.76 5.28 9.19 4.7 8.99 3.86 6.55 5.04 4.7 1.04 4.83 5.34 4.19 7.16 5.82 6.3 2.66 3.86 2.3 5.74 6.11 2.98 4.57 4.99 4.93 4.94 2.65 9.62 5.85 7.7 3.67 2.72 1.03 8.34 4.14 7.22 6.16 1.97 9.37 2.76 8.15 8.17 2.2 2.32 5.8 1.7 7.24 7.85
9.41 5.38 4.61 6.68 2.89 5.82 8.19 7.69 3.53 6.8 5.48 2.14 7.36 8.48 8.66 1.29 4.85 8.85 9.71 3.95 9.01 5.16 1.46 8.84 3.93 1.27 1.47 8.67 2.12 7.82 7.89 5.83 4.7 6.78 4.19 6.76 9.04 3.86 2.67 3.71 4.08 5.05 4.16 3.3 9.34 4.25 6.53 9.87 4.44 7.52 3.66 8.01 4.85 7.42 7.4 2.45 6.89 9.33 9.83 1.99 3.67 7.13 9.31 7.86 2.03 5.21 2.28 5.51 9.31 2.31 5.9 5.8 4.81 6.38 8.53 3.78 9.06 7.98 9.84 7.97 6.73 1.19 6.14 9.79 7.16 8.44 2.43 9.76 3.38 9.01 2.26 6.45 8.28 6.88 9.71 6.06 6.05 1.72 3.59 2.75 5.51 8.34 9.18 4.68 1.89 8.64 8.93 3.24 3.66 9.1 8.86 2.14 9.36 1.35 4.0 7.79 7.36 7.34 7.48 3.03 3.33 1.2 2.59 3.32 3.3 7.02 7.7 4.25 8.28 6.07 6.78 3.37 6.34 3.24 9.37 8.73 5.14 4.12 8.73 5.05 4.88 6.63 6.58 2.19 6.52 4.09 5.83 9.59 1.85 3.29 9.16 1.25 5.36 2.47 9.73 8.62 8.51 9.04 6.92 8.55 1.32 4.25 6.67 5.32 3.24 3.14 2.08 6.2 2.69 1.35 4.75 4.94 8.97 5.31 4.32 2.87 5.06 2.37 6.45 1.92 9.65 7.36 2.62 3.24 9.48 6.78 8.09 4.34 4.4 2.66 8.01 3.06 6.97 7.62 7.2 3.28 2.74 1.42 4.28 7.01
2.26 3.94 1.16 4.18 8.66 5.82 6.11 5.12 7.3 9.36 4.06 6.73 3.18 8.02 3.47 4.08 8.37 1.72 2.28 9.24 6.89 7.91 4.24 6.95 7.1 9.4 3.77 7.7 1.55 2.43 4.52 2.17 8.64 3.73 2.51 8.74 7.88 3.33 2.81 2.41 1.99 2.55 9.06 6.4 4.63 9.63 3.25 1.65 8.01 5.98 9.07 7.33 3.62 2.17 9.34 2.14 2.15 1.63 5.87 1.03 1.95 2.48 3.54 8.02 4.08 5.59 8.14 6.59 1.42 7.31 1.16 3.04 5.99 3.62 6.06 4.2 4.85 1.02 8.57 7.75 2.13 7.46 5.11 8.29 8.54 3.29 6.21 1.23 1.26 2.3 5.96 3.78 1.61 3.2 2.12 6.08 2.71 6.09 7.76 3.98 8.87 7.41 6.55 4.47 3.26 3.3 6.74 6.63 8.38 5.39 8.3 9.64 7.69 7.73 9.18 4.52 5.91 1.02 9.44 4.46 1.01 8.45 3.49 9.5 6.44 7.35 8.44 8.41 3.7 3.24 4.19 5.42 8.6 3.47 7.4 3.6 5.82 7.03 5.96 7.72 3.64 7.38 6.33 5.79 5.68 1.93 7.17 5.21 7.27 1.31 4.35 5.58 4.36 7.58 5.32 5.76 8.76 5.08 8.51 7.89 2.78 3.34 9.51 7.64 2.59 1.75 9.39 8.01 6.09 8.43 6.04 6.98 2.11 9.4 9.59 8.54 4.19 4.28 8.43 6.39 8.11 2.76 6.57 3.25 1.08 3.35 4.3 9.11 3.04 4.67 8.07 9.55 4.34 3.04 4.73 7.97 7.4 3.32 8.42 2.74
2.95 4.62 5.28 8.14 5.71 3.71 1.48 3.56 4.51 9.79 2.62 6.63 2.41 4.16 4.4 4.55 6.47 1.09 5.77 8.25 2.15 7.03 1.79 6.51 5.08 7.94 5.31 2.41 8.21 3.4 7.79 3.83 7.67 9.45 1.03 6.3 7.63 3.6 9.08 8.6 6.05 2.76 7.3 7.09 2.47 3.03 4.24 4.83 5.37 6.63 5.06 8.42 1.09 3.41 7.56 2.44 5.42 9.1 4.28 4.78 4.79 7.7 5.22 8.73 9.73 4.03 3.71 2.21 3.74 4.35 2.43 7.57 6.12 9.71 4.47 6.41 3.55 3.12 8.66 8.07 1.82 8.66 2.7 5.17 2.9 3.2 1.5 9.14 1.77 9.43 6.88 3.32 7.34 9.93 1.39 4.45 9.53 6.86 5.78 1.97 3.85 9.41 1.17 1.27 7.74 9.97 1.52 9.81 8.39 7.21 9.43 1.65 6.43 4.76 6.35 6.68 7.38 2.79 4.73 7.19 1.13 5.4 8.32 2.8 8.79 8.73 1.89 8.61 7.06 6.8 8.8 2.14 9.87 1.51 8.87 3.89 3.56 3.62 4.17 2.77 5.39 4.85 9.6 3.33 1.49 8.03 1.49 5.03 8.13 8.78 6.47 1.46 1.91 6.18 8.81 1.76 2.63 5.97 4.54 1.45 6.29 6.2 4.96 4.74 4.05 9.58 5.81 9.0 9.97 5.44 2.17 6.31 9.91 4.72 6.6 2.29 3.71 6.94 3.84 2.06 3.33 2.82 9.22 7.07 6.6 7.29 5.91 6.04 2.24 3.17 1.8 5.06 8.02 1.22 9.83 3.68 5.94 6.94 8.82 1.59
5.54 9.67 5.74 6.91 1.27 6.05 9.31 3.12 3.78 5.61 7.57 8.9 6.85 7.97 5.87 3.88 7.58 5.76 4.44 7.05 5.26 7.15 1.72 7.08 4.63 7.69 3.81 4.47 5.5 8.72 7.74 8.17 5.53 4.57 4.78 2.43 6.46 2.76 1.29 3.41 8.71 1.02 7.65 5.29 5.14 2.61 2.76 4.8 4.04 6.26 1.31 3.26 4.06 6.34 6.16 6.28 1.5 9.65 8.65 2.24 5.05 6.61 7.76 7.36 3.18 9.08 8.27 2.31 7.98 8.07 6.46 1.37 5.57 4.52 5.96 2.38 1.41 1.57 6.46 9.27 1.53 8.25 5.57 2.07 3.8 6.24 1.83 3.07 3.08 1.26 4.11 4.68 4.9 8.99 3.23 4.06 2.62 1.26 8.92 8.15 2.88 3.11 4.33 6.09 5.6 8.06 3.33 2.65 6.07 6.08 5.81 6.66 1.94 3.76 6.33 8.37 1.8 4.78 5.1 2.63 8.48 8.79 1.23 5.76 3.56 8.01 3.92 2.85 4.72 4.48 2.74 9.87 9.45 6.68 2.55 1.29 6.84 9.93 8.8 7.38 8.21 9.45 8.85 1.13 4.46 6.91 4.43 4.86 5.41 5.85 8.74 8.74 8.02 6.09 9.54 5.97 5.9 8.2 6.34 1.43 4.25 9.41 3.7 8.01 6.68 7.34 1.75 5.02 1.94 3.93 5.08 1.6 3.86 6.42 4.96 8.28 9.94 5.27 9.24 1.08 2.01 7.72 4.54 9.13 2.14 8.3 4.68 8.56 3.1 8.17 9.61 7.27 7.26 2.11 8.42 8.29 8.44 8.81 5.99 3.34
9.07 8.95 4.55 6.28 2.0 4.73 1.12 2.56 1.27 8.96 5.65 7.48 6.39 4.41 4.0 1.78 5.23 4.18 7.07 2.07 3.16 5.01 2.08 1.41 1.2 6.06 6.19 6.3 5.83 8.99 1.52 2.76 4.27 1.35 4.18 7.08 6.52 7.95 7.04 5.55 1.49 5.19 5.2 7.86 9.17 5.29 5.22 2.66 9.24 1.22 7.54 7.47 4.39 9.18 8.53 8.8 6.16 1.6 2.71 9.54 8.83 6.22 9.28 8.54 6.61 4.0 1.47 4.84 9.37 4.17 8.59 1.35 4.02 4.77 2.44 8.49 8.8 8.38 1.69 8.26 1.08 8.45 4.07 5.08 3.73 9.74 1.95 1.9 3.15 2.6 8.94 1.12 6.51 1.36 7.68 6.97 3.31 7.94 3.94 2.87 4.62 2.04 5.96 6.43 2.13 4.56 4.71 3.3 7.44 3.4 8.14 7.88 2.79 7.09 1.6 4.23 7.3 5.35 7.55 4.25 2.19 6.58 9.5 2.62 2.1 8.19 7.94 6.78 8.64 7.96 9.74 7.0 5.85 9.89 7.14 6.34 4.14 4.97 6.73 4.69 5.06 1.47 6.21 6.84 8.04 9.37 4.64 6.21 9.38 5.05 2.01 5.9 6.49 2.46 3.48 9.6 5.96 4.97 9.17 5.41 8.3 8.2 5.02 9.82 7.45 9.79 9.38 9.02 5.21 9.48 3.94 4.14 3.4 1.31 3.71 5.95 7.67 3.12 6.95 1.16 4.96 6.57 4.36 1.69 1.69 4.03 9.46 7.8 6.37 3.38 9.28 1.61 6.35 9.38 8.28 4.02 8.54 1.09 9.81 4.58
9.34 4.97 8.75 3.86 6.61 7.88 8.91 4.43 1.14 7.11 3.05 7.33 8.93 3.33 3.66 9.56 9.65 6.96 4.1 6.2 7.82 2.04 2.45 6.44 6.9 6.57 8.79 9.0 2.68 3.51 9.86 1.93 8.1 8.93 2.06 8.57 6.78 5.04 5.07 4.93 2.39 2.29 4.52 1.06 4.78 4.7 4.03 3.73 5.94 9.27 6.36 8.75 4.85 7.33 8.52 6.76 5.18 1.97 9.6 3.82 8.04 6.14 9.9 4.78 9.15 7.03 8.18 1.14 2.64 3.52 8.23 1.07 6.01 6.43 8.99 9.61 6.18 1.51 4.15 6.71 6.94 7.16 8.18 8.84 7.76 9.04 5.25 7.77 2.99 5.03 3.68 7.41 6.01 4.98 7.09 4.44 2.16 3.24 6.77 9.53 3.0 5.28 3.74 4.66 4.46 5.85 9.35 9.88 9.96 4.65 9.65 6.72 8.24 5.27 7.84 8.24 9.02 2.54 8.91 5.61 9.31 2.99 4.38 3.74 3.86 3.88 5.76 7.64 5.6 8.75 5.88 8.41 8.31 7.65 7.23 4.34 2.66 1.73 3.4 1.9 5.08 4.72 9.88 3.48 6.99 1.03 4.4 3.04 1.69 5.82 4.74 4.7 9.02 5.66 3.36 9.7 7.21 6.52 4.33 8.2 7.68 1.98 5.32 1.21 6.94 3.76 3.99 2.83 5.53 8.21 5.6 6.6 4.12 5.52 7.0 7.31 8.45 9.71 4.44 5.35 4.3 2.44 4.71 5.42 6.59 1.09 5.38 1.3 1.91 5.71 3.91 8.03 3.13 9.44 1.64 8.7 1.94 3.21 3.44 6.53
5.98 8.09 7.78 4.72 3.7 5.31 4.52 4.94 3.16 9.59 8.46 6.83 5.68 5.45 7.59 4.46 6.16 3.0 7.12 6.42 2.73 8.82 7.8 2.5 4.6 5.57 3.3 7.3 6.02 4.99 6.47 6.75 4.18 1.23 2.64 7.47 3.37 1.92 6.75 7.79 5.08 8.37 3.9 5.85 5.66 8.38 7.01 8.26 9.09 9.56 1.87 2.06 9.04 8.14 8.41 7.82 4.57 7.34 9.99 8.78 7.65 7.52 4.13 9.66 8.42 7.94 2.34 7.9 8.03 4.4 6.64 6.7 2.05 2.62 6.59 1.66 5.68 7.26 8.52 3.22 6.51 6.82 7.09 8.38 4.71 9.75 1.58 1.62 4.61 9.45 6.49 3.96 3.49 6.01 4.03 4.11 3.03 3.64 3.5 4.6 8.06 6.56 4.24 4.98 3.61 8.06 9.98 6.75 6.73 3.59 3.7 2.73 9.31 7.02 3.98 4.3 1.32 7.49 4.35 1.23 7.63 5.0 5.06 5.02 5.2 3.04 3.35 7.54 6.43 3.46 9.16 9.72 6.99 5.15 4.12 9.26 6.71 3.29 1.68 8.24 9.75 1.06 5.36 8.84 8.23 7.93 6.49 4.92 5.17 1.55 1.61 5.07 8.42 3.22 1.08 9.08 4.68 8.31 2.74 9.89 7.64 7.35 6.93 4.59 8.95 9.26 5.16 4.82 8.46 3.79 7.16 1.72 6.38 2.43 4.79 5.28 7.65 1.28 2.87 3.24 4.46 4.99 4.92 7.89 1.57 5.05 5.31 5.89 8.69 2.57 9.98 4.96 7.93 1.56 8.44 9.98 4.66 2.45 2.51 8.2
5.77 1.42 7.9 3.25 5.21 1.36 3.03 9.64 9.68 8.84 1.74 9.85 5.43 3.72 9.99 7.03 4.0 4.38 4.52 5.51 8.28 2.41 5.81 5.96 4.72 9.99 4.7 9.2 2.46 8.82 8.07 9.1 9.28 6.14 2.86 1.72 4.61 7.67 7.34 3.22 3.43 9.35 3.95 5.37 9.43 6.62 1.08 3.24 4.65 7.97 9.87 6.89 2.8 9.14 1.51 2.89 5.1 8.98 9.89 3.53 4.37 8.56 1.74 7.44 2.87 3.64 5.56 3.39 4.99 2.5 2.74 6.53 8.49 1.2 2.93 3.14 5.21 1.37 5.54 8.75 7.36 4.21 6.91 5.43 1.17 4.35 7.76 1.55 2.76 9.21 2.67 7.38 9.8 7.03 3.06 4.35 6.4 8.51 3.59 9.78 8.45 2.58 5.84 6.33 1.53 7.46 7.56 7.84 7.29 7.05 9.47 4.3 4.11 5.29 2.97 8.94 5.46 2.18 6.61 1.15 2.87 6.52 7.3 1.94 7.69 9.1 3.06 2.06 9.54 3.8 5.14 2.74 6.91 4.49 2.82 9.64 7.93 9.18 9.0 3.99 3.93 5.32 4.03 2.06 9.27 3.2 7.01 6.11 2.11 9.73 9.05 1.47 7.08 3.12 4.88 4.43 8.43 8.21 8.38 6.14 7.12 9.14 2.5 9.33 6.63 8.47 2.76 9.09 3.31 9.47 3.5 4.72 7.47 5.37 4.41 2.59 5.5 1.57 1.5 5.96 8.7 2.08 8.28 4.89 5.19 1.48 2.08 8.01 3.76 6.4 7.11 1.1 1.94 2.09 1.13 8.35 8.18 8.74 1.67 8.41
8.67 1.56 5.55 8.19 1.51 3.67 9.92 2.44 3.33 8.43 7.79 4.09 5.51 3.63 4.35 6.89 5.7 7.07 7.04 9.9 7.22 1.28 3.26 2.41 1.88 6.65 8.56 4.82 5.68 7.96 6.57 2.42 8.16 2.31 3.47 7.84 9.84 7.63 3.81 9.11 6.54 9.46 5.61 6.07 6.89 8.92 3.02 5.03 4.0 2.18 7.86 1.95 9.05 3.18 8.87 1.08 5.66 9.2 9.36 7.59 1.67 7.84 8.56 1.21 8.76 5.6 4.17 6.46 6.81 6.76 9.28 1.39 1.72 7.83 3.93 9.8 6.0 2.19 4.04 9.02 2.46 7.51 7.46 9.21 6.36 8.84 2.18 5.75 8.19 6.19 1.14 3.11 8.91 7.78 3.42 8.54 2.14 7.05 8.35 3.52 6.13 1.28 8.67 2.4 8.56 5.33 6.29 9.13 3.12 9.07 1.23 3.74 8.2 6.62 8.32 8.16 6.72 2.48 3.34 6.22 1.99 4.33 3.5 8.6 4.92 2.78 5.7 5.3 3.94 3.59 7.14 7.96 7.18 2.26 8.3 7.26 3.34 8.83 5.62 2.92 3.46 1.84 1.89 3.55 9.02 5.86 5.93 7.03 4.87 4.94 6.99 1.06 2.54 2.24 2.01 8.3 9.28 3.95 2.98 4.12 9.68 3.03 1.46 8.95 3.35 6.55 3.01 9.59 2.46 1.94 3.36 5.03 6.14 9.56 2.73 1.59 5.1 2.95 4.32 1.05 1.2 7.81 3.33 8.76 6.75 1.58 1.99 6.0 1.35 3.97 9.56 1.49 2.46 6.08 1.3 6.0 8.57 6.87 7.26 8.34
9.12 4.27 2.2 1.71 2.94 9.15 2.65 2.53 1.13 3.06 4.24 7.27 9.49 8.55 7.08 3.12 5.56 2.09 9.95 9.94 9.05 3.44 4.02 6.31 3.35 1.16 9.67 7.36 6.17 1.5 3.43 2.47 1.86 3.54 2.84 8.16 1.38 1.96 5.2 5.87 3.59 7.97 9.61 2.4 3.17 1.55 2.52 7.68 3.74 2.6 8.38 9.81 1.36 6.2 1.42 3.73 6.13 1.23 6.99 7.92 5.91 5.99 6.89 3.49 2.11 1.44 9.0 4.03 3.43 7.9 2.17 2.97 6.4 6.62 7.39 7.49 6.37 7.89 8.26 1.36 3.31 7.44 8.44 5.43 8.2 5.46 7.49 6.41 7.06 4.9 1.12 6.49 9.18 4.23 8.3 2.42 7.58 4.83 1.39 4.52 9.72 4.74 1.53 4.02 8.95 4.7 4.04 2.02 9.19 5.32 2.01 2.2 5.92 6.33 9.57 9.21 2.74 9.21 4.0 4.73 3.02 2.91 1.92 3.88 7.26 9.4 7.06 2.55 7.3 9.93 6.36 6.43 1.87 6.46 1.9 1.6 7.98 1.17 2.12 6.03 4.41 2.06 9.16 4.16 7.74 9.53 6.13 2.34 5.53 6.82 4.22 5.68 8.97 2.15 2.72 5.34 8.11 2.96 4.02 7.05 6.77 9.56 8.72 7.22 5.32 2.32 6.75 5.95 8.36 1.22 4.0 3.24 3.48 3.83 9.87 5.47 8.46 7.82 6.21 9.44 4.5 2.19 9.81 6.54 4.14 2.46 3.13 7.52 1.63 2.78 7.59 2.85 9.91 4.74 5.21 3.05 2.62 6.54 1.89 3.07
7.89 2.29 9.79 6.9 4.2 9.06 4.96 7.41 8.42 3.98 9.2 7.76 6.89 3.98 2.24 3.65 5.09 4.34 4.07 6.35 9.18 3.64 4.93 9.12 5.2 8.61 7.24 3.76 3.33 9.47 5.45 2.82 9.95 9.92 7.24 5.86 3.79 6.16 6.55 8.4 4.72 8.73 2.5 9.9 4.73 7.05 6.04 1.85 2.18 2.07 5.07 8.75 1.88 9.17 4.07 9.68 9.2 7.1 2.34 4.99 7.5 1.16 4.91 8.07 3.08 8.16 9.36 4.52 6.83 7.21 9.71 4.68 4.92 5.98 5.38 6.32 5.66 6.04 8.52 3.63 7.4 9.57 1.39 9.35 1.94 5.22 3.56 5.39 3.27 5.92 6.2 2.14 3.11 5.87 5.4 7.6 4.02 3.98 9.92 6.77 7.35 7.86 1.68 6.25 7.27 2.71 7.65 5.92 3.53 3.22 5.78 3.2 8.81 8.84 5.62 3.39 9.93 5.27 9.73 5.28 7.36 7.12 8.41 6.14 2.02 2.86 2.96 7.07 9.02 5.22 2.75 9.24 6.99 4.83 4.58 5.93 9.85 4.32 9.22 9.91 5.9 8.81 2.64 1.14 6.74 3.05 8.41 1.42 2.78 1.17 3.3 3.44 1.49 3.14 1.07 8.56 2.57 4.67 2.9 8.47 3.89 3.87 3.83 7.94 8.45 9.17 3.17 6.8 4.46 3.77 4.31 8.24 7.32 1.04 5.62 2.96 3.39 3.24 5.14 2.69 3.65 3.25 4.35 7.92 2.03 1.85 1.68 5.54 9.0 9.55 8.09 7.66 9.87 8.1 8.74 5.65 9.63 4.4 5.55 7.35
6.49 5.17 8.1 5.05 4.22 3.62 5.51 9.4 2.81 6.47 1.25 8.03 9.59 2.72 5.47 9.74 5.46 5.59 8.83 9.28 5.59 6.96 6.34 9.23 3.36 1.14 8.36 5.94 4.67 5.62 6.15 3.95 8.94 6.17 4.28 8.7 7.14 3.2 7.03 4.49 6.91 1.63 9.15 1.79 7.36 3.85 5.99 7.3 9.6 7.04 8.4 1.49 7.36 5.87 1.41 1.87 3.89 9.86 5.05 5.11 5.8 7.28 9.11 6.07 6.38 2.05 9.81 6.12 2.1 3.76 4.69 1.49 2.64 8.52 5.43 5.86 3.65 4.88 5.38 9.49 8.58 4.8 9.24 2.9 2.92 9.1 7.7 7.45 8.95 4.91 5.35 4.62 1.86 3.55 3.09 2.01 3.8 9.97 4.07 9.13 7.49 5.79 5.47 3.76 6.08 2.47 1.5 2.56 8.53 6.64 2.45 2.3 7.53 8.85 9.1 4.78 7.43 1.76 6.78 8.51 1.8 9.23 5.34 1.35 7.87 8.85 8.35 3.29 2.12 4.25 1.42 7.08 9.34 3.41 7.33 3.78 9.03 7.47 6.75 3.94 9.59 4.07 3.79 3.73 3.14 1.77 2.33 2.62 6.99 6.68 4.89 3.72 1.07 1.17 4.82 3.54 8.28 8.75 2.92 5.23 6.12 4.63 1.65 8.08 2.19 1.62 9.65 5.8 8.69 7.78 9.7 8.34 6.66 8.39 2.79 4.48 2.94 1.39 8.79 9.61 8.97 1.44 9.64 6.38 2.92 9.0 9.6 3.08 6.44 1.18 7.93 9.74 1.67 3.09 6.22 3.1 3.46 5.99 2.83 7.47
3.76 8.15 2.93 2.14 8.38 5.51 4.1 7.24 3.9 4.14 9.52 4.09 2.16 2.18 5.33 6.19 3.62 4.75 9.41 8.61 8.13 4.92 7.07 6.57 2.89 4.28 3.02 8.36 2.76 2.45 6.45 1.51 3.42 5.1 1.98 1.67 7.25 9.01 4.02 7.94 4.33 7.7 6.24 9.45 3.41 7.49 4.1 6.56 2.5 2.28 1.83 1.93 5.5 8.08 5.93 1.66 3.14 8.99 1.88 7.0 6.62 1.64 7.36 1.22 2.25 3.28 2.48 6.41 4.01 9.74 2.86 6.18 7.11 7.9 1.63 2.97 2.23 2.72 3.44 7.38 2.79 3.55 7.3 4.08 9.25 1.8 7.88 9.34 5.61 7.88 4.33 6.64 8.39 1.71 9.6 4.67 4.6 7.13 9.9 3.65 4.01 1.81 3.58 1.43 6.34 5.1 7.62 2.87 2.28 5.13 6.72 8.64 4.18 1.24 8.06 4.65 3.81 9.44 7.24 7.79 5.65 4.08 7.96 5.8 9.21 7.11 5.16 7.69 6.6 4.21 8.31 6.84 4.85 9.15 1.42 3.44 5.54 5.43 3.49 1.93 7.51 5.61 6.51 6.08 1.32 1.71 6.46 9.36 9.85 6.13 5.77 2.76 3.35 9.97 4.37 5.37 7.33 9.25 7.57 6.75 7.46 5.86 7.52 8.56 3.12 3.9 3.9 9.83 3.11 4.13 1.58 8.79 2.25 2.7 2.89 1.31 1.23 9.19 3.71 9.6 5.56 4.63 9.23 3.99 5.44 2.78 2.77 5.01 3.62 9.47 4.56 1.09 3.04 5.63 5.78 9.13 2.6 7.12 5.78 5.48
3.99 5.33 6.69 4.86 1.35 8.12 7.78 9.29 8.16 6.19 3.85 3.88 3.19 5.59 6.63 2.63 2.65 2.94 6.44 2.3 3.35 1.36 5.44 5.39 8.22 7.32 5.87 2.96 2.81 3.62 4.02 7.02 3.03 8.74 6.46 6.96 7.43 3.2 7.86 3.05 9.9 1.08 8.41 5.72 3.81 7.44 6.36 7.79 3.8 6.0 3.7 1.79 6.06 4.18 3.39 6.23 1.86 4.13 3.35 5.35 9.89 6.44 8.61 8.04 7.14 2.93 6.05 1.06 6.72 9.09 1.79 2.5 4.73 2.42 7.82 9.19 1.7 7.86 3.32 1.74 2.88 4.02 8.43 5.98 3.75 1.39 1.69 8.06 8.51 5.79 5.02 4.53 3.95 7.94 9.99 8.33 4.09 5.98 5.65 3.57 8.29 5.73 8.23 6.77 5.09 2.11 7.56 3.04 2.23 3.49 8.8 2.85 6.22 6.11 2.91 4.7 3.09 5.11 3.64 6.38 8.14 3.73 7.99 8.02 1.86 5.25 2.94 2.07 1.3 7.63 3.48 3.78 8.58 4.0 6.93 6.18 8.78 8.93 8.77 2.64 7.65 4.12 8.92 2.84 4.63 9.29 8.02 7.76 1.61 5.62 3.87 6.65 5.37 9.62 6.97 2.63 7.67 6.26 7.75 9.78 9.41 5.53 1.76 5.12 5.45 6.94 4.49 1.06 5.93 2.91 8.55 9.58 6.19 6.89 1.51 4.31 3.88 1.46 7.4 9.9 1.17 5.39 4.3 2.55 3.4 9.71 5.07 3.45 3.24 7.81 7.2 2.76 2.7 3.79 1.49 2.1 4.07 2.27 6.68 6.79
2.79 8.37 8.29 8.24 5.62 7.2 7.58 8.28 1.44 7.02 9.42 1.12 2.99 1.82 8.01 5.97 4.9 7.73 1.91 8.09 3.68 9.64 2.9 6.73 4.27 1.74 1.55 2.28 9.94 4.7 2.56 9.27 2.83 5.06 4.13 3.87 8.33 4.99 7.51 3.57 8.82 2.41 7.71 3.38 3.63 1.96 3.71 9.48 1.4 2.97 2.53 8.45 6.64 4.75 7.03 8.29 7.57 4.0 6.65 6.87 8.53 1.34 6.24 7.35 5.17 2.37 2.36 7.47 4.68 2.17 6.51 9.85 9.16 3.21 9.02 7.92 8.93 2.97 2.05 4.81 6.48 1.56 9.61 6.24 2.88 4.92 9.26 9.69 6.37 5.21 1.18 9.6 8.7 1.94 8.15 6.35 3.95 7.33 2.78 6.62 5.11 3.1 5.06 5.06 5.76 1.4 1.35 6.56 1.91 6.77 2.77 8.73 7.54 3.33 8.52 2.18 2.83 8.97 2.63 7.4 3.86 2.81 6.47 1.87 8.4 9.32 5.76 5.01 1.59 8.53 7.67 5.34 7.9 4.8 4.32 9.52 9.59 3.93 7.33 2.07 9.11 4.51 1.2 8.51 9.71 1.83 5.45 1.52 9.11 6.52 8.09 8.29 6.55 8.33 7.45 1.88 3.6 4.44 1.17 3.65 4.61 5.47 4.44 6.3 5.4 9.69 7.25 6.08 1.47 5.34 3.23 8.63 3.48 1.87 9.57 4.74 3.91 2.17 4.26 1.51 2.49 4.33 9.34 2.72 8.54 4.72 7.99 4.92 5.08 8.47 8.47 4.62 3.94 1.05 9.19 1.07 4.38 2.26 2.38 2.21
7.32 7.16 3.15 2.29 8.12 4.78 8.53 5.4 8.86 8.23 1.41 8.15 8.13 1.33 2.3 3.9 5.61 2.27 1.93 9.91 5.85 8.28 2.61 3.79 5.52 3.63 9.81 1.62 5.2 2.6 3.71 6.52 7.88 5.24 2.77 10.0 2.03 5.34 6.0 2.91 3.06 2.81 6.92 4.3 8.44 7.74 2.64 3.62 9.02 6.83 6.84 6.38 3.17 9.23 9.93 1.24 9.85 6.6 3.65 2.56 4.74 1.19 1.81 6.49 8.62 5.14 6.31 1.03 4.15 5.28 2.22 7.6 6.58 4.76 2.7 4.22 5.46 3.59 6.09 9.38 5.59 7.45 7.36 3.61 4.81 8.23 8.42 2.33 2.42 5.9 1.41 1.35 8.6 6.01 1.46 1.35 3.77 9.58 1.16 1.74 7.9 7.61 6.97 3.41 4.65 9.15 9.46 4.47 3.79 5.85 5.43 3.6 1.45 7.62 7.9 9.58 8.72 8.23 7.02 8.73 7.63 2.71 8.18 5.19 8.35 8.69 4.0 7.16 6.69 6.05 8.48 3.82 2.45 8.33 1.5 4.47 6.65 4.07 4.38 7.73 7.0 5.67 1.31 6.36 6.37 2.64 4.37 7.86 8.66 2.51 8.22 1.08 1.64 5.0 3.78 9.51 2.26 9.91 3.0 4.48 7.92 9.19 8.94 3.42 8.8 1.45 6.92 6.31 7.84 9.05 1.36 9.4 5.71 6.58 3.18 2.16 7.06 4.61 2.58 1.11 5.16 4.08 5.68 6.1 4.81 8.8 3.08 4.19 4.81 9.15 6.16 1.27 2.09 1.98 1.21 6.62 1.54 2.23 8.82 4.21
9.93 8.39 7.36 6.12 9.13 8.68 7.05 1.98 9.08 1.22 8.41 8.22 8.13 7.81 4.46 4.7 4.2 8.51 1.52 2.98 1.16 1.45 4.01 3.79 3.87 2.14 6.15 4.08 5.2 5.17 5.21 6.98 3.66 6.44 8.21 5.57 9.93 3.64 4.19 1.86 5.91 9.56 1.88 4.86 7.4 9.23 7.89 7.24 9.64 5.25 5.75 7.78 7.72 2.17 8.45 9.57 7.88 6.73 2.07 4.15 9.8 9.11 8.03 2.52 9.85 2.84 8.05 1.37 5.71 9.97 2.97 4.16 8.86 5.17 7.35 2.17 7.74 2.31 9.7 1.54 6.51 5.03 7.99 4.3 4.92 6.48 2.66 3.12 6.29 4.2 1.99 5.63 7.69 2.41 7.34 9.96 4.14 7.02 4.64 6.75 5.31 8.08 1.6 5.78 3.71 9.9 2.85 3.07 4.73 2.22 5.57 2.69 7.16 6.57 7.58 6.15 2.6 1.53 5.0 3.36 3.72 8.12 2.85 7.59 1.97 9.54 2.3 4.5 6.84 2.47 7.52 9.3 4.11 4.05 1.77 6.79 5.66 3.47 7.15 2.31 8.9 5.42 3.45 1.15 2.13 6.12 3.94 1.22 3.98 6.95 1.41 9.38 9.25 2.79 7.98 5.42 6.75 4.58 3.0 4.21 5.41 7.59 9.99 1.59 8.91 2.83 7.93 6.57 2.47 2.46 9.05 9.54 8.85 1.46 1.02 3.38 9.51 4.81 1.02 8.14 5.04 7.83 3.83 4.99 9.2 5.4 9.33 2.6 4.53 2.62 4.89 7.56 5.2 5.93 1.18 1.35 8.83 2.22 8.26 5.01
9.48 1.89 7.32 3.35 3.6 1.48 8.14 9.68 2.01 8.0 8.91 9.95 2.46 9.92 4.33 3.76 2.44 1.87 4.79 4.82 7.36 5.71 3.6 1.53 1.21 1.61 5.84 4.94 9.51 5.7 4.32 6.71 7.43 7.45 9.71 4.54 2.23 3.68 1.3 2.54 2.48 2.51 9.96 3.93 5.17 4.45 3.83 6.33 6.95 6.62 5.61 7.73 2.26 5.29 9.68 2.59 8.76 3.26 5.87 2.86 1.6 8.32 5.33 8.39 2.69 5.97 2.78 6.79 5.85 2.43 8.4 4.63 1.73 5.85 5.62 1.7 1.52 2.76 5.7 9.67 3.76 3.78 2.77 4.01 3.44 1.3 1.99 2.35 8.78 9.73 6.82 8.47 6.71 8.83 1.13 8.65 2.21 1.51 4.34 9.06 8.07 1.4 3.1 9.79 1.69 7.95 1.06 1.29 8.64 7.08 1.5 1.08 8.04 2.57 7.08 1.72 7.88 7.45 9.94 5.26 1.91 4.35 2.25 5.85 9.55 2.83 2.0 1.79 3.41 2.69 3.67 7.48 4.76 5.41 3.37 2.99 2.67 8.95 4.28 3.99 8.31 1.05 6.39 6.01 7.54 4.06 2.6 1.34 9.39 3.59 8.53 3.02 6.41 1.35 7.29 9.17 7.9 9.72 4.38 7.03 5.38 2.22 9.09 3.18 2.35 7.75 3.81 7.71 9.44 9.76 1.84 9.47 1.09 4.23 2.2 9.74 1.83 1.56 8.98 1.45 9.82 6.79 3.83 3.86 2.02 2.71 8.84 4.24 3.53 3.93 4.4 1.34 2.21 5.97 8.56 1.47 7.3 2.18 2.45 4.66
1.04 2.63 6.21 1.22 3.45 1.4 2.59 1.74 6.36 1.91 2.76 9.41 8.99 6.33 6.38 9.24 8.82 9.09 2.13 9.73 5.19 2.63 1.04 6.55 8.96 9.45 2.24 1.54 2.07 5.88 3.42 6.62 7.37 1.86 1.36 6.48 9.06 1.39 5.17 4.31 4.17 7.85 1.42 4.56 9.27 5.14 9.61 8.03 6.13 7.62 9.9 9.28 8.91 1.15 1.46 1.32 2.47 9.99 8.31 5.49 5.85 7.88 3.39 2.45 5.58 5.67 2.39 6.77 8.94 6.61 6.5 3.55 7.57 3.71 3.73 3.34 6.92 4.33 7.57 1.78 5.55 6.88 1.49 8.74 3.09 4.49 1.28 3.6 1.4 9.82 6.66 7.83 3.01 6.08 7.04 3.82 6.67 8.51 7.51 4.22 9.85 4.56 7.66 5.65 7.31 3.14 8.74 1.58 1.0 7.58 1.32 6.76 6.96 1.44 8.56 3.39 7.57 6.05 8.39 5.83 5.01 1.3 8.24 8.87 8.29 1.73 7.24 3.96 8.83 8.35 4.34 4.31 8.74 4.19 6.57 8.3 1.55 6.55 6.68 4.69 3.72 3.34 2.27 6.55 1.57 1.22 3.89 1.63 8.59 5.27 7.67 8.56 5.85 7.9 8.5 8.98 5.06 8.26 2.1 3.04 1.19 4.65 2.93 3.61 8.91 1.97 9.32 7.97 9.33 9.62 5.32 3.48 4.18 7.83 9.33 5.88 4.02 4.53 6.68 2.17 8.74 3.44 9.0 2.42 1.46 7.56 2.25 6.83 8.02 7.27 7.13 5.92 2.9 9.6 2.49 6.14 5.78 6.66 2.54 6.22
4.27 7.2 7.16 9.07 5.61 2.68 4.09 9.3 7.39 9.89 6.7 8.73 4.58 2.33 7.47 1.56 6.56 2.28 2.15 1.2 1.06 2.32 9.9 3.11 6.98 3.35 4.74 7.28 6.72 2.0 3.9 1.42 6.33 9.8 6.02 4.39 3.32 9.69 7.95 2.37 6.77 5.04 9.91 7.06 4.38 8.52 6.17 9.54 5.54 2.53 2.45 1.3 1.46 1.12 7.91 6.22 9.41 3.69 9.84 8.99 4.91 8.81 2.79 4.56 4.72 5.32 5.88 3.6 6.11 8.21 4.38 6.97 6.09 4.73 6.95 3.88 3.1 2.85 1.01 5.26 6.25 3.8 5.94 9.97 8.12 7.04 4.89 9.1 6.32 7.14 1.25 7.69 8.92 4.86 7.16 9.41 4.63 2.35 1.92 3.23 3.2 6.56 1.54 4.25 6.91 7.21 9.85 8.74 3.2 6.56 6.25 1.09 7.07 4.39 9.78 3.1 3.44 6.48 7.23 7.06 5.67 3.08 4.78 6.99 4.56 9.48 8.29 8.35 2.65 9.77 4.26 6.39 7.37 6.16 5.22 4.22 8.01 6.98 2.34 6.52 3.23 2.67 7.04 7.14 6.73 6.61 7.29 7.11 3.49 7.46 2.71 1.37 6.9 9.9 8.11 3.17 8.44 6.86 3.62 1.04 7.31 6.25 3.52 7.82 5.27 2.95 3.36 8.21 9.0 5.5 1.72 8.13 5.76 7.8 3.44 8.79 2.91 8.9 9.8 9.42 9.93 8.84 3.52 4.62 1.18 9.11 8.63 6.53 3.07 8.61 3.79 8.93 1.13 9.61 1.82 2.96 6.52 9.94 3.97 2.63
5.2 2.93 9.0 2.18 5.13 9.94 9.76 1.76 5.15 9.49 1.22 8.9 6.34 9.6 8.35 3.87 9.09 4.84 1.98 5.55 1.54 4.41 3.46 2.8 3.38 3.98 3.43 5.27 3.48 9.91 2.97 2.77 2.94 2.84 4.94 9.42 6.27 4.28 3.31 3.59 8.12 2.85 2.13 7.36 4.71 5.65 3.3 6.59 7.42 8.79 8.27 7.99 3.5 9.14 2.06 6.76 6.22 5.94 4.09 7.56 4.13 5.9 5.31 8.14 2.64 5.96 7.57 4.81 1.83 8.23 8.44 4.75 9.8 1.66 9.93 4.37 7.4 7.05 1.34 9.28 6.83 2.04 6.31 8.9 6.57 2.28 5.27 2.29 4.0 9.46 2.46 4.42 2.93 2.19 9.53 5.37 3.83 8.82 4.62 8.43 2.53 7.32 5.91 4.27 5.74 2.86 1.87 8.18 5.98 3.81 1.31 4.68 9.77 6.85 5.69 4.94 3.56 6.3 5.06 5.02 5.68 1.52 6.17 1.97 7.7 6.64 6.19 2.16 5.68 6.3 8.48 7.76 6.44 1.04 7.28 3.46 3.83 2.51 7.61 1.64 9.94 3.33 8.47 9.41 6.32 5.3 5.39 3.76 8.09 5.45 7.55 2.24 8.04 7.64 6.5 9.53 7.04 6.02 2.85 1.97 3.56 9.33 3.13 7.01 3.5 2.1 1.06 8.63 7.19 9.21 5.44 5.16 8.51 5.32 7.42 3.38 8.73 3.6 5.29 7.75 4.61 7.99 6.59 2.98 9.88 9.26 5.45 8.53 2.58 9.52 3.68 3.45 6.24 4.23 6.12 2.32 8.2 4.84 5.03 2.78
6.0 4.73 5.93 8.79 1.66 1.06 4.21 7.01 4.22 6.82 5.98 9.4 1.46 9.11 2.1 4.11 1.39 6.5 3.41 7.59 6.32 8.7 4.73 3.78 3.55 1.39 2.73 5.23 6.55 6.52 5.33 5.57 4.97 4.27 5.95 3.12 7.44 1.88 7.37 4.5 9.63 7.38 8.8 4.06 4.25 8.21 8.81 9.52 7.25 5.9 8.37 2.08 2.14 9.02 8.9 6.95 6.82 1.03 3.51 5.82 8.05 3.38 6.29 7.41 6.11 6.56 2.84 7.12 1.56 4.35 1.78 4.04 4.56 5.59 8.22 6.86 5.69 2.97 6.51 4.25 3.31 2.54 8.29 8.71 2.94 4.62 7.43 8.31 4.15 6.58 9.42 4.39 3.44 6.45 8.75 3.65 3.27 5.54 6.4 8.31 9.96 4.03 3.99 5.13 9.37 7.8 9.39 5.47 2.83 4.49 5.96 2.3 2.7 7.27 1.48 2.16 5.82 1.29 5.32 6.04 5.04 8.82 3.88 8.85 2.54 6.74 6.18 9.84 2.03 8.63 8.06 6.33 5.48 1.65 1.39 5.32 6.77 7.64 3.46 3.75 4.25 4.21 7.24 7.56 5.53 5.87 1.21 1.09 1.43 9.27 3.0 5.16 7.27 1.79 4.71 2.52 5.91 3.96 2.29 7.03 5.91 8.93 6.12 7.86 9.05 5.7 5.06 4.76 3.92 3.3 1.66 6.84 4.14 6.0 8.48 4.17 5.04 8.62 4.48 7.16 1.78 4.63 9.88 4.14 5.1 3.23 9.92 4.26 4.6 3.77 3.01 6.39 5.52 8.44 1.11 8.5 5.32 6.91 9.55 7.8
1.65 1.29 8.12 4.37 5.45 9.08 5.99 5.47 5.23 8.6 7.37 7.9 6.94 4.1 4.61 9.57 5.19 9.94 2.58 9.64 9.78 7.0 5.39 4.0 4.27 7.59 9.66 2.08 7.28 3.07 3.41 7.31 9.41 7.82 7.67 5.69 3.98 2.48 7.32 6.75 7.6 2.28 7.33 9.2 6.76 2.4 2.24 3.63 1.52 5.56 1.87 8.19 9.99 1.74 9.73 8.37 3.0 1.79 7.08 3.19 4.9 6.75 8.44 7.56 7.87 8.01 1.15 2.88 8.61 3.3 9.78 6.14 4.29 1.25 7.7 4.98 9.88 7.85 2.19 6.4 5.3 4.66 7.2 7.94 3.92 5.77 3.68 4.03 8.57 9.16 5.37 2.38 5.42 7.64 9.32 6.59 1.73 3.46 1.87 2.96 9.64 9.41 1.03 7.24 7.17 2.03 1.86 4.14 6.9 6.62 2.41 9.0 6.26 3.82 6.47 5.44 4.45 6.5 5.26 6.67 5.63 7.0 2.82 6.79 9.84 7.21 1.35 8.19 9.69 5.06 1.12 9.11 3.9 7.02 9.63 3.99 1.86 7.27 8.55 5.48 4.0 3.31 5.18 7.26 8.16 9.3 9.95 3.7 2.23 1.76 6.8 4.25 2.39 6.35 4.57 1.74 9.43 4.64 1.4 1.88 2.52 6.54 9.85 3.92 9.32 6.15 4.54 4.32 2.4 5.21 2.21 1.73 8.28 4.24 6.8 7.74 8.86 4.93 7.05 5.75 2.14 3.04 9.19 3.35 2.2 3.12 1.24 1.75 7.08 2.31 5.01 2.73 2.44 8.85 1.71 9.33 6.39 6.72 3.27 7.32
2.48 9.07 4.42 2.09 8.22 9.43 3.71 5.45 7.31 9.03 7.27 7.34 3.79 7.11 6.26 3.02 9.67 9.06 5.23 1.68 2.13 3.73 7.29 9.91 3.11 4.86 3.39 1.11 5.19 9.72 4.6 3.41 8.8 9.71 3.75 4.3 9.07 5.52 9.64 7.41 7.49 8.92 1.37 4.31 3.06 7.24 4.11 4.8 5.39 7.85 5.42 6.7 5.13 2.8 8.05 8.52 7.23 3.47 2.38 7.23 2.8 9.97 4.67 6.26 3.73 5.98 2.6 8.51 2.95 4.31 9.95 1.41 7.51 7.7 8.84 4.06 8.21 2.62 8.44 2.41 5.49 4.51 5.56 9.37 3.97 2.7 2.66 2.43 8.29 6.91 2.04 8.17 2.97 3.62 6.95 1.0 1.25 5.72 6.3 4.49 4.91 4.72 1.25 1.89 7.62 5.94 3.69 7.56 9.69 9.0 3.62 4.38 5.54 2.79 9.71 1.91 5.68 2.06 5.71 4.85 6.55 4.32 4.63 3.8 4.75 9.94 2.95 1.6 7.63 7.49 3.89 6.28 2.63 9.29 3.08 2.47 9.62 3.75 2.75 1.15 9.48 5.33 7.02 1.55 8.58 7.73 8.53 6.28 3.07 2.51 4.75 5.7 3.84 2.73 3.76 9.75 8.21 8.71 3.99 3.34 2.34 8.91 2.34 8.31 7.87 4.75 3.54 4.95 6.19 3.46 3.11 9.75 2.36 5.39 5.0 1.63 8.95 7.27 2.12 9.06 8.81 9.36 8.77 5.39 5.37 3.46 8.81 1.56 1.78 6.07 2.34 4.73 2.96 8.3 6.74 6.97 8.66 3.07 8.27 2.34
9.42 7.39 1.26 8.97 2.33 7.41 5.89 4.04 3.96 5.06 9.08 8.35 6.61 1.09 5.4 6.18 9.69 6.79 2.17 6.66 7.94 8.92 1.45 1.46 7.84 8.05 6.96 7.23 9.63 6.87 3.98 4.21 1.58 3.57 9.52 6.83 1.01 2.77 5.54 3.81 8.92 3.41 6.67 5.73 4.38 5.47 2.05 8.74 5.13 4.01 2.01 6.0 9.86 3.83 2.89 4.81 5.17 2.03 4.43 5.25 5.02 1.83 9.28 9.97 7.5 5.87 3.68 8.4 1.9 1.21 1.26 2.72 8.88 3.23 6.16 7.29 3.45 5.49 8.83 6.17 4.95 3.1 1.43 6.42 2.65 7.15 7.32 7.48 9.38 1.36 6.26 1.59 2.2 2.95 5.76 5.22 8.8 7.92 6.85 2.38 7.44 2.09 2.44 6.54 3.21 5.86 3.05 4.51 9.32 5.79 7.47 6.05 9.12 5.89 9.1 7.14 5.22 8.23 7.76 9.59 9.75 4.67 3.0 9.61 1.92 8.73 7.82 2.11 8.83 5.25 7.98 4.86 7.52 1.32 8.77 2.51 8.32 1.78 3.3 7.1 4.74 7.62 6.86 2.96 4.64 7.22 7.4 5.95 8.49 2.24 6.98 8.74 7.19 5.17 5.02 3.37 1.61 4.85 6.08 8.12 5.37 2.8 8.9 8.35 6.8 8.94 8.71 9.82 7.63 2.61 2.11 4.37 6.27 3.94 8.39 1.86 3.03 1.48 4.77 9.97 5.72 7.56 4.31 3.73 8.5 2.67 8.11 2.38 2.4 8.67 6.45 6.42 6.3 9.15 6.25 7.22 3.74 1.66 1.49 3.84
2.27 7.35 2.35 1.7 1.03 9.69 6.15 5.76 5.9 1.32 7.94 3.82 4.81 5.81 1.15 1.69 1.97 7.29 1.06 1.73 4.11 3.54 2.89 8.14 3.2 3.1 6.04 5.06 7.42 1.26 5.77 4.31 7.02 6.18 3.48 3.1 7.2 4.34 9.87 2.24 8.4 2.01 1.11 3.72 5.11 8.89 7.06 3.73 9.84 9.45 2.1 4.55 8.67 7.11 1.11 7.53 7.41 3.0 3.05 3.98 6.92 8.44 3.72 3.37 9.29 3.85 9.54 7.05 8.2 9.08 1.34 8.65 9.29 3.4 4.85 6.73 9.71 7.78 8.95 8.53 1.38 4.02 6.61 4.99 7.68 8.4 9.71 5.64 3.46 4.16 2.74 8.65 9.36 4.96 2.53 8.85 1.66 5.2 6.46 8.76 4.33 4.87 1.52 6.94 7.82 6.77 6.12 2.29 2.25 7.96 6.85 7.52 5.44 9.02 6.66 3.72 6.05 3.26 9.7 8.53 3.77 5.74 8.96 1.39 7.41 6.82 5.79 2.09 9.09 9.96 3.84 7.14 4.06 2.24 9.51 1.78 1.13 7.3 2.2 2.49 1.14 6.15 8.04 6.63 1.69 7.08 9.23 5.7 3.94 9.73 7.1 7.64 8.38 2.66 9.79 8.39 3.13 6.76 1.25 5.9 8.25 8.87 9.34 5.46 8.98 5.61 9.49 7.11 2.67 1.27 9.74 1.92 3.26 4.88 3.59 7.58 7.35 2.74 1.28 2.57 7.19 5.66 2.88 9.68 9.88 9.75 4.64 5.95 7.16 5.76 4.93 9.34 9.5 4.39 1.13 5.12 5.63 8.72 5.79 5.37
6.15 6.7 8.94 2.01 9.0 6.09 1.01 9.47 3.12 4.65 9.15 2.52 1.9 5.82 8.07 2.09 4.62 1.18 4.13 7.0 5.31 5.45 2.02 1.17 5.59 2.37 7.55 9.01 4.35 1.37 7.73 4.33 8.73 6.19 8.17 8.76 9.79 5.18 8.88 5.21 3.54 9.87 9.39 1.0 5.96 9.15 9.51 3.01 5.53 3.06 4.94 3.3 2.17 8.75 4.95 5.07 2.16 5.75 6.12 6.78 7.19 2.21 2.95 6.47 7.53 5.17 9.32 2.55 5.14 2.2 8.95 3.39 5.45 3.33 6.39 8.76 7.31 4.51 4.26 6.39 6.59 1.9 4.85 7.24 1.33 5.02 6.37 5.77 6.63 8.43 6.84 7.31 7.24 3.24 1.66 6.22 7.89 9.93 2.09 6.9 3.97 4.37 4.1 6.84 8.86 9.03 2.8 3.33 8.96 3.31 1.28 2.67 6.29 2.32 2.58 4.39 6.82 9.41 8.95 8.08 9.8 1.29 7.23 1.87 9.19 1.3 5.34 2.32 3.44 5.42 9.03 6.63 3.49 1.08 6.85 2.35 4.61 9.29 7.81 5.49 4.73 7.51 6.45 1.75 8.02 9.13 1.14 3.75 5.78 1.6 8.87 5.09 9.55 2.52 6.66 7.2 4.08 8.37 7.49 7.01 1.64 5.93 5.0 6.68 5.82 8.0 6.58 9.96 1.22 2.1 3.61 3.15 9.05 3.61 4.87 5.88 9.6 7.35 8.24 7.05 4.83 7.37 5.17 8.63 6.17 8.08 5.3 3.02 9.47 6.67 9.86 3.55 7.89 8.28 2.04 8.28 6.85 9.67 6.16 6.03
9.28 3.81 8.54 4.35 8.23 3.06 4.23 4.64 4.69 7.69 1.48 8.6 7.99 5.51 1.57 3.67 9.2 2.21 3.16 5.77 9.16 3.7 8.51 8.47 6.6 5.29 6.97 8.97 3.68 1.39 9.67 8.37 3.91 8.11 9.19 2.84 5.86 2.98 3.51 9.77 8.6 2.82 7.49 1.91 3.17 4.76 2.87 1.14 4.13 3.35 1.39 9.51 8.39 1.54 9.97 8.32 6.66 1.17 4.94 7.22 8.26 1.45 6.12 8.05 5.13 4.72 5.98 8.33 3.22 3.01 3.32 7.6 6.19 9.68 5.39 7.69 9.52 6.05 9.88 9.53 8.47 6.47 2.99 9.28 9.32 1.53 9.55 8.1 1.77 5.61 6.33 5.63 7.68 7.15 2.1 7.77 6.12 1.59 6.66 8.41 5.49 9.06 8.09 7.49 5.69 3.14 5.4 4.49 1.09 6.31 3.11 4.49 6.26 9.34 1.92 2.09 1.38 5.27 7.9 4.84 5.75 2.18 7.55 4.91 4.7 5.07 4.19 8.01 2.86 2.79 4.25 1.14 4.69 5.9 8.97 8.41 2.64 5.91 5.89 8.94 7.41 1.02 8.08 5.05 5.95 6.23 4.17 5.7 9.66 4.89 4.65 1.97 3.62 8.1 4.18 5.11 2.79 6.54 8.43 8.24 5.83 3.24 1.21 2.35 7.0 1.74 9.31 1.26 9.62 8.21 8.54 7.2 5.49 2.12 1.4 7.54 2.84 6.33 1.41 9.86 4.6 7.63 2.75 5.64 9.6 1.83 9.98 9.7 4.69 1.43 6.58 6.87 7.62 7.64 2.23 6.75 2.94 1.49 3.32 5.31
3.67 9.43 6.91 6.54 5.4 7.8 9.77 9.42 4.28 4.55 1.21 3.32 5.88 9.81 2.5 3.97 2.31 7.06 9.83 8.71 5.67 4.42 8.26 1.78 2.0 3.04 5.13 9.32 2.18 9.83 6.83 2.6 6.42 1.85 9.42 3.11 7.87 3.45 5.32 8.95 1.51 9.6 4.34 7.26 4.48 2.3 7.7 1.97 7.61 4.74 6.96 3.61 4.6 3.09 5.93 3.63 6.65 1.91 6.2 3.46 5.19 3.67 4.53 8.1 1.05 1.99 2.37 7.07 2.04 7.3 7.31 3.0 6.79 2.6 7.48 6.44 8.13 7.47 5.05 7.45 3.19 4.98 5.02 5.43 8.87 8.55 5.48 4.5 3.33 8.97 4.76 2.58 4.19 3.76 8.96 5.71 2.77 2.8 7.9 7.28 7.17 1.41 8.41 1.32 5.08 6.84 9.45 8.42 6.18 3.1 9.06 3.0 5.25 7.94 6.72 1.13 9.77 6.47 6.28 3.03 3.41 2.67 6.01 4.26 9.64 8.29 4.0 6.96 2.52 6.27 5.6 7.08 8.6 3.65 8.16 6.64 9.22 2.3 9.41 3.16 8.36 8.48 7.3 5.64 3.33 7.43 2.68 5.46 8.65 4.34 9.86 7.66 7.03 8.57 3.97 6.31 5.95 8.94 7.37 3.04 8.13 7.07 1.58 7.76 9.38 1.32 7.66 7.22 5.68 7.03 3.38 4.25 2.41 3.41 6.92 6.36 1.83 5.06 6.62 2.37 4.99 2.81 7.01 1.32 9.15 7.55 1.12 7.82 5.93 3.05 8.2 8.95 6.53 7.63 1.07 8.34 9.16 3.59 5.98 8.48
3.4 6.73 6.57 3.77 8.76 9.52 4.2 9.36 3.04 7.82 3.26 1.36 1.6 8.84 5.05 8.91 8.08 6.83 4.32 3.44 8.75 5.39 4.26 1.47 5.74 9.25 4.53 7.04 9.67 1.36 6.89 9.12 7.88 1.02 9.59 3.02 4.07 4.24 8.26 4.56 9.14 4.9 7.38 8.36 8.39 6.65 7.76 7.54 4.54 5.61 1.65 9.4 4.15 6.23 2.74 1.26 8.67 2.06 4.25 3.96 5.67 6.13 1.91 4.53 8.55 5.77 9.34 1.72 6.06 7.81 8.5 7.12 8.1 2.43 2.67 5.39 9.87 8.82 5.55 3.4 2.52 4.76 1.45 9.44 8.57 2.91 8.21 6.76 5.73 7.97 4.34 5.31 1.79 6.34 5.68 9.4 3.22 5.49 6.34 3.27 7.57 2.17 5.87 7.07 7.79 8.83 4.55 2.52 3.58 2.74 3.73 6.14 7.41 8.14 3.88 4.04 4.38 8.73 5.2 8.35 4.28 3.14 6.85 7.63 2.37 6.61 9.81 7.26 6.07 3.84 8.66 4.27 6.23 2.54 6.59 5.38 9.49 4.73 9.42 4.56 3.11 2.84 8.37 2.06 7.31 2.91 7.2 1.85 7.21 5.95 4.36 7.95 7.42 7.82 5.4 8.91 2.7 6.65 7.79 9.37 6.82 9.84 4.02 5.99 4.88 3.46 3.72 2.87 1.45 1.69 1.83 2.01 9.09 3.97 6.06 6.53 3.24 1.37 4.97 1.55 3.8 9.05 5.0 9.8 8.64 4.97 7.82 1.44 6.63 7.29 2.89 4.27 3.95 3.43 3.14 7.69 4.85 7.9 4.2 9.95
4.99 3.45 8.46 7.94 8.33 7.62 4.43 9.17 1.55 3.85 6.42 3.2 6.87 4.61 8.26 1.86 7.82 7.47 3.1 5.82 4.75 4.11 6.94 8.71 5.94 8.47 6.51 8.14 8.63 5.57 7.9 5.77 7.57 3.41 6.54 1.79 1.4 5.65 1.55 3.59 6.52 1.68 7.38 7.49 4.08 6.75 3.43 8.75 3.21 5.02 2.23 9.06 6.31 3.11 4.6 9.55 9.56 6.05 4.12 6.65 4.12 6.62 6.77 8.91 2.52 6.37 9.12 3.37 4.76 2.63 6.41 9.48 1.71 2.73 7.69 7.82 3.08 9.06 5.05 3.91 9.38 7.82 8.2 8.83 6.7 9.66 2.35 5.38 2.95 9.26 3.44 2.5 1.49 2.16 1.35 2.31 9.87 4.11 8.19 7.64 9.84 3.13 2.13 6.06 4.64 8.17 5.79 9.41 4.02 4.18 1.98 1.27 4.72 9.55 5.84 4.57 6.46 8.74 1.34 7.47 2.78 6.87 5.68 3.21 7.46 6.14 7.88 5.75 6.22 6.06 2.65 4.85 5.7 6.74 2.07 8.74 5.31 1.1 7.36 7.37 7.31 7.04 4.98 6.66 4.23 1.73 8.41 6.33 6.12 8.33 3.99 2.4 9.85 2.17 4.6 3.3 7.52 8.71 7.17 6.35 3.59 9.39 5.19 9.1 8.93 9.51 8.85 9.07 4.7 6.61 2.25 4.81 3.82 2.48 2.44 2.5 3.66 1.52 3.71 5.48 5.23 7.25 4.72 7.07 7.61 1.2 6.16 2.04 2.13 6.97 4.08 2.51 4.22 9.77 2.99 3.95 8.7 7.36 3.01 2.72
4.13 5.41 3.88 5.51 1.68 5.15 8.64 7.55 6.63 6.28 7.96 1.13 2.33 1.01 5.51 1.53 7.98 2.69 5.5 2.18 5.12 2.46 5.97 1.55 2.1 9.9 5.74 3.74 4.44 8.69 8.82 7.71 6.03 6.84 6.65 8.15 1.27 7.36 9.36 1.07 1.43 8.44 6.11 3.44 4.06 9.12 6.87 2.59 9.74 9.21 3.27 7.23 1.4 7.56 4.57 4.4 8.69 9.97 8.06 4.17 4.98 7.52 4.95 2.32 8.26 1.81 6.57 7.35 3.52 4.15 9.37 5.26 5.42 7.15 2.21 9.29 6.94 6.27 8.72 6.23 2.66 2.44 2.33 3.12 3.65 4.59 3.08 1.01 6.09 1.01 2.11 4.61 6.11 5.54 6.92 7.37 4.5 9.02 6.48 1.36 7.68 9.53 1.31 1.79 3.23 6.53 1.38 1.41 1.14 1.97 2.8 3.74 2.49 8.24 8.34 1.25 4.97 2.8 7.71 7.73 2.82 2.72 4.61 9.82 7.26 4.53 1.5 9.7 6.62 9.38 7.64 2.86 2.61 5.79 8.98 8.55 8.62 3.89 3.74 7.85 7.79 8.22 9.26 6.82 5.27 1.53 1.42 9.09 3.49 5.83 5.18 7.05 3.89 1.02 2.91 3.04 1.52 3.46 9.59 4.94 6.95 9.44 6.67 6.39 1.8 9.28 9.97 8.0 9.23 8.29 6.31 8.04 3.98 5.78 5.71 7.69 1.1 9.1 3.45 4.38 1.24 7.65 7.73 3.09 7.53 5.1 7.02 6.9 1.3 2.16 8.29 8.15 7.63 6.8 1.39 2.99 8.93 7.79 2.37 8.14
8.95 8.03 1.04 8.7 3.56 5.43 1.22 9.43 9.65 5.57 5.94 4.66 1.58 3.34 2.1 6.42 4.77 4.82 6.1 3.09 5.35 9.92 6.46 5.18 8.23 1.47 9.63 5.08 4.09 6.04 3.56 6.09 5.96 1.79 2.22 5.77 2.03 6.53 9.6 4.51 7.46 6.1 5.48 1.23 7.99 2.77 1.07 1.36 6.97 1.66 7.08 6.91 3.59 6.96 2.02 9.3 2.34 8.23 5.28 2.38 1.01 3.57 1.58 9.0 5.88 2.79 3.33 7.81 8.96 9.94 1.73 4.48 4.9 1.55 5.49 3.9 7.64 7.64 6.59 4.47 3.73 8.21 1.24 3.67 9.45 2.18 3.84 3.37 4.01 7.85 6.87 9.19 5.86 5.16 6.46 9.84 5.37 6.64 9.41 7.15 4.73 1.5 2.9 5.67 8.93 3.03 6.81 6.19 1.0 3.11 3.56 2.65 9.2 4.8 5.17 6.12 6.95 6.37 2.86 6.97 9.36 9.49 2.65 2.2 8.35 5.9 1.59 8.31 4.23 7.62 5.33 3.16 7.05 4.73 6.56 5.09 8.56 9.76 3.75 5.69 2.77 3.92 4.87 7.94 9.29 8.03 7.83 7.08 7.69 6.42 2.24 4.47 3.66 2.8 8.62 6.49 8.52 6.5 4.13 2.2 8.8 6.62 4.2 9.74 4.5 9.75 4.85 1.11 4.78 8.84 8.72 2.72 2.06 4.33 7.81 6.87 2.3 7.24 7.06 4.13 3.94 4.5 5.13 9.1 9.95 2.21 5.16 1.52 7.89 1.09 8.34 3.57 3.51 8.34 8.99 6.18 7.41 6.82 7.7 1.3
9.42 8.71 6.49 8.88 7.58 6.06 4.37 2.78 8.43 7.31 1.43 3.37 5.81 4.89 2.55 1.34 9.01 3.65 4.45 3.49 7.16 6.72 4.8 2.19 8.11 3.57 1.21 4.3 3.1 7.35 4.34 4.83 6.38 1.16 4.5 8.84 2.13 1.08 9.74 5.47 8.55 7.38 3.36 1.47 6.05 1.18 5.87 1.53 4.67 3.13 9.02 8.26 9.25 1.03 8.54 3.22 4.85 2.12 8.18 3.37 5.96 9.74 5.49 7.14 1.28 4.08 7.9 8.93 3.91 1.84 6.19 4.96 8.22 9.26 9.24 6.54 9.11 3.06 8.48 7.55 5.41 2.78 4.35 2.18 3.87 6.33 6.28 9.83 6.46 2.26 6.52 4.08 4.27 8.98 9.14 3.33 9.84 7.09 5.81 3.38 5.74 2.71 4.51 7.26 2.05 5.5 8.31 7.48 1.88 4.49 6.64 1.76 5.63 2.94 4.48 6.94 6.7 9.9 8.95 9.68 2.17 1.09 3.94 9.52 6.24 7.24 4.87 2.84 8.19 7.5 7.33 1.51 3.37 9.77 6.25 2.62 3.37 5.59 4.36 2.45 6.03 2.29 2.46 2.9 7.94 9.83 5.03 3.41 5.49 1.77 6.22 1.58 6.34 2.87 7.29 4.75 6.69 8.82 3.57 2.0 6.81 9.78 2.13 8.39 4.82 8.61 6.37 3.83 9.89 9.1 9.63 6.33 2.6 6.45 3.12 2.33 5.43 2.01 2.53 2.87 5.79 7.26 4.02 4.92 6.84 9.91 7.33 7.73 3.37 9.01 1.53 8.02 7.28 1.56 7.67 4.7 5.7 8.11 9.27 5.67
9.43 3.13 3.12 8.26 4.33 3.99 5.6 4.88 6.03 1.2 7.05 2.15 7.56 2.75 2.68 8.19 7.01 2.22 7.88 5.06 4.64 8.51 5.95 5.41 1.85 1.35 3.03 8.27 9.98 7.46 7.11 4.76 1.26 9.48 2.5 4.14 9.97 6.71 7.85 9.24 5.46 7.1 8.3 6.75 6.86 5.16 9.56 1.84 6.29 4.17 7.02 4.32 9.27 5.25 2.55 8.03 4.43 6.53 6.75 1.39 3.0 3.58 8.46 2.94 2.94 5.99 1.24 2.5 1.94 6.56 7.17 3.31 4.85 3.78 8.14 9.9 3.19 4.87 9.96 3.12 9.69 2.22 9.37 1.03 7.52 2.9 8.12 5.13 7.08 2.75 4.41 3.13 8.55 5.58 4.07 6.27 7.17 9.65 7.62 6.45 9.09 2.74 7.92 2.0 4.14 1.27 8.71 8.53 2.77 4.21 5.48 3.36 4.7 8.5 3.55 4.99 9.11 9.35 2.39 1.73 6.27 6.15 9.38 6.05 7.54 5.96 3.56 1.27 8.48 4.34 5.13 9.87 7.49 4.3 4.32 1.3 6.56 2.2 9.41 7.14 8.69 1.23 2.12 4.41 5.43 5.29 2.74 1.51 2.12 8.26 1.55 5.94 4.47 3.71 7.92 6.08 6.27 4.32 3.61 3.67 3.51 6.53 4.36 5.77 8.2 9.39 7.5 5.6 9.66 5.8 9.22 9.28 8.3 5.2 4.4 1.54 2.95 6.8 8.28 1.48 6.35 2.31 2.08 3.02 3.66 9.34 2.8 7.99 9.31 8.51 1.63 2.82 4.49 6.91 5.95 5.88 4.51 6.59 1.61 3.75
3.77 4.66 4.5 6.96 9.24 2.55 9.94 8.48 1.41 4.62 1.42 2.39 1.76 6.47 6.72 9.86 5.49 7.09 3.83 6.69 1.18 7.17 5.71 4.42 2.47 3.15 4.26 6.29 1.08 6.76 2.01 1.19 8.86 2.36 2.57 1.0 9.32 3.78 6.81 3.06 9.57 7.01 8.81 4.43 1.4 6.57 7.59 6.83 4.5 9.76 8.48 8.21 7.2 7.86 4.24 4.73 5.03 2.35 2.26 10.0 2.18 3.86 3.35 8.64 7.29 4.19 1.27 8.11 5.68 9.57 8.19 8.63 9.77 9.46 1.36 4.76 6.08 3.93 3.08 6.14 3.97 8.36 4.92 5.86 5.93 9.13 5.28 8.4 9.88 6.53 6.68 3.05 4.98 4.65 3.53 3.64 2.22 4.91 1.16 5.64 3.39 8.01 7.42 7.89 5.2 8.77 5.1 7.44 5.22 6.38 2.38 5.3 7.96 2.48 9.55 6.06 9.89 3.32 8.16 1.47 6.24 4.47 9.03 8.89 4.22 3.55 9.32 3.47 6.26 6.88 8.45 9.85 9.93 5.86 2.27 6.85 3.65 2.67 5.75 6.83 7.46 5.24 2.12 4.77 4.3 5.27 6.9 8.83 8.8 6.89 7.36 1.39 2.72 2.79 6.72 2.07 7.76 8.54 4.97 6.6 2.32 6.09 3.8 8.9 7.05 5.48 3.66 8.43 7.71 3.36 4.92 1.73 5.96 8.38 8.85 7.61 9.46 7.55 5.86 3.32 5.55 6.65 7.07 1.99 5.84 2.64 5.87 5.45 9.66 2.97 3.8 4.27 1.8 7.23 5.35 9.4 2.54 7.68 1.04 7.77
3.35 4.47 6.59 9.22 7.97 6.42 1.24 1.72 1.14 2.94 2.26 8.49 9.41 5.31 6.02 3.07 3.85 7.79 2.11 9.04 6.9 5.05 4.26 8.66 5.94 4.28 2.42 4.39 4.97 5.77 2.68 4.07 6.4 2.4 7.65 8.1 4.64 5.0 1.98 2.21 9.15 4.69 1.78 8.92 8.57 6.58 7.17 5.64 3.19 2.1 9.55 9.41 1.34 4.8 7.15 7.07 2.28 3.03 8.07 6.49 2.95 8.33 9.88 4.47 4.28 4.9 3.04 8.43 2.93 7.34 5.92 6.2 5.11 4.14 3.54 2.74 3.22 6.4 8.71 2.51 1.56 9.52 7.52 8.79 5.85 5.8 8.38 2.25 9.46 4.98 1.64 7.74 5.78 5.1 6.03 1.24 8.77 3.35 9.89 8.98 9.84 3.5 2.83 9.17 6.68 3.98 3.09 1.77 5.39 4.97 8.88 6.62 7.9 8.17 1.81 4.46 7.29 5.38 9.25 7.82 3.16 3.7 8.26 1.09 9.72 5.16 1.92 4.09 7.0 1.35 3.7 2.17 1.34 2.38 2.52 9.53 1.84 2.85 4.4 9.19 3.35 7.22 6.13 5.91 7.41 3.84 9.6 7.89 6.44 9.22 8.43 5.88 6.72 5.22 3.57 4.72 2.22 4.29 1.27 7.98 2.51 9.83 3.82 6.18 5.76 7.02 5.07 6.11 2.59 7.72 3.34 6.75 5.11 4.39 4.11 7.01 9.41 3.5 6.8 2.06 7.0 2.85 9.77 4.17 8.27 9.25 3.52 5.4 5.93 8.13 4.88 9.89 7.9 2.3 9.88 1.51 1.87 3.25 2.53 6.9
3.36 5.31 7.49 3.41 7.01 7.28 5.6 2.47 7.64 4.1 7.75 2.56 7.4 6.54 7.63 2.56 1.64 7.48 9.82 6.98 9.79 3.49 5.75 9.41 5.72 4.31 7.02 4.23 2.62 4.07 3.56 8.91 3.02 8.58 8.3 6.22 6.08 5.21 4.63 4.21 8.54 2.75 8.7 3.5 9.74 8.6 5.58 9.61 6.36 4.95 5.72 9.78 4.74 7.61 6.8 5.39 3.93 6.35 9.81 6.81 9.37 1.3 3.36 1.52 6.78 9.23 7.99 1.05 3.61 6.7 4.96 5.79 2.77 5.37 5.93 7.12 1.36 3.84 9.78 9.84 3.29 8.68 6.0 7.94 1.76 9.43 4.71 3.48 8.68 3.54 1.82 9.55 8.48 8.3 1.98 6.84 6.45 4.75 6.0 6.3 3.88 7.37 5.27 2.25 4.92 7.92 8.54 8.15 3.52 3.93 2.91 7.36 6.58 8.68 6.62 4.56 8.69 1.84 1.75 5.25 5.65 4.49 3.54 6.39 7.68 7.49 2.69 1.15 2.35 5.71 5.2 8.4 1.88 5.23 4.01 9.83 1.67 3.49 7.79 3.45 7.73 3.45 8.5 8.52 2.79 3.82 2.13 6.43 5.97 6.29 6.52 3.86 9.1 7.33 7.26 1.79 6.89 8.98 6.91 2.67 6.76 2.83 1.59 7.48 5.16 6.98 1.78 9.94 4.95 2.35 9.91 2.0 2.77 6.0 4.11 6.32 1.77 2.69 2.62 5.7 8.34 3.59 4.25 9.12 5.95 6.37 1.04 2.73 1.91 7.13 9.48 1.75 2.57 6.15 9.29 6.66 5.67 1.95 1.1 9.69
8.09 6.32 5.35 7.75 4.1 6.67 2.33 6.41 9.12 2.51 2.79 3.21 3.78 2.7 8.72 4.33 2.67 4.22 9.37 7.79 2.34 3.97 1.97 5.05 7.27 2.3 6.23 3.36 1.88 8.95 9.56 4.51 1.44 6.55 8.86 8.03 7.9 4.99 6.65 6.15 1.76 7.39 5.92 9.58 8.0 9.92 1.75 5.16 4.58 6.24 7.98 1.3 8.13 2.98 8.12 4.43 5.34 5.28 3.83 8.53 6.42 2.72 9.91 7.07 6.89 7.86 9.4 2.73 1.78 6.18 5.24 2.58 5.5 4.74 5.8 1.25 9.42 3.94 9.26 1.11 5.23 8.33 1.7 8.71 1.07 6.64 9.94 8.96 4.87 3.43 1.82 7.85 4.56 4.4 6.74 2.5 5.76 2.94 3.58 6.63 5.72 8.97 7.39 9.18 1.42 3.03 4.01 6.38 4.43 8.57 2.38 5.88 7.99 5.67 3.7 6.72 9.27 9.63 2.38 2.32 9.51 2.71 7.88 6.13 7.68 5.49 9.94 1.43 6.88 7.84 9.7 7.33 6.87 4.98 4.97 6.38 3.59 2.97 2.58 5.22 1.06 2.24 3.38 7.04 6.11 1.27 5.71 1.37 3.15 3.12 4.27 1.23 3.02 9.36 4.74 7.95 10.0 6.44 1.01 3.27 5.45 4.09 5.21 3.84 6.02 3.59 2.25 8.61 5.44 3.09 8.75 1.99 9.39 1.92 1.39 6.38 8.45 7.9 8.42 8.58 9.09 8.9 2.36 8.37 4.38 5.39 9.77 7.39 7.89 3.58 2.02 7.55 8.62 2.74 2.99 8.37 1.35 2.95 3.56 4.59
6.04 5.42 7.4 1.65 5.61 4.11 7.08 7.41 6.44 8.91 9.75 8.0 4.46 8.96 4.03 3.74 5.0 9.8 3.52 2.13 3.85 2.18 4.88 8.67 3.49 7.16 6.58 4.48 9.86 3.91 2.98 8.68 2.83 2.63 7.69 9.06 9.21 3.19 2.74 9.59 3.6 8.41 6.5 1.72 1.99 8.21 3.3 4.3 1.37 8.11 6.79 9.87 9.04 4.78 4.56 3.23 2.09 1.16 2.02 2.26 6.0 9.83 4.08 3.35 4.81 3.62 2.59 9.7 8.65 1.35 8.34 6.9 6.58 7.86 2.21 3.48 9.55 8.58 6.29 9.75 8.26 5.95 8.39 8.42 8.81 2.74 9.99 1.71 7.18 9.93 6.65 6.41 2.8 3.57 1.18 8.84 1.29 9.0 8.76 3.11 7.56 3.06 6.01 9.96 6.92 9.35 3.73 1.76 6.34 3.24 6.79 6.21 7.14 8.57 7.8 4.8 2.68 5.59 6.77 6.86 2.41 8.34 1.28 3.85 8.48 5.75 2.38 4.05 4.27 4.6 3.25 5.73 8.47 2.23 8.53 8.7 1.69 9.04 3.88 8.88 6.22 2.38 6.19 9.24 2.73 5.41 3.08 2.64 1.02 6.54 6.18 1.6 1.01 8.01 6.58 5.89 4.18 2.26 6.33 2.01 3.8 7.37 6.4 8.73 2.75 5.61 2.52 1.95 7.3 3.25 5.79 3.2 8.01 4.02 8.33 1.7 3.42 2.34 2.66 3.22 6.1 4.61 1.1 6.39 6.38 4.46 4.66 9.75 3.16 3.98 2.03 9.27 2.44 2.8 7.14 7.81 5.41 3.59 8.0 9.03
3.02 8.12 3.64 8.71 4.97 5.06 6.67 7.9 7.27 3.47 2.84 5.27 2.35 4.45 2.34 5.99 6.8 6.1 6.07 5.96 2.19 2.36 3.62 4.27 3.02 5.62 4.05 8.3 4.36 6.1 6.04 9.5 4.51 9.16 9.72 6.92 5.11 1.69 5.86 7.91 6.17 7.96 3.17 6.18 5.44 6.8 7.52 9.21 4.41 3.69 4.27 8.42 9.79 2.97 9.57 1.69 6.35 5.76 5.63 2.46 5.78 1.42 3.16 3.45 8.88 4.77 5.7 8.34 2.09 4.84 1.75 9.45 2.55 3.36 8.0 1.68 1.02 9.35 6.51 1.76 6.13 4.73 6.83 2.42 8.69 6.71 5.0 7.67 3.75 2.88 4.63 9.99 2.48 6.94 6.15 5.64 4.01 9.54 9.75 3.39 4.75 5.45 6.63 5.07 5.29 5.45 6.76 3.26 9.72 8.78 1.06 1.3 2.86 6.8 1.34 2.68 3.39 8.28 5.18 6.21 1.42 4.59 4.9 3.96 5.31 1.32 1.21 4.47 5.5 3.54 5.61 2.46 1.19 7.09 8.7 9.58 7.58 6.82 4.7 9.26 8.22 9.14 7.3 1.02 1.02 4.76 2.13 9.61 3.9 3.71 9.33 7.03 5.59 1.07 4.91 6.49 8.35 4.53 2.63 8.46 2.41 8.59 2.16 5.76 4.38 3.91 6.77 6.25 5.94 7.71 3.9 7.97 7.57 7.85 5.86 8.32 5.0 8.05 1.25 3.51 1.27 8.61 5.59 4.92 2.46 8.97 1.84 2.44 9.83 5.57 5.26 9.68 6.63 3.12 2.9 6.49 1.48 2.7 2.75 7.76
5.43 3.51 7.47 7.93 8.74 3.71 9.33 6.68 7.75 6.09 8.15 3.45 6.16 1.58 6.0 2.71 8.93 6.57 1.59 1.49 9.35 2.81 8.03 1.97 5.81 7.02 1.31 5.76 5.58 3.89 4.77 4.33 4.67 1.99 8.31 8.78 6.92 3.15 4.18 7.72 6.2 7.59 9.47 8.94 6.05 9.05 3.67 4.49 2.12 7.74 4.75 5.61 7.92 1.37 2.97 1.19 6.64 4.24 7.04 7.52 4.55 5.2 8.75 7.73 5.59 2.65 2.15 2.87 4.76 7.81 5.12 2.57 1.03 1.77 5.77 2.05 2.17 6.18 6.17 6.56 5.73 6.65 1.2 8.16 5.35 4.61 4.56 9.63 6.17 7.77 2.96 1.04 6.04 3.58 9.13 8.82 1.95 2.74 2.33 4.96 1.12 8.49 6.27 7.43 6.2 4.72 7.86 6.13 6.34 8.76 5.93 7.9 4.08 5.9 4.08 2.14 5.49 1.22 7.92 2.96 4.61 9.53 3.72 2.75 4.75 9.48 3.46 5.56 8.29 4.64 5.37 5.94 8.83 1.82 3.83 8.29 8.11 4.95 8.91 3.92 1.97 1.26 6.39 1.08 4.39 3.18 7.7 6.09 5.38 9.96 4.84 2.54 9.17 6.98 4.17 3.91 6.25 9.35 9.55 6.91 4.89 2.08 8.84 5.68 2.08 5.06 2.67 7.67 1.54 4.82 8.6 9.83 6.36 4.96 2.17 7.72 9.49 8.8 7.79 2.61 1.08 2.32 6.76 7.64 4.77 9.72 7.06 1.24 9.25 7.64 7.8 9.5 2.53 3.6 4.01 4.93 6.54 1.28 4.71 8.11
6.58 8.12 4.63 5.9 9.07 3.51 4.33 9.27 9.9 2.36 6.27 7.85 8.62 4.79 6.09 2.28 4.94 1.79 8.71 8.42 8.11 3.63 2.31 4.18 4.78 2.57 3.91 1.18 1.04 5.34 7.16 8.67 1.78 6.45 9.16 5.5 2.52 4.42 9.17 8.84 3.71 7.15 8.07 4.47 8.84 3.55 6.12 4.85 3.56 8.71 6.48 7.19 6.13 2.83 8.72 9.39 4.37 1.26 3.55 8.46 8.16 1.3 2.61 9.79 4.97 6.73 3.82 4.24 5.53 2.97 4.68 8.84 1.09 9.08 8.81 2.06 4.08 2.26 4.18 1.52 2.57 7.32 4.08 4.69 3.06 7.18 9.02 8.55 3.76 8.51 3.09 8.33 5.3 6.33 7.38 7.36 6.19 3.03 5.69 6.4 7.73 7.28 1.31 6.21 6.52 9.66 4.64 8.61 7.52 9.55 8.13 3.56 9.02 8.3 2.84 8.35 8.56 9.95 7.62 1.67 2.22 2.49 4.16 2.59 9.49 7.4 2.14 8.57 9.12 3.34 6.08 2.01 9.37 2.94 3.41 4.7 2.15 2.21 1.75 5.4 4.28 5.27 8.79 9.05 9.23 7.52 5.29 8.99 5.02 8.17 9.84 9.47 4.89 8.04 4.04 4.11 6.88 2.25 7.35 3.17 6.46 9.15 3.61 5.32 2.82 7.81 7.29 1.95 8.68 8.29 3.74 3.05 6.42 2.8 9.62 6.68 9.45 3.89 9.03 3.88 6.09 1.66 9.88 3.23 1.57 6.74 8.61 2.69 5.41 7.82 1.99 5.88 1.49 5.03 4.21 9.36 3.74 1.15 6.36 4.33
6.94 7.09 4.94 2.35 9.59 8.13 6.84 3.02 7.83 5.46 8.02 9.18 3.24 7.74 6.16 8.57 4.71 7.27 1.06 3.49 3.13 3.48 2.65 9.86 6.27 2.81 9.9 3.27 2.84 9.67 3.0 5.43 2.73 3.45 9.31 3.4 7.13 5.94 9.42 3.07 2.85 3.76 3.53 5.42 2.56 6.3 3.3 8.83 4.37 6.68 9.76 8.46 2.16 3.34 4.74 4.7 3.88 4.2 9.94 2.79 4.85 2.0 1.39 3.62 3.93 7.08 3.88 7.1 1.64 5.67 8.11 1.52 7.83 1.19 1.37 7.92 5.91 4.4 1.56 2.2 1.25 3.25 2.31 7.04 6.36 2.82 5.49 2.42 1.31 8.12 8.04 1.17 5.62 7.25 2.09 9.39 2.63 2.93 9.03 5.96 3.7 3.07 8.16 6.68 9.34 6.41 3.0 1.38 5.17 1.51 6.39 5.9 7.29 2.84 4.47 3.13 4.19 2.25 4.56 8.15 2.01 4.62 6.69 9.32 5.4 6.54 9.39 6.31 8.09 5.99 6.02 4.4 7.94 6.47 4.88 3.35 3.11 6.94 7.8 4.53 4.87 1.88 8.68 3.53 8.33 5.99 4.08 4.23 1.54 2.87 7.54 9.1 8.76 1.41 9.44 4.68 7.01 5.48 5.65 1.08 8.93 1.08 1.84 3.06 4.65 1.35 4.14 4.41 5.26 3.6 6.58 3.89 1.19 8.6 8.78 2.56 5.43 6.93 9.05 5.51 1.17 4.62 2.25 8.34 3.38 9.0 4.88 6.58 7.51 4.88 4.11 1.19 1.19 4.09 8.58 6.78 5.77 1.59 2.44 2.15
6.0 4.74 6.35 1.91 8.72 1.07 5.07 1.49 4.6 6.43 5.58 6.31 6.52 2.55 9.52 5.37 7.81 3.07 9.8 7.82 6.91 3.83 3.19 9.35 4.82 3.54 9.24 6.46 1.28 3.49 3.39 8.1 8.27 4.44 1.93 7.08 8.21 9.09 5.43 4.53 4.76 5.16 1.43 4.64 2.25 9.74 4.36 1.51 2.77 8.1 9.32 2.75 5.74 9.09 6.47 7.29 7.75 1.09 2.5 4.22 1.06 3.97 5.07 5.71 3.34 1.5 7.86 7.51 4.43 1.96 5.28 4.2 2.01 3.61 5.09 8.76 4.61 5.11 1.35 1.66 3.83 6.91 2.85 1.83 5.5 1.67 3.8 9.34 3.33 2.78 3.12 4.08 1.71 8.31 1.67 9.21 6.16 5.37 6.85 1.01 1.73 8.84 7.68 4.41 7.72 2.09 5.22 6.88 8.5 3.47 5.45 7.98 8.82 2.96 9.67 2.18 3.11 8.52 2.68 3.62 7.21 6.32 9.24 5.48 3.24 1.64 6.14 3.98 5.13 9.04 7.65 1.52 7.71 5.39 7.71 1.03 3.17 6.02 6.11 3.84 7.13 2.97 7.98 1.85 4.9 8.45 5.87 5.22 3.5 5.11 7.26 7.66 8.94 2.58 5.35 9.77 2.17 3.3 3.64 6.85 4.13 4.43 2.96 9.73 4.71 5.49 1.61 6.5 8.03 1.71 3.24 3.71 8.36 1.32 5.56 1.01 4.44 9.25 4.94 5.33 4.85 1.47 9.71 6.71 5.74 6.8 1.51 2.19 8.19 4.1 3.71 7.71 5.83 1.49 5.85 8.56 4.1 7.2 1.75 5.85
1.78 4.75 5.2 8.65 2.35 9.94 5.32 5.2 1.06 5.8 2.04 5.48 3.25 9.07 1.06 9.06 9.42 3.78 7.63 8.55 8.35 4.52 1.23 3.59 3.55 5.49 4.38 3.33 1.51 7.44 8.36 4.87 9.52 2.82 2.99 8.61 2.18 9.52 7.01 1.97 5.26 8.95 6.15 2.95 2.64 1.15 4.33 8.92 3.95 7.71 6.79 9.68 9.96 1.06 6.48 6.8 2.53 8.3 4.8 4.38 7.53 6.04 7.93 3.62 5.9 2.7 4.14 2.37 1.9 1.02 4.19 6.37 4.55 9.61 7.6 5.46 2.38 6.02 6.13 5.49 2.79 2.43 4.28 6.2 2.73 9.69 2.21 6.94 5.42 6.78 6.87 1.65 9.19 1.59 1.07 1.7 1.19 1.74 3.94 9.87 6.76 4.61 8.67 1.58 9.27 9.01 3.58 5.21 5.74 5.62 7.02 8.79 7.94 5.07 5.41 5.01 1.32 6.19 3.42 2.72 7.03 2.35 4.06 7.14 1.42 4.29 5.55 5.85 1.24 3.63 5.86 3.16 7.73 5.38 8.49 7.09 4.78 6.23 4.24 9.83 3.68 6.29 7.47 6.26 5.08 9.54 7.29 1.2 9.22 1.96 5.44 6.02 2.15 7.6 9.79 9.73 8.44 9.41 8.04 2.94 5.58 2.77 5.64 3.12 1.08 1.55 4.78 9.95 3.4 6.09 4.59 7.97 6.28 2.73 6.08 2.48 9.12 3.51 4.54 6.41 3.42 9.3 9.53 3.32 3.84 8.52 2.44 2.09 6.67 8.47 9.26 7.88 4.92 6.72 2.26 7.57 4.82 2.32 1.57 8.9
9.33 4.61 5.96 6.57 4.61 2.27 9.81 4.52 4.07 1.63 4.86 4.39 7.76 9.96 7.58 2.94 1.18 8.37 7.44 5.09 4.52 2.84 6.95 9.87 2.66 7.59 2.96 3.58 2.94 8.86 1.3 5.02 7.89 3.51 8.24 1.22 2.57 4.93 2.11 8.53 9.58 7.02 6.67 9.01 7.05 7.92 5.61 4.68 9.95 7.83 1.26 1.98 6.23 2.25 8.56 8.27 6.71 4.37 6.52 2.97 5.07 7.62 1.45 2.73 7.41 5.47 1.15 6.95 7.5 8.94 9.41 4.02 4.03 7.68 4.74 6.7 8.92 1.6 7.7 9.76 9.5 1.37 3.07 2.6 2.09 7.88 9.15 6.68 8.58 3.91 1.37 9.98 9.39 4.35 2.83 8.16 9.32 9.63 5.89 4.35 9.68 3.66 5.58 3.78 2.86 2.16 4.59 8.95 5.24 5.09 3.08 2.39 5.86 7.11 7.12 8.31 6.19 3.71 5.55 6.28 8.2 8.92 8.62 7.5 6.95 6.46 2.8 5.88 8.67 8.94 4.64 9.54 4.9 3.18 2.1 2.14 1.04 4.25 6.52 4.52 4.97 1.25 1.25 3.27 7.34 7.61 8.42 7.84 7.74 5.88 6.68 2.64 6.44 5.03 2.66 1.73 4.79 7.84 9.53 7.62 7.95 6.35 5.96 3.06 9.73 6.42 5.09 7.41 3.09 9.06 3.64 2.58 2.58 6.14 8.57 8.87 6.11 5.08 8.35 2.74 1.95 1.4 9.37 7.93 1.86 7.5 8.05 8.52 7.42 7.56 6.45 2.63 7.92 9.3 8.76 2.11 1.66 4.64 3.74 5.96
7.41 3.27 5.52 6.05 7.3 9.71 3.74 3.04 2.71 1.32 1.53 5.72 2.46 8.27 1.19 1.31 7.91 3.3 3.07 1.2 6.62 2.43 8.22 6.05 2.41 8.55 4.11 7.48 5.61 2.31 6.33 2.09 1.6 6.64 4.52 7.68 9.77 6.33 2.36 7.04 2.29 3.9 4.86 4.63 8.62 4.12 3.34 3.86 6.19 3.01 4.04 2.16 9.32 5.53 2.68 9.77 8.8 9.74 2.16 4.21 2.17 6.94 4.96 1.35 9.91 5.81 6.47 3.74 4.96 7.57 8.6 5.17 8.86 8.14 5.06 1.55 5.57 3.68 5.55 9.25 7.69 5.46 9.95 9.85 4.7 4.55 8.69 9.45 5.65 2.87 7.88 1.81 7.71 4.74 9.37 5.81 9.08 4.88 7.22 9.44 1.7 8.15 7.93 8.79 2.11 5.49 8.08 5.26 3.83 4.19 2.13 3.36 2.42 7.91 3.85 9.22 9.15 2.06 1.85 5.56 8.39 7.89 9.85 9.3 9.43 6.29 4.5 8.53 9.1 9.88 7.68 7.08 1.13 5.56 9.35 5.54 5.21 6.63 9.42 3.65 7.99 1.69 4.84 1.41 3.53 6.64 3.81 2.22 9.23 6.64 5.6 2.34 1.49 9.16 9.9 9.08 8.42 8.75 2.72 2.87 4.79 8.54 9.72 7.91 6.52 2.64 1.61 5.98 4.01 7.43 6.78 3.22 2.85 6.45 7.48 7.7 8.47 5.39 1.8 9.78 9.13 8.39 7.06 6.9 7.37 9.43 2.85 6.93 4.98 8.96 1.14 8.88 6.27 7.4 2.97 3.49 5.2 3.32 9.46 6.64
2.73 7.71 7.33 5.5 2.25 1.21 8.89 1.03 4.72 7.76 8.23 1.6 1.05 6.58 4.49 7.77 8.28 2.76 3.72 7.8 3.97 7.47 3.48 8.02 9.77 3.89 1.04 7.16 9.65 3.95 4.4 4.4 2.3 3.51 6.92 2.58 8.48 9.74 3.93 3.66 6.56 2.93 1.16 1.93 1.08 5.62 7.94 2.84 3.66 3.57 7.22 7.84 6.36 9.01 6.65 5.26 5.99 5.02 1.77 8.81 3.84 7.06 3.23 8.68 6.29 3.8 1.95 3.66 5.89 3.51 2.07 1.33 5.79 8.2 5.68 7.98 7.51 3.13 8.07 9.71 9.98 9.78 5.53 4.02 3.02 3.95 2.96 6.78 9.48 6.43 6.88 9.93 1.05 4.8 5.28 9.04 9.83 7.32 8.91 9.48 8.52 9.42 6.85 7.39 1.92 2.71 5.6 1.24 2.31 2.81 7.92 3.8 2.92 6.01 6.7 2.31 5.56 2.02 6.22 7.4 2.38 7.95 1.44 1.96 2.76 5.73 7.1 1.87 3.07 8.83 6.29 1.25 3.47 6.23 2.69 6.43 7.57 3.69 6.11 4.58 6.2 4.44 7.27 1.07 9.74 5.24 8.45 1.68 2.48 4.22 4.66 5.17 2.26 7.39 5.71 7.37 5.9 8.38 5.49 8.9 6.17 5.84 8.73 2.0 7.13 4.09 6.72 3.24 7.81 2.42 5.28 3.02 6.39 7.78 7.0 4.48 9.95 7.53 7.1 3.95 1.16 3.78 1.37 1.56 9.85 3.32 9.16 1.78 2.73 7.03 7.91 6.17 8.51 8.19 1.31 6.29 5.62 6.03 3.52 1.15
3.1 9.27 5.06 9.43 9.14 7.21 8.21 1.19 3.08 1.82 3.92 3.32 9.94 2.33 7.48 6.41 3.7 4.17 8.56 7.93 1.85 9.1 5.88 2.01 5.59 3.84 6.2 2.3 9.52 6.24 2.38 3.48 6.57 3.91 8.77 7.28 7.3 2.46 3.26 3.19 4.41 6.56 6.38 8.34 9.49 3.4 9.35 5.61 7.17 7.3 3.92 8.11 1.54 3.84 9.55 4.15 9.25 6.25 3.88 9.4 2.61 4.7 3.67 5.76 2.78 4.75 8.2 4.77 8.41 5.1 9.59 5.21 5.02 9.28 1.25 7.45 5.32 5.83 3.19 7.47 1.19 4.68 4.78 2.96 2.31 6.87 3.24 7.72 3.9 5.81 1.84 5.14 9.9 9.76 2.02 2.41 9.69 9.19 5.69 3.27 2.26 3.43 2.88 4.5 8.04 5.49 6.06 8.96 3.67 6.63 4.32 2.98 9.79 5.37 6.38 7.02 9.19 7.45 2.49 6.11 7.6 2.42 4.5 2.68 9.93 2.23 2.09 8.23 8.48 9.56 5.64 1.54 6.78 1.7 6.79 3.65 5.88 6.62 2.92 7.71 9.06 5.92 4.14 1.08 6.92 6.3 2.27 1.03 4.9 6.53 4.46 8.83 2.29 2.04 4.33 1.16 5.26 6.61 8.57 3.48 8.95 8.47 7.25 6.38 9.23 3.53 9.94 4.94 5.16 7.22 4.67 4.94 5.08 5.46 6.91 8.02 3.04 2.31 5.36 8.22 7.55 8.03 9.66 8.52 8.16 8.92 9.17 9.2 3.59 2.67 6.45 2.24 4.66 4.8 5.73 9.71 1.35 2.31 5.88 7.8
4.36 9.97 7.27 9.36 1.28 2.93 8.72 8.48 6.01 9.66 6.07 6.41 3.81 7.04 2.66 5.52 8.86 3.31 5.44 5.85 9.44 9.41 5.69 6.86 3.14 7.24 9.45 6.74 4.3 3.28 7.16 9.45 8.57 1.59 3.03 8.75 9.23 5.03 6.03 6.55 2.95 1.53 2.25 1.94 1.97 5.41 2.67 2.91 2.53 5.44 3.15 5.66 9.61 1.37 8.1 1.07 5.24 1.1 3.65 4.33 4.23 5.27 2.64 6.57 9.07 9.86 9.46 1.63 7.04 7.61 1.71 5.9 6.33 6.03 6.74 7.63 2.22 4.67 4.41 9.44 5.96 6.14 1.25 9.87 7.05 9.63 6.7 8.5 5.47 9.87 5.32 4.66 1.65 4.23 1.32 4.96 5.69 4.35 1.64 7.08 5.98 1.68 3.7 2.32 4.3 6.42 7.75 2.53 7.52 7.61 6.64 6.43 8.09 2.88 1.16 5.54 8.39 8.23 5.66 6.89 9.34 1.68 1.99 4.14 3.44 1.37 2.6 2.32 3.85 9.34 8.91 6.42 7.62 1.01 9.0 4.42 6.87 9.32 7.81 8.68 8.92 3.33 5.5 2.06 6.21 1.02 2.03 2.65 7.33 2.42 4.53 4.2 5.61 6.22 5.52 6.01 7.56 6.0 3.63 8.3 9.7 7.93 3.41 8.87 4.76 1.46 3.25 4.54 3.1 3.17 7.43 1.47 7.37 6.48 1.86 2.66 2.19 1.66 8.01 7.45 5.25 9.79 1.73 4.57 5.4 8.33 4.97 3.86 8.44 1.11 4.87 9.72 4.92 5.61 6.39 3.53 1.7 7.66 2.12 5.5
5.6 8.75 6.72 3.09 5.24 7.51 1.28 3.67 6.79 1.14 3.29 3.57 1.42 9.36 9.42 8.13 2.43 6.5 6.44 1.54 8.0 5.01 3.95 8.49 3.44 3.42 7.3 4.46 3.08 7.62 9.22 8.7 7.17 6.87 2.08 6.46 5.41 6.32 2.69 3.27 1.82 4.01 1.51 6.25 4.3 3.99 7.83 9.44 6.06 3.84 6.2 7.64 2.85 8.89 1.37 8.41 7.28 7.33 8.77 6.15 8.25 6.71 9.3 1.74 1.77 4.96 5.39 6.42 8.36 1.23 8.45 6.28 6.52 4.72 2.91 9.72 2.98 9.68 3.17 8.39 7.84 5.49 6.48 4.64 8.4 1.03 9.49 4.19 9.6 8.17 5.47 4.89 5.46 9.56 4.86 3.05 2.07 7.9 4.98 6.36 3.19 5.93 7.12 4.46 3.72 6.15 7.08 8.08 3.24 2.02 5.06 6.5 8.87 2.01 5.28 3.97 1.36 5.19 3.43 3.35 3.88 3.18 9.65 8.78 5.55 7.41 2.31 2.53 1.22 9.99 2.18 6.82 5.5 4.52 3.75 5.58 7.86 9.56 6.79 3.43 8.65 1.35 2.51 3.27 9.83 7.97 3.72 9.7 7.82 7.65 9.97 9.21 7.93 2.47 7.11 3.89 6.21 5.41 7.45 8.0 4.52 7.53 1.32 9.08 9.04 3.1 5.14 4.05 5.72 7.25 1.47 5.29 4.05 2.15 5.74 7.48 4.08 3.25 2.34 2.75 1.93 9.33 7.11 5.9 4.44 7.09 8.58 5.88 1.11 3.23 6.76 9.0 6.52 6.62 6.77 3.41 9.3 7.24 4.84 2.16
6.48 2.46 4.46 7.38 8.42 5.6 4.66 5.63 4.55 7.81 4.16 1.27 8.58 8.0 8.62 3.6 2.27 3.1 6.84 9.41 2.12 2.46 6.55 7.26 8.39 8.43 4.71 1.15 6.46 4.69 9.45 4.36 8.09 2.67 8.01 3.8 3.91 6.75 5.74 9.8 6.2 3.9 4.13 8.03 1.47 7.23 2.72 7.26 7.27 4.82 6.7 6.22 6.92 7.21 3.0 7.8 3.48 9.42 9.91 5.67 3.0 5.68 8.09 7.09 9.12 9.06 3.17 8.63 4.57 1.32 7.32 8.74 8.35 3.24 3.27 7.23 9.29 9.65 7.45 6.42 1.97 4.96 5.21 1.81 5.42 5.13 7.62 4.22 7.44 4.74 7.4 2.09 5.11 9.58 8.05 2.55 7.66 4.7 8.27 3.65 9.45 8.95 2.15 4.33 1.28 5.13 6.01 4.57 1.24 9.27 3.9 5.98 7.85 9.73 8.79 5.43 7.38 5.99 5.15 8.29 4.28 4.99 5.32 8.07 5.06 3.79 5.46 8.78 1.42 5.59 1.03 6.35 4.92 2.21 4.69 6.96 4.86 3.67 4.93 4.14 6.03 2.23 2.18 8.85 8.99 6.11 3.57 2.27 9.49 8.16 1.07 6.63 8.43 7.59 2.96 8.06 3.13 3.35 9.67 6.3 6.97 5.09 6.08 3.19 8.5 8.46 8.08 6.38 8.08 1.3 3.35 1.04 6.5 7.24 3.44 3.15 4.02 8.54 9.6 9.8 4.69 1.43 1.6 6.79 6.48 8.38 9.55 9.4 2.3 3.78 8.94 6.21 2.3 9.66 7.86 7.02 4.44 9.82 8.17 1.35
9.75 3.66 3.35 2.26 5.46 8.66 4.36 9.87 8.4 2.95 5.9 8.49 7.97 4.89 2.76 9.99 1.24 7.11 7.84 1.93 8.18 9.93 1.94 3.14 9.4 8.01 2.6 7.34 8.39 3.81 7.78 2.76 6.83 1.73 7.0 5.45 5.31 1.59 2.76 4.09 3.96 4.02 6.09 7.97 1.97 9.88 7.67 2.56 6.35 9.92 3.44 6.45 3.25 2.78 8.4 1.94 3.81 8.02 5.26 2.39 6.38 6.95 1.16 6.75 7.33 3.98 9.8 8.13 7.94 5.61 2.58 6.34 4.42 7.58 8.68 1.94 6.05 1.9 6.63 3.92 2.58 8.58 6.16 9.89 4.88 5.1 4.41 5.28 6.7 9.31 9.24 7.5 4.66 6.88 1.06 3.65 3.53 2.44 2.41 4.97 4.91 2.27 6.88 1.36 2.57 9.86 6.0 9.03 1.83 7.78 6.92 4.32 6.79 9.66 8.57 2.98 3.09 1.04 8.32 9.11 9.64 6.88 1.99 5.1 8.97 9.6 2.57 7.63 5.87 7.29 5.48 8.29 7.96 8.38 9.11 5.17 7.66 3.77 9.74 5.62 3.75 1.46 3.4 1.28 4.13 8.88 5.48 3.83 5.92 6.67 5.59 4.36 5.16 5.44 3.0 1.84 1.56 5.38 4.27 1.34 2.9 7.08 6.6 1.41 5.04 6.66 8.63 7.42 8.48 6.16 3.19 9.72 5.81 4.09 9.97 5.47 2.08 7.18 6.87 4.31 1.18 6.37 3.99 9.15 5.54 2.44 8.45 7.92 9.99 4.34 3.13 5.01 5.04 4.87 2.23 4.69 6.58 3.7 5.64 1.73
7.09 1.57 2.35 5.57 8.36 5.92 4.97 2.03 8.88 8.9 2.86 3.5 8.0 9.72 2.4 5.78 5.58 4.38 7.72 5.28 1.73 2.98 9.65 6.02 8.72 3.07 9.34 7.81 2.15 3.57 5.88 9.03 5.12 4.63 4.85 5.81 6.79 9.44 1.85 1.11 7.02 9.16 1.38 4.41 3.78 4.03 1.26 8.01 4.55 4.94 4.27 4.05 6.03 7.45 2.19 4.64 3.87 7.14 3.01 4.04 6.08 2.49 6.19 6.7 1.45 2.4 8.44 7.71 3.8 8.75 2.73 2.38 1.55 7.86 6.17 6.41 5.07 1.47 2.53 3.74 7.89 5.18 3.63 4.98 5.27 9.41 9.73 8.66 1.52 6.57 8.95 2.15 7.87 3.47 8.95 2.39 7.97 4.03 8.7 7.07 1.57 3.93 5.59 2.51 8.37 8.01 8.56 9.21 3.97 8.84 5.64 4.62 5.92 2.01 6.18 3.88 3.15 5.11 6.92 7.77 5.4 9.1 6.28 2.72 6.66 1.48 9.71 6.27 9.46 5.54 1.81 7.83 6.98 5.28 3.52 8.08 2.22 7.18 4.93 5.45 8.68 5.79 4.5 1.68 4.7 2.04 6.27 4.22 3.82 3.29 8.79 9.63 4.74 8.85 2.79 1.24 2.48 1.93 5.9 3.4 2.37 1.55 8.32 2.23 7.99 7.84 1.37 4.68 5.61 9.24 9.61 3.48 1.97 9.76 2.18 2.29 7.46 5.07 5.87 4.75 4.67 2.2 5.04 8.46 3.85 6.71 1.75 4.33 2.53 9.59 8.48 6.63 1.73 9.09 7.45 7.91 6.94 2.71 8.49 4.47
6.62 1.91 2.72 5.39 2.78 3.6 3.08 3.21 6.77 3.15 2.14 8.52 1.78 7.39 4.23 8.65 9.02 5.28 9.15 3.91 9.75 4.76 9.4 1.8 8.45 5.27 2.76 6.29 7.12 9.5 1.88 5.52 2.39 2.62 9.15 8.69 8.54 2.59 8.2 8.33 4.7 6.35 6.86 7.37 8.76 4.48 4.36 5.45 5.11 8.32 1.92 1.46 8.31 1.1 7.06 9.32 1.38 5.12 7.02 4.56 7.28 5.46 2.57 8.84 4.55 6.48 4.24 5.08 7.28 7.16 2.42 1.7 8.72 9.56 8.05 1.72 1.5 2.33 6.55 9.72 5.29 6.85 2.72 3.73 4.42 1.38 3.84 5.64 1.95 9.74 9.54 7.34 8.18 8.8 7.92 2.52 10.0 9.15 7.07 4.72 5.96 9.74 1.51 5.73 7.36 6.5 6.71 5.58 8.69 3.93 9.15 4.51 6.27 9.12 6.17 7.1 8.44 7.97 7.85 1.14 6.37 5.95 4.49 4.43 4.33 7.26 9.46 5.12 5.88 8.34 7.52 6.13 5.66 3.56 9.8 2.47 2.6 9.44 8.92 9.04 8.85 5.17 4.24 3.43 3.08 5.45 4.82 3.36 3.02 4.23 4.72 1.0 2.41 2.5 3.59 9.64 7.39 4.21 5.12 5.21 6.55 5.39 6.4 5.01 7.0 3.4 7.24 2.55 7.98 6.68 4.53 3.16 6.79 7.91 9.71 7.85 6.69 4.51 3.1 2.58 8.94 1.62 6.87 5.91 9.9 3.25 2.15 8.74 5.82 2.58 8.2 9.78 4.86 1.39 4.06 9.82 7.25 2.9 8.01 3.81
4.04 4.2 9.18 2.74 9.18 5.0 3.26 5.32 3.82 9.52 4.32 1.28 7.73 6.06 9.15 2.71 7.34 7.89 3.67 9.91 9.64 2.02 2.09 5.12 4.4 1.27 8.02 3.47 3.09 4.51 6.92 4.64 8.17 1.36 1.58 9.81 9.45 8.52 8.95 6.66 7.16 4.97 9.93 2.64 3.12 6.71 8.03 2.27 8.12 6.98 4.1 9.19 1.55 6.59 2.29 2.27 4.39 5.54 2.62 1.15 5.84 4.11 6.65 7.72 2.76 7.33 9.62 2.23 8.14 9.36 5.99 5.11 6.88 5.93 3.27 8.0 6.63 7.21 9.8 1.55 4.67 8.28 9.31 9.17 7.95 5.99 1.86 9.87 4.43 4.01 8.06 3.58 7.03 7.06 5.48 1.56 5.56 3.95 6.35 7.72 4.82 8.8 1.21 2.24 8.81 8.15 2.03 5.79 9.4 5.68 5.0 4.86 7.32 3.03 5.68 6.73 1.5 6.74 7.62 8.08 7.77 6.04 3.22 8.77 5.7 1.46 4.2 2.2 1.67 7.16 1.1 1.11 9.54 7.5 5.04 9.33 1.11 6.09 7.7 3.79 9.33 1.25 7.83 3.89 6.24 2.72 1.39 7.3 9.18 8.89 9.55 6.06 7.61 7.35 8.14 3.73 9.37 3.18 7.86 1.4 1.79 1.78 3.54 6.09 8.56 6.85 7.42 2.79 9.24 6.54 6.5 2.92 8.75 9.82 9.64 3.49 3.01 8.06 9.98 4.8 1.14 4.02 5.9 4.48 9.71 9.87 9.98 3.64 3.76 5.81 6.48 4.42 3.24 8.99 9.8 6.09 3.02 9.98 1.83 1.41
7.05 1.39 4.44 6.35 8.34 9.64 4.38 7.99 5.12 5.64 5.37 2.98 2.03 5.4 6.71 6.97 9.19 1.46 4.83 7.94 3.02 5.05 2.58 6.99 3.81 6.17 2.86 1.54 4.59 2.56 4.0 5.07 2.9 8.73 2.39 9.14 1.77 6.99 5.05 8.58 4.46 9.31 5.23 8.37 4.14 3.31 3.72 7.29 5.62 9.1 8.1 1.42 7.29 2.24 5.24 7.66 8.79 9.72 1.86 5.3 1.2 1.43 7.75 4.43 4.62 6.93 4.23 2.74 6.89 8.65 2.54 5.01 9.26 1.37 1.02 7.52 8.37 1.72 6.71 2.51 4.05 3.04 4.29 9.68 8.52 4.37 2.95 3.12 7.61 3.85 9.52 7.12 6.57 2.67 6.96 8.66 3.05 1.64 8.27 6.18 5.85 6.64 2.33 1.71 6.87 1.84 6.14 8.81 7.48 7.96 5.57 5.06 6.06 1.93 4.93 8.41 9.14 2.95 2.42 1.81 8.22 2.0 7.65 5.87 2.05 2.49 2.2 7.87 2.49 9.81 7.78 7.77 7.73 6.04 2.47 6.75 5.0 6.94 9.26 7.22 6.16 3.46 3.13 1.75 2.71 4.75 3.65 3.65 3.18 5.11 2.5 5.49 9.46 5.25 1.99 5.11 5.07 7.81 8.59 4.85 1.16 1.89 8.14 9.36 5.24 8.46 6.07 9.62 8.79 4.93 2.32 5.7 5.78 2.08 1.41 8.68 7.41 8.98 5.88 7.36 1.35 6.25 2.25 3.12 3.14 1.45 7.93 9.65 2.32 9.49 5.2 2.49 6.26 6.21 3.8 9.54 7.1 4.51 5.56 3.33
3.36 9.81 6.42 5.76 6.17 8.43 3.92 9.49 2.2 1.15 2.8 5.23 4.73 2.44 3.03 5.67 6.68 8.51 3.67 1.44 5.13 6.33 3.43 1.76 7.04 9.05 8.9 9.42 3.76 6.39 3.71 1.98 6.12 8.84 4.43 6.0 5.63 7.72 2.02 8.06 8.5 1.22 8.02 2.79 2.13 9.18 1.18 9.09 8.52 1.52 4.72 2.61 6.74 2.3 4.25 8.36 9.75 2.98 2.44 3.28 3.32 4.36 3.59 1.99 8.37 6.83 9.69 5.41 5.89 6.29 4.71 1.2 3.69 5.89 8.75 2.08 8.75 4.76 4.06 8.35 7.77 6.13 6.8 8.34 7.1 7.09 6.09 9.5 9.54 7.47 3.41 1.17 4.0 6.73 3.5 1.84 6.33 9.99 3.29 4.49 1.01 8.28 4.37 6.55 6.78 8.47 8.81 3.92 2.74 2.66 4.85 9.27 6.36 6.05 2.7 4.46 6.53 4.12 5.32 9.06 6.66 5.74 5.81 8.8 7.69 2.29 2.94 5.27 2.0 9.4 6.51 6.83 1.04 8.9 8.25 3.37 2.17 6.28 8.53 7.04 6.82 8.69 2.2 8.21 8.3 2.3 1.15 2.99 7.42 4.62 6.06 4.42 3.23 4.16 7.01 3.32 1.78 9.7 5.66 1.46 9.43 2.25 3.16 8.77 6.53 8.94 6.85 6.27 1.25 9.08 8.4 6.32 4.29 2.17 6.09 9.23 6.57 7.86 9.09 5.76 7.54 2.24 5.16 4.99 6.87 3.33 7.73 1.81 1.92 1.67 5.18 6.45 3.23 7.96 6.59 2.53 6.58 7.66 4.66 9.88
2.57 8.18 9.83 6.36 8.61 9.28 7.43 7.37 2.31 4.51 2.89 3.06 4.33 1.01 1.97 8.98 9.98 4.13 8.05 1.6 3.04 6.82 6.01 7.11 9.66 6.61 7.62 5.19 3.29 8.4 9.2 3.15 8.02 4.0 2.07 5.42 9.44 9.03 9.54 1.58 5.2 8.71 4.58 9.69 6.7 3.35 8.03 8.03 7.76 9.69 2.88 2.32 1.02 5.1 1.58 7.31 2.62 8.31 1.28 6.18 8.0 7.91 9.65 6.38 9.34 4.11 6.4 7.19 6.11 2.45 2.29 6.29 6.63 6.9 5.34 8.24 3.5 8.6 3.39 1.49 5.84 2.04 5.95 6.07 2.71 4.99 2.28 2.47 3.02 4.97 4.46 7.28 2.15 7.8 3.94 5.41 1.4 6.15 2.51 2.64 9.3 2.99 7.87 7.32 9.72 7.71 8.68 9.31 9.05 9.52 8.33 6.81 5.01 2.74 4.7 9.66 6.37 4.61 8.73 9.26 9.7 9.44 7.47 6.99 7.74 4.14 6.44 5.55 6.06 7.93 3.1 4.67 6.26 5.22 2.76 3.2 3.65 5.29 1.31 8.74 1.8 1.65 8.01 5.88 6.45 2.22 3.3 3.01 8.05 9.82 8.43 7.57 4.42 2.51 2.73 4.18 1.33 5.19 7.92 5.71 5.38 5.23 8.54 4.59 8.05 4.18 6.71 5.13 2.34 7.6 5.89 9.53 5.13 1.3 6.6 2.79 8.19 8.94 7.35 7.97 7.38 1.01 7.78 9.52 3.24 8.29 5.41 9.76 9.69 8.24 4.47 5.92 8.66 2.79 6.98 6.66 4.45 5.92 7.38 5.95
7.49 4.4 8.47 5.7 6.5 8.26 8.9 6.18 5.0 9.84 6.96 6.07 2.31 2.15 2.65 2.58 9.49 7.49 5.77 3.58 4.47 8.64 4.27 7.92 8.17 5.73 1.34 5.83 3.51 9.74 3.29 5.63 9.95 5.11 9.54 2.18 5.22 1.37 3.16 8.65 2.86 3.66 2.05 1.29 4.74 9.68 3.46 8.04 8.85 4.18 1.63 3.97 9.17 5.64 1.73 7.7 8.15 8.35 7.52 7.18 8.67 5.16 5.18 2.13 7.6 7.73 8.79 1.75 8.93 5.94 5.88 8.06 3.7 9.43 8.32 3.54 6.17 9.57 3.23 9.91 2.49 1.36 6.01 7.15 5.15 5.89 8.76 4.1 7.85 2.05 9.03 6.81 2.13 3.05 6.08 8.75 1.72 6.55 8.44 9.76 1.27 1.96 2.74 5.62 8.33 5.16 7.76 4.68 2.05 1.09 9.97 9.78 3.92 5.86 3.19 7.22 5.83 4.43 2.79 1.53 1.42 6.84 9.67 7.74 8.66 2.83 4.31 4.94 6.44 6.93 8.98 6.47 7.03 2.55 1.97 1.73 5.84 7.13 1.3 6.83 8.33 1.77 2.56 5.46 8.32 4.34 4.95 2.71 2.16 8.49 4.0 2.99 7.71 8.41 2.29 8.05 3.44 6.96 7.25 9.21 3.45 6.75 9.15 1.64 1.37 6.57 6.72 8.45 6.59 3.22 6.25 1.62 7.75 6.02 4.37 9.11 5.39 2.37 2.91 2.95 1.67 8.26 9.66 9.19 4.91 4.14 1.77 5.1 4.21 9.52 7.76 4.64 2.17 7.49 8.75 1.95 7.36 6.67 1.16 1.09
6.03 8.63 7.4 3.22 5.79 9.88 3.25 7.49 8.2 5.93 6.49 3.41 7.04 4.86 2.13 1.44 3.28 9.87 7.41 7.77 4.37 5.7 7.96 4.85 2.4 9.61 3.25 5.39 5.55 1.84 6.3 3.47 5.08 8.27 2.16 6.85 8.22 6.51 2.44 4.3 2.73 2.17 8.06 9.88 3.29 3.31 2.5 8.53 1.95 4.4 7.41 8.61 6.83 7.58 3.66 6.94 1.66 8.29 9.32 9.67 1.85 3.48 5.89 1.25 5.61 4.86 9.02 9.46 1.63 8.71 8.49 9.08 8.91 3.08 5.94 7.38 2.2 9.98 5.01 5.56 7.71 5.23 5.96 4.1 6.28 7.62 7.32 5.14 8.01 2.35 9.78 4.3 8.64 6.93 6.51 4.81 4.6 8.7 6.33 7.35 6.69 4.25 2.34 5.32 1.93 2.64 5.61 8.09 8.89 7.12 9.6 9.45 7.71 8.89 3.15 5.78 6.2 8.4 9.12 4.62 9.5 7.89 3.99 9.61 9.19 4.67 9.06 2.61 7.48 1.5 2.57 1.86 1.51 5.83 1.44 8.44 3.73 6.1 8.9 4.45 1.66 3.36 3.14 1.26 1.13 6.48 1.07 4.28 4.48 5.03 7.92 4.51 9.73 7.54 8.78 4.57 8.0 3.06 6.99 4.39 8.66 3.27 8.37 1.87 2.21 9.25 2.99 9.9 3.27 5.08 2.83 5.87 2.07 1.51 6.46 8.42 7.54 4.46 2.45 1.94 6.11 9.32 6.77 6.9 2.19 8.91 8.34 1.55 8.72 8.71 1.96 9.89 1.33 2.63 3.2 4.69 8.84 6.2 1.94 6.11
6.88 4.58 5.85 7.81 4.13 4.93 8.07 9.5 2.5 7.11 6.7 5.97 2.83 6.59 7.26 7.48 4.4 3.37 5.58 7.46 6.37 6.19 7.5 3.15 5.85 7.84 3.55 5.93 7.13 7.62 9.74 5.34 2.03 9.05 7.7 1.38 2.46 1.61 9.48 5.55 4.11 6.11 6.12 7.45 3.13 4.51 1.95 6.61 3.06 2.51 1.03 6.11 4.87 7.85 6.34 3.86 9.15 7.32 7.28 7.74 8.67 6.22 3.33 8.04 5.93 3.97 6.92 2.94 1.04 5.54 5.97 5.23 6.9 8.38 7.09 8.93 5.94 6.83 9.15 5.27 9.68 9.61 2.53 8.06 4.37 3.75 4.27 6.82 5.39 8.29 7.83 6.3 1.38 3.52 8.16 6.88 4.14 6.31 5.28 4.35 4.57 5.45 9.6 5.55 6.97 9.3 1.27 2.69 1.13 9.42 8.03 5.45 5.54 5.25 8.7 5.37 5.42 9.49 7.97 8.63 7.98 7.98 7.93 6.03 1.33 3.38 9.1 1.13 2.82 9.71 2.5 6.73 7.2 5.91 8.64 2.18 8.18 3.8 5.98 2.66 7.35 5.36 2.04 6.16 7.77 3.1 6.17 4.93 5.27 4.55 4.54 3.8 6.79 3.9 6.7 7.82 8.2 7.74 3.63 7.55 2.29 8.19 5.68 8.17 9.77 8.42 4.66 6.12 6.93 1.21 3.6 6.53 6.63 7.55 5.63 5.25 6.69 8.33 9.76 1.06 5.09 1.02 8.33 6.78 7.89 1.94 5.32 4.75 8.88 4.79 5.64 9.61 7.53 8.93 4.44 6.88 5.69 3.31 1.24 2.51
2.47 4.88 3.26 4.69 6.85 3.36 2.74 3.94 4.71 1.51 8.09 3.8 9.98 7.8 9.5 1.43 3.41 2.9 5.07 3.45 1.67 4.72 9.69 2.54 6.82 3.5 1.54 7.87 4.41 5.67 3.73 8.65 9.38 9.31 6.08 9.84 2.18 7.87 4.81 1.98 3.62 6.48 6.02 1.34 1.56 4.29 1.83 4.49 8.28 5.28 4.09 1.69 8.64 6.58 3.09 3.74 8.54 1.49 8.88 8.48 5.59 8.42 5.17 8.67 3.35 3.09 4.82 3.35 5.56 6.1 1.64 8.2 3.14 9.42 7.64 7.14 2.89 5.55 6.73 2.72 7.05 5.76 2.43 3.17 8.18 4.8 5.57 5.76 4.4 5.32 8.23 7.81 1.21 1.31 8.42 5.67 4.2 7.5 7.85 1.88 2.16 1.26 2.51 8.48 4.35 1.36 4.07 9.59 1.53 9.23 3.34 1.5 8.43 8.72 9.68 5.62 4.35 3.07 2.98 4.57 3.98 8.23 8.97 7.76 3.5 4.45 4.69 2.72 8.78 1.94 3.19 9.37 6.36 3.98 6.69 6.18 9.6 5.06 6.03 1.42 2.44 7.91 8.69 8.5 1.48 9.59 3.05 1.73 3.06 1.49 6.52 3.8 4.32 4.0 8.88 6.75 7.82 3.46 4.39 1.47 7.27 2.46 6.88 4.61 6.34 6.26 7.5 5.71 4.36 6.8 5.29 6.64 5.54 5.09 6.94 2.05 9.95 6.17 4.31 5.84 5.3 7.12 3.99 6.3 5.33 7.92 2.8 8.48 5.24 8.87 5.31 3.21 4.23 4.54 7.86 5.15 9.87 7.44 2.43 4.77
6.49 6.62 9.22 1.97 6.85 4.36 1.81 2.86 5.45 2.91 4.91 9.54 2.81 2.18 2.85 5.12 3.6 9.02 7.93 1.47 6.89 9.0 7.17 4.2 3.4 9.88 3.33 3.68 9.82 3.07 2.7 9.43 1.29 2.92 6.16 5.44 8.46 9.94 1.89 5.87 8.05 9.49 1.28 7.76 4.69 5.75 7.37 2.22 9.45 9.0 5.79 4.87 6.01 8.62 3.97 2.04 2.4 2.98 5.35 6.08 1.77 7.59 4.6 6.1 7.25 9.34 2.5 1.56 7.75 2.67 8.54 8.91 1.73 3.62 4.63 1.92 9.57 9.8 4.61 3.25 6.46 1.94 6.42 3.48 9.65 7.36 5.19 8.01 6.82 3.46 2.58 5.23 8.56 4.02 1.02 2.54 2.89 5.31 6.78 7.43 7.6 6.7 9.0 6.2 6.92 6.01 3.02 2.16 5.78 2.54 8.88 1.97 1.32 4.38 5.63 7.0 6.21 8.35 4.69 3.22 3.63 1.32 8.8 3.14 4.88 4.29 8.16 8.99 5.53 2.91 7.05 7.96 6.44 3.82 2.58 6.58 9.82 2.67 4.4 2.04 8.06 2.43 8.85 7.16 7.53 9.08 2.53 2.37 3.48 1.18 6.94 9.33 8.41 2.73 1.39 2.92 6.03 8.38 2.63 5.14 2.29 8.4 4.7 1.52 5.66 1.87 7.56 4.4 7.77 2.47 1.64 2.68 4.02 3.54 7.69 5.73 1.38 9.32 9.76 7.06 2.96 2.94 3.0 5.56 1.43 4.33 4.49 4.89 2.35 6.01 1.17 8.25 2.12 6.05 2.78 8.84 6.21 6.16 6.19 1.27
3.62 2.54 7.27 6.03 5.41 7.84 6.6 6.58 1.13 8.22 9.62 4.56 8.32 9.93 5.5 5.22 8.66 3.99 4.0 4.9 9.11 1.18 4.66 5.58 9.42 2.7 6.41 7.09 6.1 2.26 7.56 8.98 6.1 4.27 8.38 3.82 3.08 7.48 2.48 8.21 6.14 6.26 3.54 3.96 3.63 8.34 6.88 9.07 2.69 4.04 7.97 5.72 9.55 1.06 2.82 4.0 3.02 4.99 3.03 7.89 4.04 4.26 9.68 1.51 3.89 8.24 2.65 3.82 8.53 3.87 9.56 2.69 1.02 3.37 3.56 6.2 7.55 7.26 3.29 3.14 3.44 5.16 2.94 6.58 3.2 6.9 7.56 7.7 5.98 5.56 2.57 9.24 1.62 6.55 7.58 6.07 3.74 1.89 2.42 3.3 6.14 1.34 9.85 5.39 8.53 7.33 3.1 9.87 4.1 9.14 9.06 9.68 2.35 7.57 3.2 3.76 1.76 8.19 2.97 9.3 9.23 8.18 7.8 7.4 6.59 3.93 5.65 6.66 9.67 6.09 5.06 8.34 1.15 6.99 6.65 1.99 2.83 1.59 6.12 6.39 4.33 1.87 7.09 8.49 1.82 1.13 9.66 6.53 4.58 4.4 7.91 2.67 8.1 8.54 7.41 5.81 6.87 5.96 7.05 8.72 1.04 9.38 9.64 6.72 1.66 5.36 9.54 4.9 1.14 7.16 5.06 6.6 4.25 2.7 1.34 3.96 5.33 6.69 4.99 5.73 7.88 7.57 5.28 1.58 4.81 1.78 6.07 3.76 3.13 2.73 8.55 6.4 7.32 2.69 5.44 5.61 3.75 2.41 7.85 8.8
1.13 1.05 1.46 1.09 5.45 4.9 3.59 3.05 7.6 6.93 7.38 8.53 2.71 7.48 4.75 5.59 3.2 5.68 5.84 7.54 3.4 7.14 9.76 8.67 3.6 4.28 1.78 7.46 8.1 2.27 5.16 1.45 2.78 2.75 3.93 6.08 8.13 4.45 8.89 8.72 8.0 4.55 4.89 6.16 8.59 2.32 8.51 4.7 8.72 3.76 9.79 3.9 7.31 8.92 3.58 1.47 7.16 2.15 1.79 4.56 2.25 9.38 1.94 7.37 4.87 9.1 6.43 5.76 9.41 3.93 1.73 2.52 1.68 9.09 4.64 8.87 8.76 5.46 7.6 7.74 4.58 8.64 9.78 4.84 9.59 1.8 6.22 4.0 5.04 4.36 8.78 8.74 4.91 1.96 8.18 4.69 7.75 4.25 1.3 4.27 7.25 8.28 7.9 4.98 9.92 5.63 2.95 1.74 6.65 4.24 2.49 8.07 2.97 4.94 1.86 6.57 3.39 5.12 5.37 2.42 2.77 3.52 5.44 6.77 1.41 9.13 8.28 5.03 2.33 3.23 2.32 7.56 7.11 5.75 8.88 7.32 7.88 5.3 8.44 4.52 6.42 8.95 3.45 7.96 5.67 2.26 4.8 7.37 5.2 3.59 1.82 3.34 3.82 7.79 4.62 7.52 3.93 5.6 5.43 2.04 6.38 8.04 1.8 1.34 9.2 8.22 7.8 1.8 5.26 3.27 8.83 9.22 1.53 2.8 3.59 4.03 6.03 5.95 3.3 7.99 2.84 3.15 4.06 1.59 1.99 4.11 5.8 1.6 7.38 2.73 2.84 4.01 3.67 5.72 8.53 5.54 4.3 2.1 5.32 1.16
2.37 2.38 9.23 8.02 4.31 1.77 4.16 8.07 9.13 4.5 1.81 3.27 7.64 9.22 3.91 7.71 5.54 4.33 6.64 9.96 7.11 6.96 3.64 6.5 9.58 2.77 3.0 8.48 9.99 2.97 1.92 9.5 4.21 9.09 9.58 6.2 6.55 8.6 7.51 1.72 8.06 8.49 1.46 8.29 7.81 4.1 1.15 7.6 9.66 9.6 4.56 3.67 5.58 4.37 6.25 6.35 7.8 7.44 4.03 3.26 5.21 3.88 7.27 3.84 9.88 2.01 3.21 6.3 2.54 6.28 2.29 8.46 4.17 2.98 9.6 9.64 3.89 2.5 5.18 5.42 2.67 6.65 1.25 6.04 9.27 7.2 3.41 4.49 8.53 7.53 8.06 1.16 4.09 5.35 8.9 2.31 8.81 7.47 5.32 9.3 5.45 4.2 4.33 5.44 7.15 1.5 4.85 3.48 2.8 3.19 3.43 5.8 2.88 5.15 5.83 5.79 5.81 6.13 9.27 8.71 8.11 3.0 8.7 5.13 3.09 5.74 4.83 3.35 1.13 4.37 9.61 2.76 6.16 1.85 9.36 4.68 1.88 4.04 8.02 8.03 1.37 5.47 3.2 5.42 6.09 9.43 7.04 9.07 6.23 7.47 9.84 3.27 7.1 2.62 4.66 8.0 1.56 8.01 9.76 6.91 6.75 4.82 8.75 9.78 8.17 2.16 4.0 1.83 3.29 7.85 7.73 3.11 4.2 6.26 1.46 2.22 3.41 8.84 5.15 6.87 8.87 5.04 3.19 2.99 4.15 9.77 9.83 9.18 3.01 6.97 8.09 6.1 4.51 5.23 4.14 3.57 2.57 7.5 5.37 4.12
1.95 3.17 6.83 2.77 9.85 8.48 6.64 5.01 6.35 2.76 3.6 5.12 2.7 6.73 3.0 6.91 7.43 4.74 6.8 8.96 6.89 4.16 7.65 3.14 8.67 3.32 8.37 9.19 5.91 6.35 2.88 4.13 6.0 4.11 5.33 8.27 6.2 6.98 6.29 3.34 6.05 8.2 5.53 8.01 3.72 8.49 5.53 9.7 5.19 8.62 8.95 8.53 9.69 9.88 3.94 2.69 8.37 1.95 9.5 8.0 3.54 1.46 8.3 4.47 4.52 5.24 2.25 5.64 9.47 9.8 2.7 7.39 3.25 9.27 8.29 4.13 9.82 1.18 9.93 6.61 3.38 9.86 8.16 1.55 8.15 3.32 5.21 8.68 2.94 7.94 9.03 2.75 7.49 9.31 3.77 6.0 5.92 4.76 4.38 7.28 2.78 8.58 8.54 2.65 7.45 9.14 4.6 2.57 6.67 8.88 6.76 3.65 3.91 3.09 2.17 3.66 6.47 9.33 1.06 5.55 6.54 5.82 1.54 6.31 9.19 3.1 8.63 9.24 3.44 9.38 2.99 1.03 6.59 2.55 2.53 6.1 9.09 6.96 3.07 4.82 9.25 2.81 1.29 4.63 9.27 5.23 1.61 1.45 7.08 9.55 9.3 9.09 1.33 3.83 2.98 2.69 3.29 3.59 7.75 2.34 4.52 5.54 4.98 4.58 4.88 7.13 9.2 4.63 1.93 4.7 1.66 1.33 8.85 5.61 2.58 4.77 4.72 6.29 4.49 1.65 8.37 6.53 9.73 9.36 2.38 6.49 8.7 8.71 5.17 7.35 2.1 2.64 5.02 5.67 6.28 9.47 7.54 1.54 9.46 1.66
9.84 1.61 1.09 1.63 5.54 5.9 9.18 1.48 3.56 1.16 1.02 6.9 8.82 6.6 7.23 6.1 9.54 2.85 8.65 3.83 5.68 9.25 2.29 9.51 8.94 9.45 9.08 9.47 6.3 5.59 1.68 4.87 4.74 7.3 1.38 3.3 3.34 8.05 7.2 2.66 2.98 4.62 1.18 2.32 8.66 2.54 7.06 3.69 2.31 8.43 2.23 1.54 1.7 9.82 7.56 3.55 2.14 4.37 1.89 5.02 3.43 4.82 9.02 8.55 9.99 4.44 8.18 1.3 2.91 6.63 1.01 5.57 2.53 5.29 8.62 7.07 3.11 5.59 8.63 5.71 2.6 2.11 2.0 9.41 6.6 1.92 8.71 9.28 9.73 9.42 6.02 2.32 2.26 8.02 3.84 9.71 9.26 8.59 1.9 2.26 7.99 1.62 2.52 1.2 3.5 3.26 6.47 8.56 6.6 9.39 2.37 7.5 6.66 2.15 5.91 4.0 3.74 4.24 8.58 7.41 7.42 7.43 1.0 1.58 8.95 8.09 2.54 5.57 8.66 8.56 8.51 4.06 2.98 8.21 9.41 7.68 5.8 7.77 7.98 9.56 6.76 4.05 2.44 9.4 4.44 8.24 3.54 1.91 5.12 4.27 4.62 9.6 6.58 5.11 9.3 3.77 8.07 6.22 6.03 9.78 7.83 2.98 3.48 7.26 3.7 7.55 3.28 9.79 2.55 7.88 6.39 9.2 7.73 4.55 6.57 2.28 7.45 9.65 1.82 1.74 2.28 6.61 8.79 3.02 3.95 5.86 2.94 1.81 4.21 2.07 4.08 5.75 5.46 7.09 7.9 7.28 1.41 7.67 6.72 9.33
9.96 7.1 2.56 3.06 6.81 8.88 9.71 5.14 9.15 8.28 8.01 7.91 7.6 9.32 5.15 6.13 9.71 1.24 3.03 4.21 5.26 9.96 3.01 4.73 5.65 7.68 6.71 5.69 8.15 9.79 3.53 5.39 4.29 8.81 2.63 4.99 4.2 5.23 5.47 6.22 2.87 2.71 4.55 4.36 2.47 9.55 2.82 7.17 9.26 5.08 4.49 3.07 9.33 7.57 6.19 7.55 4.88 5.37 6.68 3.62 9.09 6.54 7.59 9.06 4.67 2.36 3.96 2.35 8.28 1.65 9.47 3.2 4.72 8.39 7.34 4.79 1.54 9.47 7.92 5.12 5.97 7.32 4.13 3.03 6.64 1.64 1.57 5.97 3.28 9.23 1.9 5.22 6.09 6.11 6.38 4.55 7.67 8.15 9.4 9.88 9.73 9.67 3.89 1.64 6.61 3.94 7.99 2.26 4.94 2.14 6.72 5.25 3.03 3.21 7.33 9.22 8.85 8.87 4.86 7.47 2.57 8.96 2.88 1.47 2.48 1.27 3.94 7.55 7.16 4.01 5.8 8.98 3.22 8.69 3.28 2.55 8.39 1.16 6.17 8.71 6.12 3.86 7.44 6.63 5.53 7.64 6.86 1.32 8.37 3.69 5.02 2.82 1.53 4.47 9.3 7.03 4.63 9.18 7.45 6.22 1.29 9.69 2.78 7.98 4.72 2.37 3.78 3.72 7.27 7.82 4.75 5.19 8.72 8.63 5.41 2.21 1.07 5.05 9.81 6.34 5.73 6.16 5.14 2.43 2.35 5.35 8.76 3.74 7.28 9.26 1.8 1.53 5.23 9.12 7.12 8.13 7.3 5.63 6.77 8.4
9.08 7.67 7.55 5.4 9.71 8.97 6.71 9.91 9.98 7.6 9.05 3.79 7.72 4.59 9.72 3.45 3.42 4.66 1.74 3.15 4.11 1.2 2.11 9.28 7.04 5.97 5.25 7.13 2.38 2.99 7.2 3.53 2.99 4.19 5.14 4.91 7.18 7.5 8.44 7.59 3.04 5.54 4.46 6.77 1.9 9.48 5.71 1.49 3.86 1.01 3.97 6.83 2.63 4.39 1.26 6.73 6.9 9.84 2.54 9.7 4.69 3.77 1.31 9.65 8.19 7.03 5.55 6.39 4.01 3.49 3.85 3.36 7.47 6.65 8.72 6.31 2.88 5.69 1.81 9.67 2.72 9.04 7.97 3.82 7.59 6.72 6.86 4.16 5.11 7.8 8.53 6.78 5.7 3.18 7.54 4.04 1.35 8.44 5.4 9.4 6.37 3.4 4.36 9.46 6.47 5.37 1.33 4.45 5.21 2.72 3.6 1.34 4.68 7.97 8.68 8.59 4.65 8.41 9.37 3.61 5.76 9.1 1.18 7.68 4.24 8.29 1.93 4.36 7.0 4.46 4.85 6.22 9.35 6.58 3.56 3.97 1.48 8.4 5.67 1.65 3.44 9.38 8.43 6.1 2.0 8.02 5.28 7.56 5.06 7.39 3.26 3.52 3.33 6.97 7.98 7.22 8.25 1.81 5.53 8.45 6.11 4.81 3.35 2.72 2.38 5.03 8.75 8.43 1.18 3.48 2.44 9.7 6.57 7.42 6.24 3.94 6.58 4.15 9.48 4.07 7.13 3.84 4.65 5.72 5.2 8.44 7.96 1.03 1.62 2.91 8.37 6.51 7.76 2.79 1.04 1.58 9.71 2.48 3.92 4.48
2.67 2.12 6.3 8.52 3.4 6.54 4.0 7.88 3.02 5.62 3.51 2.04 3.19 8.12 8.84 1.31 3.58 1.3 4.72 7.24 4.5 4.68 3.42 8.27 8.29 9.73 7.7 4.15 5.07 7.05 8.51 7.25 3.58 5.78 4.43 6.95 9.9 8.75 5.09 5.72 9.69 1.86 9.28 3.88 2.08 8.48 2.97 3.33 1.38 2.23 6.37 6.64 8.17 1.96 2.8 4.02 7.94 9.29 6.37 8.74 7.13 5.53 4.61 7.73 6.89 6.05 5.73 4.8 4.01 4.69 6.38 8.62 1.46 5.32 3.92 2.23 3.46 5.03 7.78 4.39 8.7 7.65 6.38 7.38 1.22 7.98 3.95 7.36 5.55 1.85 7.73 8.7 9.75 4.67 5.54 2.95 1.71 9.9 1.14 8.56 1.81 3.2 3.77 6.59 9.58 1.19 3.67 5.39 5.41 9.24 9.91 3.3 2.24 2.32 4.88 3.25 6.24 8.49 1.91 1.23 2.58 2.17 6.15 7.86 5.64 6.6 2.54 1.37 6.31 4.24 4.51 8.87 5.45 5.5 3.38 4.37 1.01 1.11 7.42 9.93 3.8 2.86 1.24 7.76 9.32 8.66 7.24 7.06 7.32 1.68 7.01 2.11 5.77 9.08 3.48 3.77 7.46 1.0 5.91 2.35 1.74 8.69 7.78 6.3 1.91 4.52 8.51 4.52 9.93 7.13 7.56 1.11 3.57 7.84 1.06 1.77 7.39 5.45 3.93 9.68 1.63 9.04 6.04 2.21 2.2 4.87 6.33 5.18 1.59 5.61 1.87 3.55 3.55 2.17 6.94 9.77 1.81 5.33 4.2 1.32
