200
6.88 8.71 5.85 9.15 2.74 1.18 8.75 8.28 3.19 7.98 5.8 7.73 7.08 1.96 7.46 1.76 4.49 2.01 4.0 3.43 1.57 5.14 4.18 7.41 1.49 6.04 4.22 8.57 3.71 8.06 1.21 8.46 3.83 1.33 1.67 7.84 7.18 9.12 5.1 2.79 9.46 4.63 6.74 1.76 8.3 9.52 2.86 8.83 2.37 6.23 6.59 8.44 7.93 7.08 1.43 2.21 4.39 3.78 5.62 9.46 5.48 3.73 5.08 1.74 9.11 1.66 4.4 2.67 9.86 5.9 3.0 3.38 2.9 2.84 9.63 2.12 8.84 9.37 4.99 4.51 8.55 5.54 6.78 5.1 3.36 9.81 6.71 4.49 6.32 6.58 4.84 7.71 6.45 7.12 4.57 7.74 2.49 4.83 3.09 4.12 3.15 9.8 6.26 5.75 7.96 2.85 6.2 3.96 5.35 3.58 5.97 1.63 4.79 4.5 3.55 5.77 8.15 8.15 5.67 9.33 8.03 3.28 5.84 4.0 5.21 7.97 3.81 8.75 2.24 7.8 4.28 5.38 8.26 7.31 5.6 6.43 9.69 3.8 8.46 9.65 8.34 9.38 9.59 7.85 7.6 8.46 4.43 8.74 9.45 3.16 1.17 5.25 1.77 5.93 4.47 7.43 6.29 7.74 8.89 7.18 5.81 6.75 4.04 4.07 3.83 9.77 8.47 2.78 6.14 5.88 7.89 7.02 7.68 3.97 9.94 2.39 1.06 8.3 7.18 6.9 2.98 1.59 5.89 3.53 6.09 1.41 3.91 7.87 1.16 5.64 4.58 2.81 8.19 2.73 6.09 6.19 2.88 7.39 5.0 5.03
4.01 6.64 1.61 7.2 4.66 3.39 7.52 3.82 5.49 8.65 5.8 2.02 2.05 5.9 8.57 5.8 5.52 1.52 8.33 3.58 8.7 5.66 3.27 9.67 2.35 3.7 4.05 4.27 1.39 7.55 6.14 6.07 9.92 1.89 9.65 7.77 4.78 9.08 2.53 4.22 3.1 2.0 3.89 2.04 2.09 2.52 1.37 8.39 7.38 9.49 4.89 1.45 9.6 7.61 4.31 9.15 5.97 3.02 3.21 3.8 5.87 2.06 10.0 1.58 3.9 3.4 8.94 5.11 3.04 8.2 5.38 1.07 8.71 1.03 3.46 4.37 6.26 5.4 6.85 7.69 1.77 9.24 2.23 6.36 7.69 9.02 2.45 6.47 8.48 1.91 9.18 5.82 8.8 4.61 9.37 7.9 4.95 4.37 7.32 2.9 5.6 6.04 9.13 5.52 6.55 7.98 7.53 8.24 4.68 4.63 9.8 3.35 2.09 2.72 9.92 2.3 5.05 8.75 1.32 4.22 6.15 3.0 1.49 2.08 8.74 9.21 8.53 4.66 3.21 8.89 4.47 5.88 2.93 6.27 2.96 5.72 4.42 3.46 4.02 5.43 1.62 8.61 4.53 9.98 1.2 4.53 6.27 9.23 3.44 6.24 9.18 3.95 7.32 4.17 4.19 3.29 9.33 3.37 3.88 8.36 4.22 3.11 7.67 9.94 6.61 1.46 7.31 9.93 3.28 6.7 6.5 8.49 7.96 6.88 5.65 8.55 3.64 1.76 3.53 3.05 4.41 3.01 6.75 3.92 1.14 8.43 4.74 1.03 3.47 5.19 9.82 8.97 5.82 4.54 4.16 7.66 2.44 9.75 9.29 9.7
3.96 6.45 2.45 6.49 9.51 7.07 1.12 5.08 5.73 7.53 2.69 6.11 9.75 2.19 4.4 1.44 5.3 1.43 3.29 1.17 6.56 3.1 3.92 3.08 7.84 9.59 2.25 9.52 2.63 2.48 4.2 9.61 3.37 2.16 9.01 6.42 1.41 2.11 1.53 5.74 5.29 2.16 9.05 8.71 4.72 10.0 2.65 2.33 3.9 7.2 9.04 3.6 2.94 2.49 6.63 9.2 5.01 1.42 9.03 8.04 8.58 9.32 3.13 7.37 1.31 1.59 1.19 3.46 2.21 2.6 2.94 5.11 2.84 9.88 1.29 6.43 3.05 6.74 4.34 8.11 5.03 4.71 3.37 3.37 1.97 7.02 6.64 8.26 4.26 4.83 8.8 5.97 3.39 6.84 9.64 8.01 9.33 6.57 8.4 1.58 8.86 7.85 3.39 5.65 9.0 2.9 8.83 3.88 3.44 5.31 3.5 1.97 1.55 6.6 8.14 1.24 5.96 7.76 9.96 1.73 6.84 2.09 2.1 8.59 2.28 5.78 2.77 6.18 4.83 2.63 1.2 9.13 3.17 4.61 2.37 1.74 7.95 5.6 4.98 4.59 5.5 5.65 1.23 7.27 6.84 1.4 9.73 4.33 1.57 2.64 7.97 5.07 4.42 3.46 3.6 3.33 6.92 3.7 6.32 6.38 8.45 2.26 9.22 3.58 6.91 8.06 7.23 7.66 9.02 2.31 1.62 1.46 2.15 2.43 3.07 7.27 5.05 2.69 3.0 2.09 7.36 1.21 4.56 1.3 4.85 9.9 5.32 9.17 3.19 7.04 4.69 7.5 9.66 8.7 8.13 6.06 3.24 4.82 3.95 2.91
6.69 5.12 5.86 2.16 6.96 2.29 2.66 7.61 6.31 3.88 4.47 4.49 2.4 7.6 4.61 1.52 5.51 7.66 4.81 5.9 2.7 8.75 2.99 2.18 5.65 7.91 7.58 4.62 2.06 6.43 4.93 9.75 5.81 7.04 3.54 8.82 1.24 9.7 2.44 9.71 8.7 2.64 9.86 4.09 3.48 2.87 4.28 1.66 5.2 5.28 9.16 9.86 5.68 2.5 2.61 6.86 1.23 7.73 7.4 3.59 6.34 2.81 1.67 8.34 1.11 4.39 9.54 3.1 4.65 6.31 4.86 1.0 6.96 3.7 7.92 5.8 5.17 4.23 4.99 9.26 1.56 1.96 4.55 4.7 4.12 4.53 3.54 6.95 9.22 9.0 7.72 5.27 1.7 8.53 3.6 4.31 9.97 2.16 8.21 3.48 5.77 7.6 3.24 3.42 2.91 7.98 4.73 9.26 2.26 4.87 7.54 6.54 6.72 6.2 4.04 3.26 6.27 9.77 8.53 5.72 8.14 1.75 6.22 1.09 3.17 5.49 6.87 5.45 9.63 3.86 7.67 1.14 7.81 5.71 5.72 2.08 6.48 6.43 7.74 5.73 1.12 5.69 5.83 5.76 9.82 7.94 4.82 1.44 7.7 3.34 4.54 3.43 1.36 4.29 9.22 4.87 8.61 1.25 7.71 1.19 4.46 2.83 5.18 4.19 7.13 2.58 8.14 2.21 3.37 8.7 7.98 6.85 8.4 3.28 5.44 3.41 5.44 2.79 2.96 8.72 4.01 7.92 4.4 6.72 1.78 9.61 8.06 9.5 3.41 6.06 5.93 5.76 3.77 7.55 7.6 4.26 3.72 5.36 5.58 3.6
9.88 6.32 8.03 4.94 7.28 3.73 1.91 8.85 7.87 1.03 1.11 5.67 7.14 3.38 8.5 6.4 1.09 9.07 8.15 4.94 7.03 1.76 3.82 6.15 1.23 3.11 6.06 8.98 8.4 3.69 6.81 1.83 7.13 5.3 7.8 9.38 7.12 1.68 7.72 6.17 9.7 2.74 9.6 5.79 7.66 9.43 9.72 9.05 5.37 2.09 1.76 8.31 6.7 4.38 2.84 9.25 2.53 5.21 7.12 4.06 3.22 5.63 9.28 9.47 2.32 6.19 8.15 3.42 4.08 9.09 9.32 8.7 2.8 1.63 5.1 8.71 8.27 2.6 4.65 4.85 8.71 4.29 6.12 2.38 2.35 7.21 3.84 1.11 8.97 9.25 5.1 2.24 8.34 5.47 2.65 1.38 8.61 7.72 8.65 5.97 9.92 9.43 8.57 4.25 1.93 8.81 5.96 6.73 5.09 3.79 9.22 9.16 4.51 9.27 8.68 4.55 2.66 1.72 9.76 2.42 9.38 6.59 6.64 9.24 9.12 9.26 7.07 4.27 8.58 7.36 3.02 5.93 4.44 2.05 6.02 7.1 1.92 3.99 8.34 4.83 1.29 4.07 4.91 9.97 8.03 9.87 4.92 8.92 7.86 4.43 9.0 5.76 4.88 4.54 8.88 6.24 3.4 1.7 3.55 9.17 1.29 6.48 4.64 3.78 7.75 4.1 8.45 5.21 7.27 3.41 2.6 1.41 2.64 4.64 4.25 7.9 6.53 8.34 2.02 8.48 6.84 3.4 4.1 5.99 6.82 7.08 7.95 8.08 7.44 9.49 1.48 5.42 3.83 2.06 4.11 4.76 3.89 9.15 9.37 6.44
4.99 9.95 2.87 2.79 7.53 8.44 2.66 9.33 8.51 5.63 9.31 5.71 5.65 5.78 5.95 6.01 6.3 3.1 5.56 8.0 8.81 2.62 7.26 2.97 3.07 8.7 2.03 4.98 8.23 7.84 8.09 1.65 3.33 9.51 9.21 1.17 3.83 3.26 6.13 1.59 9.48 3.6 5.72 3.46 5.87 4.79 1.75 8.1 7.55 5.88 5.22 1.25 6.82 5.25 5.99 7.36 1.18 7.91 9.19 3.21 9.64 1.33 5.82 4.37 6.12 7.98 7.39 5.09 2.27 8.87 6.49 1.19 6.77 6.68 4.44 7.43 2.31 8.57 9.55 4.97 3.7 3.99 4.81 7.33 6.87 1.0 3.29 3.24 2.07 3.52 5.22 5.65 3.49 5.02 7.66 2.7 5.82 1.67 4.26 5.09 2.94 5.52 8.27 9.2 5.11 4.11 6.22 8.65 9.02 4.37 7.91 3.07 1.37 8.06 9.09 6.0 3.34 5.5 9.24 4.67 3.97 5.77 3.21 3.58 4.67 6.71 1.06 6.85 1.43 5.15 5.43 1.79 4.98 3.07 9.44 9.78 3.69 8.44 7.74 1.22 5.59 2.22 6.74 5.06 2.82 5.93 9.09 1.47 7.22 3.72 9.62 9.42 1.92 3.37 8.6 3.47 6.33 5.0 5.19 4.27 3.64 7.42 3.0 5.33 4.64 2.58 4.32 5.2 5.04 4.67 1.17 6.77 8.38 1.27 9.21 9.23 9.22 4.17 2.56 1.28 9.96 7.0 6.11 7.28 7.33 5.14 9.39 4.07 7.84 1.92 3.82 2.55 4.76 9.6 4.73 1.77 3.68 2.58 2.07 9.17
2.42 4.76 9.9 8.18 6.15 4.96 3.59 4.9 3.29 6.6 6.98 9.98 8.48 3.59 3.29 8.33 8.39 5.74 9.85 9.58 8.32 1.13 4.55 9.34 1.88 7.21 6.8 9.96 9.91 4.84 8.42 5.65 5.29 8.79 1.9 4.45 2.75 7.15 8.99 4.11 4.36 2.24 6.06 5.66 2.98 8.52 2.81 6.83 7.67 1.21 8.73 6.68 6.98 8.68 2.47 8.63 8.28 2.0 6.33 6.81 7.53 1.44 2.34 6.52 9.06 6.51 6.47 9.33 7.05 1.42 6.48 2.63 8.03 8.69 4.24 2.74 6.84 4.13 4.61 2.31 9.46 2.1 5.15 9.73 8.14 3.82 6.36 2.01 8.83 1.62 2.62 1.6 9.35 3.96 5.16 6.3 7.99 1.96 4.89 3.42 8.44 7.0 7.64 4.76 2.29 9.83 1.52 8.97 5.4 9.14 6.37 6.73 2.7 7.62 6.92 5.23 8.24 7.5 9.81 3.83 7.51 9.55 2.41 9.61 9.67 3.95 2.3 8.72 7.89 1.33 2.09 7.8 4.74 6.77 8.24 3.99 9.13 4.21 2.98 1.8 2.61 4.85 2.57 2.02 9.39 5.18 8.02 9.0 6.14 9.62 3.17 1.09 9.22 4.45 5.09 7.67 5.82 9.41 9.98 7.93 3.06 8.86 2.52 8.25 3.82 2.25 1.92 8.82 4.09 6.09 4.13 4.75 5.18 3.75 8.68 5.61 4.72 1.95 3.33 5.33 7.3 1.16 3.57 9.18 4.17 6.87 3.9 3.85 6.13 2.0 6.7 5.12 9.02 1.4 4.83 7.58 2.28 8.32 5.97 4.33
3.46 7.46 3.41 6.0 2.39 2.87 1.37 5.21 6.75 8.14 5.89 1.12 3.32 8.31 7.61 1.24 9.99 2.01 5.38 2.83 6.37 9.84 8.39 5.33 2.8 3.62 4.09 7.03 1.42 5.0 4.94 2.99 3.36 7.58 3.22 4.22 9.07 8.71 2.8 9.33 8.81 5.43 7.05 7.55 7.39 4.76 3.31 5.79 8.91 5.33 2.32 5.78 5.67 5.43 5.98 7.02 4.26 4.83 3.06 4.8 9.46 3.1 5.44 8.3 4.12 2.57 4.11 3.68 8.1 3.48 3.87 7.76 4.1 4.33 7.13 9.17 2.35 9.43 1.91 3.11 3.17 1.59 8.6 2.17 1.57 7.34 1.09 6.94 6.58 4.9 5.6 3.89 3.31 9.3 5.28 8.06 5.16 6.4 9.54 5.66 8.04 1.58 1.58 3.2 8.03 6.7 4.74 3.42 3.11 3.56 9.25 5.09 2.7 5.81 1.51 4.4 6.76 7.97 7.04 8.82 5.56 3.93 1.14 2.29 5.29 4.42 4.7 8.85 9.77 9.87 3.23 6.56 4.88 9.63 4.15 1.91 3.8 4.86 4.3 6.14 8.59 9.79 6.39 4.82 4.76 6.68 6.68 9.37 3.85 3.62 6.6 2.16 3.56 2.93 1.5 5.26 1.51 8.63 2.88 3.75 1.09 2.3 3.73 3.3 1.79 4.46 9.03 4.61 5.29 1.0 7.11 3.65 8.54 7.97 8.89 6.84 6.1 6.33 8.78 8.76 1.72 2.75 7.7 5.33 3.24 4.17 5.84 4.07 8.49 5.59 2.33 3.63 5.18 9.49 4.35 2.14 4.69 1.35 3.84 9.98
7.1 2.04 3.52 7.34 8.5 9.63 6.62 7.9 7.1 6.24 4.23 4.71 5.21 1.15 5.72 6.03 1.41 3.74 4.62 3.28 6.94 3.45 8.31 6.01 7.0 7.01 3.68 1.49 1.91 1.37 9.98 3.84 2.89 3.62 6.94 2.49 3.01 2.06 7.62 7.97 5.17 2.42 7.29 1.58 7.54 1.41 8.04 7.63 5.68 3.3 8.64 8.92 5.52 3.85 3.77 1.36 6.21 2.92 6.46 8.13 9.93 3.53 8.33 2.05 4.24 7.25 8.41 6.78 3.71 6.43 4.77 3.06 5.82 1.72 3.54 6.81 9.51 7.26 3.15 1.98 2.5 7.03 2.05 5.55 9.71 5.26 8.94 9.13 5.04 8.83 1.45 9.77 8.26 9.48 7.17 2.56 1.29 5.32 7.18 5.86 8.26 3.58 6.53 2.25 4.37 9.41 9.94 5.6 4.1 9.49 5.56 1.86 4.7 5.07 4.1 9.25 1.15 1.65 1.88 1.95 7.2 2.76 2.56 8.71 3.23 4.31 7.51 5.82 7.75 4.65 1.81 8.81 7.57 8.12 8.72 7.31 1.69 6.98 7.4 6.78 9.05 3.87 1.25 2.51 4.75 9.98 2.79 3.19 8.57 6.58 4.49 3.61 5.14 4.68 5.76 7.05 5.33 8.72 9.68 9.72 7.44 6.54 7.49 7.15 9.94 1.87 5.9 5.72 5.25 3.79 3.19 7.75 6.11 8.69 1.1 7.85 8.27 1.33 7.43 7.48 3.07 9.3 8.6 9.75 8.58 9.61 4.9 6.39 2.7 6.58 1.99 7.74 9.21 5.39 3.57 8.33 7.37 2.07 7.64 6.48
3.49 3.83 8.14 9.23 4.97 2.0 6.4 6.53 6.07 6.33 5.55 7.79 7.29 7.35 9.57 1.33 6.46 2.25 9.2 2.73 2.09 3.34 9.73 5.36 6.4 2.51 5.22 6.02 3.92 3.12 4.61 3.96 1.3 4.04 8.08 6.5 1.66 4.48 5.95 1.39 1.86 1.29 3.01 7.16 2.17 1.22 6.79 3.74 3.21 8.98 1.53 3.77 7.74 4.96 7.89 7.77 4.35 5.29 3.13 2.63 2.42 3.4 5.51 7.93 9.62 2.19 8.15 10.0 6.86 8.6 2.53 7.44 9.88 3.99 2.88 1.18 1.62 4.83 5.59 7.87 8.59 4.58 3.52 4.32 7.42 4.04 6.01 7.95 4.86 1.46 6.03 1.89 3.09 6.67 8.39 9.86 7.95 1.67 7.55 5.97 8.98 3.02 7.17 7.75 4.25 4.23 3.8 4.49 8.01 2.14 1.83 1.87 1.24 3.68 7.45 3.45 7.78 6.29 8.17 9.13 4.2 7.93 7.5 6.31 7.03 4.65 6.62 2.15 5.88 4.46 2.1 9.91 1.66 7.44 4.36 1.22 5.55 1.2 7.82 1.48 2.78 1.49 7.34 4.07 4.47 8.78 6.84 6.8 1.2 1.41 9.34 3.27 4.46 6.99 6.53 4.29 2.02 6.0 6.31 9.55 8.54 5.96 2.49 1.54 3.44 4.89 1.69 9.27 6.92 5.09 3.62 2.57 5.05 6.44 6.53 2.45 6.34 2.59 1.73 4.35 3.2 8.76 5.44 8.85 8.24 1.45 1.72 6.17 4.92 6.33 1.1 6.57 5.55 8.42 5.91 6.55 7.31 1.39 9.28 7.86
3.77 8.54 5.22 2.5 1.62 4.42 3.34 9.8 2.12 4.17 1.56 6.82 9.02 2.1 1.34 4.4 1.17 9.51 8.17 8.07 3.17 2.4 6.57 9.22 8.99 2.36 9.32 9.76 1.14 6.58 5.51 1.65 7.12 3.39 1.65 2.01 8.88 7.85 3.61 1.05 7.06 3.41 5.44 9.4 6.02 8.71 3.6 3.55 1.82 5.62 2.06 5.93 5.9 7.85 8.9 3.21 3.2 7.59 3.7 1.51 9.77 7.86 4.75 4.4 8.45 6.53 7.11 9.84 9.85 6.4 6.77 6.4 3.74 2.62 9.41 1.12 6.97 6.64 2.29 5.02 2.03 3.34 7.35 4.32 9.78 7.0 8.39 3.18 7.49 6.1 2.93 5.71 3.66 5.1 7.0 9.17 1.42 6.28 2.33 4.06 8.69 2.23 8.16 1.13 8.86 1.82 3.56 8.47 1.84 9.85 4.61 4.12 8.49 8.7 4.76 9.82 1.66 5.88 3.35 5.37 5.92 2.82 5.55 1.09 6.01 8.89 5.03 5.29 8.6 1.19 6.56 3.01 1.99 9.49 1.69 8.35 6.41 3.39 9.39 7.98 1.76 3.87 5.63 9.51 8.36 8.59 5.11 9.4 5.72 4.1 5.4 7.87 3.87 1.66 6.63 6.49 2.74 7.56 1.07 8.02 9.12 3.23 8.17 7.93 9.35 9.91 2.89 8.25 7.88 8.74 5.99 3.9 8.68 4.62 3.19 9.06 1.44 5.63 6.27 7.49 5.17 3.99 5.1 9.18 3.75 2.44 7.7 4.73 3.69 2.75 2.67 3.37 1.97 9.18 9.53 8.54 6.95 5.38 7.84 3.53
2.31 3.71 7.38 2.78 5.26 8.05 6.78 7.91 8.25 7.97 7.78 3.29 7.27 4.76 1.51 2.98 9.2 9.73 4.56 9.94 4.92 8.31 5.02 6.02 8.52 2.7 6.1 2.84 4.22 1.21 5.68 7.83 7.29 2.73 7.8 1.52 8.92 9.6 9.47 3.99 6.86 5.67 5.66 1.22 6.04 1.81 7.97 1.99 6.29 9.22 6.0 8.1 9.89 1.85 5.43 5.07 1.65 1.32 9.43 8.64 7.04 8.71 1.9 6.73 9.66 6.96 2.1 1.62 2.49 2.54 7.27 7.58 8.28 9.41 8.71 5.93 9.01 9.17 9.15 6.13 7.79 7.01 9.35 1.34 4.57 5.93 6.34 9.87 2.66 1.61 6.46 5.35 9.83 7.01 1.81 5.78 1.58 5.33 4.22 4.46 2.6 1.6 9.05 2.84 2.35 9.06 5.48 1.58 5.0 6.61 9.19 2.16 9.54 8.56 8.98 3.78 5.36 2.08 5.26 3.88 1.16 1.57 1.73 6.83 2.51 1.09 7.5 4.82 9.33 5.19 3.89 4.98 4.87 9.13 5.09 1.15 4.15 1.51 7.14 1.85 1.15 3.97 5.4 8.21 7.25 5.45 2.69 3.55 9.6 9.93 8.52 8.27 6.06 5.78 9.68 1.72 5.5 5.02 2.27 5.77 2.35 2.31 8.88 7.19 3.8 7.76 6.63 4.22 4.31 7.59 1.77 5.83 8.41 5.05 3.62 1.86 4.45 9.0 8.09 7.2 4.91 6.2 7.95 7.24 3.56 5.48 2.59 9.59 4.08 5.14 8.89 6.71 9.02 8.0 3.22 6.15 2.39 6.39 7.64 9.46
9.53 5.32 8.45 5.47 7.68 6.77 5.87 1.11 7.3 5.84 6.58 5.89 2.61 6.94 6.17 5.52 6.08 7.9 4.59 7.26 5.15 6.81 8.61 5.89 3.66 6.54 4.42 5.2 5.68 5.54 2.66 6.83 9.88 8.81 6.74 9.7 9.03 5.23 1.13 5.3 1.08 9.09 2.65 7.07 8.75 8.66 3.84 4.46 4.5 6.58 9.3 4.89 3.72 1.53 2.97 9.94 9.83 3.5 1.76 9.45 3.32 8.88 1.98 1.63 4.41 8.24 7.64 1.62 5.6 3.57 6.34 6.58 3.96 7.0 4.38 7.84 1.84 9.49 3.06 5.42 5.01 7.94 7.7 5.99 1.29 5.93 7.46 4.87 4.04 9.47 8.64 2.62 9.93 7.06 5.57 4.05 3.48 6.92 1.75 3.66 6.73 2.28 7.46 9.67 3.95 8.82 6.15 2.22 7.7 8.71 7.8 4.15 8.19 3.58 4.03 1.56 8.2 4.8 9.07 5.91 4.55 9.45 9.01 7.8 2.14 2.01 7.13 8.11 6.11 5.25 7.91 9.49 8.21 3.79 2.49 1.14 2.28 8.81 9.09 8.82 1.59 8.76 1.55 1.48 2.06 4.1 9.53 7.1 9.79 3.6 2.83 5.39 1.69 4.13 7.54 7.68 7.1 3.03 7.58 1.52 6.03 7.75 2.33 8.21 9.52 5.1 7.49 2.28 4.55 8.33 9.8 3.58 7.25 1.37 3.93 6.4 8.25 4.95 7.03 9.59 7.33 8.97 6.02 2.49 7.53 6.21 5.06 5.0 3.0 6.43 6.88 6.36 9.66 4.48 8.97 2.64 4.51 4.71 3.87 2.62
1.82 2.25 4.91 5.7 4.12 7.73 4.4 2.19 6.84 2.67 5.33 3.39 6.67 2.56 1.06 8.42 7.48 9.5 4.12 7.74 3.48 6.97 4.9 7.54 4.87 9.96 7.83 8.26 7.17 1.1 3.38 9.54 9.76 8.12 8.73 7.34 5.8 2.89 4.39 7.37 5.06 2.08 3.73 9.44 5.83 2.53 7.88 4.04 9.25 1.11 8.95 9.93 1.66 6.06 7.0 8.41 6.38 4.53 6.95 7.78 3.65 8.04 1.91 7.55 8.01 4.13 5.7 8.92 3.77 9.21 5.78 8.93 7.15 6.48 4.47 7.32 7.15 9.92 2.97 1.12 8.24 2.75 5.09 4.8 5.83 7.45 9.53 7.92 9.73 8.15 5.31 1.03 1.66 7.55 9.51 3.26 5.95 1.07 8.82 7.74 8.05 8.9 5.53 5.54 4.09 6.84 5.36 2.91 2.24 8.44 3.6 6.65 9.77 5.83 9.66 6.88 1.46 6.88 9.65 3.86 1.02 5.93 8.51 1.21 8.1 3.23 9.26 2.76 8.38 8.73 6.08 6.3 2.32 9.25 5.6 2.98 8.03 4.91 8.77 5.41 4.17 9.97 6.03 5.76 3.86 9.26 1.33 9.78 8.38 5.03 8.37 3.49 6.91 8.87 1.47 8.38 1.4 7.57 9.58 9.99 6.02 3.71 8.51 5.25 9.03 3.37 2.04 9.2 6.19 7.71 6.94 1.48 2.4 5.28 2.79 3.93 3.28 7.93 1.77 3.31 6.28 5.08 7.1 5.13 4.1 1.14 7.5 4.51 2.45 2.42 8.36 6.19 4.86 6.72 2.12 3.94 2.85 8.55 3.25 6.43
6.71 5.15 3.17 4.19 1.37 2.38 7.36 3.9 6.19 1.73 1.12 5.92 4.58 7.3 8.66 8.11 9.98 3.52 8.57 2.92 6.04 4.05 5.13 4.47 8.14 9.07 7.57 7.79 7.13 3.88 2.97 9.85 1.64 7.28 8.34 1.19 7.3 2.09 2.91 1.17 9.6 3.91 6.76 8.56 7.1 9.85 7.35 5.12 6.75 4.61 8.66 2.83 2.05 9.92 4.42 1.14 6.05 3.13 5.49 1.87 1.22 6.87 4.83 1.9 9.95 8.41 2.32 1.44 7.79 2.49 8.88 4.34 8.01 8.61 3.88 2.4 8.82 8.91 7.54 7.89 9.16 5.46 3.28 3.96 4.32 3.41 4.07 8.88 1.42 7.58 2.14 2.97 8.93 1.58 6.95 4.83 7.09 8.89 9.76 6.26 4.08 4.46 4.56 4.63 1.91 5.38 9.15 1.17 1.81 5.38 2.78 3.99 2.09 2.27 3.13 7.1 8.6 4.89 3.73 3.24 3.64 8.04 6.67 3.98 3.51 5.98 6.0 5.59 3.65 2.45 4.71 2.82 7.67 9.29 6.94 7.67 8.64 9.55 9.49 2.57 8.85 4.78 1.82 2.97 7.69 4.17 5.01 5.05 3.81 5.04 6.84 7.1 8.21 1.12 7.1 2.15 7.76 4.07 4.83 8.5 9.65 6.97 5.55 3.53 7.07 8.16 6.57 3.64 6.4 3.36 9.9 5.37 4.94 6.42 4.5 6.13 5.34 6.66 5.34 1.16 2.42 5.06 8.72 7.03 2.89 6.89 7.41 5.87 8.07 8.06 1.05 8.45 5.41 5.74 6.58 1.11 3.84 1.49 2.86 3.88
2.88 1.41 9.13 5.86 7.97 2.47 6.62 5.82 2.89 1.49 3.02 5.09 2.49 5.34 6.41 7.22 9.83 3.4 6.17 5.43 7.7 5.0 5.8 6.22 3.7 5.74 1.21 4.56 2.8 1.56 9.93 7.1 4.85 9.12 5.53 3.34 3.01 6.66 5.63 4.81 2.39 3.74 1.72 7.74 5.67 9.72 7.9 6.99 1.52 9.11 6.52 3.85 5.96 2.57 9.66 9.62 1.62 6.12 2.47 1.48 6.07 8.5 2.37 7.63 6.02 2.54 9.33 1.1 5.32 5.15 3.59 5.42 6.66 1.66 2.01 1.82 9.44 9.26 4.3 5.37 3.03 9.89 8.38 3.44 3.38 8.98 5.15 5.27 9.19 3.48 7.95 3.88 9.05 4.84 2.25 7.44 9.76 2.3 1.97 2.3 3.6 5.43 5.68 1.32 9.88 1.91 3.8 1.76 1.69 3.69 9.84 4.6 3.7 4.18 4.27 7.79 6.89 7.11 4.94 3.06 8.23 3.57 3.44 4.84 7.84 5.32 1.28 6.13 9.05 3.1 9.26 5.55 1.7 3.3 1.59 6.18 4.01 6.69 1.64 5.92 3.1 8.46 7.92 2.92 5.19 7.7 4.36 8.02 5.95 8.26 5.49 3.29 6.41 4.83 6.91 1.82 9.43 8.24 2.15 3.24 1.59 6.21 3.65 5.06 3.68 2.07 4.48 4.75 2.19 6.49 7.15 1.94 1.63 9.01 9.69 4.93 8.83 2.54 6.74 3.32 1.52 5.08 7.62 4.99 3.01 1.05 9.45 1.82 4.29 3.71 5.07 3.36 5.29 6.61 2.06 3.82 2.48 7.55 1.94 9.24
3.27 4.06 7.19 1.18 5.99 9.96 9.76 3.52 3.36 2.36 4.23 4.86 1.78 1.66 3.2 2.5 7.59 1.83 1.84 9.13 9.0 4.19 4.12 6.43 1.92 9.56 8.06 7.25 5.58 8.27 3.48 9.15 4.83 3.2 4.24 5.29 7.57 9.73 6.39 2.24 3.9 2.41 4.01 3.51 2.25 4.98 9.15 6.3 2.2 4.1 1.42 5.62 5.99 9.27 7.26 5.94 2.26 4.21 5.11 1.49 9.41 7.98 6.8 7.87 6.56 4.13 3.05 8.05 1.13 7.98 4.04 9.82 4.74 8.41 9.21 1.34 9.85 7.84 9.84 5.04 9.72 4.81 8.94 1.38 8.99 9.22 8.79 4.56 6.98 5.51 7.22 9.71 5.67 6.23 8.12 6.17 1.16 7.63 4.43 6.35 8.38 5.76 5.65 7.86 2.2 6.54 5.06 9.03 4.2 2.83 5.25 8.2 8.92 9.86 4.3 7.42 3.66 8.39 3.75 9.51 6.75 8.07 6.25 2.54 6.94 4.64 7.54 4.4 8.35 5.59 9.1 8.74 2.43 3.33 2.18 1.1 6.73 1.3 9.18 6.64 8.06 8.19 3.75 9.8 5.02 8.08 6.73 9.09 1.97 1.31 5.57 1.5 1.84 5.88 1.49 1.55 9.51 2.72 6.33 8.12 7.47 6.97 6.01 5.52 5.71 3.75 9.75 4.41 9.4 4.11 6.61 8.47 4.88 6.34 8.28 7.36 8.49 6.57 4.06 5.79 8.24 4.31 2.84 2.44 2.5 3.41 1.56 1.64 8.41 8.08 7.51 2.44 6.94 4.95 5.66 8.29 8.22 5.17 7.41 4.57
1.04 6.89 6.0 6.32 3.63 9.25 3.45 5.55 4.1 4.76 2.44 2.67 6.22 2.42 8.15 3.53 2.64 4.02 8.39 7.86 8.38 5.49 3.24 4.12 2.73 1.87 4.63 7.8 8.16 7.66 6.18 8.46 4.24 4.89 7.22 9.16 4.13 6.02 6.1 3.53 2.1 3.9 9.14 9.83 9.41 8.66 3.66 8.3 2.51 6.85 8.83 7.55 3.79 5.26 5.91 2.44 6.99 9.33 8.28 5.16 9.56 3.73 3.68 3.88 6.78 4.34 5.4 5.52 6.28 2.31 6.6 7.42 4.25 1.38 3.51 1.26 9.43 3.68 8.56 6.18 1.95 2.27 8.41 2.57 7.88 8.9 7.17 2.18 6.2 5.74 5.68 6.07 9.21 2.18 9.86 3.12 9.94 5.73 5.83 2.87 6.77 6.82 5.14 3.24 6.36 1.43 1.53 3.14 9.09 9.23 8.4 2.45 9.97 3.61 3.04 2.28 6.1 9.03 4.51 2.57 8.8 3.55 4.9 4.44 3.44 4.74 2.43 6.27 8.21 3.67 7.09 2.8 8.53 6.17 9.88 1.33 9.37 4.82 6.98 8.58 2.12 4.57 8.53 6.47 9.16 6.67 7.91 7.61 9.21 6.44 8.22 9.71 8.42 1.16 8.23 1.92 9.27 10.0 5.06 8.79 7.96 6.55 2.5 3.86 6.59 2.82 3.82 9.49 8.31 5.81 2.74 7.49 3.23 3.98 4.51 5.51 4.13 7.2 2.65 9.6 9.52 1.32 8.65 4.52 6.67 3.84 9.53 1.74 1.4 5.46 6.2 2.45 3.35 2.93 4.0 1.03 2.42 7.41 2.61 4.53
6.34 3.32 5.53 3.52 9.61 5.97 2.13 7.83 1.92 1.2 5.52 6.71 4.54 7.49 3.04 9.31 1.98 6.73 5.55 8.23 7.99 7.69 4.84 6.47 5.64 3.46 9.91 9.51 6.47 2.55 8.63 8.49 6.96 3.68 5.53 3.03 2.79 1.27 7.35 7.71 9.18 1.64 9.73 1.73 6.85 5.11 9.82 7.36 8.49 8.19 9.66 7.92 2.68 6.49 3.79 4.28 5.04 7.29 2.15 4.87 3.31 3.32 5.55 6.19 3.0 8.25 7.35 6.61 1.6 8.1 5.09 4.87 8.79 9.76 5.3 3.48 9.35 3.9 3.78 6.63 1.9 6.46 4.67 6.86 4.24 9.51 4.54 9.02 3.36 2.32 8.34 1.59 5.89 4.99 1.06 8.33 8.36 7.01 5.47 6.28 9.32 6.47 1.85 3.0 4.42 2.53 6.92 4.84 4.72 3.46 5.47 3.84 7.54 5.76 9.64 8.59 2.82 2.23 4.78 2.45 7.95 9.1 7.54 8.89 9.85 4.51 9.9 1.2 5.32 4.95 9.55 4.78 5.32 3.57 6.07 2.85 1.31 1.25 6.97 9.42 1.66 9.38 5.95 5.73 9.16 4.85 2.95 5.68 4.07 8.9 5.97 8.79 8.19 1.24 1.03 3.65 4.29 2.16 9.77 6.01 6.4 6.79 3.43 1.84 2.31 7.92 6.18 3.78 9.59 8.81 2.42 6.49 3.53 4.76 1.96 4.65 1.49 8.44 9.01 4.61 8.47 5.25 1.74 3.07 7.43 6.91 9.44 1.94 1.67 7.9 6.69 2.7 6.56 3.48 4.4 1.78 3.69 2.26 6.81 8.45
2.58 8.88 8.21 7.26 5.1 6.53 5.93 6.93 1.93 3.21 6.83 6.31 6.12 3.22 8.08 3.48 9.64 2.3 6.93 3.55 3.62 6.9 9.43 8.28 1.21 1.89 2.52 1.31 3.84 7.88 1.94 6.53 1.08 3.05 2.42 2.79 1.5 2.75 6.55 2.06 6.05 3.17 2.75 6.08 9.24 3.22 2.11 3.52 7.7 2.06 3.7 6.18 6.7 7.72 5.73 1.08 8.96 1.91 3.86 3.15 3.28 1.09 4.9 6.44 1.84 9.77 2.18 9.82 6.04 8.99 2.8 4.81 8.16 4.86 5.96 8.44 1.4 4.29 1.9 4.04 1.71 4.46 1.09 5.3 2.26 4.38 2.54 4.37 7.31 4.07 6.45 8.69 9.6 7.47 6.97 1.78 7.19 6.27 1.51 5.6 2.22 9.62 8.28 6.67 4.91 6.95 2.87 2.39 4.41 4.81 9.15 7.33 1.51 1.53 6.79 5.82 8.91 8.52 3.83 7.6 4.49 9.68 7.05 1.54 1.71 2.22 2.49 5.88 8.64 3.5 9.91 6.77 1.84 7.57 7.91 2.15 1.35 8.05 9.85 7.33 7.72 3.48 7.44 8.92 4.58 7.69 5.23 5.62 4.47 9.41 4.49 2.69 5.03 7.06 5.34 3.36 5.52 2.02 5.83 5.04 7.02 8.31 7.12 9.27 4.43 7.29 3.46 3.71 7.96 6.74 8.15 6.06 9.73 5.2 1.01 7.38 1.38 8.61 6.22 9.47 4.57 7.01 5.81 5.3 9.82 4.66 4.19 9.19 6.07 5.99 8.02 1.62 1.78 1.94 7.95 5.24 8.88 6.78 2.36 7.37
2.42 4.61 7.54 8.72 1.15 5.58 9.77 9.0 3.07 5.13 6.55 8.93 5.31 9.38 1.76 3.13 5.0 6.03 7.58 9.47 5.04 4.29 3.13 3.75 9.03 8.77 5.35 7.63 1.55 4.61 5.69 4.01 7.16 3.02 4.84 9.21 1.41 7.16 8.41 2.81 6.32 2.31 3.89 3.81 7.66 5.88 8.98 7.5 3.4 7.71 7.01 9.05 9.31 7.69 5.02 1.66 1.54 4.29 7.16 3.39 9.53 6.77 5.17 1.17 6.34 6.18 9.77 5.91 1.59 6.11 8.04 1.34 1.04 1.99 1.77 7.73 1.73 7.54 6.5 8.09 5.36 6.24 3.28 5.61 9.81 5.0 2.07 1.15 7.09 6.4 8.16 1.91 7.96 2.15 9.63 1.9 4.94 2.89 2.12 2.86 8.61 8.0 5.72 3.63 4.54 1.44 3.2 9.97 2.54 6.5 7.1 4.4 6.0 8.5 6.86 1.22 3.89 9.95 8.19 7.77 2.07 2.71 8.55 5.52 2.53 1.8 5.94 3.19 6.82 7.73 2.43 3.11 3.46 7.14 2.5 1.67 7.03 5.52 4.4 8.27 9.11 4.32 6.81 5.03 3.83 1.4 2.78 9.21 2.96 4.25 3.93 2.88 9.91 6.13 8.69 8.66 6.82 9.24 7.61 5.49 7.61 7.73 5.04 8.32 3.13 8.78 2.6 3.58 3.46 9.39 1.6 2.95 8.99 4.67 3.29 2.56 9.66 3.25 9.86 5.45 1.66 7.82 6.87 7.44 7.8 6.91 8.99 4.67 2.55 8.1 8.87 6.41 4.88 4.64 1.33 3.82 8.1 6.1 3.83 5.14
7.27 6.32 7.37 3.85 8.18 5.09 9.25 1.03 3.87 5.11 4.06 5.3 3.33 9.23 7.09 2.66 5.81 9.16 5.92 5.36 9.26 5.33 4.78 1.73 4.81 6.56 9.99 7.95 8.98 5.27 9.75 6.98 1.11 5.37 2.13 5.18 3.97 2.5 8.24 9.98 9.35 6.74 4.16 3.35 5.63 4.97 2.92 9.07 5.04 8.67 2.66 8.97 6.32 3.28 3.46 8.92 9.48 2.64 3.67 4.84 6.84 2.09 1.54 6.04 4.94 1.34 3.35 3.95 1.41 2.04 4.07 9.54 3.23 4.93 5.63 4.17 6.77 5.12 4.63 8.1 5.61 8.94 1.39 9.57 2.45 1.28 6.07 7.29 5.89 6.2 4.34 4.61 4.71 9.25 7.14 1.18 2.76 3.5 9.84 5.69 7.67 4.17 9.79 1.38 1.9 8.28 9.38 9.65 7.71 4.67 4.35 5.74 7.47 5.57 9.57 1.1 8.16 5.07 3.11 5.35 9.57 4.32 9.93 2.14 3.16 3.88 8.97 3.61 1.24 1.07 4.06 8.2 9.41 5.66 8.88 5.32 8.0 8.05 1.8 9.64 8.32 6.45 4.53 7.76 4.59 9.46 7.1 5.02 8.97 1.21 2.53 8.69 7.66 4.55 3.81 1.64 4.83 8.3 9.26 9.75 5.0 2.88 7.21 6.13 9.54 3.91 4.3 1.67 1.14 6.7 3.25 8.56 2.25 5.77 5.39 6.14 5.26 7.65 6.4 2.36 2.14 3.88 7.22 5.73 4.97 7.21 9.78 9.43 6.56 8.02 3.01 6.99 9.27 2.15 7.96 5.3 5.12 3.11 3.72 6.04
3.31 9.47 9.68 4.42 4.33 1.69 5.58 7.48 8.04 8.68 2.3 9.89 9.88 2.81 8.6 8.31 9.57 1.73 4.12 6.61 3.33 9.42 2.88 1.5 1.7 6.48 9.79 9.58 5.18 9.41 5.56 1.39 4.98 2.37 7.04 9.54 2.32 6.47 7.69 4.37 2.2 4.54 2.51 6.42 2.5 3.06 8.69 2.13 3.71 3.88 7.87 2.98 8.02 5.49 9.17 6.09 1.47 6.46 4.42 4.13 4.2 2.24 3.48 9.31 4.19 7.65 8.57 9.02 9.77 4.38 3.27 8.95 4.31 7.84 9.43 4.91 5.03 1.82 2.98 2.0 8.64 3.91 1.25 9.87 7.07 2.89 7.73 1.08 3.8 8.19 2.49 5.43 5.95 9.52 8.48 4.1 3.3 5.22 2.87 3.24 7.16 9.28 1.89 5.5 9.65 2.37 8.72 6.4 5.58 6.83 1.01 2.59 3.34 3.21 7.56 7.7 1.63 3.42 3.62 7.06 4.51 8.82 9.94 5.94 4.85 1.18 8.45 8.65 3.31 9.25 6.59 1.91 3.36 6.88 1.09 9.48 7.32 9.5 4.74 1.2 4.72 5.69 6.07 3.1 3.34 7.91 1.13 7.21 1.71 5.28 8.93 7.07 9.52 8.01 8.82 9.76 5.77 3.69 9.18 4.28 8.51 2.16 8.4 2.75 6.46 7.93 1.03 5.3 3.98 2.61 5.87 9.47 3.19 4.86 5.63 8.28 3.2 3.3 6.31 3.21 2.69 5.0 2.54 9.28 2.35 2.14 7.06 9.77 4.17 5.65 6.89 7.86 1.9 5.49 4.02 3.77 7.43 8.95 6.72 2.58
2.53 1.49 6.12 1.35 4.34 7.88 2.33 2.56 2.59 4.11 7.27 6.03 8.05 4.87 6.29 9.35 6.74 7.19 2.95 5.55 6.48 3.82 8.02 8.74 5.12 4.62 1.52 2.31 3.66 7.06 3.26 6.14 5.57 9.55 9.23 3.55 3.28 7.38 3.36 6.08 9.27 7.13 5.8 5.58 2.21 9.82 8.46 7.04 3.87 1.98 4.94 9.88 6.14 5.71 4.93 2.32 2.11 6.6 4.63 5.62 4.61 6.86 2.55 2.23 1.11 4.86 3.52 1.31 1.7 4.51 3.01 4.79 1.8 4.74 7.71 5.91 4.18 1.92 3.98 2.96 5.85 7.62 9.62 4.54 1.65 4.89 4.88 3.64 1.6 3.59 6.25 8.46 2.31 7.67 5.62 3.79 2.02 6.11 3.92 3.31 7.59 3.02 2.26 3.91 5.99 1.66 8.78 9.05 8.59 4.72 8.95 6.28 5.61 4.26 8.07 4.11 3.98 2.45 3.8 5.0 5.41 5.13 9.51 8.75 8.08 3.22 4.2 1.64 2.55 9.65 9.59 3.84 8.99 5.66 2.52 1.51 8.73 7.92 9.4 5.42 7.69 2.88 2.24 6.12 3.55 1.36 9.56 3.93 9.64 3.61 3.85 4.08 2.44 2.03 2.75 3.85 9.7 2.69 7.58 9.91 5.4 7.8 3.15 7.75 2.64 1.76 1.37 5.43 6.36 6.07 8.47 9.6 3.79 6.82 8.15 9.39 6.68 2.78 1.63 2.41 1.68 9.96 9.5 2.5 9.14 3.71 2.86 5.55 1.89 3.37 4.1 3.56 2.53 3.64 9.9 7.47 5.75 5.92 3.13 7.4
6.77 5.1 4.29 2.51 1.97 4.74 8.57 8.64 6.41 1.44 5.9 9.71 4.36 6.0 2.0 4.14 8.85 7.44 2.61 9.85 3.26 4.15 9.84 4.55 7.68 9.95 6.39 5.43 3.03 5.33 9.67 5.23 8.68 2.53 10.0 7.55 6.8 5.41 1.9 5.05 3.87 2.69 6.55 7.66 8.5 5.99 4.03 6.09 1.11 3.05 8.28 2.16 9.39 9.72 2.92 7.15 7.71 8.32 7.54 8.28 6.95 2.36 1.4 3.85 3.01 4.35 2.12 2.79 8.13 8.92 1.05 1.1 6.78 5.48 5.8 4.19 4.01 4.26 9.09 1.3 2.85 9.53 9.61 2.82 1.59 6.21 6.68 7.5 3.67 8.67 6.67 5.35 1.04 9.97 3.48 3.82 9.57 3.99 9.35 7.19 3.29 2.72 2.1 1.86 8.16 1.63 9.0 4.57 6.05 6.33 6.56 2.33 4.1 4.19 2.71 5.73 8.4 5.16 4.5 2.05 1.73 2.12 3.49 7.78 3.62 8.41 9.17 1.49 5.7 2.55 9.48 7.43 3.56 2.2 1.66 8.79 6.88 2.77 8.04 5.01 5.57 1.15 2.56 9.68 9.94 8.42 5.13 9.7 8.07 3.18 8.3 7.26 7.97 8.4 7.36 3.54 7.11 8.74 9.78 1.71 5.01 9.78 5.23 8.91 7.0 6.11 7.51 7.41 6.23 4.3 5.56 9.73 6.64 8.47 6.48 5.31 3.05 5.17 6.7 3.19 2.99 4.77 2.88 1.49 1.02 6.57 8.47 6.2 4.62 8.35 9.75 4.55 9.76 1.06 3.21 9.41 8.67 2.6 6.47 6.18
6.04 7.68 2.01 7.69 3.18 3.8 4.24 5.83 4.37 5.66 6.17 6.02 7.42 2.17 7.7 10.0 9.52 9.8 3.78 7.6 2.57 7.71 9.91 8.7 6.4 9.36 4.18 2.34 6.52 1.85 1.79 9.8 8.73 5.58 1.51 5.62 6.42 2.52 2.48 9.33 5.55 8.27 1.99 3.6 2.65 6.27 8.85 6.78 9.41 4.17 3.52 9.27 1.61 3.55 5.85 9.89 7.64 1.02 5.24 4.62 3.33 4.3 9.15 8.84 5.2 6.48 3.5 4.19 3.3 8.77 1.85 6.57 7.63 1.6 4.74 6.55 4.29 7.95 1.8 7.95 6.5 2.19 9.7 3.75 9.1 2.81 6.16 4.84 9.48 1.6 9.09 1.56 2.88 3.45 1.83 3.95 2.65 3.42 4.4 9.54 7.28 9.91 7.55 2.88 7.29 6.91 4.48 5.05 2.76 6.59 3.98 8.04 3.68 3.89 9.49 2.11 7.64 3.37 2.42 5.68 2.83 7.33 1.47 9.13 8.98 6.16 1.31 4.55 3.13 1.78 8.79 6.06 5.03 3.16 5.98 9.35 3.62 1.5 3.87 8.53 9.07 2.87 6.49 3.27 4.36 9.23 8.63 2.31 2.29 2.6 8.5 7.19 4.27 5.0 3.6 7.53 4.22 5.87 8.77 5.53 6.45 2.81 4.01 6.14 7.74 1.37 3.98 6.06 4.79 6.97 3.66 1.3 4.76 6.46 9.09 9.09 9.5 3.21 7.91 5.35 6.5 8.01 9.15 7.35 4.42 2.85 8.83 2.18 7.77 3.12 5.49 6.62 7.47 8.76 9.38 3.77 9.15 5.34 3.94 6.31
6.0 9.28 7.16 2.56 9.27 7.3 5.09 4.2 3.86 6.75 4.17 5.96 5.0 1.57 3.28 1.65 1.16 8.61 3.62 5.5 9.93 8.92 6.78 1.52 3.19 5.14 4.6 2.61 8.79 8.54 5.16 3.11 6.87 4.05 4.43 9.43 6.63 9.84 4.52 3.26 6.43 8.7 2.83 9.53 7.76 1.87 2.02 7.12 3.1 6.72 8.49 6.3 3.01 6.26 5.08 8.45 1.76 2.2 8.89 9.6 4.16 6.82 7.82 4.41 5.21 1.4 6.37 8.08 9.56 3.91 4.24 5.3 9.16 9.27 1.7 9.35 7.07 3.24 9.79 1.03 8.28 8.01 8.22 7.11 8.73 1.4 4.38 2.84 9.56 1.1 4.22 6.74 7.52 6.02 2.03 2.7 3.97 1.58 4.04 5.47 9.97 8.14 7.57 4.33 9.34 4.1 7.3 6.62 3.46 3.42 3.51 5.74 8.94 3.07 8.71 1.68 1.21 5.91 6.35 2.43 3.44 9.59 8.23 7.19 7.89 7.46 9.64 6.79 6.32 1.77 8.59 8.13 5.42 1.9 6.51 6.94 8.8 3.24 3.94 5.1 4.03 9.87 5.21 1.31 4.12 5.09 7.18 4.29 7.48 2.44 4.74 6.99 5.57 2.72 4.68 3.59 6.1 8.18 4.66 6.46 6.83 6.78 4.63 4.31 4.12 9.89 8.25 1.34 5.68 9.36 6.07 6.76 8.29 7.93 3.69 8.68 1.25 3.19 9.22 5.26 9.6 8.11 1.21 9.56 9.18 8.22 4.46 5.8 4.05 1.37 7.93 9.9 5.9 4.29 6.92 8.61 7.75 6.23 6.26 1.69
8.96 6.26 4.27 6.95 1.34 6.45 6.57 9.42 2.03 2.97 3.91 4.35 4.34 4.96 4.32 7.14 1.78 7.13 4.26 7.8 2.33 3.09 7.14 6.62 3.29 8.28 7.25 2.33 8.79 4.64 6.91 5.53 4.85 6.73 8.78 4.55 7.22 1.42 4.35 9.75 6.6 9.01 3.48 7.07 2.7 3.67 2.37 8.4 5.15 2.37 1.09 4.65 4.05 2.88 3.14 8.58 8.56 5.16 1.94 1.85 9.69 9.17 9.59 3.9 7.37 1.22 2.73 2.41 2.27 5.4 4.36 3.03 5.04 1.98 2.49 9.58 4.82 6.58 4.66 5.88 1.6 4.96 4.12 1.32 7.26 6.43 7.73 1.59 5.13 7.62 9.56 3.46 2.45 2.96 4.31 7.57 3.36 9.15 5.66 5.38 8.64 7.45 8.47 9.28 6.11 9.79 4.74 6.93 8.25 4.98 9.4 7.19 5.93 4.71 1.24 7.25 8.64 7.92 1.1 2.83 8.54 6.13 3.69 3.49 2.83 5.52 3.12 6.08 2.36 7.24 6.77 8.45 2.14 5.12 6.0 6.57 3.44 7.44 3.07 4.97 8.21 5.62 7.07 1.01 9.26 1.82 2.52 9.83 7.95 1.47 6.77 8.12 9.85 1.99 2.99 2.17 2.57 2.57 7.55 9.8 8.36 1.77 4.23 4.14 7.24 8.31 5.95 4.64 7.28 6.72 3.1 9.46 8.35 8.24 7.07 3.07 8.08 6.51 4.91 3.44 9.32 9.03 3.07 8.98 9.62 3.65 2.46 4.78 7.81 8.2 7.91 8.22 2.09 2.59 3.45 3.79 9.11 5.44 2.29 9.94
5.41 7.03 1.88 1.38 3.47 7.71 5.4 4.31 7.91 1.21 4.47 5.09 3.02 5.16 1.66 2.13 4.4 9.97 3.71 9.7 1.05 5.49 6.19 4.52 3.67 5.77 3.64 2.48 4.18 1.06 4.51 2.48 5.04 6.23 5.97 3.97 8.17 4.62 3.57 1.63 5.34 7.83 9.94 6.53 8.4 7.51 4.3 9.89 5.2 3.85 5.89 7.78 1.46 6.25 8.85 9.49 3.12 1.39 9.76 4.84 5.15 9.54 1.16 1.72 9.75 2.46 1.72 7.1 1.83 3.78 4.66 2.08 7.54 1.38 8.71 7.23 3.01 3.61 1.01 9.13 6.14 1.59 5.32 2.49 5.47 8.88 7.5 4.84 3.22 5.68 9.14 5.97 8.33 3.22 3.43 3.24 5.02 8.0 3.53 4.73 1.6 7.37 8.03 4.52 9.66 2.09 9.42 6.62 2.88 4.45 2.73 9.06 6.43 1.0 1.67 5.42 3.82 3.6 7.47 9.38 9.85 3.14 1.53 8.25 7.0 2.44 3.09 2.62 9.11 5.96 7.38 9.84 5.25 1.18 4.58 1.68 1.38 8.04 1.98 3.07 2.65 4.6 3.55 9.28 9.67 4.16 9.04 5.14 6.99 2.66 2.33 2.08 9.5 2.43 6.36 9.06 2.31 2.31 8.31 8.99 5.78 5.0 9.04 4.35 8.59 4.81 2.87 1.35 7.88 8.41 1.35 3.58 5.41 2.38 5.79 10.0 8.27 5.57 6.44 2.37 3.3 8.16 9.5 4.57 5.81 3.11 5.4 2.23 6.53 5.63 6.45 3.16 5.37 2.29 1.42 5.78 5.1 7.2 4.76 7.99
3.71 3.27 3.39 6.34 8.8 7.46 5.35 2.02 9.45 6.22 6.11 9.75 1.29 4.86 3.88 7.87 4.12 6.21 7.66 8.16 7.58 3.31 3.37 6.29 4.96 6.33 2.23 9.14 9.26 7.94 7.02 4.44 3.87 8.51 9.77 5.35 6.27 8.35 4.38 3.43 9.91 6.93 5.74 2.81 5.93 4.73 8.91 6.16 4.25 3.74 5.27 9.93 5.51 9.03 3.81 1.84 4.75 8.89 3.28 4.26 5.87 7.58 8.97 6.54 3.42 8.62 6.16 7.3 9.92 1.37 8.91 5.3 2.81 8.8 9.23 7.68 1.7 2.15 5.55 5.38 1.07 5.41 4.26 3.56 2.36 6.48 5.51 1.22 7.58 9.46 5.44 9.16 4.97 9.86 8.45 4.56 2.68 5.85 8.26 3.52 4.93 9.42 5.79 1.09 4.38 9.84 3.99 1.94 1.89 3.66 5.32 5.89 4.34 5.34 6.1 7.65 7.72 8.91 9.22 3.25 3.26 9.08 5.23 3.96 9.49 5.36 6.37 7.36 2.4 7.43 2.47 9.37 2.35 2.74 8.64 8.72 4.67 7.99 6.03 2.36 7.46 6.98 8.42 9.29 2.43 9.14 6.86 8.36 7.83 7.3 2.49 3.82 8.1 7.99 9.71 4.75 2.28 3.63 2.97 5.22 7.66 9.9 9.07 1.68 5.05 6.84 1.51 6.82 5.59 5.67 9.25 8.22 5.06 7.54 8.76 5.44 3.22 5.86 5.25 5.51 1.25 6.13 9.51 9.77 5.23 4.92 7.75 8.26 6.59 3.57 2.29 9.44 8.95 2.82 6.13 9.7 1.11 6.03 9.41 5.22
5.32 3.92 2.18 2.72 3.32 9.32 3.25 3.03 5.68 2.67 9.71 9.23 1.87 1.25 7.04 3.99 1.47 2.81 4.11 6.84 4.68 9.02 4.35 9.11 5.44 8.98 3.52 1.25 6.6 5.3 7.73 9.6 9.92 5.17 9.04 1.8 4.32 6.26 5.52 3.43 5.03 3.85 9.8 3.68 4.51 9.37 2.82 6.42 7.35 8.97 6.55 1.29 9.8 6.64 6.38 7.62 3.43 5.07 2.59 7.83 1.91 2.11 6.26 8.23 5.27 4.58 9.7 3.17 1.76 3.03 5.92 9.99 9.08 1.37 1.45 6.88 8.4 6.98 4.62 1.09 4.45 5.82 6.31 9.15 5.2 9.95 5.93 5.98 3.08 5.75 6.56 8.08 4.72 1.69 4.83 5.43 3.44 1.69 8.72 5.53 5.58 4.08 7.79 8.68 5.25 7.8 7.43 6.77 4.95 7.86 5.53 8.76 8.94 4.35 8.3 3.52 5.25 9.6 8.92 6.71 5.95 7.56 8.7 7.92 6.85 7.95 1.9 7.14 1.48 7.51 1.2 6.98 4.28 6.8 5.6 8.06 2.08 2.66 7.61 6.83 2.81 7.75 8.38 9.07 3.99 9.52 4.3 8.03 5.63 1.14 1.01 9.38 2.85 2.85 7.22 7.61 7.53 2.55 4.87 5.52 5.38 5.14 4.91 7.63 7.94 7.38 1.32 7.92 3.9 7.61 8.19 4.74 4.29 9.07 6.16 5.44 4.82 9.63 4.76 9.71 5.99 7.95 7.87 2.15 2.06 1.52 6.54 2.47 7.68 7.47 5.7 3.13 1.75 9.02 5.51 5.02 6.14 9.17 4.31 7.81
1.69 2.55 6.38 7.04 7.12 7.89 6.23 2.84 8.21 7.66 5.81 1.63 6.03 7.67 3.98 4.0 6.11 7.93 1.87 5.81 7.49 1.41 8.03 9.87 3.34 8.69 5.34 4.99 3.98 2.62 6.64 6.6 9.07 5.04 5.43 2.63 7.62 5.56 7.92 9.73 9.3 6.26 9.6 3.77 1.07 4.98 8.86 7.95 2.65 7.08 4.81 6.34 3.62 3.16 3.49 3.0 7.43 8.57 8.61 4.83 5.93 1.69 3.69 1.37 7.96 2.23 4.52 2.66 4.1 7.82 9.23 9.91 9.09 8.24 1.82 4.43 9.58 2.05 8.4 9.95 1.16 3.98 3.62 5.36 9.29 7.38 1.44 6.58 9.73 4.67 1.82 4.84 9.11 8.66 4.41 7.18 1.17 3.75 3.25 1.22 2.85 3.16 8.02 9.26 1.51 8.83 4.27 4.7 5.31 4.96 6.31 9.65 9.05 3.06 7.6 3.67 8.6 8.52 8.99 3.78 8.92 7.8 9.57 7.08 6.99 5.75 4.95 2.94 9.71 1.21 5.84 6.56 7.58 5.13 3.99 2.99 4.77 1.95 4.64 2.0 7.53 7.8 4.57 5.31 1.19 1.21 1.5 7.6 2.17 1.33 9.46 2.59 7.88 2.01 8.77 8.61 7.74 3.07 6.45 6.02 1.26 3.04 9.52 9.28 4.99 2.27 7.5 1.65 4.0 3.42 4.1 6.35 6.41 2.39 6.51 6.9 4.84 4.07 7.58 1.68 1.72 4.47 5.23 6.32 6.75 4.21 6.86 6.38 4.32 2.24 7.84 8.73 6.56 3.57 3.94 4.25 7.95 9.27 4.11 9.99
5.59 4.44 4.81 3.62 4.76 5.08 7.69 4.97 9.66 8.87 6.08 3.32 9.26 8.8 8.94 6.0 5.25 4.95 3.18 3.21 6.97 3.45 9.53 6.51 2.85 3.0 6.52 2.48 7.19 3.7 4.49 1.32 8.39 3.75 6.59 4.72 3.38 2.41 8.86 6.87 5.41 3.91 4.49 3.78 6.5 9.11 1.13 9.51 7.19 7.89 4.67 9.92 7.27 9.44 3.42 9.41 9.7 5.36 3.7 8.4 4.86 6.47 9.09 2.74 7.15 3.68 8.88 2.78 4.13 6.44 4.98 2.65 1.19 9.85 9.02 6.82 7.87 7.96 2.65 2.46 8.41 3.59 1.68 4.57 7.52 5.89 1.33 6.2 7.95 7.88 2.64 3.49 5.9 1.26 9.22 8.14 3.85 8.51 3.64 7.75 4.29 8.82 2.5 1.58 3.1 2.02 7.09 7.85 3.85 1.31 2.63 6.15 2.53 7.82 4.64 6.38 4.37 7.45 3.01 2.08 7.4 6.44 5.57 7.91 3.92 1.09 5.06 1.27 6.22 2.77 6.46 6.62 7.46 8.19 4.74 4.8 1.58 3.9 8.16 1.03 4.18 1.59 1.26 5.79 5.58 4.83 5.38 5.8 6.7 2.46 9.21 9.97 4.15 1.11 5.82 9.0 1.69 7.33 7.29 3.34 5.18 1.82 6.34 3.31 9.82 4.17 2.94 4.14 2.47 6.94 2.17 2.93 5.76 8.55 8.06 8.87 8.81 6.68 6.37 7.07 1.24 2.96 9.07 7.24 1.97 7.24 2.85 9.85 3.85 6.34 8.46 3.32 1.94 5.44 1.96 7.7 8.34 1.36 7.69 4.94
1.23 2.96 3.54 2.97 4.07 8.26 7.8 2.2 2.09 1.82 9.1 2.18 1.06 5.77 9.15 4.76 6.09 3.75 9.18 1.97 7.07 1.34 9.9 3.16 2.76 8.91 7.53 1.84 7.14 8.16 6.83 3.48 1.73 3.54 2.71 5.51 9.72 9.69 9.27 6.12 1.98 2.95 5.83 2.41 9.1 5.16 3.54 3.01 2.92 5.48 6.26 4.88 5.35 9.29 1.32 8.58 6.11 5.68 9.66 7.27 4.04 6.1 1.57 1.58 7.94 9.46 2.84 9.37 2.49 6.43 9.09 6.76 6.97 9.02 2.18 1.36 6.21 8.13 7.3 6.01 2.47 4.97 3.97 5.46 2.43 8.56 7.41 7.52 9.2 5.55 3.58 8.06 2.56 4.28 4.81 4.48 6.18 6.69 7.06 5.02 8.88 9.58 9.09 4.89 4.15 3.24 4.86 9.56 4.77 4.0 5.75 9.11 8.34 8.02 2.55 8.87 9.49 1.86 8.41 6.26 3.93 4.6 3.67 5.3 5.62 5.2 8.56 8.54 8.11 1.81 1.42 5.55 5.91 1.28 7.55 4.4 4.99 8.79 3.44 7.09 7.54 9.48 5.24 7.06 4.08 9.24 9.71 6.14 3.28 7.69 6.35 2.98 8.63 4.62 3.49 6.67 8.69 1.12 6.4 2.55 6.16 5.26 8.92 8.6 7.67 1.06 4.25 4.6 8.82 8.08 7.18 1.41 4.63 6.85 8.77 8.14 4.07 9.12 3.13 4.85 9.85 9.32 4.02 4.83 8.25 5.33 3.8 7.69 7.86 2.78 5.1 3.6 5.33 1.44 8.29 1.14 4.36 8.34 8.03 7.14
8.33 3.91 9.26 7.02 2.84 5.49 3.95 8.1 7.24 7.13 4.58 7.5 2.47 8.49 9.45 8.19 8.48 1.76 8.14 2.72 6.82 9.5 3.94 1.81 3.41 6.7 5.65 9.76 8.02 8.85 1.25 9.89 4.12 2.11 7.27 5.33 7.56 8.31 7.5 3.92 2.63 5.45 1.6 7.42 7.04 5.28 5.19 9.04 1.34 4.4 4.87 8.68 5.17 9.31 2.8 4.06 8.89 4.77 3.39 5.66 7.69 4.17 4.54 6.04 4.23 5.83 5.06 8.96 1.85 5.33 8.2 9.27 9.33 2.81 4.7 2.7 8.78 3.74 1.96 4.52 3.25 1.6 6.04 5.56 7.07 2.68 6.43 9.92 2.96 2.27 3.54 7.41 8.58 1.01 6.41 5.71 1.85 1.3 4.51 9.16 6.72 1.73 5.15 9.14 9.55 8.16 4.69 1.85 7.68 4.1 7.05 9.58 4.32 3.36 7.35 7.23 6.89 1.75 8.5 2.43 7.07 7.62 1.38 7.76 6.78 7.28 9.1 8.32 2.61 1.61 7.06 9.94 4.44 4.9 7.87 4.95 2.91 6.67 3.33 4.46 2.73 7.49 8.24 3.71 6.94 4.49 4.7 5.3 9.26 4.43 8.29 9.13 4.06 4.04 2.29 5.73 3.32 7.93 7.74 1.45 3.38 2.22 9.51 9.28 3.13 6.53 8.42 2.0 5.61 3.86 7.33 7.66 4.91 7.34 8.94 8.8 1.49 3.17 4.64 4.23 7.8 6.1 1.7 5.8 5.6 3.49 7.85 8.49 3.48 5.87 2.64 6.73 3.66 1.8 3.73 2.99 3.6 8.6 8.01 4.51
3.74 9.83 4.88 6.76 4.72 4.42 5.9 5.44 9.45 1.42 3.56 4.1 6.1 2.27 1.72 2.89 3.94 8.06 3.19 7.82 7.38 2.09 1.23 2.16 8.48 1.61 2.35 5.58 7.99 3.83 9.45 8.55 2.2 9.19 3.71 8.93 9.43 9.22 7.54 2.97 7.97 5.2 6.5 6.04 2.34 9.41 8.73 7.08 3.76 4.53 4.83 5.51 9.66 4.18 3.35 1.24 8.67 6.03 5.75 1.91 5.91 8.13 2.57 3.05 9.64 7.75 9.37 6.66 1.08 9.18 6.29 7.95 9.13 2.14 6.65 9.36 7.58 5.99 9.24 5.34 5.9 8.82 6.73 7.46 4.5 4.46 5.21 3.77 2.98 8.81 2.79 5.5 2.95 8.51 2.64 7.92 7.04 7.77 5.26 9.36 6.07 1.37 7.77 6.28 5.91 7.87 5.76 1.36 7.89 1.44 6.55 2.79 2.72 3.39 8.63 4.12 4.39 9.82 3.07 5.69 8.22 3.9 8.65 6.53 7.68 4.96 9.92 4.24 8.02 4.79 2.67 9.45 4.39 5.51 6.68 4.43 4.47 3.83 9.85 3.16 3.21 2.34 9.61 6.27 8.0 9.35 4.39 2.37 2.53 5.66 6.48 1.23 1.5 2.26 6.94 3.7 8.8 4.93 5.31 7.25 4.98 3.42 7.57 1.84 5.36 3.24 9.59 9.94 4.75 6.38 8.72 2.42 9.56 1.13 3.96 1.08 5.78 6.04 9.31 7.25 5.92 2.2 9.42 2.61 1.56 7.58 6.18 3.17 2.89 9.92 4.22 8.56 5.79 1.61 9.84 6.14 9.35 3.43 7.9 9.04
1.84 7.89 5.39 7.95 6.88 4.42 2.77 9.55 6.1 5.47 6.52 6.26 8.94 8.79 3.28 9.33 3.22 4.18 7.99 9.77 6.77 6.34 9.17 6.92 2.69 9.79 7.88 6.22 2.85 1.5 5.42 1.62 5.15 5.52 6.69 9.15 3.76 7.28 5.51 7.71 3.85 2.81 1.34 4.38 3.31 7.88 8.87 4.47 6.62 6.74 8.65 9.81 2.59 4.49 9.24 3.26 8.36 7.16 4.34 3.16 3.18 4.85 6.67 7.38 9.21 6.95 1.25 9.36 6.01 7.79 1.86 7.47 9.32 1.96 8.76 2.45 1.89 6.64 6.99 7.79 2.52 5.17 7.79 4.91 5.29 8.29 2.51 5.65 7.54 3.58 2.66 8.39 3.73 3.9 5.04 4.11 4.53 2.8 3.13 4.17 5.74 2.32 2.64 2.45 1.87 7.44 2.31 9.23 7.11 6.27 7.06 5.12 3.17 5.85 8.09 6.28 5.87 4.54 8.97 4.31 9.6 2.76 7.67 6.45 7.41 1.96 8.57 9.03 5.85 1.63 5.43 1.57 3.59 2.55 3.53 3.24 9.45 7.58 7.93 3.89 8.29 9.16 1.96 6.91 7.41 2.32 2.33 7.16 1.35 2.59 8.27 6.09 8.4 4.59 3.79 5.23 9.94 8.34 9.83 7.04 4.87 4.68 7.82 9.3 3.12 5.33 1.58 3.69 1.83 3.69 2.06 1.01 2.14 8.81 8.59 5.31 4.25 3.05 5.48 7.39 4.62 5.63 4.5 3.86 5.24 9.43 4.96 9.3 8.83 6.66 1.26 6.86 2.92 6.7 6.5 6.59 8.51 7.17 5.31 6.63
6.36 7.77 5.67 7.05 6.36 3.23 1.86 8.04 8.9 8.98 6.37 7.84 2.16 4.04 8.91 5.51 2.18 2.82 5.99 7.47 6.32 7.22 9.42 8.89 7.78 9.81 5.51 4.57 9.26 5.26 9.6 2.35 5.18 3.64 9.19 9.11 8.6 1.36 9.04 3.56 7.01 7.74 6.26 7.94 4.22 3.6 9.11 4.11 4.04 7.25 3.49 3.76 8.52 6.1 9.57 8.48 5.65 1.52 4.88 4.21 7.24 9.76 7.2 6.21 7.85 3.87 4.15 1.25 3.87 6.2 4.05 7.46 3.34 3.16 7.87 9.57 9.74 9.94 2.83 6.8 6.45 6.88 1.18 1.08 8.97 8.49 8.48 3.68 4.14 6.68 2.16 8.26 4.21 1.53 1.12 5.36 5.5 4.92 1.22 9.98 6.64 5.45 3.92 8.25 1.3 1.78 4.45 8.4 7.51 3.36 6.77 6.26 5.97 1.78 5.83 4.2 9.01 8.96 3.91 3.23 5.3 9.72 9.77 6.47 7.49 2.74 6.51 4.17 8.6 6.88 9.44 5.59 5.01 6.06 2.22 2.81 1.03 6.07 6.63 9.38 3.99 8.57 4.86 2.02 8.32 8.26 6.02 5.48 2.21 4.44 2.95 1.32 2.03 6.89 1.7 7.62 3.1 2.58 6.67 5.5 3.58 8.59 6.32 6.11 3.13 4.06 4.4 3.72 2.62 4.99 8.32 4.51 4.62 6.96 1.45 3.76 5.01 7.53 4.64 4.8 5.95 1.12 7.29 6.51 2.99 1.24 9.85 9.21 1.1 8.4 2.51 1.92 6.54 5.29 1.36 2.51 8.93 3.34 1.09 3.0
8.53 4.1 2.35 7.87 7.14 4.51 4.09 6.5 8.66 7.18 7.81 7.8 4.46 4.06 4.49 7.31 6.69 3.53 9.92 8.11 9.99 9.6 9.09 1.31 2.08 1.11 5.19 8.62 8.82 9.39 4.38 8.77 6.37 5.77 9.5 4.76 1.71 5.48 3.33 1.13 7.85 2.6 7.11 3.38 4.55 4.32 7.94 6.93 5.22 5.44 6.12 2.89 3.88 2.33 3.74 1.42 1.04 1.36 6.1 3.98 2.7 8.11 4.46 3.62 4.28 7.6 7.98 1.21 8.02 6.62 2.56 5.52 8.42 2.7 7.19 2.22 8.01 4.52 3.1 2.83 7.38 1.98 1.79 8.41 6.55 3.14 5.7 1.36 7.45 1.46 5.91 8.39 3.05 5.76 8.67 7.64 4.31 4.6 1.23 5.7 8.41 8.9 9.58 3.67 3.53 9.54 9.13 6.94 8.07 5.12 1.86 3.36 4.05 4.27 1.03 6.81 3.64 4.94 5.38 4.84 6.9 5.63 9.02 8.77 9.28 5.31 3.57 5.54 9.21 8.67 4.5 5.26 5.92 6.17 8.31 7.14 2.8 5.8 8.36 9.79 7.89 2.16 9.69 7.79 6.65 2.97 4.71 4.43 1.56 2.75 1.67 3.86 2.72 4.44 8.64 3.7 7.16 5.5 5.15 4.18 8.81 4.92 5.45 9.4 3.14 4.6 3.07 6.58 1.63 8.46 4.09 7.39 2.34 6.76 6.12 2.47 3.21 1.43 3.1 1.54 4.88 6.05 4.56 3.0 8.57 6.59 7.44 9.11 8.65 3.81 6.43 4.78 4.61 7.39 4.21 8.43 1.0 6.4 4.85 8.25
1.3 9.0 2.64 7.4 9.72 2.85 5.24 8.17 9.8 5.69 7.35 8.65 8.53 5.45 4.41 5.8 1.61 8.58 2.73 4.91 6.39 2.53 7.37 2.17 8.94 3.55 3.96 3.05 8.91 3.22 6.0 1.69 1.21 2.79 5.39 1.55 6.73 3.84 1.15 9.92 7.09 1.68 9.71 5.15 5.13 8.32 6.33 6.78 9.53 8.89 9.77 6.6 4.62 4.22 4.34 4.67 3.04 5.93 2.6 6.22 3.03 1.38 4.73 9.18 1.17 2.14 2.1 3.85 5.55 8.58 7.6 6.33 3.13 6.41 5.36 7.16 9.63 4.93 6.95 1.52 1.82 9.35 8.94 5.35 6.91 6.12 3.2 5.17 3.21 2.98 7.16 3.76 3.81 3.33 2.71 9.04 1.76 3.57 6.91 9.25 6.28 7.9 6.41 6.87 3.74 6.89 6.64 3.39 6.18 9.94 5.05 2.37 7.59 7.53 4.92 6.26 9.86 3.48 5.64 1.5 5.63 7.0 6.49 2.87 5.76 5.59 7.33 3.33 3.13 4.19 2.4 9.39 3.15 7.79 3.37 2.42 2.43 5.97 8.7 5.2 9.8 6.34 5.21 2.4 2.54 3.87 6.9 8.9 5.42 3.23 7.15 5.07 5.88 8.88 2.98 5.1 4.44 5.53 9.77 9.74 1.01 8.76 5.88 5.13 4.06 5.9 9.53 7.46 3.38 4.94 2.19 9.53 5.65 4.6 1.51 6.63 3.5 1.63 2.68 8.01 8.72 8.06 1.72 3.56 6.32 7.61 2.89 6.34 7.71 8.97 7.54 3.7 4.16 2.09 7.41 1.77 3.02 3.62 3.68 6.86
1.97 3.84 7.08 8.44 2.83 1.1 1.84 6.14 7.46 9.98 8.93 8.06 3.04 4.37 4.31 5.43 9.41 2.3 4.53 1.85 7.53 5.82 8.36 1.79 2.89 1.3 9.79 2.19 5.81 9.73 5.63 6.77 1.67 6.14 3.67 8.14 1.75 9.16 4.03 1.7 1.17 3.19 7.21 6.82 3.03 1.89 3.43 8.97 9.0 5.72 1.86 5.99 7.47 5.47 9.4 1.72 6.1 3.3 3.72 4.93 3.06 5.29 1.43 4.61 6.75 4.81 7.05 7.35 3.52 4.47 4.62 1.33 9.26 2.13 4.66 5.97 2.06 5.75 3.24 4.74 6.36 8.49 8.17 4.36 7.39 5.82 7.23 1.95 9.64 3.41 3.27 3.93 3.25 3.21 6.15 4.86 7.37 1.11 8.9 8.99 3.87 4.02 1.09 8.66 9.8 5.32 4.75 8.51 9.95 1.74 4.84 7.38 2.47 9.5 9.49 2.99 1.48 8.87 7.62 4.74 9.18 6.97 2.8 7.85 3.4 3.35 8.59 9.12 7.12 7.77 7.0 6.49 2.54 6.84 7.04 8.14 9.26 3.14 7.41 7.06 9.38 9.19 8.18 1.9 2.15 7.55 4.79 3.08 3.51 8.8 4.27 8.06 5.83 8.61 2.02 6.19 1.09 2.66 2.13 6.38 8.63 8.53 1.55 6.39 5.43 3.95 5.1 9.76 1.14 6.67 9.74 3.93 8.25 8.31 5.63 6.17 4.94 5.09 2.46 7.02 3.81 7.66 7.22 1.15 6.01 7.93 7.01 5.3 3.24 5.52 1.19 6.43 4.51 8.4 9.93 6.11 4.17 1.7 2.07 6.42
2.81 1.84 7.47 8.84 6.19 6.47 4.22 5.28 8.33 3.75 3.54 8.61 8.44 8.72 8.91 7.27 6.8 8.65 9.24 4.79 8.11 7.29 8.72 2.69 7.88 5.32 9.79 4.67 7.79 8.49 8.62 6.3 2.86 2.46 6.7 9.66 6.32 2.33 9.04 2.2 8.42 3.4 3.21 1.1 2.73 9.37 6.1 9.23 2.83 6.3 3.13 1.19 5.88 6.13 3.88 2.05 7.54 7.03 9.29 4.34 2.78 6.07 7.64 2.58 1.78 8.27 6.05 4.92 5.35 7.42 2.29 1.25 1.22 3.35 2.17 8.54 8.94 8.03 5.93 4.11 8.63 3.85 2.84 6.76 2.92 9.89 6.67 4.75 9.52 2.11 9.52 6.14 1.41 3.71 8.27 4.71 1.68 2.34 4.13 2.18 5.48 3.92 2.19 9.66 7.05 6.01 8.93 7.89 3.49 6.03 3.95 7.89 2.97 7.48 8.19 2.77 1.9 3.59 6.05 6.28 1.58 3.49 9.77 7.71 5.83 1.13 8.66 9.23 7.59 9.01 8.53 6.16 4.66 6.58 5.09 2.32 2.07 6.58 3.67 8.22 3.18 4.05 7.01 6.22 3.01 8.53 4.36 1.57 2.64 1.55 7.74 4.58 6.58 4.15 9.06 2.8 3.43 6.68 8.95 5.04 1.6 6.97 1.41 6.63 7.49 6.42 7.91 2.79 5.11 9.04 3.0 6.21 7.54 1.25 2.9 9.84 3.92 6.61 7.67 3.85 4.72 3.35 2.49 7.38 9.97 8.22 9.22 9.57 1.75 6.27 3.91 7.52 7.18 3.28 8.01 5.62 5.63 4.11 5.52 4.49
6.97 9.26 5.09 4.47 9.43 5.57 2.35 2.9 4.99 9.51 2.67 8.37 2.98 4.41 7.31 4.59 7.65 9.52 5.52 6.8 7.99 5.46 1.66 5.05 7.37 8.31 2.0 5.86 2.31 6.48 1.38 3.92 2.73 1.35 7.99 9.9 2.79 1.12 4.96 3.31 4.22 6.03 4.8 8.3 4.26 6.03 1.7 2.07 3.75 6.3 3.31 5.4 3.41 7.08 8.5 8.92 9.32 3.74 8.69 2.19 2.15 1.0 6.05 5.53 2.52 5.44 8.62 9.52 6.29 7.79 3.44 6.82 2.37 6.57 1.61 8.45 5.87 3.72 9.38 2.18 1.19 9.08 4.56 3.72 1.03 2.93 9.12 2.71 6.89 5.35 3.81 3.81 8.4 5.03 2.39 6.76 5.81 5.85 4.72 9.3 8.68 6.66 3.0 1.01 6.17 5.57 8.16 8.12 4.02 1.19 1.03 8.16 9.22 1.59 2.21 9.7 9.92 6.22 5.41 6.48 8.66 1.21 5.17 2.2 1.99 7.59 1.8 7.38 8.13 9.65 1.09 4.76 2.39 9.89 6.82 8.16 7.55 7.5 8.64 6.59 5.11 4.46 3.93 1.21 8.24 4.96 2.11 6.26 1.43 2.61 9.66 2.21 4.07 6.12 5.67 2.44 3.13 1.06 5.17 5.67 5.35 5.32 2.88 6.47 7.33 8.3 5.59 1.22 4.27 3.73 7.28 4.92 1.07 8.41 4.94 5.2 7.72 1.28 9.23 7.58 6.52 4.99 3.99 3.84 1.57 2.07 9.2 5.32 6.16 2.28 6.12 4.25 8.48 4.45 8.9 8.58 3.09 3.51 5.81 7.75
6.97 9.61 8.79 8.43 2.32 5.4 9.11 1.25 8.53 3.06 3.8 1.63 3.63 6.59 3.29 6.5 7.63 7.02 2.75 5.98 1.18 1.75 1.38 3.02 1.02 2.12 6.1 2.97 1.44 6.88 2.04 1.3 9.2 6.68 4.66 3.39 4.66 3.29 4.0 1.68 8.61 3.54 4.67 6.9 6.05 1.37 2.69 8.08 4.9 9.78 4.2 3.41 8.06 6.62 7.75 7.48 3.56 5.43 4.63 9.84 5.74 1.69 8.01 1.49 2.03 4.74 3.47 6.18 9.79 6.07 8.91 8.77 3.05 4.35 9.07 9.48 5.31 6.77 1.64 3.17 2.32 9.79 9.55 2.69 9.12 7.48 5.79 6.97 9.71 1.94 5.48 1.52 5.8 4.51 8.76 9.75 2.94 6.42 5.99 5.42 2.18 2.51 5.31 2.16 4.43 8.81 2.24 3.54 4.78 9.38 6.61 8.14 9.68 7.42 4.66 3.14 2.75 8.33 7.79 2.98 4.21 6.01 6.83 1.48 6.46 7.63 5.49 4.42 3.33 5.43 4.96 7.89 7.67 1.56 6.31 3.81 3.72 6.78 5.11 3.9 9.09 9.38 3.27 5.75 7.95 1.65 1.42 2.09 3.48 7.5 3.54 4.61 3.87 5.26 5.53 8.01 3.13 6.16 3.49 6.08 7.24 8.56 9.74 7.6 6.24 2.52 8.89 3.45 5.69 5.32 1.15 7.68 1.03 9.59 3.36 7.13 7.36 1.22 8.48 6.25 3.15 4.75 1.0 6.76 8.97 9.2 1.89 3.35 4.41 5.39 3.0 8.8 9.29 7.11 6.85 7.94 5.83 1.34 1.81 7.14
5.59 6.58 7.65 1.71 3.05 3.74 7.32 5.57 9.69 1.51 4.29 7.37 7.46 7.33 4.59 9.03 7.94 9.33 5.24 9.89 6.28 6.86 9.18 3.03 3.13 7.85 9.34 1.94 4.6 6.5 4.31 7.8 9.67 3.66 8.76 6.52 2.7 8.35 8.17 7.92 5.82 5.97 2.44 4.49 1.51 3.14 4.58 3.59 9.97 4.37 6.32 5.97 7.1 1.47 6.96 7.55 6.95 2.03 1.2 7.12 4.06 6.48 3.91 1.78 6.5 7.57 6.56 5.6 7.23 5.41 3.96 6.04 4.15 4.36 5.0 6.92 5.67 5.8 8.49 3.12 7.55 2.66 1.88 1.33 8.1 6.52 4.37 7.5 9.18 2.52 1.99 2.01 5.57 3.92 9.05 1.63 4.69 8.2 6.73 9.95 2.92 3.72 6.75 4.38 4.37 6.24 9.56 7.64 4.84 8.74 6.08 3.66 9.97 5.61 8.99 3.2 1.09 1.3 4.51 9.27 6.61 6.57 3.29 3.78 3.2 9.71 7.19 3.2 8.89 9.06 3.85 3.53 3.12 2.66 8.25 4.31 3.58 3.58 1.11 7.25 6.22 9.26 8.52 8.76 4.44 6.09 6.32 6.46 8.86 2.1 5.21 9.01 8.74 1.58 6.66 8.77 4.2 4.35 2.13 1.51 1.63 8.72 8.34 4.46 1.03 2.92 1.4 9.4 1.48 4.26 4.26 6.55 6.1 7.2 8.0 2.32 8.96 9.37 8.65 9.05 6.55 5.76 6.66 4.33 3.19 8.96 1.65 2.12 3.31 6.82 9.38 6.76 8.79 9.14 5.57 4.2 6.29 9.13 9.32 9.8
5.79 5.45 9.9 5.91 7.99 4.14 2.25 6.72 1.59 3.11 2.39 5.8 1.04 6.73 1.84 6.7 2.49 1.76 9.61 7.59 9.22 8.08 6.19 3.09 1.45 7.54 7.06 3.45 7.9 5.27 7.32 4.64 1.38 1.66 4.68 5.88 3.29 5.51 7.49 2.55 9.7 2.6 6.3 2.12 9.29 3.58 6.51 7.38 7.33 2.98 9.3 2.63 6.62 9.54 7.54 2.67 1.82 1.81 2.22 8.54 9.2 7.96 7.13 3.29 1.79 3.21 9.59 6.97 3.05 9.99 9.67 4.01 2.67 7.89 3.01 6.77 4.0 1.19 9.62 7.94 5.41 5.79 5.35 3.82 8.4 3.49 5.22 3.43 1.67 8.28 1.74 3.23 3.66 8.44 6.41 6.29 2.9 7.82 7.65 8.57 5.39 2.8 7.91 5.93 2.66 9.14 4.33 7.31 2.41 4.17 5.04 4.72 3.05 1.03 9.01 8.74 3.64 9.98 7.8 2.67 3.21 7.13 5.61 8.01 9.57 1.55 5.8 5.71 9.73 8.69 3.67 8.53 7.23 5.03 2.14 1.68 9.65 4.37 5.6 6.88 8.79 9.31 2.39 8.45 1.46 1.67 2.06 6.91 7.61 4.29 3.92 6.99 1.32 8.29 9.37 1.46 4.86 5.27 3.15 9.39 2.16 8.64 3.86 5.05 9.49 5.89 7.37 7.23 7.99 8.95 2.7 8.98 6.51 8.4 4.58 7.69 9.39 1.86 6.93 6.45 8.61 6.53 7.07 3.65 3.88 9.36 9.18 2.94 3.03 5.87 6.22 7.68 6.0 6.36 5.16 1.05 4.81 4.84 8.09 8.69
1.87 5.01 3.41 6.33 3.84 8.57 1.98 9.2 5.26 7.42 2.57 5.77 2.03 1.12 4.32 2.8 8.6 3.3 2.85 7.65 3.18 4.2 7.52 9.67 5.78 9.59 8.57 8.77 4.87 2.93 6.5 1.94 9.87 3.97 9.63 9.09 5.66 9.04 7.25 8.45 7.32 4.41 9.77 9.21 1.79 3.0 9.1 4.69 7.32 4.57 2.91 1.76 7.92 8.09 2.18 7.79 4.95 9.55 1.32 8.06 6.74 3.25 9.38 2.26 9.4 6.06 4.78 3.04 7.72 4.77 8.75 3.08 1.55 6.21 6.32 9.82 3.5 8.52 7.59 6.76 7.29 5.67 7.71 2.29 1.91 4.06 8.87 1.74 5.67 2.7 6.88 3.29 3.66 1.64 7.69 5.77 2.65 9.17 3.32 8.73 3.86 5.04 8.13 5.11 9.93 1.8 6.52 7.44 4.23 8.98 5.82 5.43 1.48 5.59 1.67 1.12 8.11 2.37 7.54 3.27 6.01 3.91 6.53 9.57 8.2 3.88 5.68 9.4 9.73 9.09 7.52 2.59 4.18 4.56 2.18 9.01 3.57 1.59 7.3 9.09 8.91 3.36 1.13 3.1 4.57 7.51 2.88 7.89 4.4 3.52 6.29 5.87 8.16 1.7 7.61 1.99 6.89 9.77 3.31 7.35 5.64 7.27 3.82 4.0 4.12 9.97 7.81 7.49 3.84 7.86 4.01 1.12 9.74 4.68 5.49 5.54 3.02 6.46 4.57 9.95 4.86 9.64 1.12 5.92 6.63 8.65 4.16 7.03 6.71 8.32 5.13 9.77 3.36 1.57 4.46 3.25 2.17 6.12 7.93 7.6
9.77 7.88 5.07 5.97 7.53 3.58 2.08 5.07 7.3 6.31 6.99 7.7 7.56 1.18 8.37 6.76 6.12 4.2 8.99 4.14 7.76 5.53 4.6 8.44 2.64 8.49 6.7 9.46 9.01 4.27 2.92 3.15 9.32 1.04 4.37 5.29 3.55 4.88 6.96 9.6 5.63 3.56 1.76 1.73 6.19 6.28 7.87 1.86 4.69 2.4 7.67 4.43 3.11 2.49 5.82 3.86 7.0 8.12 7.4 2.92 4.22 2.12 4.04 8.69 3.99 9.7 3.4 5.38 1.75 1.26 8.84 1.57 9.33 3.24 1.45 8.16 6.37 8.16 3.31 6.75 1.76 2.83 9.67 9.88 6.64 3.35 5.3 1.88 8.51 9.57 3.04 1.08 2.92 5.9 9.81 1.8 6.14 3.35 7.41 4.48 6.15 5.15 9.29 2.27 7.03 1.5 3.39 5.61 2.51 5.4 6.33 4.96 2.84 4.9 6.73 3.56 8.26 2.78 8.71 9.62 3.2 7.33 9.74 8.74 1.04 8.82 4.81 3.59 5.63 7.53 8.66 6.09 3.68 5.83 6.53 8.68 3.01 4.86 6.23 1.7 9.82 6.98 1.34 4.59 9.8 3.43 7.55 8.39 7.26 1.56 4.69 7.4 7.88 9.22 1.84 7.75 3.43 1.09 7.99 6.05 9.24 4.27 5.35 8.68 9.93 4.74 3.12 8.4 9.7 1.93 7.65 3.38 3.6 3.68 5.16 5.78 2.56 5.25 2.79 5.03 3.76 6.56 7.74 6.96 6.92 4.66 9.91 4.77 4.42 5.49 2.06 5.34 2.78 1.67 6.18 6.35 4.04 3.49 6.47 1.94
6.38 7.77 8.08 9.09 7.6 6.17 1.92 9.44 9.57 1.82 4.29 3.55 3.53 5.96 3.17 5.06 1.85 2.68 3.26 6.6 3.15 5.95 4.49 3.38 1.47 8.8 2.73 1.8 5.8 9.71 8.26 1.16 9.2 3.59 4.3 1.17 3.95 9.61 4.61 7.57 1.59 5.11 2.01 9.4 4.43 2.33 5.75 1.98 2.28 6.93 2.48 7.39 3.8 2.07 6.4 9.06 9.18 7.87 5.35 3.39 1.45 6.74 9.53 6.68 3.31 4.74 4.89 1.15 5.74 4.99 2.17 2.25 6.32 1.61 9.18 2.73 9.85 2.07 4.53 8.25 5.92 4.01 9.0 3.66 4.73 1.71 9.89 8.84 2.57 1.19 6.84 2.38 9.55 8.04 7.4 9.55 5.29 8.44 9.51 4.56 5.13 6.38 3.58 1.2 5.39 8.73 9.06 8.76 6.28 6.24 2.44 9.09 5.26 4.49 3.83 9.14 1.41 7.87 3.84 4.13 2.45 9.69 2.17 1.83 1.89 2.14 7.86 7.45 5.9 1.94 8.54 4.3 5.26 6.21 3.44 4.87 8.0 2.34 2.89 5.8 3.4 2.83 9.67 5.04 9.09 7.18 4.66 4.71 3.99 3.9 5.46 4.9 1.58 4.99 9.05 2.63 4.6 2.76 3.25 3.28 2.76 2.49 7.73 3.13 2.88 2.06 1.35 5.27 1.56 3.2 9.8 2.45 8.61 1.39 7.01 4.02 5.27 3.86 2.03 4.81 8.25 8.24 2.68 4.34 6.73 1.34 2.2 9.81 9.72 7.24 8.36 1.36 4.0 2.59 4.87 8.64 7.54 6.69 2.33 2.35
9.14 5.69 9.19 9.3 4.32 7.5 9.42 9.46 2.74 3.16 8.95 6.06 3.16 4.87 7.53 6.52 4.7 5.44 8.6 1.85 4.71 7.15 9.99 7.33 4.37 3.82 9.07 7.56 7.75 8.52 2.61 5.84 9.14 8.41 7.69 5.62 2.22 8.22 3.59 6.24 2.86 2.52 5.39 8.73 8.72 5.68 6.1 4.13 7.78 8.91 1.02 1.39 8.87 2.64 4.23 3.11 7.78 5.29 4.71 1.1 2.1 4.6 3.29 4.14 8.55 2.62 9.89 6.79 3.57 8.56 7.51 9.42 4.71 8.16 3.79 7.55 9.78 4.71 5.4 6.0 4.01 9.96 8.91 7.07 9.78 5.28 8.06 9.45 4.27 2.54 6.98 3.13 9.79 9.64 1.37 6.07 3.85 3.86 9.29 9.04 5.24 1.46 6.9 9.21 2.44 8.88 1.52 5.16 8.78 4.45 8.81 6.65 1.17 5.97 1.71 7.54 6.67 7.2 5.97 5.7 7.76 6.57 2.62 7.88 7.78 4.38 3.95 2.92 5.12 8.22 7.79 3.77 2.67 6.23 4.33 4.01 8.92 7.1 4.71 9.57 1.12 1.71 9.85 1.82 8.08 8.99 3.1 8.82 5.72 6.04 4.84 9.82 8.77 7.3 3.78 6.28 6.1 1.42 8.37 5.42 2.32 1.86 9.63 9.96 9.23 6.35 8.26 4.03 2.72 7.45 8.14 5.06 4.65 1.65 1.14 4.32 7.88 1.43 9.45 9.46 2.6 2.93 7.75 1.5 3.27 6.67 9.92 8.0 8.9 2.65 4.47 2.57 4.82 9.1 8.58 8.61 9.5 1.72 1.73 6.45
7.03 5.43 3.89 7.9 3.87 4.08 8.88 3.23 7.39 5.38 9.43 6.44 1.04 1.48 7.66 4.27 1.52 3.74 2.88 1.32 1.99 4.51 5.3 6.53 7.99 6.15 5.96 8.34 8.31 2.8 7.11 2.93 5.93 4.69 2.91 8.76 3.88 2.94 7.02 1.37 4.62 9.72 4.18 5.37 4.57 2.89 2.47 3.15 4.75 8.91 2.12 4.21 2.82 9.19 8.96 8.0 1.84 3.02 3.06 3.26 5.39 1.95 4.94 4.0 2.64 6.09 1.96 9.84 1.7 8.86 4.77 4.97 2.93 7.01 6.09 4.93 4.69 4.33 6.0 1.99 8.65 4.12 4.66 6.66 1.27 9.65 3.39 6.88 4.0 2.36 2.1 3.79 5.81 1.59 2.3 6.89 3.58 2.61 4.56 6.3 9.75 4.6 2.24 7.51 3.99 2.08 8.95 9.16 9.49 1.94 5.74 2.55 5.53 2.19 6.69 9.36 9.31 3.75 6.63 9.94 3.6 7.25 9.39 4.68 5.9 2.88 2.81 1.78 3.28 6.69 6.15 6.53 8.85 8.05 6.29 8.73 8.05 9.7 2.06 6.79 9.17 4.28 9.64 3.83 8.39 9.3 7.09 7.04 9.32 9.13 9.7 7.91 8.9 1.55 5.57 6.84 6.54 2.49 3.06 2.5 9.44 4.61 1.06 5.38 4.61 2.91 3.34 9.83 9.73 3.64 4.18 1.24 3.75 7.89 5.79 6.08 1.16 7.94 8.78 6.37 3.49 5.78 5.99 9.46 8.96 7.43 9.7 7.63 1.41 5.49 7.35 4.15 8.13 9.74 4.14 6.46 1.08 8.19 7.42 3.23
2.13 4.26 5.4 7.9 3.52 6.93 1.07 9.83 7.22 1.85 4.81 7.42 9.29 3.04 8.14 8.52 1.59 2.61 8.3 9.41 3.05 8.14 3.45 2.12 6.05 6.07 4.78 7.31 2.41 8.57 1.75 4.98 9.2 2.63 7.86 4.76 3.61 9.45 5.52 2.41 5.18 2.47 6.33 8.22 6.9 9.36 9.95 4.22 2.0 1.49 4.1 7.49 9.21 9.46 4.58 2.99 8.66 6.36 8.66 9.85 4.61 3.2 4.25 9.53 1.42 9.45 8.34 6.23 6.53 6.48 9.08 7.07 8.78 7.89 8.78 2.8 5.29 1.77 2.39 6.38 2.42 9.09 4.86 6.76 3.92 2.6 6.58 7.02 4.83 5.0 5.87 1.87 2.95 7.08 9.13 8.62 1.94 3.28 9.63 6.63 7.52 7.34 1.76 6.73 3.61 9.04 4.71 9.82 3.09 4.45 1.57 9.46 2.2 1.44 6.77 7.91 4.72 3.12 9.05 7.05 7.95 6.05 6.21 8.3 5.9 9.74 2.17 7.11 2.82 8.76 5.82 9.01 5.62 4.09 9.25 4.38 4.12 7.71 9.78 1.6 1.8 8.95 4.36 6.31 7.88 6.96 5.76 7.95 1.18 7.27 4.44 2.65 8.97 9.52 3.49 1.24 9.53 3.8 1.6 8.66 2.91 7.86 8.86 8.05 3.31 2.06 8.43 3.51 4.6 2.28 1.62 6.05 2.16 3.78 3.47 5.06 6.9 5.37 4.96 5.57 4.49 1.57 1.58 2.79 3.82 7.35 4.28 9.63 1.6 6.59 9.65 6.23 2.86 8.9 9.17 7.48 3.57 8.73 6.1 9.39
9.14 3.1 2.08 7.68 9.97 3.97 9.63 1.32 1.36 2.13 4.22 8.3 7.33 4.34 4.64 3.5 5.73 8.08 9.12 7.96 5.32 9.98 3.3 8.74 2.14 9.14 2.58 2.86 9.3 2.09 3.27 7.47 6.19 6.83 4.36 5.63 6.75 8.95 4.13 3.2 1.01 3.7 4.17 8.41 6.81 6.27 9.97 3.67 5.95 3.88 7.2 4.21 1.52 3.41 2.04 9.62 3.03 3.3 1.94 1.53 2.42 9.97 8.76 6.89 3.81 6.46 3.18 7.38 1.56 8.11 4.72 6.28 8.02 9.93 3.15 4.29 9.78 2.28 9.55 5.75 7.81 8.09 3.02 8.7 2.55 8.53 2.56 2.4 4.91 6.16 3.22 8.38 2.55 6.36 9.73 6.19 4.16 9.26 4.58 1.36 6.55 2.51 2.84 2.48 6.71 5.48 2.86 6.85 5.88 6.65 1.02 7.06 9.27 1.9 1.48 4.62 1.99 6.37 1.88 4.76 2.22 4.16 1.36 9.8 6.04 1.01 2.84 6.42 9.31 5.87 2.87 2.79 1.89 1.96 3.03 5.61 7.04 5.05 9.21 6.07 7.34 7.68 2.85 4.96 5.86 8.23 6.7 4.54 2.51 6.79 5.07 1.01 5.87 3.25 9.25 9.53 4.75 8.34 3.85 9.19 2.43 7.42 4.88 8.21 7.95 9.63 2.45 7.34 4.21 9.26 4.85 2.95 9.19 2.82 8.93 7.02 7.67 4.16 6.16 8.7 6.15 7.05 8.76 1.41 5.24 3.23 4.0 1.76 5.32 4.89 7.25 6.71 8.47 3.07 6.33 1.39 8.9 9.44 7.74 6.84
1.01 2.89 7.94 2.35 6.06 7.05 5.46 1.48 4.18 9.11 9.5 6.83 9.16 9.52 1.48 3.89 7.59 6.81 8.74 3.54 6.76 3.73 1.14 5.75 1.06 7.28 6.15 2.46 9.76 8.71 8.42 6.98 3.94 1.86 6.78 2.19 8.67 8.69 8.76 4.72 2.19 9.84 9.09 2.41 9.29 4.27 2.68 7.83 6.1 4.9 4.48 1.25 5.57 7.14 4.99 1.3 3.26 2.24 3.79 4.94 7.57 3.28 8.69 1.5 1.36 8.0 3.15 8.26 3.68 9.48 2.17 9.93 2.74 1.61 2.38 5.53 3.22 5.96 4.98 9.88 9.17 3.28 8.07 9.86 6.55 6.3 9.3 2.55 5.08 7.85 6.96 8.57 6.25 3.24 3.03 2.87 8.54 2.45 1.62 2.27 5.82 9.35 9.93 6.55 5.02 8.92 1.97 7.82 7.4 7.93 6.25 7.37 1.99 3.52 9.59 3.85 5.75 3.24 6.16 5.97 8.24 3.4 4.34 3.75 7.3 3.7 4.84 3.83 1.29 1.01 6.88 9.09 6.53 5.53 7.26 9.39 3.72 6.66 9.43 1.34 5.81 8.88 9.87 8.66 8.66 6.7 8.42 6.82 8.94 4.15 5.44 5.28 8.36 5.65 6.25 5.91 7.94 1.99 6.47 1.17 2.64 9.78 9.79 2.2 8.99 4.1 9.59 2.79 6.45 6.09 5.53 5.82 7.78 9.37 4.72 7.32 3.53 5.88 6.19 7.04 2.72 8.63 8.76 2.89 7.84 1.01 8.12 5.52 8.89 2.78 9.66 5.91 8.1 2.15 7.96 1.62 9.16 4.47 2.87 8.68
5.1 1.51 2.78 8.04 1.74 4.49 5.63 2.16 1.66 1.39 3.57 7.65 4.9 2.83 9.5 6.08 5.46 5.95 4.81 9.1 7.42 1.53 5.68 9.4 4.89 6.49 4.7 9.01 3.53 3.23 5.36 7.46 2.28 9.88 6.48 3.39 6.38 5.32 1.93 2.1 8.61 2.9 5.72 6.69 5.16 5.92 3.14 8.36 4.26 9.43 9.45 9.97 5.9 7.77 5.64 7.92 3.12 5.02 7.01 4.87 7.59 5.54 7.11 6.36 7.77 9.2 9.17 2.76 6.27 9.97 8.58 5.77 4.96 5.8 6.64 5.62 8.77 4.92 5.62 7.32 6.17 6.98 8.15 8.98 7.85 6.36 3.53 4.85 5.46 6.76 7.9 3.93 9.15 2.56 8.09 4.66 7.58 6.82 2.84 3.89 1.11 9.69 5.05 1.92 1.32 8.38 5.34 5.82 9.27 9.76 1.98 6.99 6.46 1.45 9.5 6.74 7.23 6.54 2.91 5.23 9.32 7.47 5.36 9.21 1.06 5.93 2.23 2.82 2.89 9.15 4.5 3.65 5.67 9.9 2.44 9.87 7.54 5.41 8.52 1.41 2.92 6.86 7.56 3.27 1.19 4.18 5.05 3.62 7.46 4.41 6.1 9.4 5.54 5.32 8.06 3.05 6.56 8.1 9.29 2.62 5.0 1.82 9.05 1.53 3.33 9.9 9.6 1.14 1.18 8.2 3.54 5.44 3.24 9.25 4.02 2.53 7.54 4.15 2.52 5.89 6.36 2.1 1.17 6.93 5.64 2.26 2.29 6.58 7.54 2.19 8.5 3.37 3.73 3.53 3.52 7.77 5.09 8.92 8.52 5.13
7.22 6.68 3.92 3.89 8.99 2.1 4.21 2.72 8.45 4.57 5.14 9.84 2.58 6.2 6.89 3.35 9.49 4.78 4.48 4.62 2.78 2.14 2.91 2.01 9.51 3.03 2.05 8.41 5.86 3.45 1.38 3.35 5.32 4.03 8.98 8.69 8.5 8.39 8.98 9.22 8.88 4.22 1.17 4.85 9.58 7.69 4.56 5.63 7.78 8.51 5.55 5.68 7.43 2.25 7.54 2.45 8.51 4.84 8.84 8.23 4.16 5.78 5.95 3.03 8.73 2.93 6.03 9.0 4.17 3.26 2.49 8.29 4.27 8.74 2.59 5.94 1.66 5.02 4.41 4.6 5.87 6.78 1.51 1.6 1.58 6.53 4.44 2.79 9.67 6.9 7.91 8.08 5.71 1.51 1.92 4.65 7.22 7.9 4.2 1.02 4.35 7.95 3.23 8.38 9.05 4.88 1.76 3.14 3.66 4.73 5.51 4.22 6.95 6.02 8.63 1.05 2.0 7.23 6.98 3.09 7.27 7.39 1.08 8.54 8.1 6.01 3.42 8.2 5.86 7.35 1.8 3.32 2.76 8.35 8.39 8.02 7.62 9.84 5.48 2.33 9.16 7.19 8.79 3.13 1.6 8.54 8.68 1.78 7.99 4.49 2.09 8.09 6.58 9.35 4.43 7.95 6.04 8.33 5.6 8.23 7.44 7.07 6.76 9.61 7.35 5.19 2.62 6.82 5.86 6.85 9.19 6.33 1.02 9.81 1.88 2.03 1.86 7.7 5.01 8.08 4.43 2.77 8.5 8.53 7.2 5.14 5.37 9.77 5.71 3.22 1.72 8.46 7.26 6.72 9.03 7.87 3.71 3.34 6.15 3.51
1.87 9.55 7.21 7.75 4.55 6.21 7.08 5.84 6.98 4.59 3.52 8.49 6.93 7.85 9.87 4.78 4.97 2.31 9.34 9.74 7.05 7.68 8.87 8.52 2.09 2.56 9.43 3.57 3.02 8.57 9.99 3.99 9.94 5.63 9.15 7.5 7.64 4.43 6.52 9.14 7.79 6.23 2.89 4.6 6.99 1.6 9.81 5.5 3.61 1.88 4.16 8.05 7.42 9.78 7.64 4.26 9.06 6.41 7.52 6.37 6.42 8.99 6.75 2.51 9.03 7.7 4.35 1.04 3.19 1.12 3.73 4.07 4.06 6.18 7.83 2.06 9.69 1.98 9.98 9.32 9.84 2.18 5.45 9.74 1.25 5.56 6.43 8.75 3.09 6.25 3.78 9.97 5.23 5.68 3.33 5.24 2.25 8.69 9.17 5.25 4.95 1.61 3.93 4.18 8.78 5.21 3.91 3.56 6.61 8.68 4.81 1.65 4.8 4.46 7.64 6.58 1.59 5.17 8.01 6.84 7.52 7.3 8.79 5.02 3.47 9.82 9.69 9.66 6.4 1.4 9.81 2.91 5.22 1.64 1.93 2.37 6.26 2.72 7.11 4.82 9.21 4.8 5.61 2.95 8.34 6.57 7.79 8.93 2.84 4.44 2.72 7.03 2.2 8.85 3.19 9.23 6.46 5.59 6.82 2.27 4.43 9.08 8.11 4.01 4.74 5.64 3.51 7.61 7.43 5.84 2.92 7.69 6.07 7.63 5.13 4.0 3.69 7.34 5.5 4.1 9.55 5.68 5.84 8.07 4.94 6.78 4.11 2.5 8.59 1.31 7.58 5.32 5.81 1.14 8.4 6.07 2.71 2.18 8.64 6.42
8.78 3.53 8.16 7.6 5.17 1.85 3.96 8.32 4.53 1.06 8.23 8.47 5.34 9.7 1.77 6.38 9.18 6.62 9.27 4.47 2.53 1.76 3.62 5.33 9.3 9.89 1.91 3.65 3.5 4.38 8.28 4.55 5.17 5.86 6.01 5.54 8.07 9.76 8.08 1.31 3.05 5.57 5.2 2.19 7.35 1.33 3.03 3.65 2.4 9.04 6.48 1.44 3.93 1.19 2.38 9.83 3.9 5.79 2.6 8.21 7.26 5.72 5.67 2.14 1.84 2.7 6.5 1.75 1.57 5.02 2.28 8.4 8.27 7.19 4.85 8.83 3.78 8.03 8.57 6.77 1.21 6.74 7.83 3.06 3.89 6.45 2.3 5.85 2.3 4.49 6.6 5.94 9.27 3.29 8.96 5.08 5.92 8.12 3.59 9.48 9.93 7.01 1.29 7.6 1.14 5.75 4.46 8.94 8.39 6.41 1.56 5.42 1.29 3.66 7.29 6.6 8.85 9.09 4.07 5.6 1.36 5.76 4.06 7.36 9.36 4.78 2.82 2.42 5.93 2.16 5.82 9.48 7.48 7.63 5.24 7.1 6.28 6.66 2.54 9.97 6.17 5.89 5.78 5.87 5.63 6.3 8.0 9.93 2.59 2.7 9.49 6.03 8.79 5.35 1.31 8.05 7.87 4.88 8.98 6.9 4.14 5.41 7.88 5.73 8.01 6.62 2.52 8.7 4.21 9.43 8.34 2.3 9.38 3.8 5.46 8.22 5.77 6.97 9.69 2.32 5.23 8.11 6.42 8.61 9.71 4.17 1.98 6.02 6.52 5.2 2.02 7.48 4.32 9.91 4.87 4.5 9.7 3.33 8.57 8.59
7.41 4.03 5.69 4.64 5.16 8.71 5.73 6.46 6.13 2.06 9.11 7.63 3.81 5.37 5.94 4.37 5.21 1.26 5.64 2.4 3.58 9.45 2.92 9.49 8.81 4.85 4.01 8.11 4.46 8.75 2.18 6.12 6.05 2.66 1.2 6.06 3.52 8.6 6.27 2.6 8.54 7.31 1.94 3.98 7.82 7.03 1.36 5.46 2.4 3.14 1.7 6.5 1.34 2.44 5.9 7.8 5.68 9.75 9.4 8.63 6.24 3.94 2.4 3.77 6.0 8.91 8.08 3.15 2.12 8.51 9.98 7.23 1.46 2.93 3.94 5.1 7.13 5.08 4.87 7.43 4.4 1.13 2.34 7.33 8.89 9.18 8.16 8.96 2.89 9.8 5.29 1.83 6.98 6.64 7.62 9.15 7.27 9.23 3.69 3.95 1.67 6.19 6.9 2.47 2.93 3.35 6.75 6.7 9.31 2.53 8.83 7.44 3.02 7.7 8.93 7.59 8.52 1.32 6.76 8.27 6.65 4.43 2.91 9.29 2.69 8.83 9.16 7.35 7.15 9.85 1.27 6.1 6.78 1.06 4.84 2.85 4.85 6.42 6.67 3.96 5.72 7.12 4.87 4.36 6.84 8.37 3.25 8.08 1.08 9.06 5.58 5.52 7.61 5.71 5.55 7.62 3.99 7.82 1.06 4.37 5.25 6.83 8.35 5.34 1.69 7.24 9.27 7.99 1.48 5.35 9.34 4.5 7.09 9.92 5.56 9.28 9.49 9.39 3.02 3.77 3.28 2.04 3.47 3.73 8.76 7.94 1.94 6.43 4.48 1.59 7.55 3.2 1.77 2.69 1.44 7.21 1.65 1.1 1.58 9.77
2.71 3.88 4.07 8.44 7.5 6.64 9.9 3.0 9.53 3.37 8.11 8.97 9.46 6.34 1.68 8.47 2.57 6.43 6.09 6.49 8.65 4.48 7.87 3.11 6.09 6.37 3.2 8.14 2.83 9.54 6.39 6.4 4.86 9.61 5.73 3.45 5.86 9.18 4.35 1.01 7.98 9.94 2.64 3.49 4.05 4.65 8.85 8.28 9.77 6.17 1.02 1.3 8.95 8.81 7.32 6.3 8.07 5.51 3.95 9.48 8.82 6.07 8.53 2.72 1.35 3.55 6.12 2.93 2.66 5.34 1.19 4.19 8.56 1.09 1.54 5.2 5.64 9.21 7.2 7.71 2.42 6.92 3.91 4.12 3.44 8.77 5.51 9.79 4.2 4.25 9.16 4.02 2.82 6.39 8.8 6.96 2.98 1.55 1.54 2.92 4.67 8.59 8.81 1.13 3.97 6.13 5.23 1.45 6.69 5.99 1.42 5.97 3.07 2.19 1.34 2.88 9.18 2.26 3.13 6.05 8.52 1.86 8.39 2.92 1.78 6.77 1.42 1.6 8.54 7.32 4.24 6.49 7.51 7.64 9.29 1.52 7.0 3.61 8.8 8.62 4.77 5.04 3.07 2.67 2.15 6.43 2.51 6.43 9.05 8.26 7.69 1.72 1.6 9.05 2.26 8.03 2.12 9.96 7.4 6.2 6.96 1.12 1.81 5.33 2.81 8.49 4.73 2.07 9.13 1.36 4.48 5.46 9.5 5.63 9.07 5.53 8.77 1.78 1.77 9.82 2.69 3.08 4.08 9.36 9.65 7.91 1.19 8.63 9.37 7.08 4.73 7.62 6.13 9.77 3.31 6.93 9.57 8.72 5.12 9.45
9.52 8.1 4.8 5.56 3.73 8.47 5.66 5.7 7.67 6.41 8.95 3.17 2.98 2.68 7.04 1.09 5.62 1.21 1.95 8.99 7.67 7.42 1.35 3.1 5.86 4.95 9.69 8.56 4.24 2.1 5.46 3.16 4.45 7.09 6.77 7.82 7.56 6.6 8.33 9.12 6.6 4.05 5.73 8.63 4.89 6.79 1.35 9.31 4.82 2.68 2.27 1.31 6.98 4.55 2.05 1.2 3.76 7.2 7.68 3.26 1.92 1.9 8.52 9.55 9.05 1.09 1.26 7.24 7.56 1.58 7.23 8.53 1.51 2.36 9.57 9.35 5.61 3.1 8.03 5.52 6.57 4.27 6.66 6.85 2.94 8.88 3.39 1.93 1.5 2.66 1.76 3.67 8.2 7.69 2.97 5.73 9.88 1.78 7.49 1.58 5.31 8.55 8.49 2.71 2.53 4.58 2.11 6.62 1.73 7.53 2.41 6.66 8.34 6.69 5.25 2.44 2.71 4.44 8.1 3.63 5.08 6.85 4.14 8.59 5.83 9.48 8.85 1.8 9.75 9.48 3.07 2.66 7.72 3.74 7.58 3.32 2.54 7.88 2.81 7.47 3.76 2.83 4.87 1.41 8.19 5.44 4.45 3.79 7.72 3.68 9.95 7.5 7.87 3.27 1.91 9.6 6.67 1.27 6.99 7.5 5.98 6.2 4.12 6.24 9.52 9.57 5.7 1.82 6.11 2.55 9.77 9.82 6.17 2.03 2.06 8.47 4.96 9.76 3.97 1.17 3.04 5.48 7.73 1.11 8.45 8.07 2.12 9.33 2.1 3.43 8.23 7.63 3.44 6.32 5.64 3.23 5.83 5.93 9.5 1.04
8.39 6.99 9.67 3.52 3.02 3.16 9.47 4.8 9.82 4.97 7.75 9.14 8.85 1.54 8.8 9.62 8.31 5.67 2.5 1.66 6.98 9.58 1.95 7.49 1.73 2.37 7.23 3.52 3.15 4.97 7.83 7.02 8.57 8.48 8.42 3.29 9.1 3.89 8.88 4.68 2.94 9.36 2.25 8.58 9.04 2.21 7.19 8.75 3.56 6.72 7.87 9.95 7.62 6.18 9.37 8.92 7.85 1.02 6.75 2.64 3.26 8.41 1.13 4.58 6.78 4.35 1.55 1.28 7.94 5.83 2.01 7.07 6.33 4.0 9.57 6.93 3.65 8.61 9.4 7.56 8.0 8.52 4.38 2.52 9.76 4.56 6.75 7.55 5.67 1.26 4.86 3.8 3.66 4.68 5.15 4.5 7.87 6.74 8.73 8.01 9.27 1.16 6.76 4.07 1.06 6.0 4.85 2.62 9.12 6.36 1.31 3.52 7.29 6.73 6.63 4.64 2.09 6.57 4.77 5.37 7.83 3.77 3.97 4.12 4.53 8.12 3.76 6.93 7.93 3.03 2.33 4.31 8.68 1.6 7.89 2.74 5.73 8.73 4.45 7.44 9.2 4.89 3.35 1.77 2.25 1.55 4.4 7.32 2.86 7.15 8.61 1.87 4.08 7.61 1.97 7.05 3.7 4.18 9.72 1.69 2.69 1.98 1.75 5.52 5.66 2.87 3.79 2.48 3.91 9.66 5.88 3.8 1.04 5.65 4.0 7.86 3.1 4.08 1.04 9.61 7.73 4.58 3.96 2.21 2.86 4.76 5.34 6.74 6.26 7.94 8.06 9.68 6.71 2.91 4.6 4.39 7.22 3.93 8.04 8.83
7.9 6.29 9.65 5.89 6.19 7.08 9.03 9.5 9.43 1.6 3.14 6.36 7.67 4.87 1.99 7.39 8.12 8.41 3.85 8.45 6.16 1.73 9.34 8.74 6.19 9.25 7.97 4.69 4.92 7.9 6.82 5.5 5.12 3.46 8.09 1.9 2.01 6.22 6.37 1.25 9.0 7.25 2.86 2.94 1.83 1.91 9.75 8.03 7.75 4.26 5.77 7.06 5.98 8.59 1.87 1.26 8.1 8.33 2.89 5.32 6.05 7.53 7.32 5.73 1.15 8.97 3.22 4.99 2.57 3.34 7.14 4.23 3.3 9.9 1.96 4.08 5.59 3.79 5.82 7.02 4.07 5.96 5.68 9.84 3.93 9.83 5.64 5.68 6.68 7.98 5.13 3.93 2.56 3.86 9.53 7.69 7.74 8.7 3.46 3.11 1.2 7.0 1.59 2.21 6.01 7.05 6.15 9.81 7.19 1.97 9.75 8.11 7.54 7.91 6.71 5.16 6.96 4.52 9.81 5.71 8.12 3.97 3.44 7.94 7.52 1.66 3.6 2.44 4.74 3.37 2.8 1.2 4.05 3.39 8.34 7.5 5.96 5.87 7.35 7.87 3.91 2.11 1.04 3.88 5.51 1.13 4.34 2.43 6.03 4.81 1.79 3.8 5.04 5.59 8.55 4.03 1.62 4.84 5.0 1.7 9.34 9.25 4.23 4.41 7.83 2.59 7.85 2.16 1.17 8.23 4.95 5.25 2.81 3.51 2.88 8.3 2.55 9.02 1.83 9.22 9.71 5.34 4.48 5.6 8.97 9.3 5.82 9.74 6.69 4.36 6.35 9.86 2.99 4.74 6.32 3.89 6.89 9.25 4.84 9.92
8.45 3.78 4.03 1.75 6.29 5.09 7.27 6.98 5.56 4.69 2.02 3.19 2.3 2.53 1.97 6.36 6.18 9.87 6.89 8.51 2.05 3.9 7.74 2.25 4.4 6.88 5.52 1.32 8.36 7.91 9.81 3.16 4.49 5.33 6.16 1.03 3.88 1.67 2.44 7.25 9.56 6.92 5.63 4.65 2.74 4.07 7.67 5.56 8.62 2.96 5.35 6.19 6.0 7.77 3.85 4.76 2.1 7.31 1.35 2.29 3.23 4.3 5.3 8.15 9.4 4.68 9.2 5.23 3.51 6.92 3.79 1.71 6.24 9.28 7.58 9.34 4.88 9.72 4.11 9.56 8.73 6.55 9.21 7.79 3.09 5.47 5.36 9.2 8.01 2.67 6.36 3.37 9.71 2.12 6.99 4.78 6.55 8.47 6.92 6.81 1.08 9.9 2.05 5.52 4.87 4.52 4.76 2.15 3.03 2.91 3.43 6.42 3.65 8.76 4.05 4.2 8.23 4.14 7.26 4.98 3.12 6.08 5.6 1.29 4.38 9.05 8.04 7.52 3.7 2.28 3.87 4.44 9.35 7.81 7.63 9.22 4.18 5.51 1.82 1.46 4.57 5.03 4.95 4.23 1.96 7.05 2.96 5.83 3.73 1.46 2.48 8.13 7.43 4.07 2.34 3.51 3.23 5.03 2.45 5.14 3.27 5.9 3.92 8.74 9.79 8.77 4.82 5.91 4.39 5.23 6.59 5.14 7.78 6.56 8.8 5.27 9.34 4.41 3.81 2.24 6.34 1.97 8.19 3.54 3.43 3.68 1.87 9.37 9.6 2.6 7.82 2.84 2.62 3.94 4.4 1.07 8.34 7.64 2.86 3.79
8.69 5.26 4.74 2.72 4.57 1.25 1.47 8.12 9.98 5.01 9.86 9.91 8.88 4.26 2.98 3.78 8.91 9.45 2.99 6.48 5.14 4.16 3.67 3.79 6.53 8.86 4.96 6.9 9.74 1.17 2.53 4.56 9.31 5.57 2.06 4.43 8.84 1.37 9.64 6.2 8.37 5.68 4.11 2.42 4.14 4.58 4.63 9.9 6.4 5.47 9.13 4.84 6.96 1.81 6.05 3.27 2.43 8.82 1.53 9.54 4.14 5.11 7.62 2.91 9.51 9.2 3.61 6.31 2.05 4.94 9.58 8.17 3.02 5.35 3.19 6.19 3.57 3.55 6.51 3.08 9.13 7.44 9.99 3.07 8.85 5.17 2.2 2.98 6.69 3.27 4.66 1.8 1.24 8.3 1.82 4.04 4.52 1.88 7.14 3.71 7.35 2.7 8.0 9.61 9.66 1.94 4.2 4.08 7.83 5.79 7.84 5.68 9.19 6.69 3.21 6.58 2.33 7.69 9.8 3.51 6.52 9.82 5.66 1.39 8.4 9.51 4.3 5.24 6.14 8.31 9.51 2.11 2.59 8.01 4.53 4.99 4.64 1.48 6.15 7.71 6.25 1.2 9.18 3.59 5.07 3.01 9.44 9.15 6.98 9.55 1.18 8.92 4.75 1.54 8.58 8.75 1.65 7.55 7.57 5.42 9.26 5.96 4.39 6.61 1.79 6.09 6.55 6.92 9.71 8.73 7.58 2.39 2.48 4.07 5.62 4.6 7.48 3.14 9.15 8.61 3.77 9.27 7.78 7.56 5.49 3.74 8.33 9.69 1.1 5.16 5.74 8.71 8.01 3.89 2.89 5.57 3.95 8.1 9.31 2.74
7.58 3.57 7.03 1.1 9.2 6.34 8.37 3.64 6.85 1.21 3.12 2.38 8.5 5.27 2.84 9.6 4.5 1.68 3.95 6.31 8.97 3.23 4.21 8.53 6.59 8.9 9.89 6.61 2.52 5.46 6.43 9.25 7.21 2.34 7.42 8.53 6.43 9.79 6.93 8.24 5.1 5.88 2.66 2.75 1.5 1.38 4.56 5.65 3.8 9.81 1.67 6.95 4.05 8.55 5.8 5.25 8.86 9.37 2.81 7.82 7.63 2.32 1.12 5.09 5.87 5.51 7.17 6.0 4.41 2.94 8.16 4.28 6.89 4.37 8.39 3.59 5.29 1.94 3.7 1.72 1.1 7.53 7.21 4.5 5.16 3.61 2.88 9.74 9.71 6.51 2.6 1.36 3.45 7.75 4.05 2.77 2.7 3.96 2.21 6.48 2.91 5.08 10.0 7.49 1.47 4.77 9.84 8.15 6.15 7.82 6.2 7.36 4.54 4.61 6.88 9.23 5.33 2.92 1.93 1.5 9.96 3.55 8.74 9.31 1.16 1.69 6.09 6.58 1.87 1.95 8.06 3.17 6.54 4.94 9.8 1.31 7.1 4.06 1.17 2.87 1.19 6.27 5.01 4.64 3.37 7.66 1.97 1.03 8.4 9.44 6.26 7.85 9.22 2.77 2.5 1.12 2.52 9.35 9.99 2.57 9.1 5.77 2.56 6.12 6.41 6.71 4.7 4.79 2.69 3.58 4.92 1.31 4.36 5.26 4.29 6.15 7.88 7.15 6.01 9.62 7.59 9.78 4.95 9.32 4.74 9.03 5.96 2.41 9.06 9.55 2.97 8.3 2.39 7.95 7.79 2.91 3.42 8.92 5.6 6.44
1.55 1.59 2.78 1.72 4.34 4.21 8.13 6.8 2.57 5.1 1.26 6.28 1.9 4.11 2.9 1.27 9.36 5.59 1.83 2.08 2.35 1.16 3.97 7.58 6.21 1.29 5.71 6.35 9.47 6.99 2.98 5.89 5.23 8.9 6.62 6.76 2.75 6.58 7.35 2.26 9.2 8.46 8.16 4.2 9.19 5.57 2.76 4.79 3.43 9.14 1.67 6.04 5.39 2.67 8.48 7.04 6.34 6.24 5.97 7.37 1.28 4.96 4.99 7.24 5.72 5.4 4.83 8.96 5.89 5.71 8.69 5.46 7.47 7.98 8.56 1.45 1.78 7.53 9.4 3.96 6.16 4.19 9.93 5.02 4.45 1.96 1.86 7.17 4.54 4.71 5.5 8.56 4.59 6.88 4.83 7.04 2.49 4.11 6.36 2.29 9.56 1.04 9.61 5.85 5.76 8.36 3.99 4.32 4.72 2.61 3.41 8.47 4.49 8.14 5.59 3.6 6.55 9.44 1.32 4.18 6.0 8.07 1.28 5.66 1.64 8.56 9.94 3.45 2.99 7.5 9.22 8.35 8.24 1.28 8.48 7.9 2.58 3.86 5.13 3.61 6.98 5.28 6.34 2.14 8.81 2.83 7.63 9.47 7.59 9.28 8.15 3.89 3.28 5.16 3.07 4.41 7.68 9.85 2.12 7.69 6.02 1.37 1.26 3.34 4.16 4.1 4.74 7.93 4.77 5.94 5.39 6.35 8.06 3.21 7.96 3.91 2.54 2.02 3.96 2.57 7.91 5.47 8.63 6.48 2.38 9.48 2.92 3.54 1.0 6.95 4.6 5.87 6.1 6.0 5.04 2.82 6.8 4.31 7.02 5.14
9.84 2.69 8.76 6.73 5.18 9.71 6.44 2.65 2.54 7.74 1.89 3.55 6.01 4.3 5.26 1.8 5.89 2.48 4.19 5.64 6.66 6.39 3.77 2.99 6.17 1.97 4.24 8.72 9.53 4.65 8.4 6.83 2.8 1.28 1.58 2.84 4.02 1.41 5.17 8.7 1.85 5.65 6.19 9.8 7.19 3.96 8.46 7.86 9.38 1.97 5.4 7.45 7.29 8.43 9.02 5.32 9.16 3.21 7.37 6.0 1.33 6.21 9.3 4.13 5.43 8.41 4.32 4.36 7.71 2.98 8.22 9.2 3.21 9.4 3.18 1.78 6.84 3.21 4.99 2.63 5.71 4.69 6.69 6.01 6.68 8.39 6.76 4.25 2.26 1.44 4.66 6.87 3.65 9.59 1.49 7.88 8.06 8.9 9.48 4.74 5.9 2.38 8.46 9.64 6.07 3.98 7.34 1.69 9.89 4.12 1.77 1.86 1.91 2.5 6.19 6.72 9.92 8.48 9.89 3.3 8.55 1.37 3.89 5.1 5.11 1.95 9.74 7.65 7.87 8.49 1.61 2.25 1.66 5.75 9.86 6.58 4.5 1.68 1.79 4.51 5.18 4.87 3.78 6.07 1.72 1.28 9.83 5.3 7.32 5.86 1.82 8.12 7.81 3.93 9.97 2.44 1.34 4.98 6.75 5.4 2.21 4.78 2.27 9.43 6.58 3.04 5.87 4.54 3.21 4.23 2.55 3.19 8.62 7.96 7.29 5.72 2.45 9.51 9.08 4.72 4.83 3.27 1.85 3.99 2.03 2.5 8.39 8.65 7.23 1.27 5.48 5.87 6.42 1.96 9.09 7.28 5.37 5.94 7.38 1.97
8.75 5.67 7.06 9.76 5.64 6.42 5.03 7.58 7.19 5.69 1.79 2.07 7.7 3.74 2.29 3.85 9.82 2.24 7.8 1.83 3.03 8.88 9.76 4.88 9.7 4.64 1.02 5.83 5.82 9.02 4.76 6.5 7.68 9.92 4.98 2.92 1.25 9.56 7.8 5.24 3.2 8.15 1.78 2.57 8.25 5.03 3.78 7.06 3.51 8.02 8.65 9.85 2.24 1.27 1.38 9.5 7.89 3.41 3.67 3.93 8.82 5.52 5.0 2.38 4.63 3.73 6.41 3.71 7.55 3.2 6.37 4.94 9.82 1.64 2.83 5.4 6.48 6.43 4.31 4.34 9.86 4.37 3.74 1.44 4.1 5.08 2.41 3.23 7.89 4.89 8.24 2.1 3.22 8.8 1.42 3.21 5.15 3.25 4.1 9.56 7.66 3.44 3.39 3.44 6.93 1.55 1.45 5.28 2.39 1.75 7.62 7.24 1.4 8.45 6.97 8.12 2.05 1.06 3.81 9.86 3.3 9.98 9.28 8.82 9.78 8.81 7.99 7.01 7.68 9.09 8.77 1.27 8.17 9.28 6.22 8.93 5.94 1.79 8.21 3.24 8.27 2.24 6.72 3.33 8.73 8.05 5.78 8.61 4.53 1.5 9.94 2.09 4.06 7.47 9.6 8.5 4.45 5.75 4.25 2.49 8.38 1.41 9.43 2.33 3.47 2.02 4.45 7.8 5.67 4.01 2.74 5.33 2.06 1.34 4.69 3.05 7.36 2.97 1.33 9.37 9.74 4.86 2.88 7.87 7.4 3.09 4.07 4.11 4.72 3.43 1.71 1.05 2.93 2.75 2.11 7.08 1.98 5.94 3.36 6.14
9.05 1.62 3.91 7.94 8.87 2.9 9.97 5.57 2.87 2.44 5.18 5.46 6.06 8.92 9.15 1.49 2.59 8.06 4.19 6.39 7.49 4.81 8.83 5.46 3.1 3.86 2.7 5.18 9.47 3.11 6.71 1.75 1.65 7.35 1.12 1.2 3.38 6.3 8.04 6.39 8.5 1.08 4.17 6.55 6.06 3.17 9.82 1.11 1.47 2.66 4.92 1.46 2.46 4.43 5.68 3.58 9.15 7.83 2.61 8.47 8.25 2.22 8.64 6.22 5.3 8.29 9.21 3.47 7.75 5.01 1.54 8.43 5.2 6.52 3.85 8.04 1.09 4.91 5.44 3.64 1.09 5.39 6.06 8.11 9.88 7.36 6.6 1.53 7.11 3.95 3.84 3.27 8.03 9.09 2.98 5.52 3.97 7.71 4.84 8.68 4.71 2.91 1.95 8.92 5.48 7.57 8.36 9.44 2.09 3.81 4.41 1.83 3.69 8.57 3.72 1.43 5.78 2.34 3.87 2.87 6.48 9.69 9.49 4.24 6.91 3.03 7.95 6.96 2.17 3.31 1.35 9.16 9.59 1.25 4.68 1.66 5.19 3.96 5.2 2.8 8.59 6.11 3.13 1.47 6.53 5.83 6.49 8.48 5.91 5.3 3.64 8.43 2.13 3.23 2.2 9.41 1.48 1.33 8.34 9.15 7.47 9.17 5.96 6.49 7.89 5.97 3.72 5.53 9.72 9.51 6.36 2.52 2.5 9.84 6.13 6.63 6.09 3.63 5.39 6.52 3.03 3.61 7.73 1.73 4.54 5.82 9.2 1.03 7.69 8.11 3.75 1.69 3.6 4.74 6.28 2.9 3.05 6.35 9.63 9.75
2.57 9.58 3.57 6.72 7.15 2.65 6.19 5.73 6.76 9.73 8.27 8.07 5.21 3.78 8.97 2.92 9.32 1.91 4.07 5.4 2.56 8.41 9.98 8.58 8.47 5.86 2.27 4.6 1.51 9.16 7.31 5.84 2.65 1.69 4.95 8.55 3.19 6.06 6.28 1.49 9.14 6.7 1.66 6.33 2.27 3.53 8.96 7.14 3.98 9.84 5.2 6.24 9.32 2.47 5.55 8.34 6.25 9.44 2.3 7.8 5.31 8.15 3.09 8.41 5.85 6.06 4.89 4.87 4.86 5.84 7.07 8.05 8.01 6.69 1.74 1.42 8.23 7.23 2.13 5.92 6.47 8.8 1.91 6.64 7.23 4.26 6.04 3.85 9.37 6.86 1.06 9.29 4.32 2.09 7.41 3.61 4.04 6.14 7.59 5.11 3.23 7.93 4.15 8.17 6.59 4.51 6.96 2.41 7.15 9.01 7.08 4.34 9.98 7.61 4.87 5.74 7.56 1.5 2.33 2.1 6.03 3.43 1.18 5.56 4.54 9.37 1.17 5.96 4.7 2.5 8.03 6.65 4.43 5.71 1.7 6.85 7.78 9.26 4.23 4.18 9.36 5.68 2.54 4.95 5.86 3.93 7.55 9.68 9.64 8.89 4.14 2.36 5.46 8.2 5.31 6.15 1.16 6.05 3.07 3.09 7.04 3.35 6.32 6.18 5.8 2.95 5.31 7.46 4.31 7.38 8.54 5.36 3.67 6.6 7.32 2.49 3.54 3.12 5.78 6.11 5.39 5.34 2.59 6.86 2.16 2.23 3.34 2.98 9.2 4.64 4.31 7.2 3.38 1.4 6.78 9.81 3.88 7.43 4.89 9.33
7.56 8.59 6.1 7.49 5.32 3.74 5.88 6.04 7.12 1.25 8.7 3.23 8.25 9.26 9.42 9.84 3.09 8.11 7.5 6.83 4.93 6.59 3.15 1.3 6.94 8.34 7.56 2.56 2.76 1.96 8.34 6.48 1.64 7.23 4.84 4.47 9.98 6.4 3.12 2.41 6.32 5.98 3.91 1.91 9.72 9.29 1.26 3.58 7.51 4.23 9.41 7.59 5.05 1.04 6.89 3.38 2.46 8.01 6.89 3.8 3.47 4.93 5.96 3.07 8.6 2.42 5.56 6.16 7.68 7.95 4.55 1.23 9.22 6.53 5.61 4.24 7.48 2.33 6.54 8.8 6.93 5.01 4.83 1.67 1.34 7.93 6.88 2.87 9.64 7.68 7.98 5.27 1.79 9.92 3.56 8.45 2.75 3.59 4.49 4.45 3.68 5.43 5.69 9.5 8.18 1.59 7.65 2.99 9.38 3.6 9.83 8.99 6.32 8.56 5.62 2.19 2.92 5.31 4.09 6.58 8.17 8.26 6.06 3.48 8.81 3.48 9.82 3.37 4.21 9.68 7.1 1.12 3.47 6.29 8.25 2.32 2.77 9.29 2.52 2.22 7.7 5.77 6.98 9.92 5.04 7.86 5.39 8.5 8.05 1.95 5.9 1.36 1.8 1.83 9.47 3.95 4.79 4.6 3.37 5.18 2.14 8.36 3.39 7.94 8.21 8.21 2.68 8.02 8.93 3.34 4.77 2.36 3.83 6.95 5.24 8.42 9.63 9.03 6.88 4.67 8.26 2.77 9.19 3.79 9.5 9.21 8.02 2.83 9.85 2.65 3.11 2.75 2.51 8.95 2.91 3.74 6.0 9.63 1.91 6.89
1.57 9.12 2.89 9.03 6.21 8.4 3.8 3.55 2.95 8.46 9.27 7.63 2.73 8.15 4.42 4.1 5.03 6.16 1.87 2.9 2.08 4.3 5.8 6.94 1.66 3.4 5.48 6.63 7.16 1.42 7.25 2.79 3.88 4.15 8.82 1.41 2.47 8.6 7.26 6.02 5.51 4.04 8.04 3.8 2.91 4.28 6.8 1.62 7.25 3.32 5.87 9.62 8.67 9.9 8.35 1.4 5.76 7.16 8.22 6.34 9.48 1.23 7.98 1.3 4.75 6.71 2.53 1.99 8.88 6.1 2.51 2.53 4.47 7.25 5.93 5.27 7.82 2.7 7.01 3.92 5.48 4.47 7.43 8.86 7.28 3.58 4.27 7.21 4.05 9.84 6.84 1.22 4.48 1.27 9.74 7.98 4.45 3.55 5.09 3.41 4.89 6.9 4.79 4.93 8.63 8.64 9.29 9.78 4.57 3.65 2.74 7.16 4.42 4.57 4.74 6.0 6.12 9.06 4.78 8.7 3.98 6.24 9.05 4.08 7.57 6.45 5.67 6.04 1.49 5.06 4.55 8.64 6.98 4.29 8.96 9.68 5.43 1.29 9.58 7.45 9.87 2.96 8.24 7.34 1.8 8.68 2.49 1.69 5.38 4.22 7.2 4.46 2.58 8.76 2.05 1.77 7.46 6.59 6.68 3.99 5.88 2.4 5.61 2.48 8.92 7.15 6.08 8.08 8.35 7.77 9.36 7.29 2.57 4.59 2.0 9.23 5.14 1.12 2.05 8.3 1.02 8.41 9.04 3.29 3.17 9.84 7.85 7.83 4.79 2.73 2.32 4.88 8.84 1.61 1.89 8.44 7.93 1.04 2.2 2.07
6.0 2.02 5.47 3.53 6.91 9.82 5.92 8.96 3.7 8.42 8.94 2.45 9.85 1.96 1.25 9.82 2.31 7.18 4.61 1.28 6.03 4.01 2.02 2.31 5.77 6.04 9.36 4.7 7.25 1.15 3.06 7.83 6.92 1.71 6.07 9.66 9.97 7.69 5.13 8.04 4.06 9.38 9.1 7.9 6.78 4.17 7.09 6.7 7.17 5.77 7.82 4.98 7.2 2.56 6.0 7.67 2.04 2.81 7.27 4.55 3.8 8.23 7.71 9.15 8.12 5.13 5.09 6.37 2.55 9.32 2.1 1.78 5.09 1.58 6.14 9.72 3.51 3.3 1.08 7.82 7.39 7.94 4.27 8.82 8.22 2.76 2.98 8.9 3.4 5.29 4.71 4.25 2.34 9.45 8.58 6.87 7.72 2.43 4.0 1.63 6.84 6.32 1.09 3.65 7.32 9.99 3.3 7.41 6.76 6.47 3.17 7.45 6.01 8.48 4.04 1.34 5.79 3.03 6.04 5.31 6.98 3.75 9.6 2.61 1.48 1.27 9.1 2.42 2.54 2.07 9.62 4.27 1.4 2.9 1.41 8.08 6.02 8.17 6.22 7.39 7.11 7.3 7.6 5.03 7.41 3.2 2.44 4.53 4.16 6.18 5.76 1.26 2.87 5.39 8.31 7.65 8.99 4.71 2.07 6.79 2.99 2.17 3.92 7.0 4.19 8.46 8.85 7.13 6.88 3.5 4.83 7.07 2.29 5.99 2.33 1.21 6.17 4.97 6.67 1.46 3.94 1.14 6.01 2.56 5.56 7.46 4.31 8.21 8.47 2.43 7.47 6.0 1.86 3.75 8.92 7.04 6.0 3.59 9.57 7.24
8.06 2.97 6.91 5.59 9.83 5.65 4.25 9.78 7.53 8.31 6.26 7.03 7.89 6.76 4.26 1.01 5.03 4.65 1.73 6.31 8.7 6.12 8.54 2.69 1.08 6.97 9.54 2.94 4.17 4.72 5.32 3.67 2.73 9.03 9.82 4.31 5.8 7.33 5.98 3.8 8.29 6.7 2.99 8.0 1.48 5.39 9.96 7.68 6.33 5.56 2.34 8.76 4.17 9.09 6.52 5.23 7.6 1.26 9.07 3.84 7.59 6.11 3.55 1.92 6.07 9.98 7.84 1.24 8.02 1.62 4.14 5.31 8.09 2.01 9.84 7.13 4.27 3.7 3.8 9.97 8.84 3.99 4.66 3.04 6.61 6.23 5.76 4.19 5.47 1.58 9.99 6.88 2.29 2.65 5.5 7.88 8.42 7.67 2.93 3.89 3.93 3.24 3.79 2.52 1.3 7.3 5.76 3.39 4.6 2.45 4.58 2.71 2.07 7.36 9.69 4.52 1.92 6.85 1.99 3.26 4.25 3.43 2.44 3.13 9.0 7.76 3.66 7.53 6.59 4.62 4.78 1.22 9.33 6.69 9.52 6.22 8.79 6.63 5.55 6.18 8.29 3.86 1.17 5.08 1.24 5.87 5.46 4.64 2.89 3.09 3.09 4.47 6.47 4.62 5.79 9.87 8.29 6.31 6.76 4.45 8.92 1.37 2.58 2.97 4.77 9.94 7.98 9.72 5.95 8.66 5.3 3.7 9.01 4.51 4.33 6.84 6.8 6.66 6.19 7.38 4.58 5.47 4.6 2.34 3.79 5.41 2.34 3.55 6.1 9.59 9.83 8.27 9.03 7.32 5.53 4.52 1.35 9.33 9.4 9.28
6.97 6.93 1.55 9.72 1.17 4.04 4.75 6.89 7.93 7.94 3.05 3.32 7.24 7.33 8.66 3.41 5.9 2.77 6.5 4.91 7.61 6.26 5.78 9.57 9.73 9.33 9.39 7.92 9.17 5.76 4.69 4.65 2.86 1.1 4.17 1.84 8.25 3.69 4.19 7.91 3.91 6.61 7.21 9.71 4.6 4.31 9.57 8.71 7.99 2.82 7.74 4.74 1.66 5.04 5.9 1.08 5.26 9.11 6.28 4.51 9.38 9.77 2.4 2.33 8.0 3.04 9.92 2.96 5.61 4.17 9.57 6.41 8.78 8.34 3.54 3.76 3.7 4.38 1.71 7.82 3.78 6.35 7.34 2.86 4.99 8.51 8.35 6.12 3.15 9.55 3.74 9.68 6.91 5.42 2.23 7.72 8.95 2.69 4.33 4.95 6.31 2.04 6.52 9.36 7.71 5.16 3.63 1.7 9.1 9.98 6.54 3.13 3.34 5.24 5.01 9.21 3.04 2.57 5.39 2.77 7.08 9.06 2.46 8.74 8.8 2.59 2.19 3.63 9.38 2.27 1.38 6.23 3.75 7.22 9.96 4.85 3.61 3.37 6.88 5.79 2.77 4.44 1.03 7.68 6.33 2.41 5.59 7.63 4.17 2.33 7.27 4.19 1.72 6.89 8.17 9.12 5.36 5.48 9.12 4.03 8.9 6.38 7.74 4.12 8.63 9.26 3.64 8.26 5.71 8.41 1.98 7.83 6.57 5.02 8.79 5.41 5.26 4.92 6.84 8.73 4.63 3.38 1.82 6.45 2.95 7.92 4.54 9.52 6.23 2.44 1.42 8.08 7.34 5.73 7.83 3.72 5.94 5.73 6.24 3.87
5.91 1.24 8.9 2.96 8.51 1.94 7.0 2.94 6.22 7.99 5.63 2.38 8.21 2.22 5.62 1.6 8.29 4.89 3.92 9.83 2.64 2.91 7.45 6.04 3.16 4.35 8.98 2.75 5.45 6.73 7.06 9.42 8.21 4.52 8.37 5.66 2.04 8.56 9.14 4.97 9.05 8.33 6.7 2.84 4.52 8.12 6.22 4.4 8.88 9.14 9.99 9.38 9.58 3.38 9.93 1.56 6.1 4.89 6.03 4.47 8.27 3.31 3.14 9.83 2.89 4.74 4.45 9.32 3.9 6.32 9.36 2.33 2.27 7.54 2.0 6.72 3.37 7.43 6.91 2.77 5.36 3.18 6.11 7.35 4.76 9.36 3.19 7.51 6.44 4.88 8.95 3.5 3.28 3.56 5.35 3.3 6.87 7.33 3.17 8.82 7.92 4.39 9.69 2.32 1.07 7.21 8.49 2.09 10.0 9.32 6.72 7.99 7.33 3.12 6.21 6.37 2.92 6.72 6.92 9.05 2.68 9.65 2.5 9.8 5.78 7.61 7.45 3.78 5.51 9.17 6.18 1.7 8.08 1.79 1.98 1.75 2.49 4.37 8.14 3.89 5.67 9.36 8.46 7.17 2.82 4.74 5.61 9.77 8.46 3.75 4.28 8.28 7.97 8.95 8.88 7.21 5.64 6.07 4.59 6.97 2.03 5.96 4.27 1.01 1.35 2.45 2.44 6.34 5.06 8.18 8.21 8.31 8.81 7.52 4.53 8.68 3.03 3.47 8.63 4.75 8.23 3.47 1.94 2.28 4.17 2.76 8.83 6.36 6.0 1.96 6.64 5.98 8.78 7.67 6.94 9.01 3.12 2.51 7.61 6.85
1.97 7.57 2.49 7.63 6.36 8.66 6.07 8.58 6.1 10.0 6.97 1.01 5.64 7.72 9.78 9.28 6.4 4.62 6.5 5.65 3.52 8.86 5.34 2.21 1.39 8.62 4.9 8.93 4.62 9.68 9.37 5.72 5.75 8.7 8.56 1.21 5.57 9.62 5.73 3.29 9.62 7.37 7.23 8.79 1.87 7.32 9.01 1.13 4.31 4.25 6.81 3.01 1.9 9.09 8.07 5.27 3.11 3.11 8.45 2.35 3.49 9.93 6.33 9.22 9.49 8.44 1.43 8.35 7.25 1.2 1.2 4.81 6.78 9.67 3.37 6.95 6.28 7.54 6.24 4.96 7.53 8.72 4.24 9.92 4.08 4.75 3.03 9.22 8.63 6.16 3.67 1.81 8.13 6.26 2.54 8.29 5.48 9.69 9.69 5.98 2.86 1.59 1.05 3.98 4.62 5.97 1.96 5.11 5.52 7.21 2.79 5.07 8.2 5.63 5.33 8.15 5.6 9.48 3.67 9.05 2.15 5.67 9.38 9.52 9.29 4.26 4.11 7.26 2.32 8.08 9.06 5.63 1.45 1.74 6.02 7.58 2.02 3.6 2.01 8.6 1.66 8.82 3.17 4.18 6.92 2.25 6.54 2.57 4.97 7.77 3.17 6.39 8.06 9.4 4.5 4.38 2.54 5.21 6.15 4.73 1.53 1.78 8.77 8.4 7.49 9.2 6.97 7.24 1.69 1.59 5.91 5.03 2.12 1.88 2.46 3.44 6.98 8.7 4.06 1.72 3.45 7.27 1.85 7.76 7.64 5.41 1.35 2.47 6.52 6.65 2.49 4.69 5.03 8.57 6.37 6.54 7.03 3.8 9.86 7.73
3.89 5.57 7.56 6.65 7.51 8.03 1.13 8.47 7.43 6.14 9.71 1.53 4.39 8.11 8.68 9.08 7.25 4.33 3.36 3.84 3.45 9.73 9.84 1.83 9.5 4.11 1.98 3.93 7.97 8.78 1.21 7.06 8.37 6.18 5.53 7.64 4.19 2.49 9.88 8.71 7.57 7.2 1.29 5.03 5.91 5.05 7.16 1.39 6.47 1.64 5.38 2.59 8.62 4.51 4.36 7.2 9.89 6.05 5.73 8.43 3.9 6.93 2.72 4.53 3.28 2.58 1.83 2.12 7.16 3.53 7.21 2.2 9.68 9.02 1.3 1.99 3.04 9.29 8.48 6.73 2.79 6.52 8.62 7.15 3.33 3.96 6.25 8.81 8.75 8.66 6.1 9.36 7.17 6.24 8.11 8.23 1.3 9.02 5.77 7.93 9.49 2.39 1.69 6.95 1.64 9.91 9.44 8.29 8.43 7.1 3.39 7.55 7.14 4.65 4.72 1.88 1.29 9.4 8.74 8.98 1.55 3.92 9.43 3.33 1.6 2.82 6.14 2.06 8.42 2.8 7.96 5.94 3.44 9.97 8.91 5.96 9.91 8.1 7.41 2.58 7.21 6.43 3.0 2.34 9.83 2.06 6.39 3.03 9.52 8.35 8.56 7.66 6.96 4.74 8.36 3.64 8.97 3.53 1.07 7.76 4.59 8.75 4.59 8.72 7.95 7.86 5.15 2.21 4.08 8.46 9.98 2.35 7.58 4.45 3.35 3.19 3.83 8.37 8.56 2.35 5.01 2.67 5.6 3.23 7.79 2.08 3.76 3.0 5.26 1.29 7.71 9.7 8.59 6.09 2.71 8.94 5.79 2.98 9.39 1.4
3.65 6.57 3.5 9.48 7.51 4.57 4.48 3.66 2.29 3.84 3.65 4.16 7.81 5.08 2.1 6.9 5.55 1.85 6.18 9.02 6.64 1.64 3.14 1.5 9.42 2.48 4.23 9.98 4.54 8.13 3.77 3.18 3.46 7.59 6.04 4.01 8.45 9.13 4.85 8.42 3.74 3.45 5.19 7.84 5.04 4.64 8.11 7.79 6.77 7.34 7.93 2.49 9.61 8.79 7.16 7.71 6.5 3.34 4.81 2.95 5.04 7.11 6.4 2.12 6.69 5.81 8.76 7.81 3.21 1.8 7.81 4.87 4.72 4.7 2.37 3.68 2.52 6.02 7.16 5.0 8.49 2.88 2.76 2.0 3.6 3.77 2.8 6.76 2.53 7.4 2.29 4.89 9.24 5.18 4.88 2.01 3.07 2.89 1.81 5.91 9.89 8.49 1.72 5.96 6.54 2.21 8.19 4.76 6.92 2.65 1.23 8.94 1.4 2.0 7.38 7.01 2.94 8.39 8.3 8.84 3.43 6.77 8.72 7.18 9.14 3.44 1.99 1.82 8.27 3.44 9.02 2.71 1.69 3.13 1.08 6.22 2.28 4.47 1.11 8.27 6.9 9.21 7.18 5.25 2.13 1.29 7.64 9.39 9.46 2.41 4.56 9.82 6.48 5.51 3.94 4.53 8.66 4.75 6.54 1.65 5.2 2.19 6.22 5.91 6.77 7.09 6.89 3.21 3.16 4.48 8.64 4.19 4.58 7.21 5.74 1.38 5.88 9.17 7.93 6.93 5.44 8.95 5.95 4.14 4.01 5.3 9.47 7.91 6.02 7.38 9.32 5.14 1.19 6.91 9.92 2.08 6.28 9.82 1.72 9.86
5.0 3.58 8.12 1.73 4.62 8.04 3.59 2.92 2.42 6.46 9.08 4.97 7.69 8.54 1.98 8.52 3.0 3.89 3.4 1.44 2.18 9.41 2.76 5.3 9.59 6.18 4.7 7.82 3.72 1.24 4.89 2.66 1.58 3.77 8.41 5.48 8.06 3.98 6.72 8.52 3.69 5.49 9.88 6.67 4.34 8.58 5.93 3.45 9.96 4.4 9.55 2.2 7.01 9.46 4.85 7.02 9.33 1.56 9.33 3.29 2.24 9.16 7.12 1.99 1.96 5.45 8.63 2.87 3.49 2.23 6.04 3.32 1.65 2.12 3.67 4.26 2.63 7.85 3.78 9.28 8.98 4.23 3.53 7.0 7.8 1.34 7.9 1.86 6.99 2.83 5.85 2.16 4.89 8.84 3.62 4.51 5.23 9.22 5.26 6.64 7.45 1.47 4.28 6.06 8.87 3.82 6.87 6.76 5.37 9.08 6.99 7.71 4.16 5.92 5.71 2.95 3.04 6.67 1.58 3.48 8.26 1.37 3.61 8.59 2.86 8.94 7.24 6.77 5.18 3.03 7.96 1.64 9.6 9.96 8.46 3.22 7.14 8.84 2.98 4.18 6.62 5.61 2.37 5.84 4.04 1.27 2.64 5.16 4.04 3.2 7.69 5.97 8.74 8.15 7.1 3.86 5.78 5.98 2.4 1.16 3.31 5.99 9.79 6.17 7.93 8.22 2.72 7.95 6.32 8.55 4.14 5.47 2.47 7.3 4.44 2.21 2.64 6.05 3.14 7.66 2.75 2.88 7.7 6.73 7.56 3.16 3.54 2.13 5.02 4.27 2.35 5.71 2.82 3.74 8.86 8.93 8.8 2.22 5.25 3.09
3.14 1.14 7.11 3.92 7.33 4.57 2.99 4.36 8.25 1.17 3.92 7.9 4.59 8.79 8.79 3.71 8.07 3.52 6.47 5.1 9.46 7.65 2.25 1.06 2.05 7.41 6.8 5.84 9.51 8.19 8.91 5.03 6.92 8.69 4.89 8.87 5.13 7.1 5.33 5.64 2.36 1.96 7.33 6.19 3.02 9.83 1.93 7.89 6.19 9.13 7.06 9.27 5.57 8.03 6.43 7.7 3.7 9.17 3.92 9.89 1.34 2.2 7.78 3.26 6.62 1.83 9.62 9.6 7.0 9.7 4.8 4.9 6.6 8.93 6.88 9.59 6.4 1.26 2.69 9.09 1.09 6.62 1.0 2.11 1.33 3.05 5.74 8.48 9.66 9.16 2.49 7.67 7.95 7.67 8.36 9.31 4.26 2.86 7.9 7.34 3.06 2.31 1.24 3.98 7.28 3.72 3.42 2.86 3.18 8.09 5.99 9.72 5.65 9.82 7.38 5.28 9.54 4.83 5.32 4.09 9.79 3.58 1.9 1.4 5.16 6.6 8.51 6.8 5.78 7.61 3.76 4.57 5.64 8.42 7.09 4.74 3.16 1.13 6.6 3.8 2.22 5.8 9.12 8.38 6.36 2.13 1.59 9.73 2.1 8.24 9.16 8.27 9.81 9.79 5.36 5.47 7.52 7.41 5.16 5.91 4.0 5.39 1.85 4.26 3.55 7.96 5.26 4.33 1.87 7.74 7.91 8.38 1.15 1.67 3.38 2.39 2.19 7.48 9.47 1.27 1.16 3.67 8.2 6.01 6.16 3.17 8.03 3.83 4.54 7.17 4.21 8.48 4.89 6.11 3.51 5.64 9.09 7.89 3.13 7.68
7.52 1.88 1.93 8.13 4.0 7.19 1.93 6.21 2.65 6.53 8.67 8.41 6.96 3.25 5.96 9.48 4.41 6.09 2.27 5.5 4.13 7.36 2.01 7.91 4.82 3.62 5.03 8.0 7.06 1.44 1.16 8.3 4.77 8.79 2.78 3.24 2.36 6.87 9.85 4.82 6.65 8.29 1.05 7.8 1.4 2.86 9.53 8.39 8.74 5.46 5.73 3.62 3.82 5.8 7.08 3.29 9.61 5.19 9.87 4.37 2.6 3.4 4.65 1.46 9.7 4.2 5.04 2.05 4.48 6.91 2.3 8.29 7.72 9.8 4.61 7.88 6.2 6.17 6.68 8.09 4.99 6.62 7.6 2.62 5.53 7.03 2.16 6.83 4.52 1.44 1.1 1.37 3.37 2.13 4.52 2.12 9.77 5.46 6.61 6.91 1.27 1.32 5.02 9.71 5.39 6.51 9.73 2.74 6.6 8.72 4.63 9.12 9.01 5.18 4.75 9.73 6.8 4.06 5.27 8.0 9.95 9.17 2.13 3.29 3.66 7.46 1.58 8.53 2.72 7.71 2.67 9.19 1.09 7.26 2.36 6.37 5.93 6.34 6.26 1.16 1.5 4.53 2.52 9.22 3.22 2.7 5.64 6.02 8.01 8.41 6.13 7.08 4.51 8.93 5.97 2.88 3.67 9.71 7.16 1.47 8.36 9.82 9.44 8.81 2.11 3.71 8.88 1.82 2.98 4.71 2.11 6.01 1.55 2.68 3.35 9.42 7.44 4.86 8.2 7.71 5.06 6.0 5.44 1.14 4.28 2.49 8.33 2.7 5.14 5.01 5.57 9.86 7.62 6.87 5.22 7.9 5.14 3.76 5.08 2.49
3.54 1.79 6.84 2.55 9.91 7.01 6.95 6.82 4.75 9.04 1.42 7.81 2.97 1.02 1.84 5.41 4.1 6.6 8.58 9.3 3.64 2.28 2.29 5.66 5.43 3.37 1.07 6.6 4.06 5.13 9.63 3.02 3.85 7.0 6.51 5.66 6.77 8.58 3.81 3.58 5.12 4.34 4.6 9.87 3.55 5.24 4.99 7.38 7.84 4.52 4.51 4.84 2.81 6.98 2.0 9.0 7.94 6.94 1.82 6.56 7.86 8.0 6.23 6.68 8.8 9.21 7.18 7.17 3.31 4.01 3.33 4.19 2.49 3.47 7.65 4.53 9.49 6.79 1.65 6.72 5.98 1.31 5.91 8.35 6.15 1.01 9.96 1.3 3.62 5.26 2.87 1.79 4.47 3.13 6.39 1.24 1.69 5.86 3.67 9.63 3.45 3.13 3.53 2.03 5.99 6.4 3.98 4.82 3.23 9.02 6.39 5.64 8.6 4.29 7.91 4.0 8.99 2.56 4.78 5.14 1.25 2.88 7.49 8.01 4.51 7.18 4.33 4.59 4.14 3.8 3.74 2.86 9.35 4.41 9.98 1.25 3.0 4.59 4.52 3.57 9.55 1.94 4.13 5.44 9.64 8.43 2.09 3.22 8.69 9.23 2.93 7.8 6.03 3.36 3.92 9.39 1.63 9.9 6.41 2.26 5.26 4.33 8.31 7.12 7.15 8.37 4.72 6.53 1.6 8.4 1.12 7.02 3.35 7.92 9.63 5.76 5.97 6.24 9.39 8.93 9.31 4.83 4.05 2.44 1.01 8.02 6.81 4.27 4.79 3.98 1.78 6.91 1.41 1.86 8.54 6.63 4.63 9.63 4.23 7.36
5.9 5.44 9.66 1.02 7.18 2.19 7.2 4.75 7.1 7.45 6.37 3.0 9.45 5.23 9.12 2.6 2.81 2.5 7.57 4.33 1.38 9.56 8.53 3.98 1.89 4.21 6.06 9.17 2.73 3.92 5.4 1.72 7.43 6.37 1.37 6.07 3.73 6.99 2.65 5.72 5.92 5.38 4.1 9.8 4.71 2.37 7.18 6.13 5.21 3.45 9.0 4.11 5.43 1.46 7.6 5.58 9.29 7.19 2.11 9.81 7.74 3.7 2.38 2.31 6.84 9.84 1.36 4.98 6.65 1.68 9.44 2.69 8.37 2.03 7.67 8.29 9.86 4.3 6.05 2.46 1.98 8.31 7.02 8.46 2.49 1.95 5.44 7.95 1.18 4.92 6.01 5.94 2.02 3.68 4.76 8.97 3.66 2.06 3.78 5.12 2.1 1.93 3.15 8.91 1.09 3.45 9.37 6.1 8.26 6.99 8.26 4.02 8.23 6.68 8.11 6.04 8.29 5.28 4.13 7.91 6.22 1.55 7.76 4.19 7.41 8.61 5.7 7.53 9.79 5.79 7.45 6.4 2.21 7.72 9.43 9.58 3.68 8.16 7.0 5.89 4.2 6.11 3.66 8.52 2.03 4.53 2.0 3.96 5.37 5.67 1.11 5.84 5.41 1.6 5.88 4.73 2.13 8.85 5.01 2.11 8.89 3.71 4.34 4.23 4.14 7.64 2.32 2.92 4.57 8.17 5.84 3.85 4.24 1.9 2.86 1.97 2.21 3.67 1.55 3.17 3.28 3.8 4.04 8.31 3.68 5.61 6.4 5.13 1.52 9.77 3.82 8.59 8.77 1.94 5.73 7.94 5.98 4.38 8.23 8.84
7.87 7.02 1.15 4.73 7.56 2.45 2.71 3.21 4.25 7.14 2.91 7.02 1.9 6.32 9.57 3.11 3.39 5.19 6.46 5.06 1.18 4.83 1.17 1.76 7.66 1.29 6.56 2.63 6.95 4.59 9.22 5.02 5.74 1.05 5.12 5.36 8.28 4.2 5.64 1.38 9.36 7.42 9.65 2.76 4.68 6.28 6.3 7.49 9.86 3.29 2.04 5.76 7.63 4.4 6.6 7.67 3.82 6.2 9.75 6.6 3.93 6.62 8.78 6.23 5.15 6.28 7.67 3.43 3.08 9.45 6.13 2.2 1.12 7.46 9.58 8.7 3.39 3.42 6.4 2.77 6.46 9.05 1.67 8.18 9.65 4.98 7.34 2.55 3.49 6.73 7.5 7.7 4.15 6.29 1.24 1.39 4.17 4.85 2.3 1.89 8.91 4.47 3.14 8.75 4.82 4.31 3.85 7.46 4.97 7.81 8.42 1.22 5.3 7.42 3.99 7.88 3.73 9.13 9.72 6.33 6.85 5.88 7.77 9.19 7.48 7.95 4.01 2.57 2.42 2.42 1.08 5.09 7.26 9.13 9.57 6.92 1.78 9.22 6.21 8.97 2.48 1.07 9.12 8.45 6.67 2.62 8.18 8.09 9.21 5.99 3.9 7.63 2.56 6.41 8.11 6.2 5.43 6.79 3.69 2.78 4.64 9.21 8.06 7.48 2.9 4.2 3.17 7.38 6.1 5.48 1.23 6.03 6.99 7.48 3.46 7.24 9.92 5.07 8.34 4.91 9.85 6.36 4.03 1.69 5.34 7.55 3.92 6.59 2.08 8.88 6.71 9.08 8.61 2.72 1.57 9.31 5.89 8.76 9.29 5.38
6.43 7.56 5.73 1.26 4.0 3.05 3.97 1.22 9.4 1.2 4.24 9.9 6.53 8.6 9.42 2.78 3.17 6.72 5.12 2.44 4.89 7.42 2.42 3.27 9.79 4.51 6.65 2.35 6.83 6.53 1.19 8.49 9.97 7.29 8.57 7.92 4.6 7.71 6.63 2.13 5.62 4.1 2.57 5.11 2.55 5.99 6.96 8.44 6.51 3.26 4.09 9.56 5.64 7.05 6.13 8.48 2.48 1.94 4.63 4.52 4.43 7.25 2.21 8.83 4.07 7.85 9.6 5.71 1.83 8.75 5.73 8.8 3.19 7.38 2.44 6.66 2.07 1.03 5.91 2.72 7.7 3.32 4.2 6.75 7.67 8.41 2.16 5.22 3.44 9.22 1.0 4.28 6.66 3.42 9.77 7.95 3.2 3.96 9.18 9.61 3.5 2.16 9.69 4.23 4.41 2.7 6.03 2.38 8.65 6.55 3.36 2.76 2.55 4.71 6.07 4.96 9.14 5.6 5.03 7.29 4.58 1.71 7.59 3.62 2.84 9.7 8.78 7.59 1.81 5.91 2.49 9.23 6.79 5.98 9.84 9.76 3.91 1.36 4.26 8.27 6.72 8.78 8.36 6.23 8.8 8.28 9.67 6.9 5.01 7.88 5.81 4.15 8.93 9.21 5.42 3.63 6.36 3.66 3.61 2.61 9.17 8.73 3.35 6.11 7.27 7.62 6.87 6.1 5.9 9.53 3.04 1.09 2.64 9.56 9.76 5.68 9.04 9.84 2.49 6.59 2.79 2.87 1.26 4.0 2.51 3.51 8.16 3.18 7.6 4.95 8.23 6.46 5.57 3.44 4.27 5.03 2.07 3.41 3.76 9.85
5.57 1.12 5.93 7.02 8.24 6.39 4.95 2.92 9.25 1.89 8.28 5.45 5.84 3.05 1.3 4.73 5.08 7.36 3.43 4.52 6.6 1.56 2.53 5.3 8.4 2.1 1.41 8.4 1.24 6.69 5.66 6.79 6.33 4.12 8.01 8.12 4.35 9.31 7.92 1.85 2.03 9.63 1.47 4.75 7.75 6.76 2.66 1.54 1.13 6.88 5.89 9.39 2.62 2.19 5.16 1.4 6.08 5.15 1.93 8.81 9.65 7.55 7.09 1.8 8.38 9.74 9.25 8.83 8.69 7.57 1.71 5.02 1.62 5.51 4.52 8.75 7.6 3.93 9.68 4.45 5.7 6.16 1.37 7.96 1.72 5.26 3.37 2.37 1.42 1.03 2.75 8.51 3.3 8.76 6.68 9.02 4.67 5.0 7.59 5.77 6.42 9.11 2.27 2.92 7.11 7.24 4.69 3.86 5.98 5.87 6.41 7.87 2.71 2.9 4.15 4.46 9.34 8.42 7.68 3.19 6.57 6.34 1.9 2.16 4.76 9.33 3.5 9.73 3.18 7.0 7.58 2.43 4.05 6.24 4.3 3.75 9.74 7.67 5.89 9.31 6.36 9.34 6.76 2.25 1.63 7.11 9.07 2.19 5.35 2.46 7.85 6.28 7.51 1.58 9.88 6.97 2.14 7.66 7.24 4.58 5.67 8.42 1.67 2.89 6.25 7.54 7.23 4.0 7.45 7.35 4.58 8.09 6.1 8.88 8.11 3.7 7.36 8.93 7.16 2.3 6.37 7.3 2.01 6.33 3.98 4.35 4.15 6.07 8.75 5.53 5.96 5.67 7.77 2.11 1.36 8.28 3.73 1.72 3.01 8.32
7.38 7.97 1.24 2.91 9.94 1.02 3.44 6.66 5.16 4.54 5.08 5.69 2.08 8.35 1.48 5.65 5.42 6.82 8.8 5.61 6.02 3.08 2.13 5.27 8.72 6.44 9.63 3.94 1.66 6.36 4.77 6.07 7.55 8.68 7.09 4.65 1.39 8.48 3.55 8.33 7.46 5.15 3.01 8.09 1.87 6.58 9.01 2.35 9.38 3.74 7.62 3.21 5.52 1.82 9.65 8.75 1.6 6.59 8.22 9.22 6.32 5.83 5.76 3.74 6.19 9.01 7.85 5.8 7.23 6.9 9.86 3.93 2.84 5.4 5.52 8.2 3.41 6.01 1.96 6.76 3.72 6.1 4.73 3.24 3.17 8.8 8.9 1.13 1.26 6.8 8.79 2.64 5.41 1.49 9.61 2.72 2.49 4.8 4.64 7.23 3.14 7.38 1.78 5.99 2.54 5.32 7.24 6.34 4.15 1.01 3.07 7.2 5.49 2.56 2.08 1.02 1.99 4.11 5.9 3.0 1.26 8.61 5.74 9.37 7.05 8.16 9.36 8.62 1.33 1.55 5.91 9.16 5.07 1.95 5.37 2.95 3.17 7.53 4.24 4.95 1.9 5.06 1.11 2.72 2.46 8.24 6.66 7.46 9.67 6.69 5.54 4.5 7.32 8.34 2.91 3.53 7.23 9.43 6.17 8.79 7.52 4.03 6.97 6.03 4.36 2.72 7.29 1.77 5.51 9.95 5.65 3.61 5.24 1.9 6.87 2.45 3.69 5.46 1.54 6.16 8.6 4.16 2.89 8.36 1.7 8.86 5.09 5.29 6.47 5.86 4.48 3.49 3.34 9.46 2.9 5.39 2.99 8.07 8.66 1.45
1.99 2.06 1.69 9.83 2.96 9.9 2.36 2.19 4.87 1.4 4.02 7.28 9.06 8.17 9.71 8.7 1.97 8.61 9.12 4.82 4.04 7.55 8.9 8.1 2.11 6.6 5.95 5.26 2.76 4.32 6.1 5.93 1.37 4.29 5.61 2.91 2.95 2.81 9.56 6.8 6.44 9.73 5.79 2.42 6.57 4.35 1.42 9.24 8.39 7.99 4.45 1.2 2.84 7.03 7.5 5.48 4.85 1.48 1.45 4.52 3.35 9.41 1.52 8.23 8.47 2.52 2.9 4.37 3.75 2.15 1.54 6.98 6.48 2.62 1.29 1.18 4.66 4.58 5.79 9.42 9.24 2.23 5.15 2.77 2.74 6.03 8.54 5.12 4.65 6.29 6.8 6.9 5.74 6.62 9.07 1.48 6.93 9.95 6.77 2.22 3.62 6.81 6.8 2.55 9.08 7.18 6.03 7.8 3.67 7.28 7.39 4.99 6.43 6.1 3.99 7.32 5.71 9.65 3.66 4.47 1.62 2.62 8.7 3.29 1.54 9.03 8.18 6.22 3.76 7.37 7.19 4.58 8.69 5.4 1.6 7.63 9.8 2.46 8.36 7.5 1.24 3.56 5.3 6.16 5.24 7.88 1.62 5.56 8.86 9.07 6.36 2.52 5.74 2.59 7.06 3.71 3.78 9.56 1.1 3.42 9.79 5.72 1.43 7.96 9.92 6.68 6.44 1.47 7.98 8.29 7.59 4.21 3.77 3.32 4.76 4.29 4.08 4.96 1.38 6.76 7.16 3.14 6.78 5.68 9.06 1.22 5.2 7.78 1.74 9.78 4.89 3.44 7.78 8.76 4.69 8.43 3.12 2.95 9.31 4.59
1.4 3.75 1.75 4.58 4.64 9.87 1.11 7.29 5.41 9.45 7.53 9.55 3.61 8.8 5.37 8.26 5.91 7.59 3.64 8.77 9.49 4.73 3.83 2.72 2.93 1.39 2.85 7.2 5.62 1.15 9.76 3.84 6.04 1.92 2.36 1.02 2.46 7.39 8.88 3.26 1.46 3.74 1.66 4.42 5.18 3.0 9.7 5.62 5.23 7.42 7.84 7.27 1.79 6.55 1.47 8.49 3.95 3.83 4.88 2.46 4.75 8.55 9.73 9.1 7.04 1.61 6.28 7.49 9.28 6.55 5.74 1.96 4.38 1.64 8.57 2.43 4.79 5.08 8.73 1.46 6.68 7.66 1.69 7.56 3.27 3.17 5.9 2.89 1.81 7.42 4.33 2.22 5.37 4.46 3.57 2.96 5.24 5.48 2.94 2.81 9.1 6.41 3.82 5.16 7.97 5.7 3.94 5.43 9.12 8.09 4.94 1.89 5.71 4.49 9.21 3.1 6.46 9.23 4.31 1.91 3.52 7.24 4.44 2.2 9.9 8.72 1.86 8.0 5.1 1.98 5.64 5.11 5.18 8.79 3.37 8.26 3.67 2.18 6.86 6.63 8.77 5.82 4.71 5.28 7.27 3.43 7.16 4.64 4.74 5.62 9.85 2.95 1.21 9.28 6.76 6.92 2.1 1.47 5.51 2.29 9.95 5.83 4.92 9.77 9.04 3.86 9.03 3.08 6.87 9.3 5.12 1.5 4.96 8.48 3.46 9.36 4.87 6.56 8.63 9.91 1.72 3.24 1.74 3.71 3.66 9.35 1.76 2.21 2.18 2.73 4.72 1.97 2.12 3.66 9.94 3.82 5.03 4.84 7.03 8.98
4.79 3.73 3.47 4.34 4.39 8.31 4.8 6.45 7.07 6.08 9.08 7.41 5.49 2.14 9.67 3.32 1.35 4.14 4.52 7.56 7.57 1.19 9.18 4.8 1.19 7.57 7.27 6.26 7.29 2.2 3.63 6.43 4.01 7.42 9.13 7.63 6.2 4.78 6.35 5.41 2.79 7.21 3.99 7.09 7.11 9.81 2.98 7.15 6.57 9.06 4.65 3.82 7.23 6.33 3.33 9.85 3.41 4.4 6.31 6.0 9.54 9.03 1.78 2.14 3.81 7.09 6.29 1.87 4.29 9.04 8.66 3.03 6.72 4.64 3.27 8.31 6.15 6.81 2.23 8.56 1.63 6.85 6.14 5.15 4.06 9.11 5.13 1.73 6.35 1.64 5.42 6.78 6.4 6.61 9.75 2.13 2.45 9.62 2.01 7.28 9.45 9.45 4.27 9.75 4.97 4.52 2.63 9.73 5.45 2.12 2.24 1.29 2.65 2.72 6.33 8.54 2.58 4.6 4.28 6.9 9.09 8.43 2.99 9.15 8.2 6.52 1.36 5.24 3.22 5.67 6.77 6.93 2.6 4.42 2.06 7.0 1.11 4.12 4.39 6.75 8.12 4.38 8.59 9.75 5.14 3.9 5.31 6.07 2.53 3.82 8.35 5.83 3.16 8.21 3.65 2.28 4.78 7.18 1.06 6.19 9.31 6.62 3.67 9.6 9.93 4.03 5.73 6.65 6.57 8.75 5.24 6.75 9.64 5.87 3.25 6.76 4.67 7.4 8.17 8.38 4.39 6.51 6.03 9.87 6.3 3.87 1.59 7.76 8.45 4.29 2.2 7.26 6.77 4.87 7.39 4.55 2.58 8.28 1.29 4.62
6.39 7.12 5.76 2.72 5.6 8.95 3.35 3.04 9.95 5.93 1.67 5.95 7.13 9.29 2.33 3.19 5.23 6.52 8.13 2.53 4.84 2.65 1.78 3.51 3.08 5.76 5.39 6.65 2.78 5.06 9.67 9.88 1.22 2.92 3.36 5.38 8.49 9.46 9.12 6.65 8.14 7.89 6.07 5.14 5.51 7.8 8.06 9.54 4.52 2.53 8.61 2.2 8.06 7.36 6.41 9.12 5.7 4.62 7.26 6.95 6.91 8.0 5.16 1.45 3.01 1.9 5.02 9.03 4.2 5.67 2.88 4.32 3.75 3.2 4.3 4.13 7.4 7.15 3.5 1.01 5.31 6.84 3.05 1.2 9.13 6.43 3.07 4.8 3.49 3.49 8.94 5.93 2.71 3.51 1.98 4.72 9.79 5.47 6.82 8.89 9.05 6.83 7.35 6.51 8.9 5.44 4.49 1.85 8.5 5.6 1.29 3.94 7.82 9.98 4.7 6.92 1.49 1.18 2.66 8.29 5.06 2.79 2.93 8.86 4.61 6.81 5.03 5.37 1.47 9.34 3.69 3.68 6.07 8.94 1.14 8.17 3.4 6.43 8.53 5.0 2.47 7.7 2.59 6.33 5.26 2.22 3.39 2.09 2.66 7.43 5.19 2.55 4.29 6.82 6.75 7.99 6.97 9.15 1.54 8.7 2.69 5.02 5.43 6.88 5.03 4.41 4.83 7.31 9.96 2.13 2.01 6.6 4.87 7.54 6.42 3.04 8.37 9.49 3.96 7.07 9.62 4.86 7.47 5.03 6.87 3.52 9.99 2.52 4.07 6.7 5.41 2.62 2.55 3.47 5.06 2.71 4.18 4.61 1.88 4.93
9.42 7.87 6.0 1.32 3.03 1.35 2.86 9.61 5.1 5.03 3.78 7.89 3.94 6.81 1.87 7.2 3.59 4.76 7.0 7.34 4.51 2.62 1.34 2.58 4.85 5.47 7.42 4.46 1.91 1.27 1.32 7.83 6.62 2.01 3.69 3.73 6.87 9.18 1.21 8.61 8.21 6.94 1.48 9.66 6.83 2.46 8.06 3.32 1.81 9.24 1.02 8.38 3.16 7.53 4.0 2.24 9.16 8.5 1.15 6.38 2.12 1.32 9.29 3.99 3.07 8.82 1.23 7.99 5.92 6.6 9.28 8.38 8.18 2.1 3.4 8.74 3.76 4.57 5.61 3.99 9.03 9.66 6.6 6.62 3.69 4.25 5.68 3.68 3.56 5.03 2.97 2.19 7.78 8.28 8.43 3.8 9.01 1.09 2.63 7.11 7.93 8.07 1.51 2.71 9.98 1.92 6.93 5.45 8.51 9.22 3.77 9.9 9.65 9.91 7.44 6.61 9.84 3.58 2.74 3.02 2.54 6.67 5.42 5.16 7.44 8.01 4.41 7.27 1.07 5.14 5.4 3.47 2.06 6.21 3.85 4.38 9.58 4.99 5.15 1.38 3.84 2.4 5.14 8.15 6.12 7.72 1.05 2.17 9.1 4.13 8.24 5.17 2.3 4.18 6.5 9.63 3.68 8.47 7.92 1.29 7.87 9.72 2.92 6.96 8.98 7.87 7.81 1.65 2.46 1.42 1.85 1.76 5.14 2.28 9.45 9.33 1.16 2.42 7.16 4.51 4.05 8.01 5.24 6.84 3.61 8.69 7.05 5.47 6.5 6.84 3.16 5.14 7.71 7.52 8.46 5.5 4.78 3.46 1.99 9.14
8.09 4.84 9.88 2.71 1.5 3.43 1.68 9.11 3.93 1.91 4.01 3.96 2.75 9.3 9.35 8.82 7.97 2.67 3.54 2.48 5.64 9.64 7.0 9.72 4.42 7.13 3.27 4.01 3.23 2.15 5.72 2.14 9.03 4.64 3.74 9.49 7.27 7.87 7.08 5.41 4.54 8.88 7.05 5.41 9.46 6.25 5.59 9.57 1.27 9.09 3.23 4.09 1.23 4.33 3.3 7.15 2.33 6.48 7.17 4.1 6.11 5.47 4.09 5.6 8.86 8.99 7.56 5.42 8.77 6.65 8.39 5.19 5.19 1.91 6.93 4.17 5.21 9.16 3.49 1.77 6.84 4.25 8.05 1.59 4.84 3.06 7.12 6.73 9.24 1.76 6.45 1.15 3.98 8.42 5.99 9.53 9.58 8.71 2.29 6.4 3.76 7.38 5.5 3.11 1.9 9.84 1.16 1.05 5.23 9.32 7.74 1.05 2.45 8.9 4.94 5.75 2.3 9.97 9.03 3.12 9.56 2.46 2.36 5.26 2.39 6.47 9.02 8.03 1.2 5.83 9.51 4.3 6.52 4.45 3.39 6.15 3.14 5.48 1.05 1.84 6.55 9.74 3.9 4.38 7.72 6.94 6.14 3.9 8.9 1.28 6.41 8.47 5.81 1.37 10.0 5.98 1.7 1.67 5.62 2.63 4.34 9.94 3.14 6.23 4.94 4.57 4.17 5.37 4.54 2.81 8.95 9.91 3.06 8.72 8.57 4.51 6.07 5.19 3.23 9.57 7.96 5.6 7.94 7.58 1.81 7.6 2.81 2.12 3.27 1.97 5.82 5.84 1.06 3.08 2.14 9.73 4.85 6.06 5.67 4.73
7.32 1.32 2.02 7.19 2.66 6.29 4.15 5.47 9.61 7.22 6.15 4.48 9.62 5.58 5.0 5.74 5.02 3.98 6.38 6.18 6.26 5.92 3.21 4.25 2.37 8.32 7.52 7.84 3.08 5.14 4.24 9.93 1.23 4.64 8.14 7.56 4.83 7.79 7.66 3.51 5.02 6.0 4.42 8.35 6.31 5.3 9.78 5.48 4.47 6.35 3.63 2.76 7.32 1.31 4.69 2.55 4.48 2.05 9.19 3.72 3.31 2.81 7.04 2.58 9.87 2.39 5.13 5.22 5.16 3.62 6.67 7.59 1.56 8.04 7.33 9.43 7.43 2.99 9.65 5.43 4.26 7.73 2.06 2.23 3.46 3.23 3.05 7.66 9.39 3.95 8.68 9.67 7.2 2.41 5.97 2.59 1.58 4.03 9.14 2.83 4.0 6.97 8.05 7.69 9.98 9.91 1.57 1.36 8.52 7.54 4.04 3.69 5.49 7.8 6.7 9.19 6.08 2.99 5.02 5.9 5.14 4.79 7.99 8.19 2.24 3.37 3.66 2.44 2.46 7.92 5.03 2.89 3.62 1.03 9.19 2.03 6.31 5.72 4.51 7.29 2.4 9.96 4.93 4.25 5.27 6.99 3.96 3.21 2.6 1.34 1.22 9.32 6.13 2.58 9.67 1.66 4.79 3.46 8.06 9.55 9.45 7.89 5.26 7.75 9.81 8.03 8.68 9.43 8.32 5.69 1.24 9.01 7.17 8.73 3.37 7.68 6.35 5.28 4.95 8.92 4.25 9.6 3.79 4.16 3.3 1.57 5.61 3.61 2.09 7.6 8.76 3.23 1.71 8.25 7.57 3.33 3.01 5.62 5.09 1.22
8.21 7.66 3.93 5.37 1.94 4.52 9.07 2.71 7.02 3.5 1.77 8.72 9.17 6.18 7.05 4.24 6.84 9.69 5.99 4.12 4.83 3.96 7.25 1.68 9.84 9.39 9.4 8.03 4.7 8.44 4.98 7.09 7.7 1.25 9.75 2.85 5.31 2.63 9.99 8.01 8.18 3.22 6.18 9.57 8.78 3.43 2.28 9.01 8.23 8.14 8.57 7.35 2.58 7.23 3.91 2.42 6.85 7.61 2.18 1.04 1.35 5.45 7.2 4.73 8.62 3.71 8.68 4.52 1.66 2.81 6.1 7.16 5.27 2.45 4.61 5.54 2.37 9.48 8.34 1.97 5.47 1.89 6.58 8.85 8.54 7.36 5.55 7.33 2.55 4.67 1.99 4.09 1.41 3.59 8.51 8.15 8.51 5.28 9.71 7.6 7.53 7.63 9.7 2.19 6.23 4.73 2.3 8.97 6.29 4.82 1.94 4.63 1.71 5.95 3.48 1.56 1.7 3.5 8.73 8.68 1.18 1.37 2.31 2.45 5.63 4.55 6.69 6.82 8.7 7.3 9.5 7.47 4.7 3.27 7.03 8.92 3.68 3.14 7.74 9.43 6.06 8.89 2.54 8.57 5.85 1.28 7.25 8.65 8.18 8.94 2.35 6.94 2.54 7.14 7.45 7.71 7.14 2.78 2.08 6.88 9.68 1.95 7.47 7.48 3.89 5.0 6.32 9.04 7.6 5.18 1.42 6.92 6.41 8.48 1.64 6.22 7.72 4.72 5.34 6.91 4.39 5.61 2.75 8.62 6.67 7.2 8.3 6.09 8.7 4.64 7.51 8.51 2.42 9.37 6.72 6.92 5.1 5.51 3.36 4.16
6.6 2.77 2.82 4.01 1.87 1.87 1.55 9.14 7.7 9.44 7.02 6.19 8.62 5.79 5.74 6.44 2.53 5.72 6.37 4.32 9.22 2.5 8.96 7.25 8.18 7.02 9.92 2.55 8.04 5.47 4.99 6.18 8.0 4.24 5.94 8.94 6.27 4.55 5.66 3.36 2.63 4.54 8.39 3.88 5.09 7.23 3.54 5.02 9.65 5.47 7.73 2.67 1.01 5.36 6.98 4.97 6.85 5.47 7.53 1.9 8.95 2.59 1.89 7.79 1.6 2.69 4.15 9.61 6.51 8.15 7.11 4.63 9.48 7.85 2.3 4.44 7.57 5.53 3.28 4.14 9.41 5.66 2.31 2.18 8.77 6.18 7.64 1.39 7.58 4.7 3.72 4.42 5.12 2.75 1.17 8.01 7.98 7.43 3.39 1.8 5.02 4.39 7.35 4.33 8.67 1.18 7.1 9.93 6.02 1.98 3.52 7.53 6.05 1.45 4.27 1.94 4.61 2.33 1.84 7.55 5.9 8.88 8.11 2.99 5.36 7.16 7.4 9.06 6.59 1.12 6.96 2.18 2.38 8.9 2.47 1.35 1.08 7.39 2.94 5.89 4.01 9.05 6.48 2.33 2.25 7.28 5.92 6.19 9.67 4.16 9.42 4.53 9.01 5.9 4.31 4.83 8.78 5.45 8.38 3.75 2.38 7.64 3.43 9.19 5.99 9.32 2.63 7.86 3.38 7.5 1.4 7.72 8.41 2.87 6.57 7.65 2.48 9.14 2.38 4.63 1.9 8.96 6.81 2.4 5.4 2.69 7.71 4.63 1.07 3.66 3.78 3.29 8.64 5.08 9.2 4.2 2.27 1.62 7.49 1.24
3.88 8.32 6.92 7.22 1.5 1.91 9.25 5.69 8.02 7.76 9.99 9.81 3.28 2.15 3.46 2.49 7.25 2.94 5.7 5.35 8.59 1.39 8.21 4.09 3.77 9.51 1.25 5.46 1.81 3.39 4.3 6.22 9.92 5.07 6.3 4.4 4.92 9.91 3.31 9.68 1.76 3.78 3.58 1.87 3.71 1.58 9.0 9.86 3.03 8.93 6.56 2.55 7.02 1.77 7.53 9.67 2.44 6.94 5.48 9.8 6.07 4.73 8.25 7.58 8.6 8.85 1.37 8.85 9.28 1.33 9.41 5.03 6.04 3.39 2.27 8.01 5.82 5.31 1.5 2.28 4.89 2.73 1.85 3.73 8.38 7.58 6.49 9.72 4.64 7.86 2.2 3.67 7.28 1.7 5.5 4.83 5.38 3.49 4.66 8.32 7.69 7.16 2.14 3.47 8.7 2.99 3.02 2.58 1.16 4.87 1.49 8.28 9.03 3.21 7.83 2.35 6.76 3.2 9.23 3.37 1.45 7.15 9.91 4.63 7.66 5.71 3.92 6.33 7.29 4.94 8.12 9.75 5.01 6.52 9.59 5.85 7.38 1.86 4.13 4.58 5.22 4.65 1.94 6.87 7.13 5.35 4.67 1.61 8.24 6.64 7.15 7.74 9.86 7.65 5.97 9.14 9.35 9.6 8.88 4.69 4.53 6.79 9.78 6.68 2.83 3.41 4.03 8.56 2.77 7.04 9.83 9.39 6.32 8.33 5.8 2.06 6.03 3.69 5.96 3.33 2.96 9.17 3.43 8.5 1.02 3.83 3.86 2.01 6.89 3.37 3.74 9.6 8.33 7.07 7.39 6.71 6.15 7.86 7.71 5.84
5.57 9.44 9.73 8.5 1.31 2.31 1.28 7.04 6.82 7.69 7.03 3.02 1.52 9.79 7.0 6.74 1.71 2.85 9.82 6.25 3.75 3.78 5.64 3.06 3.3 3.3 1.28 2.09 8.37 5.54 4.89 1.97 5.08 4.02 8.56 4.93 7.54 8.55 9.79 6.89 9.25 2.04 5.81 9.16 7.2 6.28 3.33 7.46 8.36 5.91 1.74 6.74 3.1 1.63 6.37 2.15 3.72 7.7 9.25 5.74 6.76 2.39 6.32 8.65 1.65 3.45 6.37 4.69 9.43 3.65 3.74 1.66 1.6 4.9 1.4 1.02 1.83 4.24 8.68 1.67 3.3 6.47 2.66 7.81 8.98 3.3 2.55 8.95 6.39 2.68 1.94 2.51 3.88 2.58 4.68 4.3 9.87 6.04 1.28 1.25 9.12 6.97 4.73 9.72 7.84 6.41 8.79 8.57 6.92 5.64 8.02 3.5 9.96 9.14 1.32 1.99 7.73 2.32 4.03 3.77 6.02 3.57 8.31 7.97 8.05 3.19 5.8 3.45 7.85 3.71 7.32 8.61 8.36 9.66 6.06 5.91 7.58 3.56 6.68 2.17 7.11 4.53 1.07 2.03 4.99 6.53 4.38 2.52 3.33 3.28 4.21 2.81 4.52 3.89 8.48 9.71 8.92 4.19 9.54 6.44 9.58 1.63 4.95 6.72 2.17 1.83 6.76 7.87 5.22 5.83 1.43 6.1 7.65 9.34 8.04 1.87 2.98 4.68 1.25 7.13 8.45 4.96 1.77 7.5 8.66 7.42 9.39 6.74 6.35 8.65 8.28 2.47 6.84 7.35 3.83 1.39 8.97 3.77 7.21 7.77
3.87 2.01 1.39 9.51 6.0 2.54 3.86 1.24 7.22 8.11 9.57 3.97 5.54 1.0 8.74 8.81 6.93 5.03 4.18 2.19 7.72 2.06 7.64 8.43 5.95 8.95 5.66 9.37 5.63 2.91 7.77 4.89 5.21 3.55 2.15 9.34 3.34 5.09 9.45 9.98 3.34 6.24 8.27 8.32 2.01 8.78 1.18 5.06 7.76 6.42 8.47 1.32 3.56 7.62 2.47 7.31 3.16 6.6 9.0 6.55 4.47 6.29 1.43 4.12 7.5 5.88 9.62 5.98 8.51 7.61 4.31 2.78 5.34 9.37 5.12 9.06 4.54 2.47 7.03 6.7 3.39 8.45 3.86 9.99 9.05 8.32 2.77 8.77 6.64 4.91 6.67 7.91 9.81 5.05 9.43 1.36 9.76 9.31 5.9 8.75 7.75 4.71 5.44 5.54 6.64 3.37 7.43 4.21 5.8 7.82 3.04 8.3 4.45 6.21 7.73 9.63 4.83 6.22 4.33 9.95 4.83 4.89 6.66 6.19 1.01 7.04 6.73 6.59 8.46 3.69 3.41 7.61 3.64 6.8 4.41 2.72 8.63 7.5 7.36 9.13 2.91 2.13 3.6 4.4 2.75 4.23 9.33 3.83 5.72 7.04 1.75 2.68 7.96 3.67 6.59 7.2 5.49 1.18 5.99 3.53 7.17 9.59 9.46 2.75 1.16 5.6 4.44 2.11 8.23 1.94 6.1 7.77 2.49 4.83 4.41 1.66 7.55 6.87 2.86 8.41 6.28 1.48 4.25 4.53 4.74 2.7 6.76 4.54 9.41 3.63 6.82 1.12 4.98 6.65 6.72 3.5 1.97 2.54 4.64 3.32
8.31 3.81 7.53 2.8 6.32 3.26 6.37 4.69 9.59 6.74 9.35 1.67 2.3 7.16 9.48 3.43 1.99 7.68 7.21 6.04 6.23 5.87 3.7 7.6 8.92 6.63 2.72 9.46 2.31 1.72 2.73 8.61 1.99 1.56 6.63 6.97 8.05 7.46 5.7 6.24 3.22 3.79 4.82 3.93 7.86 7.73 7.29 2.36 6.18 5.79 7.77 9.39 1.73 7.95 6.31 1.94 1.76 7.18 1.59 8.98 2.42 6.55 8.48 5.8 2.86 2.25 8.54 4.74 6.53 5.75 7.55 8.34 7.3 5.96 8.57 4.55 9.86 7.82 5.27 6.45 1.21 9.86 3.91 4.59 5.67 9.59 7.71 5.94 8.56 1.07 2.7 1.55 1.6 1.67 3.72 4.33 8.53 1.33 9.58 7.69 6.15 9.67 1.11 3.73 5.27 6.05 5.02 6.61 6.31 1.35 5.9 10.0 4.0 7.18 5.81 5.47 5.71 1.64 3.01 3.92 7.75 5.11 2.33 8.88 5.78 6.4 9.77 9.78 7.11 5.92 3.53 3.04 7.4 6.88 3.69 9.98 8.93 3.29 8.28 7.31 4.23 5.35 8.5 7.42 9.4 3.15 5.11 5.02 7.89 6.5 3.66 2.81 7.85 6.01 2.85 9.16 6.15 2.33 6.38 9.89 6.63 8.33 7.99 7.76 6.65 2.45 6.1 1.08 7.55 7.76 7.03 7.83 4.0 8.98 1.1 7.78 1.71 2.19 8.41 4.57 5.57 1.41 6.94 3.03 4.89 7.41 1.66 5.16 8.84 1.24 6.64 9.44 2.54 9.07 4.34 4.04 5.86 1.31 6.58 7.77
2.41 3.65 8.68 1.48 2.63 1.55 7.05 7.66 8.93 5.6 7.89 4.07 8.49 7.82 6.32 6.61 8.41 4.59 4.98 5.35 5.66 1.76 1.81 4.03 5.57 9.62 6.33 6.81 4.35 5.18 4.87 8.45 7.92 2.27 4.36 1.1 2.91 5.74 5.64 6.31 4.98 9.96 8.15 2.44 6.73 1.89 8.09 2.0 1.63 3.58 1.9 4.33 5.16 2.44 2.29 5.06 2.99 1.06 1.02 7.03 2.34 3.13 8.77 5.2 3.17 1.47 3.48 7.51 9.53 2.89 8.91 1.67 8.84 3.13 6.84 2.16 1.66 9.4 4.42 4.17 3.26 7.41 6.31 9.91 1.95 4.71 9.52 4.77 5.45 6.11 1.39 3.48 7.63 9.45 2.07 9.01 1.29 9.03 4.07 6.04 7.43 4.81 5.11 1.38 6.27 4.04 7.13 2.55 4.74 8.2 8.51 4.64 2.06 9.16 6.17 3.78 1.55 7.26 9.98 8.67 9.99 1.53 2.25 3.66 1.8 2.69 8.3 5.91 2.59 4.77 1.1 1.58 5.03 3.06 1.11 8.03 8.15 2.34 6.38 7.77 5.81 6.8 5.23 1.53 7.88 9.19 9.08 1.69 5.15 4.71 9.02 2.22 4.57 1.36 4.91 2.88 3.02 2.78 2.1 7.07 3.74 6.55 3.01 4.49 1.49 7.79 1.5 6.38 5.45 5.8 7.12 8.54 4.73 4.9 2.99 8.76 6.31 6.7 7.8 6.45 5.8 5.49 2.95 5.36 1.61 1.71 5.35 6.11 9.86 4.25 9.1 1.79 7.14 3.06 1.44 2.21 4.37 4.12 7.95 4.4
2.29 9.62 3.09 9.54 7.54 8.82 1.06 2.02 6.01 4.14 9.77 7.84 5.07 1.49 8.6 2.27 5.03 3.08 1.16 7.21 2.0 3.05 2.95 2.82 8.36 8.49 4.7 9.25 2.52 4.57 3.66 8.98 1.13 3.56 4.86 5.7 2.17 5.23 2.56 6.36 7.66 9.79 1.74 5.39 4.51 9.98 2.66 4.53 2.79 4.85 9.29 5.7 1.06 7.67 4.74 2.66 3.97 3.04 9.98 2.5 2.1 9.95 9.88 6.5 3.56 7.27 7.73 3.39 1.5 6.18 8.25 8.53 5.46 5.53 7.96 7.63 5.74 2.32 8.96 5.56 8.22 6.4 2.57 2.48 5.79 6.72 9.5 7.55 9.45 7.1 6.07 7.36 9.92 1.31 3.58 2.2 7.39 3.79 9.68 5.36 8.33 4.77 7.16 1.55 6.68 7.35 7.03 1.01 5.32 5.84 7.35 2.06 9.6 7.0 4.44 7.96 4.06 8.94 9.2 7.53 5.55 5.02 7.98 7.26 4.85 3.65 2.6 8.61 4.01 8.78 8.26 8.54 2.84 5.38 2.81 2.81 2.21 9.68 7.65 4.67 8.35 3.88 6.44 1.5 2.94 3.13 8.16 1.97 3.84 6.59 2.96 1.72 4.61 3.11 4.46 9.18 8.11 3.6 2.96 4.96 4.94 4.05 9.13 2.89 4.44 6.25 3.82 5.77 2.16 3.83 8.17 3.43 2.08 2.2 7.98 4.05 3.83 8.27 3.59 5.63 3.92 2.95 5.46 1.55 7.6 4.07 2.22 4.96 9.92 7.78 1.07 5.76 9.97 7.66 7.66 5.84 4.78 6.48 7.02 5.3
8.16 4.35 2.59 6.29 9.4 1.75 3.84 8.86 5.66 9.42 8.16 3.18 1.19 9.86 5.52 9.67 4.63 4.55 7.69 4.7 5.01 3.99 1.42 9.24 8.02 3.14 4.93 3.05 4.93 8.11 9.87 3.89 6.53 4.8 4.83 7.99 7.73 1.09 1.23 1.63 2.22 5.34 9.69 5.13 5.94 5.64 7.34 9.49 1.9 7.97 7.66 3.12 2.85 8.94 2.41 7.96 6.08 2.71 2.23 2.67 9.99 3.55 3.27 9.25 6.05 8.1 5.81 7.43 7.7 6.91 4.43 9.5 5.02 3.06 8.92 1.38 6.14 8.19 9.19 8.52 6.61 5.04 9.66 9.43 8.84 9.95 4.81 7.68 9.25 1.64 3.2 5.42 7.1 2.23 7.52 9.92 1.42 8.4 6.37 2.86 9.83 6.68 4.38 2.52 4.68 3.29 2.88 4.4 4.08 4.03 8.69 1.84 6.86 8.82 7.28 3.48 6.27 1.9 7.76 9.76 7.22 7.77 6.58 8.32 4.21 1.28 1.71 5.37 7.23 9.81 4.42 4.38 7.23 7.71 7.12 3.75 1.4 4.35 7.91 4.81 2.6 4.01 6.39 4.02 4.23 6.29 4.01 6.87 7.37 1.92 6.4 2.81 3.91 7.04 8.02 4.3 2.1 8.91 8.68 1.88 6.28 8.72 9.9 8.48 2.22 5.87 6.29 7.63 4.48 3.74 9.4 4.2 7.81 3.43 3.13 5.4 7.11 9.16 7.27 5.1 7.55 7.63 5.39 8.91 9.46 8.12 8.88 9.1 9.97 3.72 8.91 9.7 2.04 1.1 9.16 2.49 8.59 9.39 6.79 5.19
3.58 1.08 4.32 2.59 8.47 6.18 2.0 2.21 9.11 8.2 1.79 6.51 4.44 6.45 1.12 1.71 6.51 9.35 2.33 9.41 9.85 8.13 2.97 1.8 8.56 3.45 5.7 6.95 5.88 7.87 4.5 2.2 2.21 2.89 4.7 3.2 4.73 9.87 9.14 1.97 3.64 8.09 4.2 6.59 3.27 4.12 6.06 8.31 1.89 6.6 5.21 1.58 5.79 6.09 4.77 2.33 4.03 7.54 1.85 8.04 1.57 3.99 2.6 3.43 3.6 1.78 2.91 1.36 7.73 7.83 1.69 5.33 9.14 3.63 9.28 1.57 4.29 6.7 6.59 9.93 4.3 1.86 7.85 4.25 8.65 6.97 9.76 3.12 7.51 2.99 4.88 7.5 3.96 9.14 7.16 2.77 9.94 3.2 7.95 6.0 7.51 3.16 1.79 4.12 2.3 3.79 2.65 6.48 3.17 4.52 3.92 3.55 6.97 1.11 7.37 1.67 8.02 8.21 3.04 2.75 1.42 7.06 7.23 9.31 5.82 2.07 8.94 8.16 8.84 5.38 9.28 9.89 4.84 1.49 7.21 7.14 5.07 6.86 5.56 1.54 2.03 9.17 2.42 9.11 9.22 4.65 3.34 7.84 9.48 3.65 8.26 2.04 1.33 4.28 7.95 6.9 7.08 7.43 3.28 9.07 9.65 7.38 5.07 6.7 6.75 7.16 6.93 5.67 5.62 5.64 2.05 9.69 1.42 4.01 1.2 1.05 6.81 2.55 3.87 8.91 5.68 2.27 8.78 9.92 3.49 4.31 8.25 5.17 4.05 9.86 1.77 3.54 3.68 7.9 1.89 3.49 8.6 3.14 9.38 3.81
8.85 2.17 6.39 9.72 4.68 9.54 8.95 6.13 2.7 4.96 1.55 1.31 8.85 1.08 3.6 8.75 4.59 8.71 6.21 7.05 3.54 3.48 6.52 1.59 8.62 8.36 2.91 9.72 8.66 3.59 3.61 1.19 3.22 1.78 8.77 8.97 5.41 6.63 4.62 8.76 2.84 3.78 1.12 1.54 3.85 9.58 4.19 7.0 5.09 1.38 8.06 9.02 3.75 6.58 6.21 4.68 9.53 7.91 4.83 1.15 9.13 6.29 3.29 8.14 2.08 5.34 1.9 6.22 5.78 5.63 2.74 2.8 3.41 2.99 6.05 5.64 9.19 2.11 1.06 4.91 3.95 2.33 3.28 8.56 7.75 5.83 5.83 6.38 4.69 1.05 6.81 4.69 8.31 3.92 3.88 3.78 2.49 2.37 2.25 7.16 1.11 2.41 6.35 3.93 1.27 1.07 9.9 5.02 3.95 6.53 3.97 8.31 3.97 8.18 8.18 5.15 3.19 6.48 9.78 8.08 3.19 8.32 6.04 2.83 4.07 7.48 8.88 5.59 1.35 5.8 4.92 3.97 5.17 8.98 6.29 1.18 5.31 7.65 6.24 8.77 3.48 9.13 1.23 5.98 1.4 8.76 6.82 4.81 5.33 6.11 5.92 1.75 9.36 6.39 3.24 7.26 4.38 9.86 8.13 1.82 4.11 1.71 5.19 5.66 1.89 6.05 3.01 3.15 4.71 2.62 1.09 4.96 4.42 9.7 7.32 8.99 5.99 8.15 7.12 8.21 7.61 3.92 3.53 3.47 9.61 4.42 7.44 5.93 3.43 5.37 8.36 7.95 3.64 7.4 4.58 9.86 2.93 3.74 6.68 6.49
3.82 2.9 2.51 4.39 3.91 2.58 9.26 2.03 2.24 5.94 1.16 5.56 7.12 1.24 7.66 1.3 2.97 7.27 6.66 6.73 4.98 6.52 1.56 4.05 9.03 1.51 3.94 7.64 2.21 2.8 5.13 8.0 6.1 1.55 6.67 2.87 6.75 6.7 7.26 3.21 1.39 4.12 3.83 6.82 6.44 1.15 2.28 8.05 1.9 2.3 7.82 9.91 4.57 5.89 7.65 1.92 7.61 8.24 8.32 3.77 3.16 9.53 8.69 9.48 1.84 1.4 4.78 4.05 6.0 5.05 3.4 3.52 7.15 4.52 6.89 4.93 1.11 4.38 5.26 5.73 4.79 6.31 4.95 5.52 3.27 3.9 2.05 3.77 4.01 4.34 1.4 6.19 8.11 9.08 3.79 2.79 8.82 6.33 5.98 2.85 6.19 4.93 6.11 5.24 5.53 5.1 1.41 6.73 3.58 2.96 7.57 5.16 3.81 9.1 7.03 9.95 1.52 5.18 4.14 2.83 9.58 9.52 9.94 3.9 1.47 5.56 1.15 9.72 8.02 2.42 6.26 2.53 3.72 7.1 3.78 5.45 3.33 3.94 4.26 8.89 6.64 1.67 1.32 6.89 5.7 6.1 5.61 9.09 1.7 2.77 7.09 4.11 1.12 3.44 7.75 9.64 9.25 2.74 2.65 9.98 1.36 7.22 4.22 5.87 1.42 3.61 1.18 8.5 3.81 3.89 5.23 7.75 6.6 1.76 9.94 5.14 7.49 4.94 1.01 8.48 9.16 5.35 1.43 4.84 9.93 5.57 4.63 2.65 1.58 3.75 3.18 8.21 9.01 7.52 5.68 1.37 1.05 4.53 5.96 5.77
3.52 2.26 3.16 9.49 6.19 4.77 8.78 2.22 1.97 3.77 1.37 3.34 3.23 2.22 5.26 3.28 5.15 5.51 5.02 8.51 7.12 3.01 3.87 1.23 4.36 8.12 9.53 5.89 1.21 3.81 7.68 1.68 5.9 8.41 4.23 1.69 7.19 7.56 7.87 8.47 1.42 6.1 3.83 4.14 7.51 8.19 6.44 8.09 3.09 7.4 3.42 3.44 3.14 9.6 7.66 2.64 9.46 2.35 4.71 7.12 4.67 5.91 7.32 6.76 8.23 7.83 1.03 3.63 3.17 4.23 5.33 5.28 5.21 4.36 7.48 6.86 5.12 7.6 6.26 4.94 9.01 7.11 6.56 7.56 6.68 2.88 9.29 6.51 6.4 8.01 7.58 1.6 1.62 7.51 8.97 4.87 3.6 6.38 6.48 8.58 8.36 4.33 8.68 2.55 9.5 5.53 6.19 5.66 6.35 9.42 1.58 7.35 9.43 7.39 5.35 6.55 6.04 1.02 9.13 5.89 6.81 7.56 9.74 7.16 6.63 9.27 4.43 1.01 8.41 6.33 8.9 7.15 9.22 9.93 5.03 8.89 3.48 6.71 1.07 9.17 4.54 4.57 4.26 5.04 1.29 3.36 1.97 8.99 5.35 5.18 1.22 4.34 7.03 4.99 8.05 7.74 4.81 3.02 7.59 4.36 4.46 9.14 2.73 2.81 8.45 4.73 3.38 7.55 4.33 2.3 2.35 4.95 4.17 7.66 5.75 9.13 6.45 9.63 5.88 6.77 5.17 5.18 4.83 4.52 4.65 6.88 6.11 1.33 4.65 2.67 3.07 8.52 4.33 4.24 1.01 9.26 8.24 9.48 3.51 8.82
8.66 3.76 6.75 5.98 4.23 9.93 7.85 8.29 5.21 2.71 7.57 5.42 5.98 9.06 8.16 3.91 7.03 9.21 7.68 2.15 9.69 8.94 4.91 3.55 4.44 5.49 4.3 7.91 4.21 7.4 8.86 1.57 4.52 5.79 9.64 3.55 2.13 7.43 7.41 5.46 2.09 2.36 1.88 2.8 4.01 9.32 4.27 3.45 7.67 3.05 3.74 8.21 1.63 5.37 6.98 3.89 5.28 3.45 3.78 4.36 2.51 7.75 1.93 5.18 4.2 7.29 3.03 6.93 7.45 6.46 9.77 7.81 8.66 2.65 9.72 5.0 8.31 2.54 8.79 4.09 3.54 7.79 7.41 2.23 8.34 5.38 4.57 4.59 9.64 4.67 7.35 8.94 1.12 2.95 4.82 1.82 2.29 6.88 5.13 3.36 5.21 9.81 1.69 9.21 3.44 5.58 3.66 8.26 1.23 1.8 9.26 8.32 7.05 3.47 3.6 2.62 5.05 4.99 6.51 9.63 6.57 1.02 9.14 4.23 9.26 7.42 8.49 4.89 6.17 2.92 4.55 1.13 6.43 6.44 9.36 8.33 7.77 6.4 9.47 7.39 5.66 6.88 5.29 4.21 4.64 6.35 9.4 8.51 8.72 3.24 1.85 5.05 5.39 3.33 3.74 8.84 5.66 6.68 2.93 4.38 2.84 1.1 7.0 1.04 7.83 9.74 7.47 2.32 4.44 3.36 5.67 9.81 1.8 7.77 5.67 4.26 8.53 1.73 3.2 2.16 7.96 9.74 7.78 5.03 6.74 1.32 8.39 3.28 1.7 6.2 1.88 3.02 6.56 2.71 6.28 6.06 1.83 6.55 8.86 2.18
5.71 7.69 6.81 6.57 8.26 3.49 9.37 9.85 7.06 9.72 9.9 3.57 2.29 7.03 5.29 2.71 5.36 7.17 3.41 2.53 2.17 5.18 6.21 4.57 1.46 8.08 9.98 9.52 5.98 9.34 9.58 6.38 4.82 9.7 8.3 4.76 5.6 8.33 6.96 2.1 7.03 3.4 8.67 7.3 7.45 4.83 4.54 9.34 7.35 6.78 9.27 4.24 4.92 7.93 5.77 2.31 8.02 9.83 2.99 6.28 7.17 6.21 9.97 1.33 8.76 2.87 2.06 4.57 1.88 7.31 2.54 7.92 6.75 4.56 6.42 9.86 4.4 6.39 7.76 8.46 5.54 4.82 1.84 9.51 8.37 4.71 3.31 9.81 7.72 2.46 4.49 6.41 5.11 4.1 2.97 9.52 5.33 2.55 4.87 9.52 8.65 8.33 3.95 6.01 3.6 6.38 7.25 6.01 6.24 8.56 2.8 7.92 6.72 5.43 1.94 2.96 2.44 3.12 4.43 9.67 1.79 4.96 9.17 6.98 5.08 1.91 8.58 1.24 8.9 8.54 6.36 1.71 5.74 5.61 1.29 9.11 6.63 3.07 7.15 1.28 4.37 5.7 4.53 2.22 3.04 8.75 3.34 5.46 1.72 2.43 4.88 7.8 5.26 4.22 3.61 9.85 7.99 7.17 1.27 7.0 1.48 6.7 3.66 4.86 9.95 2.37 7.28 7.32 3.89 3.09 2.13 5.73 2.26 2.45 1.6 4.05 1.03 9.47 8.5 7.37 9.69 9.33 7.16 8.68 6.84 5.36 1.46 2.52 6.94 9.81 1.76 6.03 2.57 1.18 7.01 2.72 6.15 4.71 8.97 5.35
4.02 4.97 7.25 5.22 9.78 2.58 4.71 6.56 9.31 4.82 8.76 8.94 5.59 4.83 3.39 6.62 4.5 4.57 5.85 4.39 5.89 1.81 2.13 4.39 7.98 3.12 5.53 4.27 2.57 5.36 4.09 6.73 3.0 9.1 6.68 5.12 3.63 1.14 5.6 3.26 4.41 1.76 4.92 1.58 9.0 5.84 2.05 6.75 4.3 9.01 9.77 4.82 7.81 7.48 7.28 1.18 6.62 8.97 7.16 8.27 9.53 3.64 6.49 7.02 2.91 4.01 3.13 6.35 9.3 5.16 1.55 7.8 7.49 8.66 6.76 1.62 5.55 2.8 9.62 4.19 4.17 1.89 3.1 5.37 3.44 6.76 8.15 1.33 5.07 8.07 3.45 5.71 6.4 1.39 4.44 1.22 6.72 4.05 7.05 8.64 2.13 3.34 1.71 5.97 3.28 6.28 9.32 7.78 5.54 1.53 2.97 7.41 1.7 9.81 5.24 1.36 9.82 7.24 8.08 4.21 5.64 9.4 5.8 4.17 8.71 1.49 2.6 4.5 1.22 6.28 4.45 4.14 9.56 3.74 4.23 1.41 7.36 9.75 6.5 7.45 8.76 8.33 9.59 6.88 9.62 3.88 2.43 8.51 8.41 1.22 1.07 8.97 9.68 9.97 4.15 4.5 1.04 7.19 6.65 2.22 1.38 5.02 6.4 9.45 5.53 3.02 7.11 4.55 8.25 2.92 5.62 4.3 9.22 1.06 6.79 6.6 3.81 3.92 8.04 7.16 6.96 3.19 5.42 7.28 5.6 2.05 9.95 6.96 9.74 7.05 3.87 2.16 3.59 8.59 5.53 3.17 8.95 7.57 6.82 4.29
6.21 7.94 9.64 2.79 4.85 4.4 3.79 3.71 6.09 8.9 1.4 5.69 6.26 3.85 5.63 9.02 6.14 1.96 4.65 8.03 7.76 9.06 2.51 7.62 9.2 2.27 5.16 7.91 4.35 1.53 4.76 6.21 5.27 2.12 7.51 8.22 8.33 6.43 7.3 3.09 9.92 8.95 3.19 2.97 9.82 7.17 3.64 2.41 4.19 9.87 8.42 7.07 1.49 8.96 1.31 5.68 2.49 4.15 1.64 7.8 6.96 7.55 9.16 5.01 4.4 7.71 7.32 9.36 3.95 8.8 1.34 2.63 9.18 9.34 9.78 9.91 7.16 5.16 3.6 8.05 6.33 7.45 7.38 6.52 4.58 1.55 8.07 1.36 2.33 2.97 3.24 6.38 8.43 7.1 7.42 2.96 8.73 5.98 1.36 6.12 8.36 4.7 4.91 5.29 2.86 7.7 3.5 8.1 3.72 5.54 2.77 7.12 3.11 6.5 8.51 3.86 2.18 4.97 3.53 7.52 4.51 8.78 9.63 9.52 1.33 3.98 5.61 6.7 3.88 4.91 5.12 8.01 3.83 6.58 3.47 6.31 2.55 1.21 1.56 3.14 9.2 3.9 5.28 1.62 8.84 4.22 4.05 4.66 7.43 3.75 6.19 2.66 9.53 3.01 3.65 3.21 3.5 7.66 5.72 7.31 2.47 6.79 6.76 4.79 4.44 9.11 9.06 9.41 5.39 1.09 6.82 2.82 5.53 9.07 8.52 2.35 4.99 8.81 1.11 2.1 2.78 9.53 2.35 9.76 5.53 8.24 1.85 6.31 3.81 9.42 9.59 9.86 6.81 5.7 6.02 4.85 3.53 9.59 9.17 2.85
8.56 8.92 3.12 2.35 8.77 8.06 3.6 5.05 9.68 9.27 6.49 2.64 4.19 4.98 7.67 8.39 1.5 7.76 1.07 8.16 7.34 5.07 6.28 2.13 5.05 9.16 4.01 7.66 3.03 5.63 7.68 6.66 6.21 5.58 6.88 2.24 2.57 6.54 8.86 8.39 5.04 3.72 1.71 3.79 4.62 8.56 8.08 5.28 9.29 7.24 1.36 3.89 1.49 8.08 4.9 1.61 5.16 1.22 1.34 6.37 3.79 8.92 8.93 4.5 4.14 6.68 2.91 2.97 3.44 5.44 2.84 2.67 8.22 8.74 7.7 3.37 6.17 8.19 1.07 8.25 1.63 6.51 8.54 4.42 8.27 6.52 4.58 5.69 8.06 4.32 3.95 4.36 5.16 1.13 1.77 6.77 5.41 6.94 4.08 1.48 1.61 3.15 1.54 3.69 8.38 4.8 6.03 2.41 3.87 9.28 9.94 5.88 8.89 4.53 4.34 3.6 2.68 9.38 3.87 1.46 6.49 7.55 7.06 2.95 2.17 8.56 7.77 1.81 1.33 1.7 5.13 6.44 6.97 2.44 7.46 3.57 5.48 6.27 4.84 2.1 5.43 6.41 5.75 4.4 8.5 9.99 8.66 9.73 5.51 8.28 1.75 5.31 5.34 9.03 2.95 4.97 2.71 1.65 3.3 8.0 7.12 8.62 1.33 1.25 8.32 1.27 5.29 8.86 4.7 1.06 3.84 3.88 5.16 5.83 6.1 2.52 6.57 7.41 9.64 2.01 1.4 2.0 1.81 1.45 4.37 7.9 5.39 6.83 5.4 9.29 9.99 1.63 3.9 1.63 9.13 4.81 2.12 1.27 9.8 9.0
7.71 9.59 3.08 1.86 8.08 7.21 2.75 8.22 7.87 9.47 5.28 9.08 4.25 1.31 2.51 8.45 7.9 7.08 5.35 6.4 1.34 5.74 6.72 9.83 2.34 9.09 1.36 6.2 3.37 5.5 3.34 5.87 7.07 1.73 9.47 4.21 3.86 7.67 7.9 3.86 7.61 8.66 6.64 2.85 8.68 7.67 6.17 6.37 2.73 9.45 9.27 4.92 7.11 5.88 7.26 6.9 5.36 9.12 6.17 3.1 3.4 3.19 9.62 6.77 8.97 3.69 8.06 1.31 9.89 6.01 4.59 4.02 6.41 1.63 7.19 1.6 4.94 3.48 2.55 2.04 2.68 9.6 1.79 5.37 4.11 4.55 5.64 5.33 3.81 5.72 9.8 8.99 2.17 5.5 8.66 1.52 7.13 5.35 7.95 6.09 8.82 2.89 5.02 5.74 6.56 9.6 6.5 6.07 7.05 3.62 2.65 9.37 2.37 1.19 3.86 5.16 2.15 9.99 9.2 1.36 4.88 8.41 3.88 8.77 7.25 5.29 9.98 3.78 7.23 6.09 7.67 4.23 5.52 9.4 7.82 9.5 5.6 2.81 3.81 8.85 9.58 7.17 3.16 9.23 1.27 9.52 9.69 6.65 9.66 1.65 6.26 8.1 9.3 7.72 3.82 6.48 1.0 9.08 5.83 3.27 7.57 3.87 6.44 8.45 4.46 2.05 4.91 8.82 5.4 4.96 1.45 2.2 3.97 9.78 1.34 5.95 9.97 5.79 1.05 6.14 9.5 2.31 2.15 6.3 6.08 8.08 2.52 4.37 8.66 2.46 6.46 6.45 7.43 8.09 4.86 5.08 7.98 4.16 7.49 8.66
4.64 8.01 3.03 6.04 2.35 5.52 8.59 2.6 9.3 4.0 3.28 2.89 4.02 2.97 6.2 5.17 7.57 8.9 7.3 4.94 5.91 6.89 7.14 9.87 1.3 7.38 9.0 4.94 2.81 6.14 8.43 7.65 8.24 4.21 8.61 2.38 1.82 9.49 4.04 8.68 7.43 3.66 9.21 3.26 8.56 8.07 6.83 3.99 4.16 6.75 3.41 4.27 9.91 6.81 4.01 9.72 2.49 1.47 4.01 6.71 9.07 7.84 2.75 3.09 1.93 8.31 4.14 7.17 5.72 6.19 2.4 9.34 5.86 5.86 4.61 7.89 1.26 8.0 3.94 7.23 7.61 5.81 5.12 2.61 1.03 2.59 8.61 9.16 5.76 7.17 6.62 4.44 3.63 3.13 4.49 5.32 6.08 8.32 9.32 2.17 2.76 2.79 8.69 1.82 3.98 7.81 6.08 7.66 8.89 9.06 2.04 8.54 6.85 9.06 3.51 1.13 2.84 8.92 9.65 2.16 7.32 7.26 7.2 2.22 1.57 4.69 7.17 8.2 4.46 9.53 6.45 4.61 7.4 5.16 4.49 3.42 6.19 6.92 7.45 3.68 5.21 9.2 2.72 5.19 2.65 3.79 9.79 7.33 5.74 6.28 8.98 1.11 9.46 6.96 6.96 3.07 2.7 7.65 1.42 7.62 5.22 7.55 8.42 1.42 3.34 6.45 4.03 6.92 2.64 2.82 4.31 7.68 4.24 3.51 4.09 2.33 8.5 9.84 5.98 8.73 1.63 8.29 6.46 4.34 2.51 5.11 6.35 1.93 8.64 7.72 1.46 2.09 7.9 9.59 8.32 8.65 5.73 9.29 5.69 4.13
2.28 7.36 9.25 4.15 3.81 7.65 7.5 6.88 5.93 4.55 8.25 4.18 6.33 2.63 3.38 2.93 1.02 7.3 6.84 3.3 2.95 2.96 9.45 6.7 3.57 2.29 6.55 3.57 1.88 8.13 1.24 3.04 3.24 1.53 8.52 2.01 9.61 6.67 2.46 7.95 8.1 7.07 1.95 3.75 7.83 4.91 2.96 5.62 3.59 1.31 3.07 8.53 5.1 8.41 8.61 1.28 7.64 6.13 4.94 1.9 6.11 5.83 1.47 4.86 5.98 8.7 1.13 3.17 3.46 7.94 7.92 7.99 5.02 6.04 9.49 9.91 1.58 6.96 5.59 2.03 5.25 9.95 9.99 9.38 3.09 1.15 4.24 5.58 3.97 8.4 3.57 6.13 7.77 8.54 1.1 3.47 5.6 6.18 1.05 4.09 2.59 5.56 9.22 3.52 3.42 6.47 3.06 6.14 1.44 4.71 1.65 1.3 9.58 1.11 2.93 2.7 1.85 5.14 3.16 3.84 9.14 1.31 7.12 8.11 2.49 4.28 3.87 2.34 5.36 5.5 4.65 4.32 4.09 1.99 5.8 5.43 4.16 6.05 6.37 9.19 1.85 7.34 6.49 9.81 5.24 7.68 1.38 1.56 6.05 4.34 3.86 5.36 9.85 9.31 2.78 3.84 2.94 3.03 8.23 9.78 3.01 2.82 9.71 5.77 3.44 2.02 6.54 5.38 2.84 1.05 2.85 7.55 8.29 7.55 3.47 7.95 6.0 1.08 3.61 5.51 6.18 1.13 8.33 7.24 8.51 5.82 2.71 2.45 9.62 4.04 3.04 1.82 4.67 5.16 8.58 4.58 4.36 5.56 6.39 5.33
8.17 9.38 5.56 7.62 8.99 2.23 2.74 7.81 7.24 4.14 3.26 2.19 8.32 8.67 2.9 3.43 7.59 6.6 5.72 1.33 8.35 1.43 6.9 9.62 4.82 8.0 6.68 8.7 8.33 3.11 6.2 4.54 6.18 2.63 1.46 8.77 3.94 6.41 6.02 3.66 8.66 5.24 3.07 2.33 7.15 3.05 5.57 3.8 7.37 2.46 8.72 5.09 7.07 4.31 6.49 6.39 1.85 1.93 2.41 7.42 1.03 4.1 3.28 3.42 7.07 7.64 3.73 2.62 9.36 1.75 7.32 8.13 5.1 2.18 3.35 9.03 1.77 9.78 2.2 5.57 6.77 4.23 8.48 8.28 4.13 3.2 7.41 6.04 6.67 4.76 7.79 6.27 1.53 9.31 6.16 8.45 6.31 2.87 3.99 7.86 1.57 2.21 8.12 5.92 8.27 8.83 3.88 3.81 2.37 1.7 9.88 3.61 6.79 5.09 4.72 5.04 5.91 3.15 5.8 8.75 5.94 9.21 3.81 3.37 7.3 2.36 3.7 1.77 8.87 3.94 4.31 1.72 4.54 6.55 5.59 1.39 5.25 7.57 4.64 7.29 9.09 1.32 3.75 5.68 3.44 9.97 2.82 1.73 2.98 4.98 5.15 4.41 2.3 6.06 6.44 9.1 8.91 6.89 9.41 6.1 8.54 2.74 9.63 2.16 6.73 5.8 2.26 4.16 2.6 5.73 7.56 9.15 4.79 5.01 7.89 6.45 2.91 6.31 4.96 5.93 9.93 5.12 8.64 4.69 2.1 7.51 4.16 7.42 5.91 3.53 6.37 9.05 4.82 9.19 3.15 5.52 5.06 7.52 2.4 7.53
2.63 2.5 5.78 3.41 9.52 4.58 8.71 6.69 4.13 5.44 8.01 3.99 2.74 5.07 4.74 1.98 4.46 8.67 3.12 4.89 7.37 4.87 4.72 9.46 6.85 3.19 3.07 1.83 2.1 7.23 3.38 8.72 2.98 2.4 7.91 1.84 7.07 3.7 9.8 2.57 7.48 9.43 5.11 5.96 4.98 2.26 4.12 4.55 8.37 9.66 5.57 6.26 7.69 5.39 4.02 7.89 7.62 8.26 3.62 1.02 3.47 4.54 2.56 9.97 1.92 9.05 6.06 6.77 5.68 5.52 6.62 2.6 2.79 3.71 2.92 6.17 3.46 7.12 3.56 4.41 1.53 1.62 9.84 2.23 5.2 3.23 7.26 4.93 5.46 8.63 4.89 4.73 4.58 3.97 6.34 8.44 5.99 2.05 1.86 1.94 3.75 3.42 5.49 4.87 8.92 2.12 2.79 5.61 8.64 3.12 4.52 8.68 5.12 4.11 2.36 3.81 3.9 8.05 1.09 6.72 2.54 1.69 9.4 4.04 2.47 5.47 8.25 7.55 5.58 7.12 4.24 8.21 8.09 6.86 2.87 6.19 7.34 4.96 2.57 9.61 8.8 9.24 7.35 4.47 3.41 7.1 7.15 5.73 6.7 9.81 1.19 1.85 3.29 7.55 4.34 8.9 6.32 6.65 4.58 9.82 4.25 5.59 1.83 8.42 5.05 8.41 7.56 9.15 1.73 6.36 2.72 4.8 2.77 7.9 6.21 8.51 9.8 9.82 1.16 2.15 8.11 8.43 1.39 1.5 7.42 6.25 2.58 1.08 5.54 4.11 9.16 5.84 3.7 8.47 7.53 4.48 2.38 6.76 2.79 2.94
1.37 5.9 4.2 3.27 2.64 3.53 7.74 9.03 3.95 8.26 3.27 1.86 6.1 9.66 7.77 4.4 8.65 9.22 2.29 9.55 8.95 6.47 6.4 9.71 1.92 6.98 7.38 9.08 3.77 4.1 5.31 6.17 8.44 3.57 6.45 4.16 3.7 9.61 7.01 9.93 2.57 1.62 8.88 4.31 5.09 2.93 6.09 4.54 7.77 2.45 1.71 7.38 7.95 4.89 9.04 3.99 7.96 7.87 1.32 6.72 5.41 2.37 9.38 3.03 5.48 8.48 5.69 5.45 7.64 7.77 8.42 3.26 3.76 3.38 4.88 2.8 7.1 4.98 9.87 3.31 8.09 4.42 3.53 1.02 1.45 5.06 2.25 8.49 5.63 6.87 1.86 4.47 8.18 8.68 5.09 9.16 5.83 5.22 6.99 9.3 2.77 6.75 5.56 1.76 4.26 2.46 3.01 8.11 6.85 6.88 8.45 1.42 2.26 7.5 9.2 2.53 7.5 6.33 1.49 9.4 2.85 9.51 2.46 5.68 6.31 4.16 9.1 2.34 2.15 2.18 5.39 5.28 6.69 4.0 4.51 1.54 7.46 9.58 6.35 7.9 7.58 9.15 8.91 9.97 5.97 1.61 6.88 2.36 6.64 1.0 5.37 6.69 9.38 5.46 3.17 6.51 1.83 9.09 4.65 1.17 2.99 9.45 2.98 5.11 5.47 3.41 1.93 5.52 7.17 1.03 2.61 4.71 1.9 4.52 7.85 2.68 2.66 7.44 8.03 3.16 3.45 4.46 2.87 7.13 2.4 2.69 9.16 3.88 2.17 6.72 9.11 6.86 1.48 5.88 9.27 1.63 6.36 5.63 6.11 5.12
4.48 6.08 9.81 9.81 6.84 5.25 5.36 4.56 6.69 2.63 7.96 6.76 7.87 9.53 1.72 6.06 9.23 8.24 1.38 9.53 7.4 1.26 7.65 3.01 1.45 5.82 3.18 8.0 7.46 8.75 2.31 4.02 2.44 7.68 5.31 4.7 6.6 6.05 6.58 8.66 9.87 5.6 3.39 8.13 8.49 8.0 2.54 1.48 2.04 5.82 8.09 4.3 3.77 3.96 2.3 8.63 6.43 9.8 3.8 8.01 3.67 2.55 2.3 1.79 5.19 1.53 7.09 7.53 3.86 9.92 4.14 5.55 7.25 9.43 1.97 8.45 1.73 8.5 6.31 1.92 3.79 3.8 9.19 3.83 3.37 2.56 4.9 4.73 8.63 6.05 3.2 1.65 4.12 2.96 2.45 6.1 6.16 8.64 6.64 5.19 5.68 6.79 3.19 6.7 4.35 2.73 9.0 2.09 4.7 9.39 4.72 3.91 3.03 5.46 6.39 7.26 6.83 8.52 3.11 3.58 6.06 4.55 8.5 7.62 4.52 8.93 6.38 9.09 4.39 7.39 3.73 6.72 7.28 4.31 3.37 4.26 1.49 8.52 2.85 5.87 7.82 9.24 8.83 2.59 2.9 5.11 1.56 7.93 1.16 7.09 3.89 1.72 6.19 4.15 1.41 5.36 9.68 6.22 8.5 3.13 7.57 7.5 3.56 6.41 2.19 8.88 2.77 7.98 3.8 9.59 5.46 2.78 1.07 4.21 4.72 4.53 4.42 7.81 7.59 9.62 5.69 3.57 1.41 5.89 5.35 2.85 5.63 8.7 9.57 8.86 2.79 1.02 8.55 9.62 2.23 2.21 6.13 4.46 2.69 9.26
4.35 2.74 7.22 9.29 9.19 7.9 2.66 3.82 2.58 8.23 1.49 8.3 9.29 8.9 9.47 7.54 7.67 5.42 5.43 8.75 6.91 4.21 6.45 8.32 9.85 4.75 1.81 2.18 3.67 2.0 4.28 8.34 8.18 6.33 3.87 5.46 2.31 4.79 8.05 2.59 3.04 8.79 1.38 6.1 3.91 7.95 1.64 5.98 8.05 7.46 3.83 8.78 6.87 1.28 7.6 4.0 5.58 2.99 7.01 7.36 4.59 1.22 1.3 9.23 8.62 2.56 3.07 4.1 6.06 2.7 5.02 8.02 3.27 8.56 8.24 5.38 3.35 7.02 1.51 7.56 4.73 7.95 2.55 3.9 8.1 5.48 4.56 8.24 9.38 9.19 7.12 3.32 8.94 6.61 6.24 9.54 8.52 9.51 6.24 5.33 4.57 6.5 9.94 6.51 1.23 2.74 6.28 9.52 3.83 7.55 6.01 7.16 4.93 9.54 9.07 2.72 2.89 2.59 6.83 8.57 5.47 2.08 5.17 5.32 3.03 7.53 6.28 3.92 4.74 9.03 1.01 5.91 8.28 8.97 1.41 8.14 5.12 1.51 9.68 1.74 9.6 5.06 9.13 3.29 1.43 3.53 5.01 2.45 1.63 7.38 2.98 8.34 1.71 7.38 4.26 7.28 1.78 1.95 5.28 6.05 8.56 6.9 3.2 9.94 2.25 6.71 1.52 4.37 4.91 2.18 1.1 3.49 8.23 8.64 7.33 1.49 3.75 8.88 4.94 3.23 3.43 8.34 5.96 4.88 3.85 1.96 6.39 8.58 7.6 9.11 5.07 9.9 3.29 9.59 7.8 6.89 3.06 8.42 5.16 2.75
7.62 8.67 4.76 7.93 4.6 4.63 9.14 6.17 5.96 9.89 2.93 8.18 3.12 3.52 7.39 2.23 6.9 2.07 2.15 7.7 8.32 7.41 8.41 9.31 7.7 7.16 2.37 3.77 5.68 5.39 7.01 9.56 3.08 4.23 9.47 3.56 9.69 8.79 3.04 6.81 7.64 8.98 1.67 6.99 9.21 3.99 6.25 3.29 9.95 8.29 7.38 9.44 7.7 7.16 3.95 3.45 5.57 2.7 9.21 4.2 7.58 3.81 9.17 6.6 4.66 2.48 9.48 3.06 7.42 6.5 2.49 2.59 8.37 7.3 1.54 7.7 1.08 9.93 6.13 4.21 5.28 9.6 7.49 9.36 3.39 7.32 8.49 8.79 9.24 2.76 2.31 6.12 4.13 3.89 8.82 7.26 6.32 8.67 2.55 5.58 5.32 6.16 8.35 8.65 7.84 1.59 9.3 2.63 6.79 2.09 3.56 7.92 6.11 6.41 2.2 5.91 8.8 1.39 3.99 3.96 2.45 9.85 8.85 4.06 8.7 4.69 8.31 7.91 2.05 7.82 4.06 7.17 2.18 5.27 8.49 1.97 5.87 4.23 6.28 1.93 7.54 1.14 8.68 8.71 5.78 5.58 1.94 2.75 8.85 6.07 5.67 1.79 3.15 1.24 8.31 6.13 1.93 4.4 9.3 6.8 1.64 6.63 8.25 6.09 8.82 9.8 8.77 3.31 7.24 3.33 4.09 5.81 5.51 1.61 5.65 7.6 1.36 1.4 4.68 4.17 1.53 4.03 8.75 6.49 8.1 1.85 2.66 3.53 9.38 4.23 2.55 1.51 4.23 3.27 6.6 9.7 8.74 9.55 9.99 7.25
2.71 3.13 7.76 4.88 1.45 5.55 5.12 9.29 6.42 1.68 4.06 1.15 1.94 9.39 4.91 5.34 7.28 2.64 4.31 8.3 3.44 1.52 2.58 5.64 5.42 5.1 2.85 8.61 8.62 2.56 8.19 8.55 3.75 4.59 7.55 6.32 3.07 2.69 8.44 2.76 4.44 5.47 9.65 7.3 5.62 2.24 9.69 2.21 7.91 6.83 3.61 8.39 2.83 9.29 5.93 7.26 1.33 6.26 7.22 3.51 5.69 5.85 4.83 4.76 8.27 5.26 1.65 6.59 1.68 9.33 9.17 7.29 4.17 2.18 8.47 8.2 2.14 6.22 1.3 8.98 1.41 4.5 6.98 2.74 7.73 7.0 1.15 4.69 2.49 1.98 7.25 1.31 1.99 1.04 9.19 9.29 5.22 6.81 1.48 7.4 2.22 2.7 9.11 2.4 8.46 3.65 1.31 2.3 9.04 6.95 3.72 1.53 1.81 1.81 6.82 6.83 2.71 6.32 2.69 1.77 1.63 2.53 4.7 5.59 9.31 6.58 7.5 7.88 9.75 1.31 8.42 5.44 3.4 5.11 9.21 3.28 4.49 7.09 3.93 6.3 1.94 4.77 4.52 1.63 3.03 7.49 3.48 9.01 3.86 7.44 7.51 4.46 5.06 2.54 4.43 3.97 5.95 3.69 7.69 7.85 8.38 5.91 3.66 5.8 2.74 9.04 9.95 4.76 1.44 4.11 7.35 7.08 5.03 1.25 9.79 9.14 2.89 8.01 7.48 4.22 3.63 1.84 5.48 1.33 1.32 2.46 5.45 9.38 8.94 4.08 4.46 1.11 4.76 8.0 8.6 5.09 1.23 6.1 8.29 9.98
1.27 7.49 6.95 8.93 6.7 8.48 6.07 2.57 4.96 5.1 7.06 1.03 7.13 3.8 3.81 8.61 5.85 8.56 2.28 9.6 1.63 3.9 6.58 1.22 5.61 2.91 3.9 5.44 7.38 1.59 1.77 4.6 6.96 2.64 4.68 8.39 4.16 9.62 4.51 6.73 3.41 1.09 4.02 9.07 5.64 1.52 5.68 1.49 2.75 7.58 6.02 6.81 6.69 4.76 5.8 5.62 7.81 6.81 8.54 8.8 8.33 6.42 5.39 3.09 4.51 1.45 7.07 7.81 3.09 7.11 2.31 3.14 8.6 1.06 6.72 9.51 6.62 2.15 2.89 2.82 4.33 5.14 5.23 8.0 2.67 1.86 1.88 8.14 6.25 6.1 9.54 2.23 3.65 9.74 9.05 8.56 4.61 6.07 1.73 5.33 9.0 3.17 6.22 4.11 8.79 1.01 9.17 8.14 7.17 6.35 7.07 5.44 9.81 5.19 9.43 4.83 3.88 6.29 6.46 3.3 8.82 9.73 6.42 9.41 7.21 4.34 6.41 6.02 6.74 1.4 5.53 7.24 7.89 8.64 9.53 1.75 3.01 4.85 7.37 3.96 6.56 1.49 4.5 1.39 9.56 3.71 6.0 8.35 7.01 6.81 2.65 1.17 6.27 5.64 8.01 7.36 2.07 4.08 3.33 3.81 9.02 6.67 6.93 1.4 5.01 1.8 1.62 4.59 3.17 7.61 9.46 4.25 8.74 4.92 4.2 7.91 7.37 2.16 2.2 3.01 5.13 2.68 1.14 5.99 2.65 5.88 1.79 9.12 6.39 5.48 7.41 3.51 8.61 1.2 5.78 3.37 5.03 3.62 1.1 1.47
7.49 1.83 7.44 7.43 8.54 4.03 3.76 9.32 2.26 8.56 4.2 2.39 8.87 5.19 1.37 4.72 2.7 2.48 6.87 1.84 7.98 7.15 2.36 4.91 9.32 9.27 6.58 7.56 6.49 2.68 7.81 7.1 5.17 9.31 3.84 9.92 8.96 2.23 7.38 3.09 9.37 5.87 2.12 2.38 6.32 2.94 4.99 6.6 6.32 2.83 8.66 1.23 5.17 6.47 1.19 2.16 9.67 8.27 4.99 5.5 2.08 3.41 8.56 3.47 9.09 9.13 3.07 6.75 2.96 7.33 9.61 2.55 2.44 2.71 7.07 4.4 5.87 1.56 7.39 3.01 6.04 9.14 2.82 2.55 3.74 1.19 2.47 1.61 5.07 4.98 9.8 6.58 8.08 5.19 3.09 6.61 2.99 4.71 3.33 3.81 4.22 2.8 7.22 9.89 1.78 7.37 2.86 4.57 5.65 2.27 3.23 5.58 1.24 2.25 7.75 1.52 6.94 2.08 6.2 4.55 8.26 9.43 7.24 7.89 1.44 8.07 1.01 9.22 3.94 9.75 5.48 6.5 2.27 7.35 4.95 9.4 1.82 6.89 7.63 9.42 7.83 9.12 1.79 2.57 7.93 6.08 2.96 3.13 3.19 5.17 4.31 2.08 4.98 5.0 6.63 2.81 6.63 3.52 2.49 7.88 9.35 6.58 3.37 1.53 9.06 2.78 8.18 7.48 2.71 5.34 9.13 3.09 3.87 8.58 3.04 6.52 3.96 7.82 3.83 5.04 2.68 6.31 5.17 8.75 3.26 2.37 4.79 5.47 9.02 2.81 7.95 8.46 6.84 1.87 9.17 6.41 7.47 2.04 2.46 3.54
4.03 2.23 1.37 8.21 9.83 9.97 2.42 9.17 9.25 2.05 2.14 5.94 5.03 5.07 2.31 8.36 4.26 2.17 2.16 2.61 2.02 7.33 2.36 2.94 8.45 6.01 3.63 9.79 9.55 3.58 2.98 9.34 5.21 6.67 6.37 1.37 3.25 6.15 9.58 6.38 1.72 9.02 4.53 8.05 5.56 1.8 7.35 6.06 9.44 1.07 6.87 5.56 6.78 8.6 5.23 6.04 5.65 2.72 3.77 5.12 7.23 5.51 6.28 4.24 4.71 5.53 3.17 3.31 6.49 1.05 7.1 8.27 9.96 6.72 7.02 5.64 7.69 3.65 7.34 3.01 1.96 7.1 2.34 6.65 8.68 1.61 4.32 7.32 4.15 8.45 8.85 4.0 3.91 1.72 6.6 5.12 9.57 2.89 1.78 3.28 4.83 6.48 5.29 4.61 5.18 9.29 8.45 6.64 1.49 6.55 9.15 6.12 1.33 9.5 2.23 3.97 1.42 8.45 7.99 9.58 1.95 3.12 3.75 9.48 1.87 5.53 1.41 2.95 1.04 7.18 4.74 1.12 7.66 2.96 3.48 8.41 9.11 3.55 6.54 9.42 7.76 1.25 3.15 2.51 5.13 9.44 2.09 6.03 5.32 1.31 2.69 6.12 4.27 2.06 9.63 3.61 3.37 7.38 5.76 7.16 2.73 1.25 6.17 1.67 3.46 3.87 5.85 6.4 8.31 8.51 5.51 5.12 2.81 2.02 1.49 4.53 2.97 5.32 6.26 2.63 2.1 8.22 1.19 6.66 8.97 2.73 4.4 2.84 2.42 4.74 2.64 1.78 8.23 5.06 6.38 1.59 9.9 5.82 6.9 6.08
9.51 8.51 8.65 1.43 2.66 4.15 8.83 1.93 5.85 2.95 7.0 9.18 3.04 5.59 8.88 4.68 8.45 3.11 4.04 7.31 7.26 9.97 6.03 9.87 7.93 4.91 5.7 4.32 5.25 9.91 6.74 7.26 4.16 5.45 1.99 4.78 7.8 4.36 2.8 3.67 5.78 5.44 7.92 4.69 5.37 4.44 4.18 8.88 5.73 8.06 8.83 7.45 3.45 1.89 3.94 1.98 8.82 1.61 6.45 4.3 3.52 5.67 7.98 6.35 9.7 7.85 3.56 6.89 2.2 9.92 2.52 4.21 2.59 8.85 9.36 1.63 6.41 5.26 4.26 7.84 4.88 7.89 6.99 4.09 7.97 4.82 8.38 4.13 2.31 9.62 4.19 6.65 6.69 1.35 4.94 9.17 8.18 4.18 5.56 2.3 2.19 5.79 9.28 1.58 8.87 3.12 8.24 4.59 1.2 1.16 3.13 3.13 7.27 1.08 1.25 1.53 9.61 3.09 3.53 2.71 6.8 3.4 5.85 6.25 1.0 8.21 2.09 6.67 6.22 2.26 6.6 4.97 5.04 8.77 2.73 3.14 7.02 7.67 5.96 2.05 8.26 1.84 7.15 9.35 3.03 1.54 2.19 4.3 9.0 7.26 1.5 6.8 2.42 3.01 5.54 2.78 3.32 1.32 8.38 2.63 6.79 8.33 2.38 1.15 9.58 6.6 7.47 6.25 5.95 8.49 9.84 2.84 5.41 6.39 7.33 6.65 5.96 3.69 6.61 5.02 3.59 7.61 9.73 2.05 7.51 2.52 3.47 3.81 1.3 9.15 8.59 9.67 9.83 4.39 4.75 5.57 3.14 5.24 8.48 1.75
6.37 7.07 1.84 3.14 1.24 4.11 5.59 3.34 9.52 3.48 7.62 7.06 6.97 6.32 2.79 5.85 4.62 7.91 8.71 9.68 4.49 8.75 1.73 9.21 7.61 3.03 7.22 5.51 6.83 9.75 1.93 5.76 3.96 9.51 8.97 9.98 1.57 1.18 5.28 9.15 6.96 5.74 9.37 1.41 2.49 5.68 5.05 5.59 9.04 4.88 2.0 3.1 6.49 6.01 9.35 3.66 3.91 4.2 1.75 9.51 7.76 9.74 9.67 7.55 7.7 2.45 7.42 7.11 6.92 9.34 2.55 3.21 6.67 6.06 9.26 7.28 3.64 3.42 7.63 5.17 9.64 7.74 8.29 6.01 8.31 1.25 1.97 6.67 8.41 7.11 7.02 4.43 6.79 6.3 7.67 5.97 5.41 3.57 4.18 4.07 8.46 5.09 2.2 7.21 7.94 5.19 1.22 8.96 9.11 2.02 5.84 4.51 1.59 2.11 5.43 4.61 4.83 4.56 1.92 1.18 2.39 9.2 6.69 5.81 6.6 8.72 8.44 9.36 7.17 2.76 7.52 3.86 5.57 7.01 7.47 1.84 9.41 2.29 8.86 3.2 3.85 2.77 3.24 9.83 3.65 1.97 3.29 8.89 9.21 9.18 3.45 2.59 4.14 8.94 7.81 3.49 7.59 9.92 6.43 1.17 8.48 1.45 8.07 2.87 3.77 9.47 6.5 4.05 4.02 3.39 2.53 7.03 7.33 9.6 6.63 6.02 4.43 8.04 3.99 8.05 5.11 8.36 7.69 6.52 7.46 5.8 9.42 6.99 5.55 2.69 9.54 4.74 6.0 4.74 4.63 9.74 2.67 5.24 9.28 6.71
2.13 5.21 2.93 3.1 3.97 5.05 4.64 7.15 8.73 3.19 7.59 6.26 9.77 5.77 8.44 8.94 5.43 8.12 9.59 6.37 3.96 3.66 1.23 6.63 7.38 6.13 3.31 7.48 1.52 8.38 5.39 9.04 7.16 5.8 2.94 8.45 4.78 9.4 7.05 2.74 6.42 3.28 6.46 5.04 5.38 5.97 7.12 5.39 1.75 6.91 3.82 9.73 2.75 5.69 7.08 1.91 6.99 4.34 6.38 7.46 7.77 7.95 5.11 1.86 8.27 1.69 3.92 9.15 8.33 4.34 3.93 7.48 5.06 8.62 3.98 8.62 3.79 1.55 9.7 3.74 2.51 9.75 7.41 4.9 5.18 9.3 1.83 3.26 3.28 1.28 8.19 9.97 5.57 2.58 9.68 5.03 7.68 4.67 1.87 8.3 9.26 6.22 7.65 5.63 7.61 9.57 6.09 5.02 4.71 1.96 6.76 4.47 1.09 8.49 6.05 1.6 7.46 4.45 8.34 5.19 9.2 7.51 1.57 4.29 7.92 8.08 2.18 3.67 9.55 9.1 2.13 5.88 6.71 8.58 7.66 5.27 4.29 4.12 7.55 2.13 4.42 7.75 2.04 1.13 9.29 2.33 4.29 7.87 5.58 7.24 6.22 4.16 3.03 7.95 6.7 4.61 4.97 8.47 1.92 8.23 7.51 6.66 2.83 6.4 3.28 8.05 8.94 7.55 4.08 9.27 1.76 4.18 5.1 8.74 6.54 2.84 8.62 8.55 9.79 3.66 6.56 4.32 9.22 7.72 5.97 2.25 8.66 4.76 5.66 7.59 5.01 2.69 7.18 8.0 8.76 4.41 4.58 2.99 8.11 4.43
2.15 3.27 2.47 4.71 2.37 3.86 7.8 7.6 5.84 3.87 8.8 3.58 7.41 5.22 5.41 9.5 8.62 7.11 9.41 7.46 1.5 6.87 1.08 2.86 9.86 8.19 6.47 2.1 2.15 2.29 2.86 3.79 5.44 1.72 8.61 6.83 3.28 1.01 5.08 4.56 6.56 3.31 6.44 9.75 4.46 3.95 6.63 6.44 4.7 8.86 4.98 1.93 5.94 4.66 2.24 8.99 6.66 9.01 6.62 5.46 6.05 9.38 2.66 6.23 7.98 2.58 3.43 5.15 1.38 6.97 3.88 7.58 5.51 3.21 2.95 2.39 3.38 5.94 5.23 7.2 2.23 8.94 2.81 5.67 8.47 5.78 3.07 4.12 4.98 4.3 7.16 7.81 9.74 9.44 3.29 1.45 4.83 9.53 8.33 2.73 4.01 6.4 5.89 8.78 6.72 2.03 5.79 3.19 1.69 1.03 5.55 9.28 6.48 2.81 8.52 6.83 3.6 8.76 6.4 5.17 6.67 7.48 6.45 5.84 7.73 5.86 1.5 4.24 6.2 8.11 2.8 5.08 9.08 7.58 6.81 8.87 8.71 5.92 9.34 9.94 5.32 3.17 9.79 8.71 7.81 2.41 5.78 6.94 1.35 5.43 1.74 1.17 3.56 6.02 5.83 1.56 6.57 1.85 4.71 3.66 7.01 6.67 5.38 7.46 5.68 8.68 7.8 1.13 5.54 9.06 5.48 1.36 5.53 1.02 6.57 9.94 3.89 2.02 4.99 1.9 2.34 5.5 2.91 6.55 2.85 3.08 7.86 3.03 9.53 7.93 4.32 6.15 6.72 3.57 1.89 1.89 9.95 6.75 4.19 2.56
8.35 1.98 7.13 7.48 1.4 9.28 3.65 5.17 1.8 9.4 6.19 3.95 9.21 1.74 6.49 4.52 5.78 3.22 8.58 7.07 8.93 8.53 8.46 3.53 6.82 5.36 3.63 1.27 2.13 3.12 3.46 4.91 2.82 3.02 6.09 8.78 4.52 5.49 1.63 9.73 6.73 5.97 5.03 8.14 2.29 9.87 1.09 9.58 2.78 5.13 2.63 5.59 6.37 5.35 9.62 8.04 3.76 3.09 3.51 4.99 8.73 4.18 7.86 9.18 8.43 9.46 3.81 4.52 7.53 2.26 6.07 7.56 9.26 6.13 3.3 9.03 4.22 1.07 1.98 3.67 5.91 4.3 3.02 7.05 2.05 2.94 3.7 6.71 5.71 9.9 3.75 7.91 4.91 1.69 2.01 4.12 8.43 5.58 3.46 2.8 2.12 3.49 8.34 8.46 3.29 2.57 8.2 3.13 5.91 2.19 2.66 1.91 4.78 3.77 7.55 3.48 9.37 6.09 2.48 5.31 6.22 3.49 3.66 3.62 4.64 5.85 1.98 5.69 6.86 2.11 5.56 3.08 4.91 6.65 8.02 4.91 5.51 9.44 4.85 3.88 4.04 2.02 7.99 9.52 9.33 4.39 1.31 4.93 2.08 3.7 1.03 5.52 9.82 8.19 5.81 2.24 6.92 5.22 9.68 8.64 3.05 6.19 6.05 6.03 6.42 3.67 5.13 4.96 9.38 5.1 3.92 8.89 1.96 6.52 9.6 3.21 4.08 1.49 7.95 2.97 3.56 6.83 4.27 2.13 1.86 8.31 7.4 1.54 9.84 4.8 9.19 1.85 4.75 2.25 3.48 4.04 2.04 2.77 6.74 5.03
9.67 3.97 6.25 6.58 3.46 6.3 4.26 5.36 2.6 8.93 8.12 8.31 1.58 5.67 3.46 8.52 1.35 6.3 3.9 4.18 1.7 2.87 9.17 8.13 1.79 1.45 8.11 1.22 3.44 7.35 7.28 6.39 7.83 8.87 4.14 1.19 6.71 8.81 6.75 3.39 9.37 5.2 2.43 4.72 4.61 4.19 9.05 7.41 2.44 1.62 5.97 3.7 9.02 8.25 5.99 6.18 3.77 1.97 3.93 7.83 2.3 5.1 6.89 5.72 6.58 6.69 3.19 7.15 6.11 9.5 8.73 2.91 5.23 9.83 2.15 8.24 1.65 3.09 6.89 7.99 1.78 8.72 9.17 6.86 2.24 3.39 3.04 9.45 6.21 2.94 4.43 5.9 3.64 3.46 2.24 7.75 1.27 8.42 1.04 5.35 5.75 8.67 1.24 4.49 5.18 3.33 9.3 4.92 6.63 5.62 5.6 8.85 5.17 7.28 9.62 8.24 7.95 9.04 6.85 4.34 8.31 1.03 6.4 3.09 4.99 5.02 1.2 3.51 7.76 4.09 9.9 2.19 5.37 2.95 5.47 4.37 4.62 5.04 2.24 6.78 8.56 9.63 5.77 9.54 9.8 7.45 5.29 5.42 1.51 1.73 4.36 1.76 5.29 4.66 3.97 7.35 6.83 1.23 4.27 5.7 8.17 2.97 9.14 7.87 4.5 4.13 9.81 2.09 7.42 2.16 4.13 6.84 7.15 3.72 5.47 3.37 8.87 5.4 5.68 2.71 9.49 5.84 6.5 2.76 6.47 9.26 7.77 8.88 4.87 8.59 8.94 1.53 8.1 3.94 2.63 3.35 7.86 6.61 9.47 8.82
7.31 6.41 4.86 6.11 6.1 6.19 9.53 2.93 9.06 8.59 3.23 7.1 4.98 5.73 2.85 9.34 3.51 2.71 2.84 1.31 1.86 9.77 9.54 9.18 2.64 1.82 1.63 1.67 3.99 5.18 3.95 8.41 4.82 7.57 9.77 6.43 1.83 1.62 8.37 9.9 4.52 4.51 2.12 4.47 8.76 5.21 2.06 5.39 1.45 5.95 6.02 8.01 5.7 9.51 6.7 5.3 4.08 5.15 9.92 8.69 8.07 3.83 1.97 4.17 9.27 4.51 8.99 5.61 2.19 9.43 6.46 3.92 3.26 4.83 4.0 3.09 5.91 8.51 1.09 3.24 4.42 7.62 7.98 7.25 1.24 7.55 7.94 7.75 1.83 9.9 8.57 7.38 7.31 8.64 5.16 8.53 5.27 3.03 9.89 7.41 7.12 7.95 1.62 2.7 3.85 2.97 3.9 7.98 7.52 3.62 3.24 9.91 9.81 7.96 1.05 4.65 7.76 5.42 1.18 4.82 5.3 9.56 9.66 4.9 4.48 7.97 8.22 9.16 9.4 8.87 9.07 6.57 9.91 9.92 3.23 7.74 9.86 7.65 8.97 6.71 9.16 4.25 6.73 8.52 4.14 3.95 7.23 2.44 2.87 6.88 3.64 5.08 2.4 7.93 3.18 7.22 5.48 8.05 5.28 7.56 5.2 7.78 3.73 1.64 6.16 1.98 4.72 9.33 4.54 1.04 4.34 8.59 3.22 3.03 8.92 3.7 1.47 7.82 6.43 2.21 9.27 3.96 9.82 1.81 2.4 5.44 3.96 9.06 9.71 6.82 2.02 5.22 6.11 2.69 2.85 8.52 8.95 4.59 9.33 1.92
8.43 7.54 7.3 1.79 2.45 3.21 9.27 9.76 2.29 2.84 7.97 9.65 2.8 3.17 7.77 8.31 1.81 4.66 3.89 7.06 1.88 1.48 2.3 1.29 3.54 1.07 6.32 6.72 8.72 1.74 7.33 8.03 7.83 9.86 8.13 2.77 1.73 4.15 9.19 1.44 3.52 5.63 7.14 7.97 2.09 6.76 5.19 3.41 9.4 2.54 1.09 6.55 9.62 9.46 9.86 6.93 9.28 1.6 6.67 3.83 1.31 7.07 6.88 1.25 4.1 2.43 4.89 2.42 6.84 6.82 4.4 3.91 7.94 6.72 1.37 4.25 7.81 3.25 7.81 3.51 2.26 6.19 3.4 6.73 8.13 8.18 3.27 4.15 1.26 3.5 4.16 4.96 5.15 6.55 8.13 6.27 7.71 3.41 9.29 5.28 2.46 4.47 9.93 1.13 3.3 3.82 4.3 3.26 7.31 7.83 4.38 1.12 3.83 7.36 3.82 4.18 5.26 6.76 7.58 6.29 2.88 1.12 3.41 5.03 1.56 9.21 3.76 2.96 4.54 1.46 4.67 4.37 1.12 3.07 6.93 7.35 9.03 6.65 2.4 5.03 7.88 4.66 3.19 7.99 1.19 3.19 9.49 2.61 3.93 2.5 5.52 6.04 7.87 4.05 2.05 1.73 3.19 6.05 7.22 5.67 1.04 6.49 8.96 7.34 5.88 2.57 1.67 1.6 9.69 8.82 8.54 9.56 2.83 6.11 7.68 7.54 3.48 5.18 3.77 2.42 7.71 3.35 7.85 5.23 6.27 9.49 4.58 6.55 7.48 2.26 9.3 2.71 2.56 5.6 1.93 8.8 8.13 4.41 6.44 8.9
7.32 8.12 6.56 4.98 4.55 8.05 8.93 5.93 8.8 6.61 1.38 7.04 1.39 3.4 4.43 3.7 9.91 8.26 3.22 7.82 8.51 2.41 8.11 6.74 4.77 7.63 3.88 5.9 7.48 5.41 1.53 7.89 9.43 2.4 8.73 3.64 7.0 5.48 9.57 2.0 1.34 4.44 9.77 8.7 5.57 7.96 3.95 6.52 7.97 5.59 1.32 2.68 6.71 1.08 6.22 5.56 7.81 8.69 9.8 6.39 8.49 7.46 9.24 8.38 2.9 4.57 4.84 5.18 8.78 6.57 9.96 2.7 2.42 4.1 4.63 6.42 5.89 8.72 5.09 5.78 6.22 3.22 1.95 3.69 3.96 2.55 2.9 1.25 1.7 2.11 9.45 3.68 3.39 9.03 6.16 9.92 9.0 1.84 1.6 7.43 3.51 3.17 8.54 3.42 9.16 6.65 2.05 1.28 5.38 2.5 1.97 6.54 5.38 8.53 9.13 2.63 3.75 6.98 9.87 2.51 4.23 3.97 6.52 8.34 1.45 2.41 5.87 7.08 2.96 10.0 8.02 6.82 5.86 1.1 2.43 5.03 7.3 6.62 7.72 8.92 1.49 5.59 6.69 5.43 5.54 7.38 2.4 9.82 3.3 8.46 1.25 6.61 3.56 7.12 2.14 5.44 3.34 3.03 5.67 4.17 8.88 4.37 9.3 1.11 8.24 5.21 2.08 2.23 9.04 5.39 4.66 7.84 2.6 7.14 4.28 9.97 2.07 3.93 8.73 1.62 4.04 9.96 6.41 8.23 2.56 7.16 1.89 9.09 1.35 2.2 2.88 5.42 1.12 2.42 8.38 5.77 1.52 6.9 2.0 2.38
7.41 8.02 2.91 7.73 3.11 6.02 1.71 5.27 7.32 5.98 4.37 1.39 9.87 6.23 2.0 5.99 3.45 6.76 7.39 6.35 2.17 7.17 2.63 9.87 1.92 2.67 8.34 9.96 4.13 4.17 5.38 7.67 8.53 4.06 6.53 3.91 2.95 7.79 4.16 2.21 9.51 5.77 6.29 4.66 2.37 8.21 6.11 4.69 4.06 8.59 3.16 4.21 8.8 7.58 2.27 7.4 4.45 7.23 1.5 9.32 7.45 4.39 9.98 9.63 8.16 9.17 6.23 2.97 2.91 6.87 9.71 6.37 6.16 4.87 7.11 8.27 4.22 7.3 5.12 7.92 7.77 7.82 7.76 9.25 7.95 4.27 7.39 8.01 4.88 1.96 4.97 8.05 1.55 9.98 6.47 5.12 2.36 4.19 9.11 9.04 6.14 6.72 4.19 2.48 1.07 5.76 6.93 7.83 1.88 9.68 4.92 2.11 7.13 1.84 3.82 2.41 5.36 5.25 4.54 6.95 9.47 8.45 4.66 2.85 4.7 7.55 4.46 5.28 3.98 3.69 5.36 8.77 5.86 8.77 3.8 1.13 2.03 3.7 2.24 8.81 6.82 5.14 6.01 7.8 5.58 2.81 2.81 3.23 8.62 6.98 2.51 8.82 7.28 6.22 9.51 2.42 8.08 2.07 2.52 4.11 2.46 3.27 6.98 3.42 4.08 4.25 2.25 6.59 6.12 1.81 7.87 1.66 7.44 4.65 4.57 4.5 4.29 9.54 6.95 7.41 8.11 7.44 3.72 7.44 6.3 9.58 6.5 5.44 5.36 8.07 1.87 5.85 1.75 6.85 9.51 1.65 5.32 7.36 5.24 2.42
3.29 6.4 9.87 1.77 6.52 9.45 3.17 7.97 9.08 1.53 2.21 9.81 2.09 9.41 4.94 3.53 1.62 3.13 6.95 1.19 4.6 7.66 1.39 2.38 4.7 3.78 9.59 5.21 7.66 3.3 3.9 2.69 3.71 1.55 2.73 6.92 7.05 5.97 1.86 4.54 2.57 6.51 8.55 7.28 7.66 6.61 2.7 1.09 3.1 1.79 9.8 7.81 4.91 9.05 7.56 1.85 3.4 7.64 5.01 3.87 2.27 9.47 4.88 3.68 1.77 1.32 3.98 1.49 3.7 1.41 5.54 2.88 8.89 2.27 4.23 6.11 2.87 8.79 9.0 9.51 6.04 7.89 4.08 6.31 2.88 8.42 8.19 9.72 5.58 7.0 3.82 7.93 1.91 5.65 5.11 9.97 4.65 3.38 8.56 7.13 1.68 7.97 2.15 6.61 1.8 4.12 9.34 6.59 6.79 1.7 9.11 3.31 5.19 8.25 4.15 3.74 5.24 8.3 5.29 4.13 6.46 7.48 1.62 6.2 2.22 6.01 6.07 8.74 8.8 2.67 9.91 6.41 8.37 9.13 8.43 7.55 2.27 4.45 4.82 8.24 7.67 7.86 9.53 6.77 9.28 6.36 3.86 2.74 9.54 9.05 1.5 1.31 6.02 4.27 4.82 8.11 3.05 5.06 3.91 8.02 1.43 2.3 4.84 3.58 4.88 9.25 1.97 5.91 5.64 6.21 7.32 5.34 8.8 7.63 8.95 1.69 7.26 6.63 2.15 2.87 10.0 1.22 7.03 2.19 4.97 2.12 3.02 8.35 6.57 1.58 7.1 6.23 9.88 3.9 5.61 2.5 2.58 2.17 5.11 7.95
3.01 3.11 6.12 9.48 8.05 1.57 6.44 7.07 8.49 5.98 2.07 2.32 9.44 8.95 9.61 2.97 4.56 3.39 5.55 5.0 9.92 4.74 8.56 7.66 4.83 3.14 5.06 1.03 6.27 6.41 9.97 4.35 9.23 2.82 5.64 1.72 4.77 1.34 4.98 8.52 6.06 8.65 3.47 8.39 7.91 6.42 8.24 1.78 4.59 9.07 7.6 4.58 2.42 2.72 5.51 8.99 3.47 5.6 3.85 6.86 9.37 5.24 3.61 9.61 2.17 6.67 6.53 2.66 6.63 7.22 9.91 1.26 1.92 1.52 9.79 7.22 8.96 6.73 8.53 2.29 4.78 8.19 3.85 2.52 1.69 9.63 8.37 4.24 5.6 7.2 8.54 8.21 5.02 2.53 8.57 7.34 4.48 5.59 9.35 1.92 2.5 3.85 1.68 8.07 3.72 4.11 5.06 2.54 2.05 2.68 9.63 7.53 6.35 6.14 1.21 5.44 5.32 6.99 8.69 9.74 2.33 5.38 2.48 3.96 1.93 7.72 4.03 2.76 2.62 3.59 4.06 3.03 1.43 1.83 3.94 5.11 6.94 2.04 6.53 6.9 3.05 8.94 9.13 1.76 2.85 1.63 4.7 8.72 1.75 8.14 2.43 7.21 2.07 3.65 5.87 3.64 5.92 9.14 7.14 5.13 8.49 3.31 4.06 2.62 8.99 2.26 3.71 1.71 2.9 2.43 6.17 2.34 8.41 2.46 3.83 6.27 4.68 1.29 4.91 9.35 6.02 3.57 6.13 9.78 8.58 4.13 6.07 9.4 3.73 9.62 7.7 6.85 6.27 4.3 5.49 8.43 3.85 5.84 8.94 7.8
2.18 1.52 6.83 1.52 4.26 1.26 5.99 9.78 5.34 8.53 1.42 2.08 8.93 2.3 1.19 6.1 4.87 1.05 5.74 3.12 3.32 9.98 4.74 4.36 8.4 7.84 4.51 2.08 7.73 7.22 6.58 2.98 3.79 7.52 5.28 1.79 9.35 9.59 1.33 4.09 2.84 6.33 6.52 1.39 5.31 6.65 3.02 9.13 5.4 9.34 4.86 2.22 3.85 7.21 6.23 5.96 2.43 7.17 4.16 1.81 6.95 7.68 4.43 5.7 5.78 5.56 2.37 8.95 1.97 6.01 7.11 2.79 7.28 8.31 8.57 4.69 8.39 2.82 1.15 6.78 9.84 2.93 6.98 3.68 2.84 9.14 6.43 4.91 2.59 7.24 3.74 1.46 1.24 1.25 8.17 1.82 8.28 3.58 1.62 6.9 8.8 4.51 7.56 9.88 8.28 3.1 8.93 3.58 8.56 3.2 1.84 8.01 7.47 2.54 5.39 5.54 6.3 9.83 2.02 7.56 8.67 2.33 8.38 3.53 8.57 7.46 1.85 7.46 7.72 6.87 9.3 5.0 9.66 4.44 2.15 6.11 2.37 5.18 4.66 9.97 3.76 1.22 3.65 7.22 4.79 5.3 9.64 1.03 7.5 8.81 5.47 6.22 3.5 9.97 3.33 9.98 4.9 8.93 6.38 7.54 2.67 5.1 8.93 3.23 1.49 8.71 4.37 3.5 1.71 2.17 8.81 4.14 7.08 1.76 4.16 2.95 1.99 5.59 5.95 2.72 5.8 3.32 7.45 3.24 9.18 9.81 9.31 8.12 3.25 1.94 7.93 9.3 9.69 7.03 7.38 6.96 3.2 3.01 8.86 9.19
3.47 4.6 6.9 2.95 9.06 7.66 4.01 8.85 9.78 5.74 8.78 7.6 4.66 1.25 5.69 6.06 4.38 8.03 1.68 4.96 5.09 6.31 4.15 1.48 6.55 3.95 9.36 2.71 2.09 6.29 3.36 2.05 8.91 9.6 5.15 7.9 4.74 8.52 6.06 4.24 3.01 8.47 5.11 9.38 1.8 2.55 3.33 9.59 2.41 8.86 9.66 5.08 7.87 4.12 2.79 6.84 6.71 8.33 4.45 1.62 6.17 2.66 5.25 9.25 9.29 5.4 2.33 6.05 9.71 4.16 1.94 9.97 8.44 3.54 5.59 5.64 8.45 5.41 3.56 1.06 8.22 8.11 4.76 9.07 6.21 6.63 7.59 7.04 1.29 3.16 1.53 5.89 7.71 8.74 6.83 2.51 5.76 7.38 5.88 6.86 2.34 7.76 1.8 1.91 3.41 9.59 5.62 2.13 6.61 9.11 2.4 2.9 1.77 6.36 5.3 7.21 1.54 3.66 4.26 1.77 4.78 4.02 7.71 9.95 4.05 7.49 1.81 2.95 2.37 2.82 3.57 5.33 1.61 6.75 1.81 6.76 6.76 2.67 1.57 5.09 4.32 9.98 5.7 2.03 2.24 8.54 7.83 8.5 5.37 3.3 3.98 2.86 6.94 2.1 7.66 8.67 9.11 5.26 5.52 5.8 7.17 2.52 4.66 7.32 2.05 5.36 3.07 8.1 8.41 3.62 9.63 9.25 4.55 7.83 4.25 8.91 8.88 6.0 8.28 4.49 1.22 1.77 9.46 2.29 2.38 6.9 2.75 1.63 2.58 1.76 8.18 8.52 4.26 5.63 3.85 9.48 3.79 9.04 8.1 7.58
7.69 6.87 4.76 9.08 3.17 8.44 6.98 4.51 1.94 4.32 5.05 1.93 2.61 7.27 1.01 4.14 6.6 3.96 4.19 5.81 7.86 1.51 6.24 9.33 6.92 5.14 6.47 3.18 8.64 2.74 6.03 8.67 9.11 6.06 3.18 6.6 9.45 8.89 4.35 8.1 6.19 7.08 6.33 6.77 5.11 4.56 8.95 2.39 7.54 5.28 7.15 2.35 5.1 1.94 9.12 8.46 9.66 1.16 4.21 4.01 6.06 9.98 3.29 6.15 4.14 6.98 4.84 2.83 5.03 1.78 1.3 4.29 4.38 3.08 1.41 3.4 3.66 3.48 3.6 3.43 2.7 4.02 2.53 6.78 3.7 6.59 5.43 1.09 8.38 1.48 5.33 9.89 1.45 7.13 3.63 7.73 9.59 4.16 3.13 8.95 1.11 8.11 5.49 2.7 4.23 7.59 4.83 9.26 4.28 9.87 4.16 7.35 2.05 4.58 6.72 8.62 9.46 5.57 8.84 5.92 7.11 8.58 2.9 5.55 7.47 5.34 6.25 8.82 2.89 3.19 1.98 8.06 9.15 7.36 2.94 6.44 7.47 8.87 4.2 3.18 9.36 4.23 7.14 2.8 9.97 7.89 6.75 1.02 2.29 2.56 3.67 7.84 8.64 7.28 8.29 9.36 7.85 3.34 2.25 9.41 6.07 4.19 2.52 5.84 7.14 9.04 4.92 1.85 7.96 9.21 7.16 1.07 9.22 7.77 6.19 1.21 3.16 9.19 1.66 7.72 9.32 6.67 9.42 8.29 1.93 9.28 4.89 3.9 1.09 1.75 7.13 1.46 2.75 6.46 6.16 3.19 2.79 3.15 8.37 4.44
7.8 3.84 1.76 6.84 3.23 4.54 3.44 3.39 8.59 3.08 5.97 7.87 1.06 1.65 9.82 5.0 3.88 3.67 7.75 5.42 7.67 5.87 5.79 6.95 5.65 3.77 7.18 4.41 1.69 9.24 9.99 5.09 2.68 9.71 9.47 5.43 6.59 3.0 9.53 7.84 9.88 6.13 8.69 6.72 1.87 5.37 9.5 5.34 6.43 1.69 5.44 1.23 4.6 8.31 3.46 3.78 1.66 8.36 9.49 3.45 7.09 9.89 8.73 4.31 9.03 9.16 2.86 5.95 3.01 9.85 8.82 6.81 1.99 3.2 7.25 6.1 9.83 7.07 6.31 4.64 1.55 9.84 6.31 3.99 1.37 9.49 6.42 2.61 9.74 2.69 8.88 7.32 6.13 9.49 8.91 8.46 3.0 6.24 8.74 3.41 5.87 8.61 5.32 9.15 8.19 7.82 9.84 8.29 4.8 5.56 5.42 3.63 3.57 6.49 3.51 7.97 9.41 3.68 8.39 9.75 4.72 1.63 8.54 1.4 6.13 2.77 9.17 7.12 7.75 5.05 8.98 2.72 5.2 9.61 7.48 6.27 9.0 4.14 9.5 7.26 2.3 6.95 4.98 8.23 7.8 9.34 6.83 6.28 2.63 9.82 1.19 3.39 3.59 3.46 4.95 3.94 8.74 4.97 3.19 3.58 2.82 7.91 3.19 9.91 3.25 8.48 9.8 3.51 6.42 2.6 9.64 4.13 3.66 9.8 5.64 3.15 4.74 9.36 9.16 8.77 6.25 5.32 7.3 1.66 5.58 6.84 1.28 1.18 5.25 2.13 4.91 9.98 9.44 8.32 8.37 7.72 5.78 3.01 2.18 5.27
7.18 1.46 9.62 1.9 6.07 6.31 8.01 4.68 4.31 1.26 1.51 9.31 8.13 6.55 9.07 1.83 2.14 9.73 4.08 6.65 1.63 1.93 2.84 5.55 8.53 1.0 6.02 4.62 4.7 5.1 7.89 1.11 6.46 5.02 1.54 7.64 4.67 6.6 8.84 7.0 8.0 3.46 7.7 2.6 2.61 5.36 9.24 2.12 6.92 9.9 8.83 5.52 4.88 4.15 5.25 4.32 1.43 5.92 6.43 1.15 2.08 2.64 3.4 6.79 8.67 8.5 5.08 2.48 8.75 3.23 1.4 1.89 3.0 5.8 1.01 1.8 4.61 9.73 2.12 5.11 3.97 5.08 7.97 5.04 7.18 2.08 9.57 6.56 2.62 9.62 9.66 5.23 1.12 4.7 5.72 1.93 2.49 3.95 6.32 4.54 1.58 1.23 8.46 1.72 4.0 3.23 9.23 8.64 8.68 1.38 5.26 6.99 7.14 7.17 8.47 2.23 9.5 6.85 4.39 4.0 2.21 8.99 2.78 1.04 5.06 4.03 7.86 1.37 6.03 1.09 3.5 3.02 4.24 9.29 6.4 5.53 1.56 1.48 3.11 7.06 4.55 3.59 1.53 8.93 5.65 6.53 4.27 2.64 9.24 4.09 8.73 7.06 1.63 8.04 4.21 4.89 9.69 6.7 8.49 1.94 1.91 5.29 2.61 7.61 4.05 7.83 7.18 7.28 2.16 5.67 4.13 3.87 8.24 7.8 4.28 8.22 7.61 3.67 2.3 1.17 5.64 5.34 2.97 4.5 1.63 5.73 9.21 1.98 2.35 4.16 2.71 1.89 9.92 4.62 1.32 6.42 3.11 9.92 7.07 9.03
2.74 7.55 6.05 3.76 1.82 1.14 3.08 3.34 5.62 8.22 7.75 8.28 9.21 8.26 7.17 5.0 6.28 3.15 2.93 7.93 1.38 3.97 9.43 5.74 6.6 6.53 4.86 6.56 3.17 3.88 6.84 6.51 2.56 7.08 8.45 9.03 5.03 9.87 8.8 8.7 1.25 3.55 6.83 4.58 8.67 3.4 9.82 4.75 2.23 7.51 6.79 1.04 6.9 2.63 6.85 4.93 1.97 6.48 7.4 4.22 9.81 7.62 9.44 5.57 3.97 6.74 5.92 9.56 4.53 6.87 8.65 7.63 1.98 6.72 3.07 8.26 8.3 1.79 6.53 1.68 1.84 8.11 7.08 9.15 8.89 9.74 3.57 8.57 5.45 8.23 8.32 1.53 5.84 6.57 6.44 1.15 7.08 7.43 4.72 9.65 9.62 8.13 5.36 9.39 6.7 7.97 9.96 5.91 9.95 2.64 3.24 7.7 7.06 2.88 2.55 1.88 4.11 8.29 1.23 9.53 1.78 8.78 5.44 6.8 4.39 4.9 4.76 3.45 9.36 5.74 5.09 4.66 4.92 8.01 1.08 7.83 4.46 9.15 1.4 6.53 2.41 3.48 2.9 8.27 4.22 5.89 7.97 7.81 8.15 4.96 8.9 5.65 5.39 3.1 2.94 5.46 5.85 2.71 6.66 7.64 6.5 4.1 4.87 1.51 2.59 6.53 1.23 8.83 1.27 8.75 1.64 4.82 7.47 2.44 4.46 1.41 7.44 8.36 5.15 1.24 2.82 1.57 6.94 7.22 4.19 3.46 4.44 1.35 5.1 1.46 2.6 3.18 8.77 6.05 2.55 8.56 6.0 7.07 3.19 5.2
9.95 9.69 4.21 8.5 7.75 6.08 8.75 3.56 9.99 6.41 4.74 5.19 1.89 3.08 1.26 1.37 1.41 5.22 8.56 1.01 1.13 3.83 8.1 8.78 3.28 9.01 7.16 3.24 5.83 5.44 7.35 3.46 5.69 9.52 7.89 8.24 1.12 9.91 9.96 4.32 5.79 7.27 6.07 9.42 5.15 3.4 8.33 1.51 4.64 1.23 8.97 6.25 1.24 5.43 8.14 6.79 9.84 9.17 2.08 7.07 2.52 9.12 7.49 4.89 2.08 2.31 6.08 7.95 7.32 1.44 3.04 6.18 8.76 7.08 8.83 9.99 4.67 5.46 7.48 2.9 5.61 7.51 3.08 9.41 6.72 5.65 9.13 3.74 5.64 8.18 6.49 7.42 6.94 3.35 8.74 5.81 4.71 1.52 4.73 4.9 8.45 4.44 1.95 5.51 6.78 7.22 1.49 3.12 3.06 2.48 8.77 7.05 4.2 3.42 4.91 1.06 7.5 4.05 4.02 5.51 8.01 3.43 1.51 6.42 9.53 8.3 6.09 9.37 2.91 2.48 9.83 5.62 2.14 3.72 4.63 6.74 6.52 1.54 2.36 2.46 2.14 5.8 1.41 1.09 6.57 6.17 8.3 9.77 3.02 7.09 1.93 6.3 6.09 6.15 6.74 6.55 7.24 3.34 9.76 7.74 9.2 6.75 7.19 9.31 4.81 9.24 7.05 3.07 5.16 1.85 1.49 7.2 8.22 8.49 4.2 7.59 6.96 1.26 2.97 3.32 1.77 6.2 6.82 8.38 5.19 5.29 3.56 2.11 7.85 1.11 3.22 8.39 8.6 7.95 1.82 1.83 5.27 6.93 8.64 8.46
4.89 6.77 6.54 5.16 2.19 2.81 7.03 8.53 2.19 4.59 5.93 3.85 6.38 3.53 1.4 3.63 9.64 6.79 5.65 3.49 5.17 3.22 5.23 4.7 3.16 8.87 8.48 7.51 5.7 4.58 8.76 4.85 5.06 9.05 4.39 4.86 8.42 7.05 8.56 7.1 6.09 2.89 1.82 8.81 8.52 1.4 8.28 2.37 1.81 2.08 4.85 5.79 4.97 3.9 4.99 2.38 6.28 9.23 3.03 4.31 7.89 6.13 4.37 7.03 9.19 5.53 7.5 4.8 6.67 5.05 5.0 1.0 4.23 7.37 5.05 7.52 6.93 9.0 7.64 1.51 3.26 2.75 5.09 3.99 5.93 1.99 6.87 7.91 3.85 8.63 6.06 8.43 3.84 1.25 8.94 7.83 6.07 3.67 6.08 9.52 9.67 9.61 3.45 5.28 1.86 7.93 3.14 3.71 3.85 7.43 4.63 1.94 1.3 7.19 5.83 7.08 6.57 2.91 3.67 2.68 9.98 2.41 7.31 5.01 4.81 2.7 2.72 4.55 2.29 9.03 8.36 9.15 2.27 1.83 2.62 5.09 7.1 3.89 2.32 3.75 4.69 2.55 7.12 8.38 7.26 8.78 2.32 8.63 5.73 9.22 3.58 6.07 3.28 7.43 4.29 7.7 2.66 6.83 7.3 7.44 5.11 2.27 9.58 5.47 2.95 9.43 1.37 9.58 5.29 4.37 5.89 8.7 4.9 9.63 6.62 8.43 2.14 5.12 1.2 3.95 7.93 4.48 7.43 2.15 8.45 9.91 3.93 5.0 5.75 8.78 9.72 2.36 2.7 2.72 8.27 4.76 7.81 2.39 4.47 8.22
2.7 8.31 9.12 6.38 9.67 9.03 8.53 2.92 5.07 7.28 2.31 6.69 2.69 7.18 8.57 5.86 5.93 7.71 4.52 3.56 4.98 2.36 4.74 1.7 8.55 8.9 2.55 7.29 1.35 4.73 8.17 6.91 3.14 4.14 9.44 3.52 1.77 5.54 5.76 5.07 1.79 2.97 7.4 4.33 1.16 5.66 4.75 5.2 3.3 2.42 4.29 9.58 9.18 2.3 4.32 7.73 9.29 8.17 5.48 5.62 7.93 6.18 3.33 7.56 6.71 4.89 9.83 2.95 2.95 4.74 7.45 2.34 2.92 7.97 6.7 2.87 6.41 1.05 5.73 7.52 1.58 9.13 9.6 9.35 5.85 1.54 6.93 4.7 6.14 9.79 3.92 2.99 3.23 5.05 4.63 7.25 9.43 3.21 8.5 2.49 3.66 1.1 6.22 6.67 5.74 8.44 6.43 6.46 3.02 9.86 1.82 8.97 2.2 2.22 7.93 1.94 6.98 6.99 3.36 2.6 1.65 3.1 3.3 4.75 9.56 4.08 6.16 7.85 8.4 1.45 8.98 2.13 9.45 1.04 3.95 7.14 6.85 3.62 7.46 5.58 5.31 2.32 8.46 4.55 1.09 8.6 1.53 1.36 7.13 1.14 5.5 5.93 7.85 4.02 3.88 8.61 9.04 3.03 5.37 1.86 1.94 9.37 2.56 3.09 5.33 7.91 4.1 7.76 4.45 6.54 8.03 1.87 1.46 5.4 1.1 3.06 6.21 8.74 6.88 2.17 7.66 4.75 7.73 9.28 1.01 9.63 7.66 4.06 7.87 4.29 8.8 9.37 3.0 8.06 9.83 6.24 7.79 6.05 1.59 1.36
9.42 2.17 4.43 5.3 7.09 1.77 1.94 7.85 1.74 8.52 9.07 7.16 5.19 7.3 5.64 3.13 1.63 9.04 8.47 5.92 7.77 9.52 4.02 7.43 3.87 6.03 6.54 8.08 8.36 3.74 6.6 5.12 1.47 5.79 5.69 9.26 3.0 4.75 8.95 4.45 1.47 1.89 4.57 2.09 6.52 1.51 6.07 8.04 3.29 6.35 2.06 7.88 9.64 7.38 2.66 3.72 8.49 5.63 4.79 7.53 2.93 9.69 1.55 6.82 1.94 4.92 3.98 4.06 9.67 1.08 2.86 8.0 9.29 1.19 4.63 5.52 9.55 6.28 5.17 4.05 9.41 5.53 6.51 8.55 1.28 9.47 3.49 8.79 6.35 6.87 9.82 5.76 8.46 3.25 9.46 5.95 7.49 5.43 5.98 4.64 2.48 5.59 9.35 5.66 4.5 8.67 5.78 5.91 8.54 9.07 4.35 2.46 6.18 5.5 4.72 3.14 3.11 9.08 9.68 2.95 4.11 1.53 7.25 5.41 4.52 7.66 2.03 6.55 3.54 7.52 3.79 6.32 9.04 7.31 6.57 3.35 6.17 4.78 9.41 2.2 9.97 2.46 8.96 1.07 5.45 9.43 9.05 2.96 1.7 3.89 8.32 2.19 6.11 1.34 7.14 7.19 1.35 4.49 7.44 1.88 5.81 9.5 4.7 8.15 5.79 3.22 8.56 5.79 8.75 4.6 1.01 7.86 5.96 8.84 1.77 1.67 6.43 3.83 2.2 8.0 3.09 5.46 7.25 6.91 7.34 4.85 2.0 5.69 4.46 7.17 4.85 6.9 2.5 4.01 2.51 9.96 3.96 4.23 8.67 1.13
8.08 8.13 7.22 2.37 5.21 4.0 8.67 4.81 6.09 9.73 9.49 1.51 1.33 7.26 8.59 9.27 4.62 9.54 8.42 2.38 3.07 5.94 3.17 6.95 3.21 3.29 6.32 8.12 5.28 8.1 1.7 3.83 1.44 6.91 8.54 9.14 8.27 8.19 3.13 2.93 5.45 5.67 3.85 8.78 2.0 9.86 6.14 4.05 8.54 8.95 8.35 4.39 7.39 4.64 1.45 9.07 3.74 8.39 1.28 8.54 7.75 7.56 7.13 4.23 7.57 1.93 9.03 6.27 1.78 7.55 4.24 3.97 2.84 6.4 1.31 8.2 7.63 6.04 3.35 9.95 9.3 8.25 6.55 8.81 5.86 3.03 9.95 1.01 6.14 5.7 6.03 2.53 7.22 1.36 7.67 1.05 2.6 6.66 1.44 5.2 2.39 5.61 3.04 5.23 9.56 2.13 4.94 6.22 5.98 1.53 3.91 9.71 3.92 1.52 1.67 5.55 2.82 2.94 8.15 8.25 2.22 4.23 6.38 3.18 4.44 5.75 3.5 1.62 9.64 2.25 3.97 6.19 1.92 8.34 4.05 3.27 2.26 1.77 3.8 2.11 3.06 7.39 4.17 3.45 3.07 3.94 7.64 8.7 9.03 3.54 8.88 1.94 8.98 2.55 8.88 3.71 7.81 4.38 3.16 7.67 3.33 5.34 7.5 9.24 7.23 1.63 5.71 5.45 7.3 6.52 6.19 4.61 2.82 8.99 7.52 4.94 7.63 2.6 8.09 2.68 3.66 5.28 1.51 2.12 6.82 2.59 1.09 4.19 8.04 1.21 8.34 5.18 8.91 5.55 3.89 2.56 7.37 8.77 2.4 2.82
3.72 6.73 5.0 9.94 1.03 8.75 5.15 9.95 8.99 7.9 2.68 4.2 4.54 4.61 4.22 9.73 4.17 7.77 9.13 2.49 5.89 1.28 9.82 4.46 4.4 3.95 7.59 2.13 3.49 4.93 4.78 8.75 2.06 8.86 4.14 3.74 9.45 4.05 3.23 5.32 8.64 4.02 5.04 3.18 2.56 9.77 3.91 2.16 2.7 6.84 4.51 2.47 5.62 7.56 4.58 9.55 2.47 6.85 9.92 4.6 6.0 7.0 9.17 1.41 9.72 9.37 3.18 5.65 7.32 5.28 3.1 2.7 6.87 5.53 2.04 8.46 8.98 5.53 4.32 5.48 3.09 9.92 5.48 2.04 3.89 1.62 6.93 5.76 4.43 8.19 8.2 6.73 5.91 5.4 6.14 9.86 4.99 1.04 8.83 1.87 9.07 3.95 8.2 4.78 5.46 6.26 6.07 6.58 1.16 4.72 2.75 7.57 9.91 9.9 6.57 2.6 2.51 1.0 2.58 3.21 4.75 8.44 1.94 7.71 7.03 8.33 6.21 6.3 5.83 1.09 6.02 8.67 7.58 6.13 8.28 7.65 4.9 7.96 7.92 1.46 2.26 6.4 2.75 9.67 9.41 1.61 1.94 3.03 4.0 8.69 9.09 6.75 4.75 9.96 3.84 2.12 1.9 6.35 3.15 2.64 3.27 4.19 1.95 8.88 8.28 9.65 3.77 6.09 3.25 9.62 4.54 3.98 4.2 3.61 9.43 5.44 8.75 5.42 4.59 5.45 3.57 7.67 8.08 5.85 3.44 8.86 1.57 7.34 2.59 9.67 8.28 3.68 7.71 1.88 7.58 4.38 1.32 4.29 5.59 7.7
1.08 1.95 7.7 5.58 1.78 7.54 2.23 1.15 3.56 1.17 2.62 9.73 6.19 1.04 7.09 4.34 5.49 8.02 2.13 9.68 9.86 2.09 9.94 7.77 4.85 6.15 6.41 2.35 4.45 6.93 1.08 7.19 8.42 1.92 4.33 8.07 8.16 5.11 8.99 2.85 2.66 8.52 7.87 5.17 6.7 7.5 4.49 8.71 7.29 1.34 4.79 4.03 5.71 8.79 3.89 2.99 2.13 4.16 3.16 8.26 7.78 9.08 7.19 4.96 5.77 8.0 3.44 5.65 5.02 4.76 6.62 5.53 4.22 9.26 7.02 1.65 6.57 4.81 4.93 5.53 2.63 3.52 2.46 5.19 8.32 6.47 9.8 6.66 3.06 3.9 10.0 7.19 7.21 2.92 2.04 5.0 1.78 4.29 9.06 7.93 5.23 2.9 3.93 2.44 2.85 8.41 2.59 1.37 7.19 6.22 7.75 3.24 9.76 5.81 5.54 4.4 5.0 9.95 7.18 1.37 2.32 3.33 7.05 8.32 9.66 1.46 5.13 9.27 3.14 2.87 9.04 8.26 4.81 8.74 4.73 1.33 5.78 8.59 2.59 6.89 8.31 7.72 6.09 8.14 9.37 4.75 4.74 1.94 6.38 6.8 1.15 3.39 3.72 7.86 2.82 3.94 3.28 9.67 6.81 3.59 1.23 7.55 1.79 5.34 5.26 2.25 9.73 8.9 7.23 9.72 3.33 1.77 2.7 6.64 9.99 1.83 4.52 3.6 4.37 2.82 5.73 6.04 3.74 4.27 5.73 3.47 6.15 7.59 9.42 2.06 6.34 4.57 5.86 3.02 4.29 3.8 6.58 7.08 8.65 4.22
5.54 2.32 8.64 3.99 5.61 8.98 2.13 6.52 3.1 9.23 2.97 3.21 7.45 6.78 9.69 7.22 6.99 7.44 2.54 6.68 7.56 4.46 6.32 1.37 8.19 3.3 5.64 7.02 8.21 3.3 6.62 7.07 2.52 3.68 4.3 9.58 6.4 3.29 2.74 4.84 5.35 7.01 8.91 3.5 6.06 5.52 9.52 5.34 2.44 2.38 7.54 5.15 6.42 3.34 6.73 9.72 2.61 9.71 5.75 7.07 3.65 3.69 3.91 6.35 6.35 3.24 9.75 5.89 2.65 9.91 1.58 2.16 2.17 2.82 7.46 7.25 1.03 2.64 3.91 6.77 3.4 1.21 6.21 5.83 7.14 5.02 9.68 4.47 3.72 1.92 6.36 3.25 3.02 2.32 5.92 6.61 7.73 5.62 8.53 9.57 6.95 3.03 1.18 3.09 2.49 5.84 4.52 9.41 8.16 1.04 4.98 3.05 3.67 9.99 5.32 8.29 5.8 3.19 9.79 3.21 3.5 6.75 6.17 8.63 5.51 6.5 7.77 5.66 6.25 2.0 7.27 5.05 2.39 1.04 8.25 3.25 2.33 4.73 4.59 2.35 4.74 1.89 1.45 1.85 9.45 6.42 8.51 5.28 4.75 3.81 7.06 1.1 4.26 7.73 5.03 5.43 7.92 9.58 7.82 5.15 8.15 5.96 3.59 2.01 9.11 9.47 3.16 8.77 2.77 3.41 5.61 9.71 3.84 8.84 8.14 1.84 7.34 5.71 7.76 8.18 3.91 8.36 1.94 7.34 2.05 7.35 2.31 1.47 9.98 7.5 2.19 9.59 7.91 2.6 6.47 2.88 8.75 8.42 7.87 1.35
8.49 8.21 1.19 3.15 5.55 2.74 3.42 8.06 5.93 8.56 3.3 1.86 6.93 3.39 7.16 3.35 9.81 3.06 8.14 7.62 8.49 6.91 6.2 2.68 9.6 1.82 8.76 5.89 3.61 3.32 9.29 6.1 1.47 2.4 9.29 1.84 4.94 2.66 2.41 7.46 9.25 7.58 9.6 5.05 5.8 1.93 8.5 4.68 1.69 4.85 1.82 4.83 7.56 2.63 6.31 1.03 2.41 3.68 5.13 3.83 4.56 5.53 9.5 8.88 2.86 9.12 9.51 2.12 4.47 3.49 3.6 9.86 2.3 1.01 4.47 4.17 4.12 2.13 4.22 9.22 6.67 8.5 5.94 4.66 4.32 9.9 4.31 9.61 1.77 1.05 4.07 7.94 6.97 4.64 3.76 6.53 2.39 3.13 8.71 4.37 6.64 9.56 7.16 6.88 5.62 8.59 6.61 1.09 9.31 1.31 9.57 6.86 9.61 7.02 6.91 7.06 6.49 9.52 9.22 7.33 9.67 2.22 9.83 3.54 2.21 7.88 1.75 1.03 8.17 8.78 2.97 5.72 6.71 8.91 1.03 9.97 9.04 7.28 7.02 1.16 8.17 2.04 3.89 4.53 1.89 5.64 8.74 8.78 9.78 6.43 7.95 9.13 9.84 9.25 7.8 8.99 3.43 6.68 7.97 9.72 6.87 6.79 2.14 6.66 4.52 6.17 2.17 4.79 3.05 4.13 8.33 1.85 9.17 4.92 2.59 3.45 3.96 3.73 6.73 9.14 5.1 9.48 5.06 1.78 7.87 5.22 7.44 1.54 9.66 9.1 6.13 7.81 9.74 5.51 2.37 6.83 2.53 4.28 3.99 4.52
4.52 5.68 2.48 4.29 1.98 3.01 5.45 1.07 3.06 9.76 3.15 5.38 1.74 9.89 9.82 1.51 8.99 2.39 5.72 2.11 7.1 5.18 8.44 4.0 9.64 5.43 7.63 1.09 3.39 7.94 3.02 7.08 9.36 7.94 8.78 4.76 9.03 3.48 6.15 9.99 9.07 1.85 5.34 3.06 9.39 3.57 2.64 1.67 2.11 1.06 2.37 1.61 9.08 5.66 8.29 1.98 3.25 5.37 6.41 8.36 6.42 7.74 3.83 2.52 8.99 8.36 1.89 8.8 6.3 4.55 4.23 6.94 6.95 7.2 1.62 9.55 4.65 8.67 6.62 1.39 7.51 5.11 2.09 1.91 9.19 9.33 5.48 3.22 2.3 1.41 2.14 6.04 1.27 4.61 6.04 5.1 6.59 8.36 5.05 7.19 7.45 3.31 9.71 8.01 6.11 6.56 2.3 5.28 3.13 8.74 6.0 8.34 5.24 3.19 9.98 6.23 5.8 7.33 7.8 2.45 5.38 8.02 4.87 1.37 9.45 3.43 7.55 1.75 8.22 7.67 1.84 1.21 7.52 5.23 1.86 4.3 7.06 8.04 7.96 5.3 4.06 6.85 4.29 9.21 8.51 5.27 3.42 4.26 8.59 4.76 1.75 2.33 3.2 4.76 6.99 7.99 2.8 9.47 8.62 4.13 2.48 9.49 3.79 4.67 3.72 2.14 5.39 1.75 4.64 3.47 4.23 4.87 7.49 6.84 8.55 6.75 2.16 8.99 3.92 4.79 2.64 1.4 8.21 3.2 1.14 4.04 5.64 4.27 4.74 3.36 4.13 2.79 2.66 6.06 1.36 5.96 9.95 6.74 6.58 5.17
9.26 2.28 5.07 4.9 9.82 1.93 5.97 8.42 7.14 2.59 8.69 4.69 8.31 4.15 6.99 3.54 7.17 3.41 5.16 6.68 1.08 6.71 5.56 7.71 2.32 4.48 3.73 7.58 4.11 2.02 9.43 7.4 8.67 1.78 1.71 2.4 9.8 7.99 3.06 3.31 8.87 6.0 6.34 6.73 7.24 9.0 2.52 3.61 2.34 5.92 6.39 4.5 1.68 1.77 2.51 3.08 6.65 6.35 5.67 9.7 6.66 3.86 7.21 9.64 6.45 2.26 5.45 5.74 2.03 3.94 3.92 6.81 8.86 2.26 4.91 8.53 5.4 5.1 2.07 8.42 9.27 5.37 4.55 3.81 9.48 2.62 9.48 5.86 4.69 6.15 8.36 4.51 1.34 8.55 7.29 9.62 2.06 3.21 2.77 3.89 9.72 2.22 8.23 8.18 6.09 1.91 5.31 7.08 9.7 9.04 8.58 8.02 2.5 9.07 2.18 4.7 9.23 9.6 9.22 1.33 7.08 4.12 6.06 3.9 8.68 6.93 2.44 3.26 5.99 8.61 1.45 3.3 5.74 8.4 8.52 4.52 5.04 9.75 3.84 3.52 7.02 9.32 8.88 4.41 3.23 4.26 8.54 4.51 2.24 4.59 6.76 4.38 8.89 6.22 4.43 1.13 7.74 7.3 6.04 7.13 1.3 3.43 3.17 6.95 8.42 7.41 6.86 1.4 2.09 6.84 8.23 5.87 6.48 7.37 1.32 7.88 8.09 7.63 7.6 4.05 8.12 2.74 7.04 5.12 6.74 2.17 4.96 1.46 7.31 1.17 7.13 9.46 9.17 3.19 7.35 3.27 9.72 7.13 1.36 2.0
4.89 9.11 2.95 6.26 5.39 9.0 3.27 2.84 7.86 6.64 2.85 3.08 8.36 7.0 8.27 7.45 7.69 8.07 4.36 5.73 2.21 5.76 3.69 4.96 8.87 7.91 7.51 9.98 9.17 7.82 2.62 5.39 3.78 7.19 6.24 5.74 8.14 6.28 1.98 5.51 5.78 7.27 7.12 7.97 1.47 1.59 1.76 3.83 8.9 8.12 4.6 1.76 1.83 9.48 4.83 2.06 3.11 8.24 5.03 4.02 5.94 2.63 6.46 8.83 8.82 2.47 5.94 7.53 5.75 5.68 8.42 3.87 6.4 1.31 2.59 4.65 3.53 8.13 1.02 8.22 4.84 5.28 2.64 2.18 2.16 4.27 7.43 9.87 8.81 8.85 3.79 7.76 1.3 5.88 3.4 9.32 7.94 8.67 4.51 6.53 4.07 7.57 8.88 5.6 4.31 4.48 4.83 7.38 8.93 4.99 7.63 1.05 1.66 1.42 4.49 5.14 5.52 6.61 5.63 4.24 8.34 3.18 2.66 7.36 2.23 5.08 1.97 9.89 4.12 2.92 5.47 9.3 2.78 3.7 7.09 2.51 7.43 9.15 9.4 8.93 8.49 3.77 3.99 6.73 1.42 5.52 1.66 9.06 8.71 1.71 1.34 7.01 8.81 8.08 3.34 5.39 7.94 2.34 3.88 3.94 4.17 4.22 5.4 5.13 6.96 2.14 3.35 3.64 1.04 4.1 7.59 9.48 1.19 3.19 8.62 9.87 9.34 5.78 8.2 4.12 4.94 4.88 6.83 9.94 4.21 1.05 2.16 4.86 9.69 3.22 9.97 6.6 1.98 9.25 1.65 1.14 2.8 6.0 9.54 7.53
8.57 2.18 1.74 2.1 9.32 5.79 1.57 4.94 9.19 8.44 3.68 2.42 1.91 6.15 1.49 3.24 2.77 7.8 8.23 5.88 3.6 8.41 9.75 8.2 3.98 5.83 1.74 3.07 7.56 9.33 4.68 4.17 7.72 6.0 2.32 6.78 4.46 8.05 6.62 2.94 4.9 5.65 1.8 9.47 6.97 8.31 7.93 5.41 9.13 7.16 7.82 5.51 4.36 6.09 3.93 2.78 9.81 1.6 5.5 5.25 7.93 9.69 4.99 6.46 3.29 7.02 6.69 8.75 5.53 9.99 9.7 1.27 1.41 6.92 1.56 9.18 5.07 8.12 5.34 6.07 5.03 7.54 8.82 4.99 9.54 2.2 2.57 9.73 1.76 3.73 9.07 5.16 5.96 6.59 6.42 3.53 9.11 2.45 8.25 9.31 8.88 7.36 9.76 7.34 1.27 9.64 5.16 7.63 3.91 4.9 5.23 9.53 8.8 4.6 1.47 6.51 4.1 3.81 7.95 2.14 6.67 1.65 6.05 5.48 7.59 7.76 6.23 6.72 6.89 5.82 1.1 5.03 1.16 9.84 2.02 3.05 3.65 5.81 3.18 3.02 8.67 8.56 3.49 6.47 4.11 2.45 1.4 5.2 8.76 7.91 7.39 2.36 3.87 2.31 1.54 4.23 8.75 3.87 5.03 6.34 6.36 2.09 8.73 3.13 1.12 9.31 8.78 1.13 2.17 1.72 7.16 4.66 7.96 5.43 5.28 6.96 9.57 2.28 2.09 9.67 3.38 9.97 7.92 8.2 2.87 2.07 6.55 9.07 9.65 5.16 4.04 5.63 8.09 6.86 6.9 7.73 3.78 4.42 6.12 3.05
2.0 2.27 1.16 9.44 7.48 9.41 1.96 2.12 2.66 9.55 5.37 1.84 1.88 9.24 4.38 8.06 6.28 2.45 9.17 7.37 5.18 5.55 9.31 1.64 3.87 5.98 2.09 6.08 4.9 5.34 3.5 6.92 9.01 7.69 2.73 2.69 9.22 1.76 2.2 9.61 6.63 7.34 9.34 9.9 1.01 1.75 5.04 6.0 1.52 4.94 7.12 9.87 2.37 9.45 3.01 7.43 3.83 7.12 8.96 4.79 2.86 3.28 4.34 7.92 4.34 7.18 2.5 4.39 2.86 5.23 3.19 3.74 2.93 8.65 7.61 4.87 3.27 8.25 6.85 7.04 2.53 3.08 4.57 9.53 9.68 8.42 6.76 8.9 3.74 5.14 8.31 6.77 7.52 9.26 1.63 1.65 4.29 4.3 4.51 6.54 2.23 1.89 9.67 5.02 4.12 1.79 5.41 1.3 7.94 9.44 2.45 2.19 5.98 3.3 2.47 5.85 6.15 8.35 5.89 8.83 7.14 8.94 1.23 6.27 9.91 3.93 1.9 3.53 3.89 4.06 2.26 7.49 2.29 6.14 4.2 5.87 6.58 1.55 8.1 1.05 3.73 2.2 7.83 2.94 6.09 1.76 7.72 9.92 5.86 7.76 9.15 5.71 4.96 7.25 5.35 9.01 3.97 2.74 1.87 5.51 7.34 5.6 2.49 3.49 6.56 6.76 3.93 4.04 5.01 8.64 2.51 6.12 9.95 3.83 8.29 6.51 1.46 8.23 2.53 2.07 8.81 6.35 9.39 2.55 3.58 6.23 8.64 3.53 3.8 8.96 9.46 3.81 5.78 2.97 8.46 8.57 8.86 1.38 8.08 8.4
9.49 6.44 6.08 6.67 3.3 4.57 2.1 6.83 9.28 4.97 2.79 3.06 9.57 8.15 9.03 9.73 9.3 9.63 7.13 5.27 8.92 7.27 2.62 9.65 5.43 9.52 9.3 8.48 6.05 8.29 1.66 7.62 2.42 6.95 5.08 3.95 9.2 8.75 9.2 4.19 4.93 3.99 5.89 8.72 4.28 4.49 3.33 4.36 2.09 1.35 6.98 2.75 3.68 7.89 6.28 1.38 9.53 7.3 9.59 2.48 4.57 1.77 5.27 7.14 7.88 6.13 2.81 3.24 6.29 2.93 4.4 5.74 6.56 8.84 4.21 7.64 1.16 7.95 4.0 9.3 4.51 1.8 4.88 6.3 7.85 8.52 7.14 7.05 9.14 3.25 3.03 4.08 2.44 8.21 9.27 9.78 7.77 6.74 6.63 5.86 7.39 4.37 1.01 9.17 3.87 4.67 2.32 4.74 3.8 8.21 5.89 9.07 5.51 3.49 7.97 6.29 8.49 5.32 8.99 9.24 4.16 3.13 6.84 1.64 7.48 9.6 4.73 1.43 6.13 9.27 4.1 7.23 5.48 7.82 4.15 4.8 8.06 8.22 5.53 8.81 9.67 5.77 4.37 1.2 4.35 3.96 8.64 5.35 2.76 5.53 8.31 5.26 7.15 5.07 5.15 3.41 4.72 1.67 1.31 3.54 1.23 8.48 1.47 4.22 1.66 5.04 9.52 4.77 8.55 3.58 3.77 5.88 1.54 3.03 7.04 2.64 4.29 8.52 4.3 8.61 2.73 9.55 5.63 7.69 5.4 2.02 4.56 8.47 9.7 1.77 2.4 5.73 6.8 6.9 7.58 3.04 4.47 1.03 3.3 4.9
7.94 6.2 9.98 4.01 2.22 7.62 9.71 3.54 1.85 5.01 2.39 5.39 3.16 2.68 7.24 9.47 1.13 6.33 4.04 2.6 1.11 6.63 1.96 1.51 4.43 2.74 1.87 9.71 3.74 9.02 7.6 7.67 9.33 8.71 4.22 3.4 5.92 5.83 4.8 4.01 1.58 6.57 7.46 9.16 2.92 1.14 5.25 1.21 7.36 9.17 2.93 1.88 5.3 5.12 1.19 3.87 9.35 4.4 1.3 7.75 1.86 4.85 7.16 2.98 6.02 5.7 7.03 6.81 2.05 5.35 1.42 9.96 8.21 1.21 2.16 6.98 6.14 5.56 7.26 4.69 9.21 5.18 5.71 3.14 2.16 2.63 2.52 3.1 8.52 2.34 9.09 9.94 5.55 6.44 3.29 4.94 5.23 8.79 3.34 6.24 5.26 3.15 5.46 9.46 9.29 8.66 1.33 1.54 7.83 3.54 3.48 5.63 4.24 2.25 4.5 4.5 1.34 7.47 5.62 3.8 2.72 4.19 3.36 3.44 4.96 4.66 2.7 6.87 2.46 8.47 4.48 8.83 2.01 5.49 4.16 5.46 8.7 2.32 4.26 7.6 1.52 3.15 2.47 3.94 5.18 2.03 5.27 2.34 5.39 8.21 7.44 7.78 8.1 2.86 2.01 3.55 8.5 2.94 3.72 1.27 8.54 9.76 9.2 2.15 2.02 3.09 7.64 3.18 4.62 9.7 5.79 4.7 3.33 5.55 8.75 7.49 5.74 5.89 2.26 8.74 7.2 2.74 1.13 4.02 2.99 6.64 9.49 7.07 7.61 3.59 4.94 2.04 5.21 9.72 3.55 7.88 7.09 1.67 3.79 5.8
9.75 8.52 9.21 6.19 2.68 8.4 2.84 2.27 7.87 6.94 8.09 8.35 6.99 1.9 5.19 4.71 8.28 6.51 8.31 2.65 2.45 6.78 2.56 7.37 7.83 2.64 2.29 8.98 3.73 2.03 1.49 5.49 7.09 4.11 1.85 4.95 2.79 5.98 8.21 3.6 1.16 7.43 3.91 8.7 2.94 7.53 1.16 8.86 3.55 8.04 8.01 8.72 5.06 3.15 5.63 6.92 5.14 8.16 9.13 2.53 8.74 9.46 5.36 4.53 6.91 4.74 9.01 4.4 5.76 8.39 3.21 7.04 4.01 5.41 8.14 5.4 4.57 8.16 1.56 7.59 3.02 5.86 8.91 4.16 7.1 7.02 9.79 6.12 8.26 3.5 7.86 7.52 7.45 6.94 9.57 1.57 2.52 8.31 6.47 4.87 6.27 5.95 9.56 2.82 4.51 2.33 3.22 4.45 8.68 4.94 9.09 4.67 6.31 9.25 4.42 4.35 8.43 6.33 9.01 9.12 8.9 5.38 8.17 6.23 4.02 9.92 3.93 1.25 8.02 1.47 3.66 9.21 4.2 1.93 5.52 8.37 2.67 3.13 3.4 2.85 2.11 5.47 8.0 5.68 3.43 1.69 1.51 1.13 2.92 8.18 6.4 5.8 4.4 8.08 2.81 1.81 1.15 9.8 6.53 8.16 4.71 9.79 1.54 8.77 1.97 3.08 3.28 5.33 6.27 3.9 6.09 1.96 5.79 9.83 8.5 9.86 7.32 4.57 3.54 1.5 8.79 2.97 3.63 5.86 1.91 4.82 5.13 1.59 7.52 2.73 9.49 2.28 9.53 3.95 6.9 5.13 1.39 4.16 1.76 4.43
1.87 5.27 7.21 2.05 2.84 7.26 2.14 4.62 1.66 1.12 8.46 4.83 9.24 6.28 6.49 5.6 7.22 1.62 4.93 9.39 9.4 1.84 6.78 6.01 9.33 7.42 6.88 4.16 7.05 6.73 7.2 9.75 6.47 6.23 8.28 9.09 2.67 8.32 1.38 3.65 1.7 6.84 3.03 5.93 5.06 9.36 3.93 5.61 3.0 5.66 4.98 5.31 6.67 7.82 1.83 3.14 4.48 4.75 9.84 9.34 1.47 2.36 6.65 5.25 3.67 2.17 1.72 3.25 1.63 2.32 7.2 4.17 9.12 9.44 1.06 3.05 3.29 5.82 4.88 1.58 6.12 6.87 9.4 9.39 9.52 7.5 1.07 3.61 9.54 6.56 9.2 1.06 6.92 2.64 1.26 9.67 7.63 1.89 9.44 5.28 2.84 9.51 4.16 5.81 5.25 4.9 6.97 7.27 2.11 6.07 5.99 5.23 9.52 9.61 9.66 4.77 1.82 4.96 2.21 4.47 1.01 6.65 5.64 2.22 6.55 8.28 2.29 8.96 1.42 6.56 8.98 2.2 6.37 3.53 9.94 7.65 3.62 2.28 9.49 3.76 1.02 8.45 9.44 3.11 4.38 7.6 5.36 9.54 4.68 1.82 7.6 1.27 4.55 9.71 3.04 8.74 5.31 5.4 7.87 7.81 1.77 2.09 2.65 2.11 4.37 1.9 5.16 8.44 3.04 5.5 1.39 1.93 8.63 1.22 2.43 8.76 7.15 1.09 1.9 9.58 2.73 5.21 3.14 4.96 9.74 2.44 9.29 6.62 2.42 2.04 2.58 1.5 2.06 1.06 7.0 6.69 7.6 9.89 3.88 2.56
8.82 6.28 3.91 3.33 7.5 1.38 9.47 6.25 3.03 1.43 1.75 5.31 1.53 9.27 5.39 5.15 2.1 8.65 5.06 2.66 5.74 2.67 5.48 8.56 8.03 6.13 7.13 7.16 4.74 5.94 6.56 3.57 6.64 5.93 7.72 5.33 6.7 8.89 8.36 7.15 2.98 8.19 1.73 9.73 1.97 2.99 2.5 2.95 8.85 6.43 7.13 5.4 3.14 9.18 2.88 6.93 2.5 5.84 1.42 3.65 1.9 1.8 5.22 4.86 5.93 1.82 5.16 7.53 6.76 5.29 8.46 6.28 2.95 5.77 8.86 5.87 5.31 8.24 4.72 9.42 8.37 8.48 2.86 4.54 5.02 6.77 1.82 6.02 7.56 3.07 8.45 3.85 9.75 5.07 7.98 6.74 3.26 6.54 1.61 7.27 8.96 6.95 5.98 2.16 4.24 5.05 4.69 4.55 7.56 6.51 2.59 4.93 6.17 4.11 4.14 7.61 4.69 9.61 3.18 9.39 3.68 5.36 6.36 7.73 1.64 1.83 9.07 5.19 2.48 5.24 4.16 9.5 6.74 9.28 1.95 9.56 3.07 4.86 5.98 7.8 9.51 2.62 8.48 4.08 3.23 1.17 9.43 2.48 7.09 4.25 1.93 5.65 2.61 7.32 9.15 3.27 8.66 1.46 3.24 4.67 2.29 3.11 9.13 8.7 6.97 7.55 7.84 7.59 9.19 7.75 4.34 3.97 1.18 5.84 4.58 5.73 1.33 4.43 4.31 8.35 8.1 6.72 4.05 4.38 4.28 7.38 1.89 2.32 4.25 7.17 3.41 4.34 7.0 2.84 1.58 2.2 2.35 4.9 7.59 8.26
4.22 8.8 6.42 2.32 8.56 3.99 3.14 8.01 7.19 7.79 7.96 7.84 3.14 9.67 7.84 1.67 6.18 4.33 9.51 7.13 8.76 9.71 4.26 9.68 3.4 8.72 8.7 4.52 8.37 7.48 3.43 3.64 3.52 2.41 7.03 2.52 6.98 7.72 2.41 7.9 4.17 6.62 9.62 6.3 2.09 9.41 4.23 8.94 7.97 6.68 8.22 5.23 5.58 2.43 8.84 9.14 3.87 6.67 7.28 9.68 5.63 5.36 3.12 7.9 5.11 6.7 5.2 7.69 8.51 9.16 9.92 5.43 5.22 9.63 5.76 5.17 6.74 2.45 6.91 9.2 7.29 4.13 7.77 7.37 8.2 3.77 4.43 8.1 4.29 9.48 6.15 4.86 4.92 8.21 4.18 5.77 9.12 6.22 8.94 2.74 4.22 3.55 6.06 4.3 9.49 2.61 3.71 9.08 4.75 8.57 6.59 6.93 3.49 7.23 8.47 2.54 6.85 9.51 6.83 4.93 5.65 7.14 4.33 6.74 9.15 8.98 5.46 7.83 1.27 5.28 5.28 1.57 1.58 5.0 9.37 2.67 1.37 7.77 3.24 6.02 4.29 8.77 7.1 2.57 9.85 7.54 9.63 6.78 6.72 9.74 3.68 4.2 5.75 4.22 9.44 7.85 9.38 3.32 2.49 2.49 5.31 3.86 3.64 6.24 8.36 8.22 1.38 7.72 8.52 2.61 1.69 1.16 4.53 1.1 8.77 1.92 8.65 3.84 2.65 6.74 3.85 6.99 9.69 6.44 6.3 4.15 3.86 4.92 2.66 5.82 7.01 3.68 5.43 3.8 9.76 8.06 3.05 6.29 4.55 8.89
1.38 8.28 7.51 4.91 4.61 7.32 2.13 6.12 3.36 1.68 1.59 5.68 7.3 1.51 7.11 4.15 1.14 3.95 9.9 9.17 9.81 4.17 7.36 8.73 1.1 2.95 9.23 2.74 1.21 3.64 7.79 8.61 2.43 3.39 5.96 1.38 5.77 7.51 8.94 4.49 8.32 3.54 3.11 8.11 9.66 2.76 2.86 2.17 6.69 2.37 5.8 4.59 1.44 2.06 4.92 5.39 1.0 8.72 4.01 9.51 5.36 8.81 9.85 6.58 4.93 6.39 7.6 9.48 6.4 2.52 7.83 8.33 9.75 5.02 2.43 2.28 3.22 9.9 8.54 1.28 9.84 7.65 2.98 1.77 3.57 2.05 4.77 1.77 6.15 9.25 7.42 3.34 7.59 6.9 8.59 8.08 9.11 9.96 3.27 9.21 7.57 5.1 6.05 8.85 2.23 6.19 6.08 5.81 3.92 9.47 5.83 9.84 8.25 5.12 7.77 7.88 6.41 6.26 7.58 7.91 6.95 3.95 5.33 6.52 1.73 9.94 1.53 9.02 7.46 6.45 9.4 3.47 7.84 4.09 5.26 4.06 8.74 2.63 2.18 4.84 9.75 2.28 3.9 9.55 1.78 9.71 2.4 8.32 6.41 4.08 4.11 2.26 8.86 7.09 1.25 6.94 1.53 8.85 1.66 2.21 4.57 5.45 7.94 9.94 1.65 2.6 3.4 3.25 3.32 5.59 5.47 7.96 1.43 1.56 7.47 1.82 9.65 1.8 3.89 3.14 7.86 7.62 8.29 5.04 7.23 1.47 2.37 2.47 5.66 5.36 2.09 5.86 3.48 3.37 5.46 2.09 3.71 4.93 3.07 4.86
9.5 4.91 4.37 8.41 6.6 2.31 2.66 2.34 8.59 3.42 5.09 3.94 5.9 8.03 4.3 1.61 7.72 1.8 7.1 2.14 8.95 1.39 9.48 4.17 1.52 5.65 3.52 8.36 6.11 4.14 8.41 8.46 1.64 4.49 8.77 7.91 8.59 1.05 9.26 8.39 9.58 3.56 9.38 3.15 2.63 3.62 5.73 7.72 8.95 7.5 3.08 4.07 9.67 4.72 7.6 8.44 7.09 9.86 8.66 3.39 3.55 4.64 4.39 7.67 7.79 5.85 1.62 8.5 4.94 7.84 2.76 2.99 5.9 2.09 1.98 6.53 2.19 4.2 4.11 8.78 7.92 8.48 5.67 4.88 3.44 7.8 7.42 1.36 4.69 7.63 4.68 2.29 8.88 2.99 5.78 9.38 3.46 7.49 7.69 1.46 5.05 2.79 3.83 8.28 7.79 5.96 5.66 2.7 4.21 5.65 8.15 3.13 8.09 2.35 2.48 1.77 7.5 7.88 3.49 9.87 2.92 8.92 7.64 8.23 7.39 7.65 7.11 5.33 6.21 8.55 1.72 4.07 2.64 3.21 8.85 4.58 8.82 9.24 6.83 3.9 8.28 1.99 5.75 7.08 5.49 6.12 9.01 3.15 8.53 1.17 7.37 7.14 5.2 8.4 1.99 1.6 2.53 4.81 3.98 3.32 1.91 4.98 4.44 9.17 6.17 8.35 9.34 6.17 7.51 9.49 6.3 5.17 8.02 8.4 7.05 2.0 7.98 1.92 6.19 2.91 8.5 5.58 8.94 5.5 1.73 1.84 5.27 1.7 5.79 5.32 2.77 1.71 9.47 1.02 5.66 8.58 2.26 9.28 3.99 2.1
9.6 7.02 5.81 5.08 3.27 1.21 5.58 2.16 9.33 8.43 4.79 9.61 5.06 4.41 1.36 8.91 8.64 6.11 3.93 1.64 1.36 9.24 1.77 1.2 1.81 8.74 9.15 5.19 3.64 3.8 5.98 3.79 8.13 4.52 6.91 3.66 4.47 2.67 7.19 4.49 9.91 3.4 1.4 8.89 6.83 2.08 8.71 6.82 8.72 6.8 6.01 7.74 6.35 2.41 2.45 3.98 2.83 7.41 8.51 7.32 7.58 4.47 8.48 6.3 6.1 1.12 1.12 4.72 7.61 5.66 6.31 9.36 6.29 7.58 3.21 6.9 3.35 6.21 8.62 2.03 2.5 1.3 3.5 6.95 4.89 3.6 6.26 2.62 7.8 3.87 9.46 7.27 9.53 5.1 2.01 1.0 1.69 3.25 1.62 8.1 6.32 2.82 2.9 6.91 8.24 9.52 4.34 4.85 1.23 1.98 4.62 3.56 2.44 9.1 6.6 9.45 3.64 1.03 2.39 8.5 2.37 8.44 5.27 7.86 2.55 9.51 2.73 3.24 2.64 1.05 1.59 3.4 3.18 5.14 2.74 5.08 9.21 4.32 6.99 9.58 9.54 9.37 4.41 3.64 2.43 2.42 6.53 1.93 4.33 1.32 6.87 8.09 8.98 4.14 2.95 1.74 2.48 8.23 2.02 4.44 1.01 6.65 5.78 8.91 1.63 2.89 3.67 7.2 4.89 8.64 3.38 1.66 7.63 3.95 5.58 8.21 6.76 1.73 3.3 2.03 1.12 9.59 6.97 4.91 5.8 9.7 1.13 1.51 6.84 1.95 2.11 2.33 9.23 5.44 7.46 4.92 3.23 6.0 2.98 5.34
2.84 7.68 1.7 1.67 5.54 8.42 6.98 2.45 9.89 7.84 9.72 2.49 8.02 1.92 9.16 8.4 8.35 8.86 6.3 5.72 2.5 8.86 1.43 6.99 4.0 5.3 4.54 5.6 2.3 5.75 3.71 1.9 2.6 6.54 3.29 6.81 6.42 8.61 5.15 3.77 1.23 6.23 9.96 2.62 1.92 3.65 3.35 5.87 5.54 9.85 5.12 5.82 2.57 8.75 9.18 7.26 1.4 9.72 8.22 6.59 9.72 9.89 7.09 1.53 3.41 5.48 4.97 2.49 3.96 5.78 5.67 1.64 7.41 4.65 7.7 3.65 6.01 2.34 6.8 5.71 6.05 2.68 7.69 8.17 4.57 6.73 6.6 2.06 9.97 5.18 6.7 2.09 7.89 6.05 7.75 5.22 5.91 8.38 9.18 1.78 5.32 3.08 5.88 6.63 2.03 2.59 3.27 4.3 8.97 7.9 9.52 5.96 7.77 1.38 9.84 3.45 5.31 9.27 1.03 6.92 8.38 7.2 3.21 8.77 2.69 3.42 9.15 8.35 4.34 6.23 1.21 2.82 4.44 4.2 9.05 7.57 1.15 3.34 6.67 8.43 6.27 5.29 4.32 3.63 5.66 2.23 9.54 2.69 5.05 5.95 7.18 1.51 3.4 3.08 2.4 2.58 7.35 1.19 1.6 8.25 3.82 4.68 6.51 8.93 5.69 2.71 9.9 1.25 4.16 5.46 1.05 7.37 5.57 2.73 8.48 1.09 3.05 3.61 4.76 8.25 1.91 2.35 2.39 5.11 5.78 9.8 7.82 8.5 4.93 5.4 6.88 8.56 1.14 3.4 6.63 2.82 4.93 1.93 7.5 5.32
8.14 3.54 3.18 4.36 5.93 3.12 6.67 5.21 6.59 6.1 2.36 4.2 3.59 4.26 3.79 9.16 3.09 4.03 3.76 1.05 8.85 3.98 5.46 4.31 9.1 1.28 9.46 4.44 5.69 1.83 7.0 8.42 6.84 1.01 2.41 3.24 9.47 4.39 9.42 3.19 6.29 4.86 5.0 2.16 9.85 8.15 1.41 3.7 9.19 5.93 7.26 8.69 4.96 6.11 7.25 1.88 9.66 5.38 3.29 1.15 9.72 9.24 2.45 6.71 5.68 7.72 3.29 3.73 5.31 9.92 8.31 1.64 7.78 5.73 6.85 4.35 3.26 4.82 2.55 9.98 6.92 6.14 5.04 1.96 2.67 2.68 8.13 3.69 8.85 7.63 5.35 6.86 5.89 6.69 1.16 9.01 2.49 7.66 4.42 6.96 9.05 7.45 3.89 6.39 8.02 2.65 1.86 3.53 3.17 1.39 1.86 6.11 9.73 9.29 4.07 3.25 9.59 3.54 4.44 6.05 5.05 6.52 1.9 8.33 1.66 6.07 6.08 5.72 2.61 6.25 9.91 2.89 6.57 4.68 5.27 4.82 9.52 5.89 8.16 8.46 5.71 1.71 2.33 7.17 8.76 7.72 8.6 8.12 6.95 9.82 1.87 3.69 5.35 7.68 8.91 2.96 7.55 4.58 4.64 6.89 4.3 4.57 8.73 3.09 3.4 5.91 9.45 2.88 3.56 5.65 2.67 7.81 7.14 5.21 2.27 1.78 8.49 8.6 6.79 6.0 1.2 8.57 9.24 9.16 3.91 8.42 2.33 5.21 4.05 2.93 6.32 4.85 7.27 3.1 4.2 2.71 7.25 6.66 9.84 3.69
9.1 2.88 2.99 6.2 3.66 9.7 6.35 8.37 6.38 9.6 6.89 4.09 9.58 5.27 9.19 3.55 5.22 2.89 1.83 9.25 2.63 7.21 2.34 9.65 2.62 7.8 1.64 7.04 4.83 2.91 7.08 6.08 1.12 6.42 8.07 8.82 3.88 9.28 9.7 9.93 2.65 6.05 5.24 8.38 6.0 7.38 3.46 8.38 8.09 9.19 7.85 1.99 3.47 5.23 4.47 6.96 5.97 2.24 8.04 6.11 1.82 7.37 5.77 5.04 8.88 6.06 3.3 5.45 2.69 7.43 9.16 1.16 1.36 7.63 4.89 2.49 3.54 6.7 3.54 1.65 7.36 3.93 8.07 8.81 6.66 7.34 9.48 1.64 6.52 4.68 8.06 2.12 8.14 3.03 5.89 6.05 2.38 4.11 9.54 1.91 2.61 4.08 4.11 2.05 8.97 8.06 8.7 4.2 8.79 4.52 5.41 4.94 3.87 9.25 2.83 3.79 6.15 4.0 2.94 2.12 5.39 1.26 6.15 5.66 3.23 4.25 9.85 6.99 5.25 1.41 7.19 1.09 3.11 7.4 3.69 8.4 8.46 4.11 4.66 5.82 4.15 7.83 8.22 5.96 1.77 2.2 2.94 6.35 8.01 4.88 2.17 1.72 9.05 6.46 9.09 3.01 9.13 2.84 8.2 1.97 1.94 5.94 2.83 1.1 4.46 3.39 7.39 3.99 1.81 9.91 9.76 8.86 8.56 7.31 3.8 5.17 1.48 2.73 9.95 1.53 1.07 1.15 7.48 4.36 1.93 3.82 8.46 7.79 2.4 1.35 4.62 3.8 4.25 3.44 8.22 4.31 4.42 1.39 2.6 4.36
6.97 7.07 7.84 8.29 6.23 4.99 8.78 9.77 8.64 1.79 1.97 1.97 6.68 7.48 8.78 2.24 4.39 8.01 3.24 5.71 3.36 8.97 2.6 9.43 1.28 4.04 1.41 2.56 5.25 2.65 3.28 6.69 8.27 4.46 1.27 2.92 6.22 9.1 9.51 3.34 4.91 4.88 7.64 8.05 7.87 7.86 8.58 5.26 6.07 3.65 9.06 8.04 8.75 1.86 4.03 9.92 6.29 5.75 6.69 4.18 2.2 7.56 6.04 9.78 1.15 4.0 2.19 6.47 4.26 7.31 5.91 1.65 5.8 1.19 5.23 6.1 5.39 2.81 1.6 9.55 6.52 3.35 9.56 7.44 7.27 4.37 1.62 9.42 1.45 5.63 6.72 8.72 8.93 2.51 9.93 8.55 1.16 1.68 1.99 2.83 2.38 3.43 9.87 6.92 2.15 2.08 2.69 2.44 8.94 1.93 9.48 7.94 8.66 5.24 1.06 4.6 1.24 1.42 6.87 5.26 9.48 9.37 6.41 3.13 4.0 4.38 5.89 9.81 9.5 3.33 8.9 2.12 5.14 7.9 7.05 6.41 6.33 4.9 2.44 3.11 4.98 7.16 3.99 4.13 5.88 5.67 2.48 4.79 5.27 3.62 1.93 1.39 5.62 8.29 7.05 3.2 5.56 9.15 2.25 5.25 8.78 6.83 1.42 1.86 1.2 1.3 2.12 5.82 7.72 9.58 1.99 1.94 6.3 9.62 2.18 7.38 6.2 9.26 9.12 2.32 2.23 9.46 6.53 1.45 4.94 4.32 9.53 2.18 1.98 3.45 2.16 6.41 8.64 1.86 6.8 4.73 5.1 3.7 6.53 8.6
8.28 2.32 6.91 2.03 8.36 7.19 7.5 4.49 3.6 1.71 8.78 2.15 5.73 7.34 9.01 9.51 2.84 1.6 3.34 9.41 3.29 4.82 4.51 1.6 1.47 3.87 2.07 7.84 1.01 4.01 1.65 4.51 2.25 3.17 8.05 8.85 7.98 2.18 1.71 3.07 2.2 8.26 8.01 5.91 2.15 3.1 2.54 3.05 7.59 1.71 5.33 7.62 8.85 2.54 5.85 3.23 9.52 4.85 2.8 1.6 3.66 7.11 6.98 5.81 3.98 3.63 4.97 7.74 9.21 3.22 7.93 3.42 1.98 7.47 2.91 8.73 8.35 6.97 3.19 6.12 4.81 1.4 7.73 7.46 9.49 9.71 1.11 6.29 5.16 7.91 1.09 5.09 9.21 6.46 7.68 6.81 5.61 1.48 5.6 1.18 2.69 3.17 2.34 7.83 6.08 4.83 5.72 4.25 3.41 1.8 3.51 4.42 9.1 2.24 2.78 3.7 8.54 7.46 9.14 4.42 5.63 8.03 6.47 9.47 5.79 9.57 8.08 6.35 4.68 7.13 3.65 7.7 6.58 5.33 2.01 9.63 7.98 2.26 8.45 7.7 3.92 9.67 6.32 3.85 7.32 9.17 5.79 9.31 1.25 1.37 4.67 4.71 6.9 7.16 9.59 1.42 9.18 1.72 2.01 6.52 6.66 8.48 5.08 4.22 6.53 4.64 8.45 6.7 7.51 4.03 7.88 7.4 3.48 8.01 7.92 8.95 2.45 8.38 7.49 2.08 5.28 5.1 3.52 6.11 9.57 2.45 3.69 1.46 5.09 6.58 1.4 3.21 4.65 1.31 7.93 8.29 1.55 5.42 4.53 3.84
4.74 5.77 3.77 5.15 2.23 5.05 8.04 9.76 1.55 1.92 7.63 8.64 3.58 3.0 7.42 3.9 3.78 8.84 3.53 3.82 2.08 9.8 1.18 1.18 9.91 7.57 6.14 4.54 2.04 2.15 5.78 8.36 4.42 2.31 2.85 4.75 1.34 3.91 7.74 3.43 5.91 4.27 9.46 4.45 2.18 1.14 8.17 7.61 5.84 8.1 7.58 8.87 1.65 2.36 9.51 1.35 8.68 7.85 3.16 7.44 3.87 2.84 8.06 9.5 9.17 9.39 6.33 5.97 8.3 9.02 3.84 5.7 1.42 9.31 3.44 5.1 9.61 7.65 3.43 3.11 9.98 5.69 5.01 5.38 1.95 6.21 8.08 3.77 5.53 4.19 6.96 4.23 4.96 5.36 5.74 2.85 6.14 4.26 1.39 3.02 3.51 1.18 7.42 2.14 2.45 4.53 5.37 8.87 1.94 5.08 8.98 6.97 4.89 8.63 3.0 7.86 5.46 3.02 4.02 5.16 1.34 1.78 7.22 5.61 7.09 6.46 4.65 2.25 1.2 2.65 6.06 6.04 8.05 5.46 8.77 6.61 5.7 6.98 7.76 4.89 1.6 4.02 7.02 6.1 1.83 3.29 1.4 8.66 4.9 4.0 4.66 1.22 5.31 4.81 9.39 2.82 2.74 2.83 3.35 3.96 2.77 3.62 3.86 8.12 7.33 5.51 1.93 2.76 1.4 8.98 9.65 5.42 7.09 2.95 6.74 3.22 4.32 8.4 5.12 2.31 8.39 7.55 2.66 1.55 4.47 7.06 8.13 3.25 6.1 6.7 2.5 4.2 7.64 3.83 1.52 5.2 4.24 1.65 4.38 3.2
2.02 5.42 1.17 6.98 9.66 6.72 8.76 1.77 8.81 3.63 9.9 6.49 9.04 6.92 7.7 9.31 5.58 2.45 4.55 1.83 4.3 2.46 3.89 4.16 3.18 7.58 4.96 8.52 3.23 6.32 7.43 2.33 2.54 1.51 3.64 2.13 2.94 2.35 2.65 6.73 9.85 8.3 9.22 3.72 5.46 7.54 4.53 6.85 7.43 3.44 4.26 9.5 8.68 6.91 3.86 3.72 5.05 9.83 6.58 8.7 9.88 1.7 1.58 1.26 7.07 3.45 7.27 6.74 7.47 3.94 8.46 4.08 7.13 7.68 5.79 6.1 1.68 3.38 8.25 4.17 1.54 6.77 3.28 4.01 9.22 2.08 2.58 9.0 4.82 2.85 3.25 8.52 8.87 8.77 3.85 1.07 9.54 6.08 4.45 1.52 6.92 3.68 4.73 5.07 3.33 3.83 3.87 2.01 1.62 9.98 5.47 9.23 8.33 2.47 5.26 8.99 7.15 8.03 9.14 4.29 6.34 2.9 4.04 1.37 7.83 1.6 5.01 6.44 7.73 5.9 6.94 3.56 2.73 2.57 7.42 5.54 5.87 1.8 6.4 2.86 3.21 9.4 5.47 7.3 9.26 3.55 2.34 1.61 8.09 7.57 6.86 6.48 7.0 7.67 9.2 6.76 7.11 7.09 2.13 6.55 2.08 7.05 2.18 2.01 1.32 8.66 5.2 5.86 3.75 8.72 6.06 2.97 4.07 2.11 3.51 2.91 1.86 9.05 7.78 3.02 3.98 9.3 4.25 2.03 8.14 5.99 9.01 3.8 3.66 6.15 9.79 9.96 1.46 8.12 1.26 6.46 5.49 3.81 7.45 9.35
2.36 1.92 2.78 7.08 6.97 9.86 2.23 4.09 4.73 1.32 1.94 2.04 2.57 1.56 8.77 4.97 1.04 4.98 4.4 9.78 8.53 3.37 2.87 1.77 7.21 8.53 7.5 2.66 9.32 7.06 1.97 2.6 2.49 6.49 9.39 9.7 8.4 1.24 1.72 8.48 7.47 1.37 2.18 6.08 2.13 2.41 1.46 8.9 6.04 6.55 8.82 3.08 8.4 2.21 7.21 5.11 2.43 9.11 3.48 5.25 2.51 6.71 3.44 3.5 6.09 4.02 9.3 4.56 5.17 3.24 6.45 5.34 3.45 2.95 3.58 7.06 3.97 5.41 1.17 6.33 3.31 4.32 7.62 5.81 7.81 6.08 9.1 5.89 5.35 4.08 8.02 6.13 5.17 5.44 7.93 4.4 5.15 9.23 7.14 6.03 4.83 9.29 5.85 2.21 5.51 2.67 2.25 2.2 6.14 4.0 6.58 4.92 7.48 6.54 7.09 5.87 6.28 2.8 6.25 7.76 2.68 3.79 7.86 9.8 5.64 5.97 4.02 8.96 6.77 3.36 7.46 7.98 1.59 7.74 9.52 2.79 2.36 4.59 1.88 7.55 7.28 4.95 8.29 5.33 6.09 9.55 8.89 1.72 5.37 2.0 1.82 2.32 6.67 7.8 8.5 3.1 5.34 9.27 7.43 3.7 2.86 5.49 8.92 5.97 2.85 4.63 5.34 7.36 3.05 3.34 5.8 3.17 8.95 3.85 1.25 6.46 9.77 3.89 9.8 8.04 4.55 4.24 8.44 9.48 4.84 2.66 4.35 8.77 5.87 6.79 4.81 2.94 6.68 6.7 6.92 6.9 1.11 1.02 5.44 7.45
4.44 5.33 7.55 5.13 2.16 4.6 7.52 8.04 7.56 2.33 7.39 5.7 3.24 3.58 8.36 3.7 1.79 9.15 4.63 9.61 7.3 8.69 2.92 2.78 8.06 8.51 7.52 4.19 5.78 9.79 2.69 9.94 9.77 6.94 2.73 2.57 3.83 4.91 5.74 1.64 1.38 1.25 3.59 5.97 5.99 8.72 1.97 3.39 6.59 8.9 8.96 6.21 6.23 1.95 2.02 9.34 8.44 1.86 3.06 7.86 5.27 7.76 8.64 5.54 3.12 6.15 1.63 4.29 1.89 3.73 3.05 3.39 2.05 8.4 4.71 3.66 5.87 2.16 5.39 6.73 7.25 7.41 3.52 1.36 2.1 1.44 1.46 1.91 7.52 6.18 5.12 1.3 3.57 8.09 4.31 3.06 6.5 4.42 5.08 4.0 7.66 9.56 5.28 1.14 9.1 6.7 1.33 4.48 3.18 6.51 7.81 8.51 8.02 2.6 6.62 1.55 1.18 7.74 6.2 3.99 4.74 4.89 6.37 3.59 6.09 2.31 2.39 7.86 1.91 7.48 3.87 3.39 6.01 9.4 5.64 3.87 8.0 8.24 2.85 6.51 7.16 4.08 3.48 5.12 9.19 3.62 3.25 1.0 5.47 2.37 9.67 7.65 2.44 4.53 9.48 4.01 3.13 3.22 4.49 1.66 9.54 6.53 4.48 2.44 6.58 6.47 2.46 2.8 9.56 7.72 6.53 8.26 2.05 9.97 3.99 4.3 6.77 3.82 2.99 2.36 4.16 6.13 3.75 5.59 2.12 2.58 4.92 2.97 6.69 2.96 3.94 7.6 8.63 6.22 2.53 4.76 3.19 2.95 3.67 2.35
3.72 7.06 7.59 6.0 9.54 8.4 6.44 1.18 8.97 3.24 1.41 6.79 6.85 6.0 1.25 9.57 7.6 1.31 7.62 7.53 9.07 1.65 3.61 1.99 7.44 1.51 3.31 1.37 9.38 7.22 3.49 2.98 6.27 6.21 1.6 2.52 5.28 8.66 3.27 3.48 8.51 9.21 3.7 8.15 3.11 4.15 6.19 6.34 6.02 3.81 1.71 5.57 6.65 6.46 6.44 9.6 8.78 6.93 9.72 3.6 4.71 2.2 2.65 2.54 3.6 5.38 8.4 4.9 5.1 3.33 8.77 8.14 7.26 2.98 6.51 1.7 5.35 1.06 1.04 1.53 4.11 2.22 3.98 9.6 4.23 4.48 8.3 2.31 5.54 3.1 6.42 1.15 9.43 6.73 6.95 8.17 5.28 4.81 4.0 7.89 6.17 8.35 2.23 4.14 3.36 9.03 3.37 7.41 4.97 8.37 7.36 4.95 9.6 2.45 6.64 2.94 9.12 1.59 2.62 8.8 7.84 4.17 2.1 2.55 1.88 9.05 2.81 8.58 7.03 3.05 8.19 7.85 8.69 9.44 8.0 6.22 8.88 5.09 5.2 8.82 2.34 2.38 9.67 1.87 5.32 4.09 9.45 5.96 7.66 1.13 4.55 8.83 3.0 3.26 8.65 6.06 7.6 7.13 8.5 6.38 3.96 6.65 2.01 9.24 7.8 1.56 4.17 4.22 3.19 7.98 9.82 5.04 3.85 1.17 6.0 4.41 1.51 8.93 8.0 9.52 3.88 2.91 6.88 3.72 7.8 4.59 7.09 9.15 2.8 2.85 4.89 3.3 1.81 4.06 3.32 3.36 4.89 8.27 3.83 4.95
9.39 3.99 8.49 8.48 7.19 3.97 8.43 6.09 3.45 5.32 5.56 2.32 9.89 3.76 8.01 8.84 3.44 6.6 8.77 4.93 6.85 5.19 4.27 8.09 4.64 8.59 4.57 5.13 7.87 9.14 8.29 9.51 9.21 3.53 7.97 3.86 4.83 3.19 2.25 9.3 8.0 3.3 4.76 1.9 4.73 1.05 6.52 7.25 1.98 7.22 4.18 2.47 1.29 6.89 8.85 6.95 3.62 3.55 4.31 8.71 2.14 1.31 8.68 9.25 3.13 2.1 2.56 9.7 8.24 2.54 9.47 7.35 5.84 4.53 3.26 1.23 9.6 6.91 6.13 6.61 5.86 4.99 2.52 8.04 7.55 8.96 9.55 6.39 1.44 7.89 3.45 1.95 9.75 4.58 7.59 7.92 5.6 5.23 9.63 1.51 5.65 6.34 2.88 7.81 4.77 2.67 5.91 2.32 6.17 7.84 2.02 8.3 5.61 8.55 5.57 1.65 5.78 4.06 3.85 6.01 9.05 6.95 4.22 7.72 3.49 1.63 5.05 7.1 6.51 9.85 2.53 9.28 2.99 4.9 4.34 5.84 6.35 1.63 8.04 6.83 1.32 4.01 7.79 5.15 7.22 8.71 8.18 9.67 2.75 8.81 1.93 1.42 7.8 7.51 5.17 7.89 3.26 8.6 7.94 3.64 2.9 9.72 3.97 1.91 5.61 9.8 8.36 5.4 3.8 9.75 6.45 8.08 1.26 7.75 3.11 5.19 9.71 6.45 9.44 7.38 8.32 7.15 4.62 7.46 7.18 5.11 2.61 7.05 6.95 7.45 7.79 3.71 3.0 2.15 3.98 1.65 1.66 1.74 9.96 8.1
7.7 8.82 2.1 5.81 2.72 4.36 5.63 9.79 6.87 5.98 2.81 5.86 3.41 7.05 6.95 9.6 3.32 4.2 9.03 1.59 6.09 6.47 9.17 8.93 1.81 7.49 5.7 5.57 1.99 6.78 7.53 6.35 3.02 8.35 2.02 1.4 3.39 5.25 7.55 1.39 1.12 8.58 1.12 4.43 7.68 8.99 1.84 8.52 5.26 1.03 9.19 7.71 1.03 3.32 8.73 1.61 8.18 4.96 5.42 2.19 1.1 5.75 7.09 5.99 2.94 3.03 2.86 6.96 8.18 7.46 1.57 6.77 6.88 9.97 4.5 8.92 5.67 1.17 9.32 2.23 3.79 8.61 5.37 2.82 9.75 6.12 3.06 7.82 3.56 9.81 5.56 9.37 7.6 8.98 1.43 2.37 2.92 7.51 6.81 3.53 7.14 8.85 4.97 8.1 3.36 7.9 9.8 5.5 9.42 7.23 8.68 4.48 4.23 6.81 6.56 2.42 9.21 6.44 4.5 1.6 3.19 6.07 1.06 8.61 2.25 7.3 7.49 7.95 7.86 1.65 1.83 4.26 3.85 1.71 3.57 4.82 9.32 3.67 1.57 5.32 7.86 7.43 6.45 8.05 6.87 8.71 1.35 1.76 1.44 7.28 5.94 8.13 2.48 1.28 7.59 6.16 4.32 1.53 3.6 1.66 8.28 3.88 9.23 9.99 6.75 6.31 5.33 4.53 7.24 4.03 3.24 1.05 8.85 9.26 9.54 8.78 5.43 2.12 5.75 2.64 3.13 7.98 3.47 1.55 5.3 6.09 6.81 8.7 4.44 2.74 1.82 1.41 1.75 4.12 6.05 9.69 2.59 6.32 6.28 5.0
6.89 5.65 7.16 2.68 9.1 2.36 5.22 4.75 9.15 9.19 3.44 4.09 4.93 8.74 4.51 3.07 8.56 9.4 7.36 1.23 9.15 1.91 2.73 3.67 7.73 7.57 1.06 2.74 8.17 9.85 2.64 2.43 9.76 5.88 2.91 2.58 8.81 5.3 7.72 9.04 3.42 5.33 2.23 7.16 3.61 6.87 9.43 8.78 8.09 1.91 5.2 1.97 8.55 9.26 3.58 2.04 3.05 3.96 6.85 1.64 3.17 2.96 8.64 6.44 2.66 9.24 6.46 7.13 2.5 2.15 6.46 5.68 7.58 7.46 5.0 3.53 8.37 4.52 8.2 4.95 8.93 2.21 9.73 9.18 9.27 5.17 3.95 4.88 4.19 5.53 8.12 2.32 6.99 9.52 7.87 7.9 5.99 7.85 1.03 6.14 3.76 5.19 3.53 9.35 2.77 3.83 5.09 6.91 2.87 7.07 7.02 5.59 9.17 6.09 6.78 9.06 9.95 5.65 5.45 8.24 4.3 5.84 9.05 9.17 7.25 3.45 6.39 7.99 7.07 5.09 2.1 7.78 8.04 9.78 6.1 3.42 5.55 5.36 9.53 1.42 9.83 1.51 3.54 3.43 3.86 5.94 2.6 5.98 4.61 3.6 9.65 3.08 7.54 8.44 5.56 6.94 1.96 6.57 5.23 1.92 9.05 8.41 9.51 4.81 2.1 9.78 2.1 6.69 2.29 9.98 2.5 1.76 3.81 8.73 9.79 3.75 4.63 8.52 3.58 4.32 9.75 4.34 3.2 2.1 9.19 1.94 4.82 5.15 7.49 9.2 9.67 4.95 8.39 8.55 3.49 7.47 8.26 5.91 7.74 7.51
4.41 6.9 7.8 9.09 6.11 3.62 5.25 3.33 9.41 1.42 7.95 9.55 8.29 3.03 9.44 1.17 7.99 6.92 8.65 4.27 1.03 8.21 9.89 3.2 1.71 6.14 2.06 2.68 8.22 9.65 4.97 4.1 1.98 4.9 1.85 6.95 6.4 7.95 2.13 9.9 3.66 7.63 7.75 3.59 4.24 1.41 9.45 1.13 8.16 9.41 1.38 5.34 4.18 7.92 8.7 5.91 2.89 9.07 9.85 4.11 6.46 2.39 4.91 5.03 8.3 5.31 8.88 2.21 6.39 3.84 2.76 1.31 9.06 3.1 7.36 7.25 1.81 4.31 2.26 5.29 7.25 1.81 9.14 8.71 1.3 1.78 7.11 7.61 6.58 3.13 1.12 5.7 2.92 8.81 4.01 2.73 3.52 5.93 2.26 4.85 9.29 2.39 2.53 7.26 2.3 4.52 6.44 3.34 4.82 8.84 5.38 2.88 7.45 7.47 3.2 4.82 3.79 5.06 7.29 7.12 7.6 1.28 5.82 7.69 4.84 4.69 3.56 8.06 8.76 1.06 9.72 9.59 9.04 2.46 2.8 1.07 5.05 6.72 1.6 2.61 6.81 5.53 4.07 1.85 7.11 6.67 7.43 1.36 1.71 8.81 9.14 7.86 6.15 2.42 1.16 2.46 4.25 8.91 5.83 8.71 3.86 3.14 6.89 6.89 2.15 5.23 9.2 9.47 5.73 9.35 1.74 7.38 9.8 8.19 1.24 9.51 6.91 5.77 5.38 7.46 6.74 8.38 6.88 3.12 5.73 7.68 10.0 9.33 9.21 4.25 7.67 2.02 6.46 7.83 5.29 5.73 1.22 6.53 2.7 5.72
7.45 1.4 3.04 2.04 2.65 8.21 7.5 3.3 4.56 1.96 8.76 7.51 9.96 9.72 3.94 6.22 3.65 4.27 8.79 1.84 8.57 8.63 8.13 1.2 8.85 5.81 7.24 4.23 4.35 4.58 3.82 2.01 4.01 5.67 7.38 4.8 6.61 7.39 5.02 9.15 1.78 9.64 2.34 4.43 6.32 4.57 5.67 3.05 4.1 8.99 4.53 5.67 3.64 7.81 1.87 2.31 4.71 6.34 2.66 2.89 2.53 9.36 5.92 3.71 6.37 7.32 8.53 1.57 4.46 8.01 7.1 5.62 3.78 3.29 9.2 7.63 3.35 1.47 8.51 9.3 2.85 3.59 2.64 3.02 5.24 5.2 3.72 4.28 5.05 3.46 6.19 1.12 3.38 6.68 7.44 5.64 9.74 2.82 5.96 1.88 3.81 4.32 4.17 4.5 5.71 5.15 4.66 3.46 2.59 4.32 5.9 8.19 4.41 2.96 4.85 2.36 7.04 6.38 9.76 2.83 9.56 7.29 5.77 7.59 1.29 1.59 8.57 4.47 2.44 1.08 1.69 5.4 8.72 7.72 2.18 2.64 9.85 9.33 2.58 2.97 2.64 8.23 3.37 9.37 7.54 6.37 2.78 3.3 1.51 6.31 8.53 3.2 4.83 9.08 2.95 8.91 1.11 4.28 6.57 3.64 5.25 4.66 7.82 9.55 2.65 5.56 7.79 4.81 9.55 7.44 7.61 5.38 3.77 7.84 4.82 6.77 1.27 4.81 5.96 7.78 5.94 9.05 6.44 7.08 2.25 8.85 4.56 7.17 9.05 7.51 3.89 6.28 7.2 9.2 9.87 9.03 6.5 8.24 9.05 8.54
9.02 9.22 5.65 1.77 3.01 8.05 6.24 6.32 2.32 3.21 2.44 9.5 4.91 1.25 8.1 8.53 9.31 5.42 5.92 8.44 6.82 9.32 8.08 1.85 3.88 9.46 7.29 2.93 8.53 9.79 8.19 4.9 7.39 3.64 7.32 5.08 5.88 3.96 4.36 7.94 3.57 9.38 5.83 7.36 1.6 9.95 5.7 7.37 4.06 4.54 8.48 4.21 5.61 1.46 6.33 5.88 9.75 5.43 9.65 4.0 6.16 1.96 8.93 3.13 4.57 8.04 5.45 7.63 6.71 9.9 2.01 4.12 7.95 5.16 9.58 9.95 1.71 9.79 3.19 2.37 8.02 4.61 3.43 7.12 6.74 4.86 7.13 2.78 2.55 3.28 5.36 8.72 9.76 6.74 5.59 2.39 7.63 2.34 5.09 5.69 8.54 1.28 6.29 5.62 9.37 4.8 3.69 8.83 1.27 3.18 2.34 7.36 5.69 8.23 2.4 7.06 4.3 6.65 7.32 1.1 6.3 2.4 9.49 7.56 1.14 4.24 3.52 7.93 3.36 9.66 8.84 4.4 4.74 8.23 5.36 5.89 4.15 7.42 1.31 8.29 2.63 6.27 9.72 8.32 4.5 9.96 5.04 3.62 2.68 9.22 1.17 2.95 5.49 3.37 1.65 8.53 9.45 4.93 3.46 7.03 3.34 6.59 5.7 1.65 3.55 8.63 6.54 8.42 2.48 2.95 8.65 3.74 7.94 8.9 6.83 4.43 2.57 8.49 8.15 2.16 4.51 5.49 5.92 7.79 9.59 1.27 8.88 3.06 8.9 2.34 9.48 3.32 3.72 3.81 7.09 7.27 1.27 4.6 8.37 3.82
5.67 2.24 8.7 3.63 4.64 8.94 3.92 6.31 7.39 8.99 8.66 9.0 1.79 3.87 5.56 4.18 1.82 2.11 6.96 2.49 7.96 9.23 6.61 5.9 2.42 9.43 7.32 3.32 2.12 4.2 1.86 9.39 7.29 7.01 5.13 5.16 2.41 7.82 7.48 5.94 1.6 9.96 6.54 2.0 4.21 7.65 6.2 2.12 5.36 3.03 2.8 4.93 8.83 7.37 2.87 2.88 3.88 6.49 9.19 6.35 7.36 5.48 1.37 1.93 5.48 3.88 7.58 1.77 1.85 3.62 4.64 9.66 4.98 5.8 1.97 4.54 6.25 4.79 1.76 4.13 7.35 2.18 4.26 6.19 9.53 4.26 2.01 8.37 1.86 1.82 9.15 6.23 8.73 7.41 3.05 7.46 8.41 3.07 9.72 8.74 3.79 9.7 4.56 4.15 7.38 7.96 8.2 9.2 4.52 5.87 2.18 6.67 2.06 2.41 4.07 2.7 2.44 5.97 2.35 5.44 7.32 2.95 8.54 2.01 3.28 6.4 6.23 5.61 9.78 9.6 5.4 9.32 2.83 3.45 2.59 5.21 6.59 8.03 3.03 4.38 3.49 8.93 2.13 9.81 9.62 3.47 8.99 5.06 5.07 6.56 3.85 9.27 8.91 4.9 8.52 9.84 5.58 5.43 6.29 9.73 1.94 8.63 5.78 8.33 9.86 4.84 2.5 1.64 1.71 1.69 6.17 2.66 1.25 4.98 8.06 3.55 9.3 5.03 1.46 3.88 4.56 4.55 3.96 5.18 3.84 6.45 7.74 9.38 4.98 8.59 3.02 1.77 5.42 2.5 5.12 5.51 7.19 9.03 8.73 7.2
5.58 7.91 8.72 7.88 5.9 6.59 6.74 3.86 9.09 8.3 5.86 7.31 9.89 6.05 9.11 3.22 3.17 6.46 3.87 6.31 8.89 5.4 8.45 7.43 8.63 7.94 9.23 4.53 1.66 9.45 3.47 8.97 7.35 1.48 4.59 1.14 1.79 5.54 3.83 1.94 7.44 9.67 6.1 8.72 7.1 5.24 9.86 4.5 5.06 6.09 5.2 9.97 1.01 1.91 2.45 1.67 6.56 2.27 1.85 5.6 1.37 7.37 1.41 1.64 9.82 2.63 5.36 8.82 6.07 9.58 1.85 5.45 5.38 2.88 6.38 7.99 2.53 3.08 2.53 8.04 4.85 3.89 3.55 8.95 9.55 8.29 2.98 3.06 6.29 6.32 5.5 4.32 5.68 9.45 9.4 3.72 7.29 8.94 9.87 7.52 3.23 7.01 5.22 7.26 9.16 9.57 5.89 6.37 2.67 6.59 1.29 3.58 7.15 9.47 6.1 1.79 5.74 2.02 6.27 8.16 9.14 7.11 8.73 7.45 1.71 9.62 9.89 2.27 7.76 5.73 6.67 2.15 7.11 3.47 3.54 9.2 1.77 1.77 7.47 9.96 3.64 7.37 8.38 1.07 7.27 4.25 2.5 1.56 1.72 3.54 5.85 6.3 4.11 3.16 2.59 6.59 2.76 2.89 8.56 1.61 5.51 3.43 8.4 1.53 8.92 7.03 4.34 2.33 2.65 8.59 9.96 2.03 7.35 2.05 7.11 9.06 8.19 6.48 9.14 8.41 2.63 9.61 9.47 8.07 8.57 2.86 5.83 8.83 8.21 6.29 2.99 3.97 5.19 3.33 8.76 4.36 8.93 3.51 3.34 3.92
4.11 8.43 6.7 3.37 1.66 7.12 6.68 5.96 2.19 8.9 5.54 6.47 4.42 3.73 1.77 6.88 5.61 3.04 5.97 2.29 5.07 5.01 3.48 2.45 7.15 5.6 7.49 5.78 4.3 9.55 3.18 6.46 6.15 7.63 8.42 5.13 4.84 7.2 7.97 6.44 1.69 9.32 2.45 9.36 5.58 5.91 1.23 9.67 8.2 5.78 5.41 9.68 5.04 2.23 8.47 1.66 4.28 7.52 3.27 5.16 1.66 9.28 7.31 4.46 3.74 6.38 6.23 5.15 8.99 9.06 3.44 9.11 5.17 3.67 7.52 5.59 7.92 3.6 2.57 6.36 8.82 7.21 2.52 9.3 2.62 7.82 7.94 2.21 5.32 8.41 6.92 7.5 6.85 8.63 5.86 7.8 5.32 4.46 1.63 3.61 6.34 3.94 1.98 6.1 2.47 2.46 7.48 2.87 8.48 3.97 9.69 2.78 7.07 6.9 3.05 8.45 2.71 7.02 6.41 3.91 6.83 8.61 5.3 7.34 2.48 3.81 4.59 6.06 6.23 3.87 5.25 1.46 3.82 5.49 8.28 4.35 1.87 2.18 3.71 3.17 1.72 8.06 9.71 7.57 6.15 5.5 6.29 7.91 7.62 4.42 6.12 6.3 6.5 2.59 9.7 4.63 4.89 5.62 9.19 2.11 5.98 2.36 2.16 9.09 7.09 5.02 2.98 7.84 8.26 4.41 7.71 9.99 2.03 8.74 6.44 4.84 6.96 6.12 8.79 3.66 7.08 9.68 4.85 8.12 8.07 1.16 9.04 2.48 7.85 7.73 3.76 3.94 9.67 7.74 3.87 7.33 7.5 8.29 7.56 4.95
4.62 7.02 8.04 6.84 2.99 1.77 6.38 3.18 1.73 2.33 2.47 1.58 6.43 9.53 2.42 8.53 2.71 9.85 3.91 1.04 7.48 9.53 4.39 6.48 1.74 7.58 4.02 8.67 6.2 2.94 2.59 2.7 4.63 3.4 1.91 6.61 5.0 9.69 5.38 2.72 1.89 9.28 4.23 9.8 6.34 7.0 8.1 2.56 7.06 3.39 8.2 2.67 6.69 8.17 6.4 8.92 6.15 6.75 4.26 4.36 6.66 5.91 8.16 3.75 9.94 4.5 4.36 2.81 6.82 2.11 6.52 9.06 4.67 7.64 7.48 1.07 8.57 2.99 8.38 7.4 7.06 5.84 5.01 9.41 7.21 2.21 6.82 4.22 5.07 5.47 8.27 1.7 5.24 8.94 2.56 3.82 2.89 4.46 4.25 7.97 7.6 1.42 5.73 1.31 9.97 3.74 5.19 8.76 1.86 9.12 9.85 6.24 2.19 3.8 3.58 2.72 7.33 6.29 1.28 6.58 3.14 1.4 3.79 4.17 2.34 7.05 4.88 1.59 9.99 3.42 7.31 9.53 3.22 4.45 3.96 8.26 7.24 6.46 7.21 4.78 8.89 1.61 1.94 2.73 9.83 1.17 2.87 6.5 7.71 1.4 7.99 7.77 3.96 8.55 3.67 6.25 2.12 5.79 4.69 5.25 9.37 4.63 1.61 5.97 5.04 3.68 4.58 2.49 7.86 3.13 8.4 5.53 3.71 3.44 3.02 8.47 3.43 1.15 6.69 7.34 3.0 3.1 5.09 9.53 2.09 2.71 4.02 3.5 8.94 1.38 3.19 3.59 3.09 5.74 3.67 6.9 3.21 4.05 6.2 3.03
7.33 9.58 1.1 1.13 5.41 9.18 4.09 1.32 3.65 3.26 8.95 8.92 3.17 1.85 5.36 6.19 7.05 2.26 8.59 7.94 4.36 9.72 5.59 8.03 8.57 1.01 5.74 9.61 5.53 9.81 3.18 5.21 1.42 4.33 3.21 8.5 5.12 8.77 7.92 6.66 4.44 1.68 4.3 2.8 9.85 8.57 3.64 9.27 9.55 4.27 6.86 1.97 8.63 9.31 5.14 1.91 6.82 1.19 3.98 9.8 4.22 7.3 9.09 4.12 4.58 7.94 2.08 6.6 8.91 6.52 2.46 9.57 4.94 2.21 7.21 6.86 9.83 5.27 1.52 5.33 7.76 3.94 4.92 7.62 4.73 4.86 2.73 6.55 3.97 9.39 2.58 6.63 1.93 6.76 4.02 8.57 6.9 7.31 8.96 6.08 2.48 2.28 4.9 7.15 4.59 1.45 8.92 1.51 2.84 3.81 6.25 1.11 2.51 2.13 2.5 5.11 3.96 1.75 4.45 8.3 6.06 7.94 9.64 6.72 4.25 7.72 6.63 9.66 3.0 4.62 1.02 5.45 7.85 6.85 4.39 9.22 3.09 7.04 5.22 8.83 9.34 3.56 7.22 9.94 8.79 4.32 7.86 6.53 9.9 1.55 3.95 5.41 6.3 8.67 5.21 3.1 1.07 8.31 8.38 2.39 1.55 1.24 5.9 8.44 1.43 4.01 3.38 9.48 9.13 4.07 3.57 5.92 5.55 8.63 1.42 2.43 9.73 5.49 8.05 4.48 8.76 1.73 2.73 2.21 9.32 8.98 3.74 6.35 4.43 9.49 8.83 3.06 1.1 4.57 1.98 1.1 1.84 8.23 7.45 2.51
1.69 4.3 5.36 5.16 5.96 5.37 6.35 9.24 2.46 9.37 7.9 8.24 3.28 7.15 8.35 6.67 6.22 8.73 1.61 6.15 7.05 7.05 4.38 3.7 7.63 9.72 9.12 1.87 3.16 1.89 8.27 7.14 3.06 9.59 3.47 5.66 1.16 6.59 7.81 9.77 6.68 8.56 5.35 7.11 7.19 6.21 8.57 6.31 4.72 9.56 1.97 5.97 1.01 2.96 4.77 5.25 6.02 4.91 3.79 2.3 6.5 8.26 2.35 8.47 6.06 1.71 8.64 2.79 3.36 4.87 1.01 1.46 2.28 8.61 1.42 4.73 2.3 4.11 4.99 7.27 6.54 6.23 2.41 7.79 3.37 7.75 4.55 7.33 8.66 9.21 9.33 9.86 9.49 5.89 4.94 4.3 8.24 4.39 6.12 4.15 2.3 3.23 1.66 7.04 2.57 2.71 2.61 5.46 2.67 2.07 6.49 8.02 9.66 4.59 6.1 8.08 6.19 2.96 9.24 7.78 5.23 1.41 8.02 9.34 1.28 4.1 9.46 6.31 2.33 6.84 4.89 5.22 3.41 2.1 2.41 4.2 6.7 9.0 2.42 6.3 9.42 5.54 9.87 6.02 4.68 6.48 5.84 8.65 6.16 3.56 1.29 8.17 1.51 1.73 5.4 3.49 9.69 6.12 6.59 9.15 5.5 3.01 7.69 2.35 9.57 6.43 5.96 3.75 6.44 3.32 1.07 6.86 6.07 4.82 1.82 9.33 9.78 6.74 7.16 8.35 4.15 6.34 2.05 6.83 2.13 2.24 8.48 5.52 8.03 2.05 3.91 4.48 1.8 7.54 2.96 7.58 2.41 3.57 3.8 5.52
4.25 8.92 4.3 1.37 8.86 9.71 8.31 6.42 2.9 4.94 1.96 9.93 3.54 9.56 3.07 9.39 6.0 9.83 9.19 5.11 6.96 9.07 7.76 2.31 9.51 7.14 4.4 7.14 7.22 6.01 4.58 6.89 5.55 8.27 6.12 1.45 1.29 6.47 1.17 2.06 4.29 9.49 3.71 8.68 9.92 6.61 3.88 7.61 7.54 7.14 3.32 8.68 9.23 7.22 7.71 7.59 4.41 4.77 2.74 2.61 8.17 1.84 2.95 1.06 4.67 5.8 6.57 6.59 3.7 7.15 5.37 8.36 3.92 4.37 2.79 6.65 4.14 8.59 8.76 1.09 1.26 7.95 1.21 9.89 8.69 7.42 9.11 5.08 3.76 2.96 7.35 2.9 3.52 9.09 1.91 3.25 2.0 2.36 6.75 3.52 4.78 4.47 6.68 4.12 2.24 7.12 8.18 4.15 4.15 8.91 3.24 2.35 4.42 6.03 1.31 4.51 7.25 4.59 1.14 5.19 8.68 3.73 1.03 6.5 8.01 9.29 4.53 6.31 5.72 5.26 4.2 4.27 1.35 8.74 9.04 5.68 9.34 6.63 3.6 6.33 3.61 3.59 2.3 6.91 3.45 6.06 3.25 2.68 8.86 9.39 5.6 8.51 4.74 2.62 1.34 4.43 9.46 6.75 9.8 7.68 6.43 5.29 7.65 5.89 5.46 6.07 4.58 8.76 9.08 3.27 1.08 9.7 4.28 7.25 1.74 6.0 6.58 8.81 4.45 7.73 9.46 1.97 6.26 5.56 7.34 2.59 4.76 8.22 3.03 3.28 8.6 8.99 4.73 6.34 1.42 8.34 7.77 4.31 3.73 5.48
3.97 1.74 8.66 1.21 3.44 5.29 5.85 9.59 9.28 6.44 3.89 2.42 4.71 9.5 3.82 8.0 2.89 4.85 4.4 5.96 2.75 4.98 6.49 1.86 4.27 3.88 3.68 5.77 7.99 2.76 3.94 4.4 5.89 4.39 1.7 5.18 2.03 3.76 6.04 9.48 8.83 8.43 9.59 9.2 10.0 8.06 5.82 3.89 8.15 1.37 6.51 9.22 7.62 1.33 6.06 7.29 3.81 6.52 2.77 2.81 9.53 1.63 6.33 7.27 2.08 2.24 9.13 6.41 4.61 1.56 5.94 4.62 3.22 1.6 7.45 6.37 8.25 7.3 4.24 6.47 5.58 9.81 4.77 6.1 2.99 7.35 7.77 7.95 1.88 5.38 6.4 6.86 4.13 7.05 3.8 9.93 4.84 4.4 8.62 1.78 4.46 6.36 2.72 6.82 6.25 5.54 3.08 2.16 7.37 7.28 6.25 1.64 4.64 3.86 1.13 4.13 4.34 9.77 7.69 1.07 1.32 5.39 6.3 2.84 4.58 4.15 2.6 3.95 5.72 3.81 3.99 7.45 4.57 8.31 6.39 3.49 5.95 5.25 2.79 4.86 5.62 8.48 4.3 6.96 3.17 2.07 1.18 1.16 6.68 5.56 7.84 8.17 5.01 2.45 5.55 6.08 4.29 5.68 4.39 8.17 6.81 4.1 5.23 5.61 4.6 3.69 9.76 1.68 3.66 2.3 2.51 9.98 1.12 8.95 7.17 1.11 5.34 2.48 4.97 1.12 2.82 6.44 7.31 4.43 1.57 4.85 2.42 3.91 7.47 7.83 6.92 9.87 1.17 1.85 7.23 9.88 5.81 6.13 9.07 2.51
7.02 9.1 1.8 2.07 5.13 4.14 2.8 4.62 2.2 8.34 5.35 4.45 1.43 4.86 8.83 2.98 8.59 4.2 2.03 7.47 4.79 7.05 3.61 9.9 8.28 2.13 8.34 3.01 7.79 7.48 4.29 2.56 7.59 5.51 3.29 5.53 6.1 5.81 7.8 1.89 6.35 5.7 5.55 6.8 1.01 6.58 6.56 2.64 8.47 2.6 6.95 7.02 6.34 9.13 9.05 4.14 2.1 3.75 1.61 6.45 2.99 4.05 8.42 4.31 2.87 6.17 8.94 7.17 4.04 7.27 7.7 4.04 5.68 3.66 9.82 4.17 8.85 4.05 9.38 7.44 4.91 7.0 4.31 7.1 7.2 9.18 9.43 3.04 3.6 1.35 7.44 3.95 3.08 6.57 7.8 8.1 6.97 2.49 1.79 4.71 5.33 9.58 7.77 6.23 8.24 1.39 6.54 2.25 2.75 5.66 3.01 1.64 2.12 5.87 2.63 4.57 2.72 4.43 7.8 4.24 9.16 6.41 5.38 4.28 3.26 4.68 8.86 6.34 3.17 3.48 2.11 2.66 2.89 8.33 9.13 8.73 3.11 3.34 3.53 4.23 1.38 3.44 2.57 1.33 8.87 4.94 1.05 2.84 4.76 8.07 7.57 5.24 8.58 6.76 3.79 1.58 1.2 9.23 1.58 3.21 6.66 1.65 8.41 1.15 4.47 1.49 6.24 5.32 2.44 6.73 8.14 4.49 5.7 9.87 6.11 3.92 3.69 5.99 8.7 5.34 2.28 3.38 2.25 3.63 1.38 4.74 1.17 5.87 8.58 3.85 1.5 6.09 3.22 4.42 5.43 6.94 1.79 3.0 1.24 2.39
1.45 2.23 9.02 4.15 8.6 2.68 1.14 9.35 8.64 7.09 5.94 1.13 1.95 6.89 6.09 5.26 8.3 2.38 1.67 3.9 5.13 7.12 6.43 9.7 9.77 4.56 9.24 2.14 8.84 8.36 6.91 1.85 9.67 1.24 8.71 7.77 3.71 8.48 4.03 8.69 1.42 2.85 6.15 7.44 1.85 1.38 7.5 5.69 4.02 5.53 3.28 9.88 7.67 4.0 1.79 7.39 6.22 9.7 8.49 9.64 2.32 9.5 9.31 5.2 7.56 2.3 6.0 6.17 6.65 2.47 4.09 6.63 3.53 3.07 8.83 5.53 4.91 6.15 5.51 3.71 1.33 7.15 9.11 6.98 4.57 9.57 7.77 5.35 7.16 7.61 2.74 7.3 2.01 1.3 1.52 2.73 9.37 8.88 8.58 7.01 8.12 2.7 5.18 3.05 8.74 4.39 8.72 3.05 7.1 8.88 2.11 2.74 9.9 8.69 4.99 4.91 3.1 3.28 5.66 9.99 1.58 8.13 6.69 4.47 9.13 3.88 8.45 7.77 6.11 1.32 1.6 9.42 7.22 4.18 4.81 4.75 6.79 9.79 4.95 1.43 5.03 8.47 6.3 2.66 4.75 5.64 7.47 4.04 2.33 2.19 4.82 5.21 2.49 4.07 3.38 9.99 1.45 4.66 1.33 4.89 5.28 5.2 5.94 4.41 5.64 8.84 6.4 4.73 9.03 3.64 5.8 1.16 6.04 9.93 9.29 5.91 4.98 5.55 9.91 9.81 3.03 7.29 9.4 4.85 1.83 7.58 5.17 2.34 5.13 1.37 8.94 9.73 4.56 1.18 4.88 5.77 2.02 5.66 4.54 8.17
6.72 4.98 9.93 7.39 5.23 8.82 1.05 2.92 9.93 3.99 8.86 3.57 4.58 7.17 8.21 6.0 1.11 5.29 9.06 4.48 6.38 3.06 2.41 8.86 7.3 1.75 9.41 8.24 3.99 3.52 9.09 6.06 7.59 1.78 8.5 3.34 7.94 1.22 7.2 8.64 6.2 1.31 9.91 3.28 2.0 2.87 9.97 1.9 8.92 2.65 4.5 1.22 5.33 8.58 8.32 8.89 4.78 4.98 3.09 3.75 4.76 2.32 9.96 7.07 2.75 5.23 3.1 4.05 2.46 1.85 4.8 8.49 1.07 4.44 7.28 9.56 5.37 5.42 2.94 5.14 4.33 7.29 3.79 3.63 5.89 1.45 5.39 3.09 2.42 1.64 5.49 9.9 2.5 6.19 7.8 7.56 4.16 6.99 4.86 7.93 2.41 7.26 3.3 2.35 1.9 7.66 6.68 8.37 5.94 8.56 7.04 3.78 5.21 5.06 5.65 3.78 4.59 5.62 7.77 1.78 4.29 2.74 1.11 7.76 6.71 2.59 7.88 7.11 7.25 5.68 4.35 8.11 1.53 7.34 6.74 9.63 7.73 7.95 5.4 8.66 4.88 3.98 6.47 9.97 1.7 5.59 5.44 1.72 3.68 4.71 9.13 8.91 5.87 1.38 5.47 2.55 6.03 8.14 5.11 1.0 7.2 5.32 3.77 8.61 8.0 7.97 6.95 1.59 2.86 3.6 4.88 8.61 4.63 1.76 8.03 1.38 1.45 1.29 6.1 6.38 7.68 2.94 6.24 3.8 3.34 8.28 7.22 9.21 7.77 1.08 9.13 4.74 4.72 1.6 9.03 6.02 7.45 4.99 1.43 7.65
3.94 3.73 8.41 2.99 3.19 7.19 1.25 4.98 1.16 4.66 8.02 3.38 6.19 1.64 3.88 7.34 1.65 1.04 5.91 9.04 3.84 9.9 8.64 1.68 3.62 1.47 1.44 4.22 6.28 3.3 5.59 5.66 5.19 1.99 3.7 8.02 7.53 2.71 4.03 7.57 8.98 2.8 6.01 3.04 4.19 3.64 7.95 2.36 8.41 2.56 7.85 9.03 1.33 3.14 9.22 7.8 4.45 9.16 4.01 9.51 9.34 1.78 3.23 8.19 1.41 3.51 1.46 7.28 3.84 4.09 9.48 4.07 7.74 6.52 3.4 4.83 4.77 8.32 9.56 4.64 3.47 2.78 1.56 1.5 2.2 3.79 4.9 1.28 9.53 9.32 9.95 9.09 6.38 2.81 3.86 2.43 7.12 5.39 6.77 4.05 3.74 9.59 6.56 1.56 4.44 2.7 4.5 5.76 1.33 4.97 9.01 5.92 1.12 3.81 1.17 3.54 4.69 5.11 6.35 4.19 4.85 5.55 2.55 4.22 9.75 6.34 8.16 1.45 6.39 4.51 5.71 5.89 3.88 2.68 8.45 3.68 1.74 2.26 5.49 9.48 5.34 3.4 4.05 8.16 4.75 1.63 5.17 7.67 4.05 2.52 8.15 3.01 9.82 9.8 9.66 7.14 6.29 6.27 9.4 2.36 7.57 2.37 5.79 4.78 6.05 6.2 2.99 5.53 2.89 6.54 5.23 4.69 7.09 8.81 7.72 4.96 1.95 3.48 6.47 1.12 3.23 3.01 9.55 6.76 9.23 7.3 3.38 1.21 6.7 2.86 3.15 1.81 1.76 1.78 1.51 4.7 5.0 1.86 6.29 9.42
9.29 1.88 1.93 7.11 8.39 8.47 9.0 9.19 7.5 3.77 8.92 1.15 8.89 1.67 4.32 7.97 6.36 5.21 7.26 8.56 8.83 2.32 8.62 8.1 4.98 3.29 8.33 1.54 3.77 4.08 8.23 7.93 5.88 5.41 7.72 7.18 9.51 6.68 8.55 4.52 9.3 1.44 3.02 6.82 5.42 3.86 7.97 4.38 2.02 8.37 9.69 7.5 7.92 5.16 4.8 3.59 2.98 8.85 3.37 9.85 2.37 8.74 3.84 6.91 3.13 1.59 1.47 3.39 6.25 4.78 2.72 8.15 7.48 5.75 3.45 4.32 2.17 5.87 2.85 8.08 8.56 8.64 9.24 6.46 5.86 3.34 6.67 3.49 3.24 1.83 3.24 7.36 7.72 2.33 1.82 9.06 7.21 6.75 6.72 3.99 5.76 4.37 6.28 9.77 2.98 6.52 4.8 4.04 4.27 5.58 2.42 4.22 5.45 1.35 2.34 2.51 7.23 5.29 2.1 6.78 4.07 8.87 3.83 3.35 4.41 2.16 1.11 4.02 9.01 4.42 3.17 5.13 6.47 8.18 6.71 6.31 7.68 1.98 9.27 1.86 5.24 9.04 5.07 6.28 2.57 8.36 3.21 6.63 7.67 4.1 8.48 4.35 7.04 4.93 5.16 1.93 1.88 1.67 6.37 6.03 2.66 3.55 8.7 1.47 2.31 8.12 4.41 6.13 3.81 8.69 4.5 5.07 7.42 8.4 6.29 8.53 3.89 4.57 4.23 6.01 4.64 8.17 6.93 9.0 8.95 1.02 7.54 5.57 9.11 6.84 5.08 1.56 3.24 8.48 8.55 6.56 6.05 8.6 3.01 2.11
1.21 8.33 9.82 3.99 8.87 6.14 8.48 3.94 2.98 9.53 2.77 6.73 1.4 4.99 5.49 4.87 2.17 9.42 6.69 3.73 8.83 6.95 5.76 1.23 8.73 1.72 8.38 1.12 6.21 2.91 2.29 6.07 5.48 8.18 7.73 9.21 9.74 6.56 7.97 9.08 8.06 5.75 4.56 8.05 7.09 7.75 5.45 2.02 9.64 2.11 3.28 3.34 5.15 9.18 9.77 4.45 1.71 6.49 6.99 3.98 3.81 4.27 3.59 1.61 7.92 6.12 6.09 6.44 8.07 4.07 1.45 5.97 3.04 9.32 1.48 9.55 4.59 1.56 7.3 7.61 8.18 3.32 9.45 7.75 3.45 2.88 8.78 1.49 6.26 2.81 8.33 7.97 3.08 8.86 6.92 7.74 6.68 6.34 4.08 8.75 7.66 4.93 2.62 4.12 1.86 6.79 2.56 9.27 3.27 5.73 4.01 1.47 9.97 6.77 9.05 6.8 6.31 9.09 7.45 6.12 8.43 3.77 6.89 4.2 9.65 6.6 4.52 9.59 3.76 8.47 7.92 2.36 5.07 3.34 1.65 8.17 8.31 1.08 2.51 5.18 5.43 3.83 1.45 5.33 8.28 9.65 3.71 8.63 8.85 6.79 2.21 4.86 1.92 8.07 1.34 4.15 2.66 5.01 5.95 2.0 6.89 1.38 2.91 7.39 2.74 9.17 7.71 9.55 2.21 4.77 4.57 7.0 6.37 4.26 6.3 9.86 9.08 1.31 4.3 9.04 1.79 2.0 8.25 2.54 7.92 5.24 7.05 2.45 3.14 3.01 8.18 6.12 3.06 7.54 4.98 2.51 8.34 7.99 5.83 6.0
3.0 3.71 3.45 3.26 6.85 7.48 3.84 2.31 2.58 9.47 2.8 1.54 7.05 3.13 2.12 1.66 2.53 6.71 1.26 1.05 2.48 7.13 7.84 2.17 6.25 8.13 4.96 1.64 8.52 4.45 3.55 8.84 4.57 7.86 4.43 7.8 1.48 4.33 5.55 5.56 8.39 2.8 2.22 9.82 9.41 6.3 6.53 3.65 1.4 3.71 6.82 8.66 2.61 2.83 4.31 8.27 6.98 6.78 5.26 7.06 1.54 5.11 7.18 9.25 3.02 4.4 2.97 9.29 2.56 3.93 8.62 4.84 1.13 6.04 2.28 8.28 5.22 6.6 2.65 6.99 3.51 8.7 1.37 5.4 8.88 4.63 4.69 2.97 6.16 9.6 6.63 8.34 3.37 4.49 2.45 3.3 2.23 7.2 6.91 2.81 8.01 2.85 8.47 1.57 2.61 7.18 4.57 5.8 1.26 7.82 9.51 1.8 1.08 7.85 6.43 7.76 8.92 7.88 1.01 2.7 5.85 2.35 1.45 4.69 3.84 6.89 2.21 2.74 2.76 8.15 6.58 4.94 4.74 8.48 1.98 1.44 9.18 2.16 9.71 9.22 3.91 5.91 3.03 9.28 9.57 1.08 7.46 9.11 2.31 6.46 9.99 4.01 8.31 8.19 7.53 8.62 7.13 6.36 3.07 2.04 5.05 8.76 6.82 5.74 8.62 2.99 2.6 8.38 5.69 2.28 3.04 4.79 3.75 7.71 9.28 8.44 6.8 1.25 5.38 7.3 4.86 6.38 3.32 8.06 1.65 2.22 3.09 6.16 6.15 6.12 2.72 1.99 5.98 7.58 9.65 1.19 7.49 8.5 1.32 5.87
4.14 8.72 9.28 2.43 4.78 2.67 4.25 2.37 9.75 2.83 5.9 8.21 6.29 1.17 6.93 6.55 3.2 9.42 9.73 1.19 7.66 1.24 1.61 9.75 9.78 2.04 2.54 7.44 7.17 4.8 1.59 4.13 7.54 3.27 4.99 4.37 7.27 6.6 7.86 4.92 4.4 1.6 8.7 2.46 6.18 9.52 1.75 2.17 6.55 2.43 7.97 8.75 5.31 8.11 2.94 2.96 5.97 7.61 4.32 7.06 1.91 1.1 5.01 1.62 3.4 9.66 2.15 2.93 1.79 3.36 5.55 6.07 1.07 8.41 3.73 9.96 7.51 6.78 8.39 1.76 6.02 2.52 3.3 6.81 3.31 7.15 9.12 2.01 9.11 3.86 7.33 1.47 6.45 6.49 9.46 7.69 5.24 7.77 4.6 4.45 1.89 6.66 6.53 7.91 6.24 9.81 8.35 1.73 5.85 2.67 9.34 2.05 4.04 7.25 1.55 2.36 4.75 4.73 5.59 4.55 4.22 3.61 4.08 4.05 3.47 6.61 2.76 5.1 7.52 2.94 4.87 6.18 6.13 4.04 1.51 8.62 8.74 7.14 2.15 3.66 5.43 1.87 8.94 8.0 4.48 7.66 9.29 7.84 7.6 8.17 7.96 2.91 4.61 4.47 9.89 8.02 2.66 6.95 8.76 9.33 3.66 8.19 4.49 5.69 4.39 4.56 6.39 5.89 7.11 6.29 2.74 7.15 2.97 4.71 8.42 1.32 9.23 5.37 9.26 7.26 7.54 2.82 4.68 3.47 8.99 2.92 7.36 3.05 6.84 5.49 8.55 2.78 5.26 8.17 6.96 1.31 2.79 8.88 2.42 7.13
